Unity Editor version:    6000.3.23f1 (09d2ecc7fb28)
Branch:                  6000.3/staging
Build type:              Release
Batch mode:              YES
System name:             Linux
Distro version:          #1 SMP PREEMPT_DYNAMIC Wed, 08 Jul 2026 19:47:07 +0000
Kernel version:          6.18.38-2-cachyos-lts
Architecture:            x86_64
Window Protocol:         Wayland (XWayland)
Available memory:        64123 MB
Date:                    2026-09-03T02:24:43Z
[Licensing::Module] Trying to connect to existing licensing client channel...
Initialize udev device monitor.
[Licensing::IpcConnector] Successfully connected to: "LicenseClient-ferney_oliveros" at "2026-09-03T02:24:43.838751Z"
[SignatureVerifier] Application signature verification not supported on this platform.

COMMAND LINE ARGUMENTS:
/home/ferney_oliveros/Unity/Hub/Editor/6000.3.23f1/Editor/Unity
-batchmode
-nographics
-quit
-projectPath
/home/ferney_oliveros/Mini Market/Unity/MiniMarketUnity
-logFile
/home/ferney_oliveros/Mini Market/Unity/unity-compile-3.log
Successfully changed project path to: /home/ferney_oliveros/Mini Market/Unity/MiniMarketUnity
[Licensing::Client] Error: HandshakeResponse reported an error:
	ResponseCode: 505
	ResponseStatus: Unsupported protocol version '1.18.3'.
[Licensing::Module] Error: Failed to handshake to channel: "LicenseClient-ferney_oliveros"
[Licensing::IpcConnector] LicenseClient-ferney_oliveros channel disconnected successfully.
[Licensing::IpcConnector] Connection to channel LicenseClient-ferney_oliveros-6000.3.23 refused
[Licensing::Module] Successfully launched the LicensingClient (PId: 208413)
/home/ferney_oliveros/Mini Market/Unity/MiniMarketUnity
[UnityMemory] Configuration Parameters - Can be set up in boot.config
    "memorysetup-allocator-temp-initial-block-size-main=262144"
    "memorysetup-allocator-temp-initial-block-size-worker=262144"
    "memorysetup-temp-allocator-size-background-worker=32768"
    "memorysetup-temp-allocator-size-job-worker=262144"
    "memorysetup-temp-allocator-size-preload-manager=33554432"
    "memorysetup-remapper-allocator-initial-capacity=32768"
    "memorysetup-temp-allocator-size-nav-mesh-worker=65536"
    "memorysetup-temp-allocator-size-audio-worker=65536"
    "memorysetup-temp-allocator-size-cloud-worker=32768"
    "memorysetup-temp-allocator-size-gi-baking-worker=262144"
    "memorysetup-temp-allocator-size-gi-baking-worker=262144"
    "memorysetup-temp-allocator-size-gi-baking-worker=262144"
    "memorysetup-temp-allocator-size-gi-baking-worker=262144"
    "memorysetup-temp-allocator-size-gi-baking-worker=262144"
    "memorysetup-bucket-allocator-granularity=16"
    "memorysetup-bucket-allocator-bucket-count=8"
    "memorysetup-bucket-allocator-block-size=33554432"
    "memorysetup-bucket-allocator-block-count=8"
    "memorysetup-main-allocator-block-size=16777216"
    "memorysetup-thread-allocator-block-size=16777216"
    "memorysetup-gfx-main-allocator-block-size=16777216"
    "memorysetup-gfx-thread-allocator-block-size=16777216"
    "memorysetup-cache-allocator-block-size=4194304"
    "memorysetup-typetree-allocator-block-size=2097152"
    "memorysetup-profiler-bucket-allocator-granularity=16"
    "memorysetup-profiler-bucket-allocator-bucket-count=8"
    "memorysetup-profiler-bucket-allocator-block-size=33554432"
    "memorysetup-profiler-bucket-allocator-block-count=8"
    "memorysetup-profiler-allocator-block-size=16777216"
    "memorysetup-profiler-editor-allocator-block-size=1048576"
    "memorysetup-temp-allocator-size-main=16777216"
    "memorysetup-job-temp-allocator-block-size=2097152"
    "memorysetup-job-temp-allocator-block-size-background=1048576"
    "memorysetup-job-temp-allocator-reduction-small-platforms=262144"
    "memorysetup-temp-allocator-size-gfx=262144"
Player connection [140642108951680]  Target information:

Player connection [140642108951680]  * "[IP] 192.168.1.136 [Port] 55504 [Flags] 2 [Guid] 2622046524 [EditorId] 2622046524 [Version] 1048832 [Id] LinuxEditor(16,192.168.1.136) [Debug] 1 [PackageName] LinuxEditor [ProjectName] Editor" 

Player connection [140642108951680] Host joined multi-casting on [225.0.0.222:54997]...
Player connection [140642108951680] Host joined alternative multi-casting on [225.0.0.222:34997]...
Input System module state changed to: Initialized.
[Physics::Module] Initialized fallback backend.
[Physics::Module] Id: 0xdecafbad
[Package Manager] Connected to IPC stream "Upm-208361" after 0.1 seconds.
[Licensing::Module] Licensing is not yet initialized.
[Licensing::IpcConnector] Successfully connected to: "LicenseClient-ferney_oliveros-6000.3.23" at "2026-09-03T02:24:44.00201Z"
[SignatureVerifier] Application signature verification not supported on this platform.
[Licensing::Client] Handshaking with LicensingClient:
  Version:                 1.18.3+d7ffd15
  Session Id:              e29309c176a646aa9c38357d5cdc44cd
  Correlation Id:          59209ddb409d149f1c66137360ed2bec
  External correlation Id: 5019670459849975936
  Machine Id:              3wrSyLp21P1kN0z9UG6hOyX7dyc=
[Licensing::Module] Successfully connected to LicensingClient on channel: "LicenseClient-ferney_oliveros-6000.3.23" (connect: 0.16s, validation: 0.03s, handshake: 0.00s)
[Licensing::IpcConnector] Successfully connected to: "LicenseClient-ferney_oliveros-6000.3.23-notifications" at "2026-09-03T02:24:44.027621Z"
[Licensing::Module] Connected to LicensingClient (PId: 208413, launch time: 0.00, total connection time: 0.19s)
[Licensing::Module] Error: Access token is unavailable; failed to update
[Licensing::Client] Successfully resolved entitlement details
[Licensing::Module] License group:
  Id: 6872882819583-UnityPersXXXX
  Product: Unity Personal
  Type: Assigned
  Expiration: Unlimited
[Licensing::Client] Successfully updated license, isAsync: True, time: 0.00
[Licensing::Client] Successfully resolved entitlement details
[Licensing::Module] Licensing Background thread has ended after 0.21s
[Licensing::Module] Licensing is initialized (took 0.08s).
[Licensing::Client] Successfully resolved entitlement details
Library Redirect Path: Library/
[Physics::Module] Selected backend.
[Physics::Module] Name: PhysX
[Physics::Module] Id: 0xf2b8ea05
[Physics::Module] SDK Version: 4.1.2
[Physics::Module] Integration Version: 1.0.0
[Physics::Module] Threading Mode: Multi-Threaded
Unable to load player prefs
Refreshing native plugins compatible for Editor in 0.03 ms, found 0 plugins.
Preloading 0 native plugins for Editor in 0.00 ms.
Initialize engine version: 6000.3.23f1 (09d2ecc7fb28)
[Subsystems] Discovering subsystems at path /home/ferney_oliveros/Unity/Hub/Editor/6000.3.23f1/Editor/Data/Resources/UnitySubsystems
[Subsystems] Discovering subsystems at path /home/ferney_oliveros/Mini Market/Unity/MiniMarketUnity/Assets
Forcing GfxDevice: Null
GfxDevice: creating device client; kGfxThreadingModeNonThreaded
NullGfxDevice:
    Version:  NULL 1.0 [1.0]
    Renderer: Null Device
    Vendor:   Unity Technologies
Initialize mono
Mono path[0] = '/home/ferney_oliveros/Unity/Hub/Editor/6000.3.23f1/Editor/Data/Managed'
Mono path[1] = '/home/ferney_oliveros/Unity/Hub/Editor/6000.3.23f1/Editor/Data/MonoBleedingEdge/lib/mono/unityjit-linux'
Mono config path = '/home/ferney_oliveros/Unity/Hub/Editor/6000.3.23f1/Editor/Data/MonoBleedingEdge/etc'
Using monoOptions --debugger-agent=transport=dt_socket,embedding=1,server=y,suspend=n,address=127.0.0.1:56361
Using cacheserver namespaces - metadata:defaultmetadata, artifacts:defaultartifacts
Using cacheserver namespaces - metadata:defaultmetadata, artifacts:defaultartifacts
ImportWorker Server TCP listen port: 0
AcceleratorClientConnectionCallback - disconnected - :0
Begin MonoManager ReloadAssembly
Registering precompiled unity dll's ...
Register platform support module: /home/ferney_oliveros/Unity/Hub/Editor/6000.3.23f1/Editor/Data/PlaybackEngines/WebGLSupport/UnityEditor.WebGL.Extensions.dll
Register platform support module: /home/ferney_oliveros/Unity/Hub/Editor/6000.3.23f1/Editor/Data/PlaybackEngines/LinuxStandaloneSupport/UnityEditor.LinuxStandalone.Extensions.dll
Registered in 0.000614 seconds.
- Loaded All Assemblies, in  0.188 seconds
Native extension for LinuxStandalone target not found
Native extension for WebGL target not found
Package Manager log level set to [2]
[Licensing::Client] Successfully resolved entitlement details
ScheduleIndexationOnStartup MainProcess:False IndexOnStartup:False
Mono: successfully reloaded assembly
- Finished resetting the current domain, in  1.417 seconds
Domain Reload Profiling: 1605ms
	BeginReloadAssembly (49ms)
		ExecutionOrderSort (0ms)
		DisableScriptedObjects (0ms)
		BackupInstance (0ms)
		ReleaseScriptingObjects (0ms)
		CreateAndSetChildDomain (10ms)
	RebuildCommonClasses (19ms)
	RebuildNativeTypeToScriptingClass (5ms)
	initialDomainReloadingComplete (26ms)
	LoadAllAssembliesAndSetupDomain (89ms)
		LoadAssemblies (40ms)
		RebuildTransferFunctionScriptingTraits (0ms)
		AnalyzeDomain (87ms)
			TypeCache.Refresh (86ms)
				TypeCache.ScanAssembly (78ms)
			BuildScriptInfoCaches (0ms)
			ResolveRequiredComponents (0ms)
	FinalizeReload (1417ms)
		ReleaseScriptCaches (0ms)
		RebuildScriptCaches (0ms)
		SetupLoadedEditorAssemblies (1396ms)
			LogAssemblyErrors (0ms)
			InitializePlatformSupportModulesInManaged (27ms)
			SetLoadedEditorAssemblies (2ms)
			BeforeProcessingInitializeOnLoad (46ms)
			ProcessInitializeOnLoadAttributes (71ms)
			ProcessInitializeOnLoadMethodAttributes (1250ms)
			AfterProcessingInitializeOnLoad (0ms)
			EditorAssembliesLoaded (0ms)
		ExecutionOrderSort2 (0ms)
		AwakeInstancesAfterBackupRestoration (0ms)
[Licensing::Client] Successfully resolved entitlement details
Application.AssetDatabase Initial Refresh Start
[Package Manager] Restoring resolved packages state from cache
[Licensing::Client] Successfully resolved entitlement details
[Package Manager] Registered 35 packages:
  Packages from [https://packages.unity.com]:
    com.unity.inputsystem@1.14.2 (location: /home/ferney_oliveros/Mini Market/Unity/MiniMarketUnity/Library/PackageCache/com.unity.inputsystem@be6c4fd0abf5)
    com.unity.ai.navigation@2.0.9 (location: /home/ferney_oliveros/Mini Market/Unity/MiniMarketUnity/Library/PackageCache/com.unity.ai.navigation@5218e4bf7edc)
    com.unity.addressables@2.7.6 (location: /home/ferney_oliveros/Mini Market/Unity/MiniMarketUnity/Library/PackageCache/com.unity.addressables@45e9abf44299)
    com.unity.cloud.gltfast@6.18.0 (location: /home/ferney_oliveros/Mini Market/Unity/MiniMarketUnity/Library/PackageCache/com.unity.cloud.gltfast@17a3b690793e)
    com.unity.nuget.newtonsoft-json@3.2.1 (location: /home/ferney_oliveros/Mini Market/Unity/MiniMarketUnity/Library/PackageCache/com.unity.nuget.newtonsoft-json@74deb55db2a0)
    com.unity.burst@1.8.30 (location: /home/ferney_oliveros/Mini Market/Unity/MiniMarketUnity/Library/PackageCache/com.unity.burst@2f3d916873ea)
    com.unity.collections@2.6.8 (location: /home/ferney_oliveros/Mini Market/Unity/MiniMarketUnity/Library/PackageCache/com.unity.collections@84e8eb3fc12e)
    com.unity.mathematics@1.3.3 (location: /home/ferney_oliveros/Mini Market/Unity/MiniMarketUnity/Library/PackageCache/com.unity.mathematics@19a9377c4ffa)
    com.unity.profiling.core@1.0.3 (location: /home/ferney_oliveros/Mini Market/Unity/MiniMarketUnity/Library/PackageCache/com.unity.profiling.core@8a49f7027d06)
    com.unity.scriptablebuildpipeline@2.6.1 (location: /home/ferney_oliveros/Mini Market/Unity/MiniMarketUnity/Library/PackageCache/com.unity.scriptablebuildpipeline@36e3b5898ee2)
    com.unity.nuget.mono-cecil@1.11.6 (location: /home/ferney_oliveros/Mini Market/Unity/MiniMarketUnity/Library/PackageCache/com.unity.nuget.mono-cecil@ecb9724e46ff)
    com.unity.test-framework.performance@3.5.0 (location: /home/ferney_oliveros/Mini Market/Unity/MiniMarketUnity/Library/PackageCache/com.unity.test-framework.performance@8b56083ec0f0)
    com.unity.searcher@4.9.5 (location: /home/ferney_oliveros/Mini Market/Unity/MiniMarketUnity/Library/PackageCache/com.unity.searcher@a463122f2c00)
  Built-in packages:
    com.unity.render-pipelines.universal@17.3.0 (location: /home/ferney_oliveros/Mini Market/Unity/MiniMarketUnity/Library/PackageCache/com.unity.render-pipelines.universal@f240f8c369cb)
    com.unity.test-framework@1.6.0 (location: /home/ferney_oliveros/Mini Market/Unity/MiniMarketUnity/Library/PackageCache/com.unity.test-framework@0bd5c5194236)
    com.unity.ugui@2.0.0 (location: /home/ferney_oliveros/Mini Market/Unity/MiniMarketUnity/Library/PackageCache/com.unity.ugui@6207c5620340)
    com.unity.modules.ai@1.0.0 (location: /home/ferney_oliveros/Mini Market/Unity/MiniMarketUnity/Library/PackageCache/com.unity.modules.ai)
    com.unity.modules.animation@1.0.0 (location: /home/ferney_oliveros/Mini Market/Unity/MiniMarketUnity/Library/PackageCache/com.unity.modules.animation)
    com.unity.modules.audio@1.0.0 (location: /home/ferney_oliveros/Mini Market/Unity/MiniMarketUnity/Library/PackageCache/com.unity.modules.audio)
    com.unity.modules.imageconversion@1.0.0 (location: /home/ferney_oliveros/Mini Market/Unity/MiniMarketUnity/Library/PackageCache/com.unity.modules.imageconversion)
    com.unity.modules.jsonserialize@1.0.0 (location: /home/ferney_oliveros/Mini Market/Unity/MiniMarketUnity/Library/PackageCache/com.unity.modules.jsonserialize)
    com.unity.modules.physics@1.0.0 (location: /home/ferney_oliveros/Mini Market/Unity/MiniMarketUnity/Library/PackageCache/com.unity.modules.physics)
    com.unity.modules.ui@1.0.0 (location: /home/ferney_oliveros/Mini Market/Unity/MiniMarketUnity/Library/PackageCache/com.unity.modules.ui)
    com.unity.modules.unitywebrequest@1.0.0 (location: /home/ferney_oliveros/Mini Market/Unity/MiniMarketUnity/Library/PackageCache/com.unity.modules.unitywebrequest)
    com.unity.modules.unitywebrequesttexture@1.0.0 (location: /home/ferney_oliveros/Mini Market/Unity/MiniMarketUnity/Library/PackageCache/com.unity.modules.unitywebrequesttexture)
    com.unity.modules.imgui@1.0.0 (location: /home/ferney_oliveros/Mini Market/Unity/MiniMarketUnity/Library/PackageCache/com.unity.modules.imgui)
    com.unity.ext.nunit@2.0.5 (location: /home/ferney_oliveros/Mini Market/Unity/MiniMarketUnity/Library/PackageCache/com.unity.ext.nunit@ec2d0043d6fc)
    com.unity.modules.assetbundle@1.0.0 (location: /home/ferney_oliveros/Mini Market/Unity/MiniMarketUnity/Library/PackageCache/com.unity.modules.assetbundle)
    com.unity.modules.unitywebrequestassetbundle@1.0.0 (location: /home/ferney_oliveros/Mini Market/Unity/MiniMarketUnity/Library/PackageCache/com.unity.modules.unitywebrequestassetbundle)
    com.unity.modules.uielements@1.0.0 (location: /home/ferney_oliveros/Mini Market/Unity/MiniMarketUnity/Library/PackageCache/com.unity.modules.uielements)
    com.unity.render-pipelines.core@17.3.0 (location: /home/ferney_oliveros/Mini Market/Unity/MiniMarketUnity/Library/PackageCache/com.unity.render-pipelines.core@21d6c4fca829)
    com.unity.shadergraph@17.3.0 (location: /home/ferney_oliveros/Mini Market/Unity/MiniMarketUnity/Library/PackageCache/com.unity.shadergraph@f391c7e5c168)
    com.unity.render-pipelines.universal-config@17.0.3 (location: /home/ferney_oliveros/Mini Market/Unity/MiniMarketUnity/Library/PackageCache/com.unity.render-pipelines.universal-config@dbe3fd082d8f)
    com.unity.modules.hierarchycore@1.0.0 (location: /home/ferney_oliveros/Mini Market/Unity/MiniMarketUnity/Library/PackageCache/com.unity.modules.hierarchycore)
    com.unity.modules.terrain@1.0.0 (location: /home/ferney_oliveros/Mini Market/Unity/MiniMarketUnity/Library/PackageCache/com.unity.modules.terrain)
[Subsystems] No new subsystems found in resolved package list.
[Package Manager] Done registering packages in 0.00 seconds
[ScriptCompilation] Requested script compilation because: Assembly Definition File(s) changed
[ScriptCompilation] Requested script compilation because: Assetdatabase observed changes in script compilation related files
[40m[32minfo[39m[22m[49m: Microsoft.Hosting.Lifetime[14]
      Now listening on: http://unix:/tmp/ilpp.sock-0e8c7941c7e11cf9e2d6a8995576a104
[40m[32minfo[39m[22m[49m: Microsoft.Hosting.Lifetime[0]
      Application started. Press Ctrl+C to shut down.
[40m[32minfo[39m[22m[49m: Microsoft.Hosting.Lifetime[0]
      Hosting environment: Production
[40m[32minfo[39m[22m[49m: Microsoft.Hosting.Lifetime[0]
      Content root path: /home/ferney_oliveros/Mini Market/Unity/MiniMarketUnity/
[40m[32minfo[39m[22m[49m: Microsoft.AspNetCore.Hosting.Diagnostics[1]
      Request starting HTTP/2 POST http://ilpp/UnityILPP.PostProcessing/Ping application/grpc -
[40m[32minfo[39m[22m[49m: Microsoft.AspNetCore.Routing.EndpointMiddleware[0]
      Executing endpoint 'gRPC - /UnityILPP.PostProcessing/Ping'
[40m[32minfo[39m[22m[49m: Microsoft.AspNetCore.Routing.EndpointMiddleware[1]
      Executed endpoint 'gRPC - /UnityILPP.PostProcessing/Ping'
[40m[32minfo[39m[22m[49m: Microsoft.AspNetCore.Hosting.Diagnostics[2]
      Request finished HTTP/2 POST http://ilpp/UnityILPP.PostProcessing/Ping application/grpc - - 200 - application/grpc 24.6247ms
Starting: /home/ferney_oliveros/Unity/Hub/Editor/6000.3.23f1/Editor/Data/Tools/BuildPipeline/bee_backend --ipc --defer-dag-verification --dagfile="Library/Bee/2400b0aE.dag" --continue-on-failure --profile="Library/Bee/backend1.traceevents" ScriptAssemblies
WorkingDir: /home/ferney_oliveros/Mini Market/Unity/MiniMarketUnity
[40m[32minfo[39m[22m[49m: Microsoft.AspNetCore.Hosting.Diagnostics[1]
      Request starting HTTP/2 POST http://ilpp/UnityILPP.PostProcessing/ConfigurePostProcessors application/grpc -
[40m[32minfo[39m[22m[49m: Microsoft.AspNetCore.Routing.EndpointMiddleware[0]
      Executing endpoint 'gRPC - /UnityILPP.PostProcessing/ConfigurePostProcessors'
DisplayProgressbar: Compiling Scripts
[40m[1m[33mwarn[39m[22m[49m: Unity.ILPP.Runner.PostProcessingAssemblyLoadContext[0]
      Assembly system.runtime.interopservices.windowsruntime has duplicate hint path. Ignoring "/home/ferney_oliveros/Unity/Hub/Editor/6000.3.23f1/Editor/Data/UnityReferenceAssemblies/unity-4.8-api/Facades/System.Runtime.InteropServices.WindowsRuntime.dll" in favor of "/home/ferney_oliveros/Unity/Hub/Editor/6000.3.23f1/Editor/Data/NetStandard/Extensions/2.0.0/System.Runtime.InteropServices.WindowsRuntime.dll"
[40m[1m[33mwarn[39m[22m[49m: Unity.ILPP.Runner.PostProcessingAssemblyLoadContext[0]
      Assembly system.componentmodel.composition has duplicate hint path. Ignoring "/home/ferney_oliveros/Unity/Hub/Editor/6000.3.23f1/Editor/Data/UnityReferenceAssemblies/unity-4.8-api/System.ComponentModel.Composition.dll" in favor of "/home/ferney_oliveros/Unity/Hub/Editor/6000.3.23f1/Editor/Data/NetStandard/compat/2.1.0/shims/netfx/System.ComponentModel.Composition.dll"
[40m[32minfo[39m[22m[49m: Unity.ILPP.Runner.PostProcessingAssemblyLoadContext[0]
      Resolved Unity.Burst.Cecil, Version=0.11.6.0, Culture=neutral, PublicKeyToken=50cebf1cceb9d05e with Library/PackageCache/com.unity.burst@2f3d916873ea/Unity.Burst.CodeGen/Unity.Burst.Cecil.dll
[40m[32minfo[39m[22m[49m: Unity.ILPP.Runner.PostProcessingAssemblyLoadContext[0]
      Resolved Mono.Cecil, Version=0.11.5.0, Culture=neutral, PublicKeyToken=50cebf1cceb9d05e with Library/PackageCache/com.unity.nuget.mono-cecil@ecb9724e46ff/Mono.Cecil.dll
[40m[32minfo[39m[22m[49m: Microsoft.AspNetCore.Routing.EndpointMiddleware[1]
      Executed endpoint 'gRPC - /UnityILPP.PostProcessing/ConfigurePostProcessors'
[40m[32minfo[39m[22m[49m: Microsoft.AspNetCore.Hosting.Diagnostics[2]
      Request finished HTTP/2 POST http://ilpp/UnityILPP.PostProcessing/ConfigurePostProcessors application/grpc - - 200 - application/grpc 23.7810ms
ExitCode: 4 Duration: 1s534ms
Rebuilding DAG because FileSignature timestamp changed: Library/Bee/2400b0aE-inputdata.json
[563/739    0s] ILPP-Configuration Library/ilpp-configuration.nevergeneratedoutput
*** Tundra requires additional run (1.52 seconds), 2 items updated, 562 evaluated
Starting: /home/ferney_oliveros/Unity/Hub/Editor/6000.3.23f1/Editor/Data/netcorerun/netcorerun "/home/ferney_oliveros/Unity/Hub/Editor/6000.3.23f1/Editor/Data/Tools/BuildPipeline/ScriptCompilationBuildProgram.exe" "Library/Bee/2400b0aE.dag.json" "Library/Bee/2400b0aE-inputdata.json" "Library/Bee/buildprogram0.traceevents"
WorkingDir: /home/ferney_oliveros/Mini Market/Unity/MiniMarketUnity
ExitCode: 0 Duration: 0s432ms
Starting: /home/ferney_oliveros/Unity/Hub/Editor/6000.3.23f1/Editor/Data/Tools/BuildPipeline/bee_backend --ipc --defer-dag-verification --dagfile="Library/Bee/2400b0aE.dag" --continue-on-failure --dagfilejson="Library/Bee/2400b0aE.dag.json" --profile="Library/Bee/backend2.traceevents" ScriptAssemblies
WorkingDir: /home/ferney_oliveros/Mini Market/Unity/MiniMarketUnity
[40m[32minfo[39m[22m[49m: Microsoft.AspNetCore.Hosting.Diagnostics[1]
      Request starting HTTP/2 POST http://ilpp/UnityILPP.PostProcessing/ConfigurePostProcessors application/grpc -
[40m[32minfo[39m[22m[49m: Microsoft.AspNetCore.Routing.EndpointMiddleware[0]
      Executing endpoint 'gRPC - /UnityILPP.PostProcessing/ConfigurePostProcessors'
[40m[32minfo[39m[22m[49m: Unity.ILPP.Runner.PostProcessingAssemblyLoadContext[0]
      Current configuration matches the requested one, skipping
[40m[32minfo[39m[22m[49m: Microsoft.AspNetCore.Routing.EndpointMiddleware[1]
      Executed endpoint 'gRPC - /UnityILPP.PostProcessing/ConfigurePostProcessors'
[40m[32minfo[39m[22m[49m: Microsoft.AspNetCore.Hosting.Diagnostics[2]
      Request finished HTTP/2 POST http://ilpp/UnityILPP.PostProcessing/ConfigurePostProcessors application/grpc - - 200 - application/grpc 0.8477ms
[40m[32minfo[39m[22m[49m: Microsoft.AspNetCore.Hosting.Diagnostics[1]
      Request starting HTTP/2 POST http://ilpp/UnityILPP.PostProcessing/PostProcessAssembly application/grpc -
[40m[32minfo[39m[22m[49m: Microsoft.AspNetCore.Routing.EndpointMiddleware[0]
      Executing endpoint 'gRPC - /UnityILPP.PostProcessing/PostProcessAssembly'
[40m[32minfo[39m[22m[49m: Unity.ILPP.Runner.PostProcessingPipeline[0]
      Processing assembly Library/Bee/artifacts/2400b0aE.dag/MiniMarket.Tests.dll, with 129 defines and 271 references
[40m[32minfo[39m[22m[49m: Unity.ILPP.Runner.PostProcessingPipeline[0]
      processors: Unity.Jobs.CodeGen.JobsILPostProcessor, zzzUnity.Burst.CodeGen.BurstILPostProcessor
[40m[32minfo[39m[22m[49m: Unity.ILPP.Runner.PostProcessingPipeline[0]
      running Unity.Jobs.CodeGen.JobsILPostProcessor
[40m[32minfo[39m[22m[49m: Unity.ILPP.Runner.PostProcessingPipeline[0]
      running zzzUnity.Burst.CodeGen.BurstILPostProcessor
[40m[32minfo[39m[22m[49m: Microsoft.AspNetCore.Routing.EndpointMiddleware[1]
      Executed endpoint 'gRPC - /UnityILPP.PostProcessing/PostProcessAssembly'
[40m[32minfo[39m[22m[49m: Microsoft.AspNetCore.Hosting.Diagnostics[2]
      Request finished HTTP/2 POST http://ilpp/UnityILPP.PostProcessing/PostProcessAssembly application/grpc - - 200 - application/grpc 8.2367ms
ExitCode: 0 Duration: 0s285ms
Finished compiling graph: 742 nodes, 13084 flattened edges (10800 ToBuild, 124 ToUse), maximum node priority 849
[396/739    0s] WriteText Library/Bee/artifacts/2400b0aE.dag/MiniMarket.Tests.rsp
[563/739    0s] ILPP-Configuration Library/ilpp-configuration.nevergeneratedoutput
[735/739    0s] Csc Library/Bee/artifacts/2400b0aE.dag/MiniMarket.Tests.dll (+2 others)
[736/739    0s] ILPostProcess Library/Bee/artifacts/2400b0aE.dag/post-processed/MiniMarket.Tests.dll (+pdb)
Processing assembly Library/Bee/artifacts/2400b0aE.dag/MiniMarket.Tests.dll, with 129 defines and 271 references
processors: Unity.Jobs.CodeGen.JobsILPostProcessor, zzzUnity.Burst.CodeGen.BurstILPostProcessor
running Unity.Jobs.CodeGen.JobsILPostProcessor
running zzzUnity.Burst.CodeGen.BurstILPostProcessor
[737/739    0s] CopyFiles Library/ScriptAssemblies/MiniMarket.Tests.dll
[738/739    0s] CopyFiles Library/ScriptAssemblies/MiniMarket.Tests.pdb
*** Tundra build success (0.27 seconds), 6 items updated, 739 evaluated
Total cache size 25946592
AssetDatabase: script compilation time: 2.509498s
Total cache size after purge 25946592, took 00:00:00.0083092
Begin MonoManager ReloadAssembly
Symbol file LoadedFromMemory is not a mono symbol file
- Loaded All Assemblies, in  0.299 seconds
Start importing Assets using Guid(00000000000000001000000000000000) (DefaultImporter) -> (artifact id: '4b55c7cb15071bfc086d0e52a7664a41') in 0.007958582 seconds
Start importing ProjectSettings/InputManager.asset using Guid(00000000000000002000000000000000) (LibraryAssetImporter) -> (artifact id: '3d278bdfa729973ecf92c670ca181c88') in 0.000440974 seconds
Start importing ProjectSettings/TagManager.asset using Guid(00000000000000003000000000000000) (LibraryAssetImporter) -> (artifact id: '4aa03ef27a83f311e598313a3ec2fbc3') in 0.000282376 seconds
Start importing ProjectSettings/ProjectSettings.asset using Guid(00000000000000004000000000000000) (LibraryAssetImporter) -> (artifact id: 'be492029929c00993a72bc6736d2745f') in 0.000280334 seconds
Start importing ProjectSettings/AudioManager.asset using Guid(00000000000000006000000000000000) (LibraryAssetImporter) -> (artifact id: '7bb8de31f311db17f0fefe3abfd595f1') in 0.000244854 seconds
Start importing ProjectSettings/TimeManager.asset using Guid(00000000000000007000000000000000) (LibraryAssetImporter) -> (artifact id: '52c307e924e96ceef905bcc2cea85a00') in 0.000232877 seconds
Start importing ProjectSettings/DynamicsManager.asset using Guid(00000000000000008000000000000000) (LibraryAssetImporter) -> (artifact id: '913ceedd18932e74f6c2ac19d4bebe5c') in 0.000230602 seconds
Start importing ProjectSettings/QualitySettings.asset using Guid(00000000000000009000000000000000) (LibraryAssetImporter) -> (artifact id: '3d22d777d340243128ed3ffa349fb55a') in 0.000240667 seconds
Start importing ProjectSettings/EditorBuildSettings.asset using Guid(0000000000000000b000000000000000) (LibraryAssetImporter) -> (artifact id: '1923232d45cb936aef47cec131f33975') in 0.00023729 seconds
Start importing ProjectSettings/EditorSettings.asset using Guid(0000000000000000c000000000000000) (LibraryAssetImporter) -> (artifact id: '88a81b0cd41f2e6791b296dbea0c2761') in 0.000228798 seconds
Start importing ProjectSettings/NavMeshAreas.asset using Guid(00000000000000004100000000000000) (LibraryAssetImporter) -> (artifact id: '4ba0a6bb5cc18b1619eb3b3f4ce570d1') in 0.000222666 seconds
Start importing ProjectSettings/Physics2DSettings.asset using Guid(00000000000000005100000000000000) (LibraryAssetImporter) -> (artifact id: 'bb8ce7f5b2d944741959db20200075a7') in 0.000232179 seconds
Start importing ProjectSettings/GraphicsSettings.asset using Guid(00000000000000006100000000000000) (LibraryAssetImporter) -> (artifact id: 'b7a369a9c0780e3bb2635b3b3f88ffe1') in 0.000251619 seconds
Start importing ProjectSettings/ClusterInputManager.asset using Guid(00000000000000007100000000000000) (LibraryAssetImporter) -> (artifact id: '5a028a71a6163b7bc9a46219c48662ec') in 0.000225789 seconds
Start importing ProjectSettings/UnityConnectSettings.asset using Guid(0000000000000000a100000000000000) (LibraryAssetImporter) -> (artifact id: 'b1ad0e7f508f42a267a71ee689d1a0ea') in 0.000223194 seconds
Start importing ProjectSettings/PresetManager.asset using Guid(0000000000000000b100000000000000) (LibraryAssetImporter) -> (artifact id: '669bd2cb5cdf99ef516d1350fa42393e') in 0.000229447 seconds
Start importing ProjectSettings/VFXManager.asset using Guid(0000000000000000c100000000000000) (LibraryAssetImporter) -> (artifact id: 'dd6732d958402095937fd19a0cecb735') in 0.000232808 seconds
Start importing ProjectSettings/VersionControlSettings.asset using Guid(0000000000000000d100000000000000) (LibraryAssetImporter) -> (artifact id: 'b89f810c452b248c014f182ae5caa680') in 0.000223686 seconds
Start importing ProjectSettings/MemorySettings.asset using Guid(0000000000000000f100000000000000) (LibraryAssetImporter) -> (artifact id: '189f3abde70842f4e3ec2c549c6664fd') in 0.000218379 seconds
Start importing ProjectSettings/MultiplayerManager.asset using Guid(00000000000000000200000000000000) (LibraryAssetImporter) -> (artifact id: 'f060d13f2990d90fc35c577bb4111c66') in 0.000213753 seconds
Start importing Library/BuildInstructions using Guid(00000000000000002300000000000000) (DefaultImporter) -> (artifact id: 'ade3aeda13ad9960ede0e143cb33502a') in 0.00017772 seconds
Start importing Packages/com.unity.nuget.mono-cecil using Guid(90ed072269172012fcebb3cd57b5a869) (DefaultImporter) -> (artifact id: '0d539c5c27d9466d76fd1fba9c65233b') in 0.000168936 seconds
Start importing Packages/com.unity.modules.imgui using Guid(c060426bfd6e82575228df6656368eaa) (DefaultImporter) -> (artifact id: '7d484ab5933192f91b6a2fb9f7498a1e') in 0.000160825 seconds
Start importing Packages/com.unity.modules.animation using Guid(1158e311a3101950348dcecb1bebc42d) (DefaultImporter) -> (artifact id: 'ad15220686cb46a8486da5a82128437e') in 0.00015675 seconds
Start importing Packages/com.unity.shadergraph using Guid(31237d694b57891c7eb0552b1596a40d) (DefaultImporter) -> (artifact id: '57c72133ef3fe625ffb707d1e2dd385c') in 0.000150378 seconds
Start importing Packages/com.unity.searcher using Guid(42a7aa83e165f37a84c96e5d9348202d) (DefaultImporter) -> (artifact id: 'f5137bded0d0268abd615554240bfec8') in 0.000156389 seconds
Start importing Packages/com.unity.modules.assetbundle using Guid(b219c86ce508e478367c0a46e1aa9fe4) (DefaultImporter) -> (artifact id: 'bc1ccff54e0e81e719a299f618cbc700') in 0.000158132 seconds
Start importing Packages/com.unity.nuget.newtonsoft-json using Guid(338f62f1789c1828400ebf6291e99677) (DefaultImporter) -> (artifact id: 'd756d2c21806b22f986afa9a5bfcf413') in 0.000153756 seconds
Start importing Packages/com.unity.ext.nunit using Guid(8395595b7bf590c7907ee201107c2670) (DefaultImporter) -> (artifact id: '6c2c6df3f978b4aa2d5c5720e0f28756') in 0.00014837 seconds
Start importing Packages/com.unity.profiling.core using Guid(837e0ae31bb38cc435d7a6275b768dc8) (DefaultImporter) -> (artifact id: '8b8ac9c3fb772a94dfb915bf5cefbace') in 0.000146469 seconds
Start importing Packages/com.unity.test-framework.performance using Guid(93963ca519b768cbd41ce8514a1fa148) (DefaultImporter) -> (artifact id: '40d5c72f8c722b0c922a3be50a2aa72e') in 0.000149971 seconds
Start importing Assets/WebGLTemplates using Guid(04546f8aef8529c4ea306c7961c0a6ad) (DefaultImporter) -> (artifact id: 'accb34b207138fec2f5307811014e07d') in 0.000278891 seconds
Start importing Packages/com.unity.test-framework using Guid(442737bad11baebb461eedd19964823b) (DefaultImporter) -> (artifact id: 'f98f1c2fb89051531cdd39a4308fb82f') in 0.000164826 seconds
Start importing Assets/Editor using Guid(15e5f0ce1aae61c879b7d1655f40fe6f) (DefaultImporter) -> (artifact id: 'a31abeacaffbf589c074df6c2ea15ec2') in 0.000272076 seconds
Start importing Packages/com.unity.mathematics using Guid(45c97f030cad27ef8667e2ac80bf5783) (DefaultImporter) -> (artifact id: '9c29a0dd1dcdc096ec0904a229682a15') in 0.000171764 seconds
Start importing Packages/com.unity.modules.imageconversion using Guid(850c54ee0b9e1aa740b1c67792eb1f26) (DefaultImporter) -> (artifact id: '77f78b27bd9bac81a00a007ef6f28867') in 0.000160465 seconds
Start importing Packages/com.unity.modules.unitywebrequest using Guid(c522a644a29fcab2eaf63298c118a65b) (DefaultImporter) -> (artifact id: 'd98f38a0b0a3a6ad84b730beb63727de') in 0.00015612 seconds
Start importing Packages/com.unity.modules.unitywebrequestassetbundle using Guid(d5f0b0adc6826e9dd3b72e292e8438be) (DefaultImporter) -> (artifact id: '4efb6f2729456c035f8d2599b921b1ba') in 0.000153222 seconds
Start importing Assets/StreamingAssets using Guid(a6be814a43d7e9d85976a0c96b1058f2) (DefaultImporter) -> (artifact id: '8ebe57cca9704e2068903fdd41bc26cf') in 0.000258478 seconds
Start importing Packages/com.unity.render-pipelines.universal-config using Guid(c6b8ac43e04cc97dd3dddda2bb1adcf4) (DefaultImporter) -> (artifact id: 'b8b841af1a53f05291a1b1d391f8b17c') in 0.000173318 seconds
Start importing Packages/com.unity.modules.physics using Guid(d6db7caf2e852b75ebb9c6098418179c) (DefaultImporter) -> (artifact id: 'b562405fb5bd1c9305c356f8cfe7a672') in 0.000156534 seconds
Start importing Packages/com.unity.inputsystem using Guid(077c6e7d933fe14314d649b48e5a2ae9) (DefaultImporter) -> (artifact id: '4f77cc3f777425872ea3f04817bcb24f') in 0.000149217 seconds
Start importing Packages/com.unity.ugui using Guid(079fe6cdb969aae43cc5c6d96ad46c09) (DefaultImporter) -> (artifact id: '27cf9a0e215d574fa28ff955ebd7f672') in 0.000156396 seconds
Start importing Packages/com.unity.modules.uielements using Guid(2808ba6bccb2478ec9c7209d8bf1f3cc) (DefaultImporter) -> (artifact id: '49f971d306aab8cb20ddbc00ca94734a') in 0.000154232 seconds
Start importing Packages/com.unity.scriptablebuildpipeline using Guid(29c624825455f0180c0321aff771cfde) (DefaultImporter) -> (artifact id: '52128f5a3956d238e397155002a24f6c') in 0.000157652 seconds
Start importing Packages/com.unity.modules.ui using Guid(39728903e57c60021f80449a8bbc0096) (DefaultImporter) -> (artifact id: '9ba448b29b75a8a1f5c4c31201266424') in 0.000145232 seconds
Start importing Assets/Scripts using Guid(39242c7703c3837ba96f505ffee77f57) (DefaultImporter) -> (artifact id: '7ab054f12a9d8ceb28fb98fa307fb2ce') in 0.00024437 seconds
Start importing Packages/com.unity.modules.hierarchycore using Guid(6b81377a4453ba7362eb3322f9bcc6c6) (DefaultImporter) -> (artifact id: 'b5ba94375de312bec58cfc03230046fb') in 0.00016341 seconds
Start importing Packages/com.unity.render-pipelines.universal using Guid(8b026e03ee157fdb8dbad1ab582a5a24) (DefaultImporter) -> (artifact id: '6f777b73b4a1d2e21f3c28cf51777c24') in 0.000165516 seconds
Start importing Packages/com.unity.render-pipelines.core using Guid(ebb8cdf645b9af2d03c93387046b7fb9) (DefaultImporter) -> (artifact id: '1ed0bee23fedd07ffcfe3e40b20bfccd') in 0.000153198 seconds
Start importing Packages/com.unity.cloud.gltfast using Guid(bce49bbcc29e1902da207b61b8aae767) (DefaultImporter) -> (artifact id: 'ea48eeb60cff5bbd3e573e258462cd32') in 0.000147958 seconds
Start importing Packages/com.unity.modules.jsonserialize using Guid(fc3a810351931f5e6183e16b9beb5563) (DefaultImporter) -> (artifact id: 'ae149b8f46567b37c6b77b16bb572fe8') in 0.000150711 seconds
Start importing Packages/com.unity.burst using Guid(2db9b03aaf3d8754fea6aa2648512f8c) (DefaultImporter) -> (artifact id: '0d05881254e7fd3570cb6c5b2a1df5ba') in 0.00014524 seconds
Start importing Packages/com.unity.modules.audio using Guid(2d6ba5cbe47e6ad3c87474c56174d4e0) (DefaultImporter) -> (artifact id: '2ad5535b0c9fde796c0a268a703c42c8') in 0.000143251 seconds
Start importing Packages/com.unity.modules.ai using Guid(fd871a8be47119612f7c254e96a822b7) (DefaultImporter) -> (artifact id: '619e67a2820f0fb43e606df1f0c95aa2') in 0.000158846 seconds
Start importing Packages/com.unity.collections using Guid(6ea2c6f3763d4b5a29419bcb653c9df5) (DefaultImporter) -> (artifact id: '3083acc48391fbb878c60189f22d6001') in 0.000150411 seconds
Start importing Packages/com.unity.modules.terrain using Guid(6e1c8b97ec8aa0464e92506ffe099558) (DefaultImporter) -> (artifact id: 'd262e4fb78f6fff54404eb87b88b9ac4') in 0.000146718 seconds
Start importing Assets/Tests using Guid(de09789e61cc7986c9d0ad446ef0a1f8) (DefaultImporter) -> (artifact id: '336a3793ea08f6d054b89926f7b7c4d1') in 0.000237555 seconds
Start importing Packages/com.unity.ai.navigation using Guid(deecd9888a2d8203a408041a4040f592) (DefaultImporter) -> (artifact id: '5821c18a0a018be818539e5ad1c50512') in 0.000173667 seconds
Start importing Packages/com.unity.modules.unitywebrequesttexture using Guid(6f1c7ebc8ac78cb951be24c238cbd3ba) (DefaultImporter) -> (artifact id: '590a54cd80ec2a1da1d11f7ee409e01f') in 0.000160685 seconds
Start importing Packages/com.unity.addressables using Guid(dfc3d60e4646e0fb79142d4815e1d190) (DefaultImporter) -> (artifact id: '2ee34bde4c7652c4972e3b11d143a26e') in 0.000154453 seconds
Start importing Packages/com.unity.burst/Unity.Burst.CodeGen using Guid(0025085fa936303aa05b328e44651f9c) (DefaultImporter) -> (artifact id: 'da87d48daf8566acca1fe2c6c85e70c9') in 0.000152303 seconds
Start importing Packages/com.unity.collections/Unity.Collections.BurstCompatibilityGen using Guid(00a9bcd29d03e5043aad0c9a7e6185f3) (DefaultImporter) -> (artifact id: '3dd9924ad498f25718ce4d4d035f87b7') in 0.000151703 seconds
Start importing Packages/com.unity.render-pipelines.core/Editor-PrivateShared using Guid(50e0a64c6fdb90f48a1dbcfa7af69056) (DefaultImporter) -> (artifact id: '0b0f24df30bbdcd12549289cd8d34204') in 0.000158508 seconds
Start importing Assets/Scripts/Employees using Guid(80c599dc12defd2738f5e663ee4041f6) (DefaultImporter) -> (artifact id: '92b069de5c4fa315477b15bbbb98f569') in 0.000275056 seconds
Start importing Packages/com.unity.cloud.gltfast/DocExamples using Guid(80a9660688f788a4b90e36414fcb5fb6) (DefaultImporter) -> (artifact id: '7cf6cbcd5c3169dc4de24f3093678a96') in 0.000158212 seconds
Start importing Assets/Scripts/Persistence using Guid(806df03833e005e83bf29ee957daf66c) (DefaultImporter) -> (artifact id: 'ff16517b68cd8f5817409e57fd051ab2') in 0.000250505 seconds
Start importing Packages/com.unity.render-pipelines.universal/Tests using Guid(90821e75f62bb9e4ea9d6111201e1d90) (DefaultImporter) -> (artifact id: 'a8b2f01a50cf4982779995b3da55b294') in 0.000164034 seconds
Start importing Packages/com.unity.inputsystem/DocCodeSamples.Tests using Guid(c0f26b555bfc14351a9f8ec342fd6ae8) (DefaultImporter) -> (artifact id: '108896428b26b8f66f9e2e884369a98b') in 0.000151291 seconds
Start importing Assets/Tests/EditMode using Guid(016efca53266eec8f8a2ac81fc370f74) (DefaultImporter) -> (artifact id: '020646317591624ac9db7ba9ab0af82b') in 0.000251425 seconds
Start importing Assets/Scripts/Animations using Guid(81c74401c9b1be66db6868cb44798427) (DefaultImporter) -> (artifact id: 'f30e9fda2bb20175bc0a48478d45903d') in 0.00025687 seconds
Start importing Packages/com.unity.cloud.gltfast/Runtime using Guid(a12e525d176854b6a85429f453dc0082) (DefaultImporter) -> (artifact id: '23ae5be5f6e6180c5a18b19b00d65465') in 0.000172742 seconds
Start importing Packages/com.unity.render-pipelines.universal-config/Tests using Guid(b16c0985df25c08458c254464b931122) (DefaultImporter) -> (artifact id: '72c712d894e0ede789678c40f748a38a') in 0.000159125 seconds
Start importing Packages/com.unity.shadergraph/ShaderGraphLibrary using Guid(c1bc9b92d5eaa40f8a85c1f48ba87de9) (DefaultImporter) -> (artifact id: 'be7b64766ee5b69eb7ec498c0dbae152') in 0.000155069 seconds
Start importing Packages/com.unity.ugui/Editor Resources using Guid(d1a0a27327b54c3bac52a08929c33f81) (DefaultImporter) -> (artifact id: '89d4bdf381a63d2d738dcc151e624513') in 0.000154128 seconds
Start importing Packages/com.unity.collections/Unity.Collections.Editor using Guid(d1e9e4c1f536d9246ac795d9abc62342) (DefaultImporter) -> (artifact id: '7eaed701002a9747ad365e4801cbfde1') in 0.000149967 seconds
Start importing Packages/com.unity.burst/Runtime using Guid(e1700f0d2aa03c568eaedb3efe6720f0) (DefaultImporter) -> (artifact id: '8b92d21c9a23dbc0f6bf20116309d43e') in 0.000149526 seconds
Start importing Packages/com.unity.inputsystem/Tests using Guid(f1c1e9b3951e340e48a3d2c037d6f48b) (DefaultImporter) -> (artifact id: '3ea7d62947e148c46603b1d107d03712') in 0.00014307 seconds
Start importing Assets/Scripts/Assets using Guid(f2d6f42e9fa013119a8a0fbc110cbee9) (DefaultImporter) -> (artifact id: 'b2cb3eaf50437e6c4879d66b853825cb') in 0.000257131 seconds
Start importing Packages/com.unity.searcher/Editor using Guid(03d97a496f60a574f8955a1258f8f956) (DefaultImporter) -> (artifact id: '3c911fbef8c9e67f646a9f7b85a35006') in 0.000161768 seconds
Start importing Assets/Scripts/Performance using Guid(434c0b2a731a0803bb0470b182bfd883) (DefaultImporter) -> (artifact id: '1df7dc2cf1e51f34db07eeb95824bf00') in 0.000259071 seconds
Start importing Packages/com.unity.render-pipelines.universal/Editor using Guid(53c20613ce8ac478dba8507359e02516) (DefaultImporter) -> (artifact id: '1b7596313ce94b29aab40270d50652d8') in 0.000167892 seconds
Start importing Packages/com.unity.render-pipelines.core/ShaderLibrary using Guid(534c3b565c7ef4248a10594dbdf4faf1) (DefaultImporter) -> (artifact id: '2fbf526cc6816413d66c6fe72f697787') in 0.000155728 seconds
Start importing Packages/com.unity.collections/Unity.Collections.LowLevel.ILSupport using Guid(6353acf8df7d746d98d65f640d39ea47) (DefaultImporter) -> (artifact id: '3bfe95cb61b3a0d592374497b51a9e59') in 0.000150854 seconds
Start importing Packages/com.unity.ai.navigation/Editor using Guid(63b588f3892bb4b5eb73ad3d2791e05c) (DefaultImporter) -> (artifact id: '56542eb366809904ef22cfba0a6fd803') in 0.000146631 seconds
Start importing Packages/com.unity.ai.navigation/Gizmos using Guid(93b9715f5a4bf471c8154f6cbab7e94d) (DefaultImporter) -> (artifact id: '9a1ea2e9334068cca4fb91a9c2309465') in 0.000152596 seconds
Start importing Packages/com.unity.addressables/Editor using Guid(b38733bdad235b34b993286370a11791) (DefaultImporter) -> (artifact id: '0fb73d02f4f01f145be1b4df027aac29') in 0.000154288 seconds
Start importing Packages/com.unity.mathematics/Unity.Mathematics using Guid(b3be5912975a74cc0b42e9039d91daf1) (DefaultImporter) -> (artifact id: 'db7e4658d6f4167db080f5d152bddf79') in 0.000148878 seconds
Start importing Assets/Scripts/Data using Guid(c303fd1dfaf855068ad5bbb53e767afb) (DefaultImporter) -> (artifact id: 'f3983907e21c056adc14a6b3c220c722') in 0.000252722 seconds
Start importing Packages/com.unity.mathematics/Tests using Guid(e3503cbca3a6645cb8298d5cecf03cec) (DefaultImporter) -> (artifact id: '7a7efa4be2c2bba6f2efc8aff051210e') in 0.000164173 seconds
Start importing Packages/com.unity.render-pipelines.universal/Shaders using Guid(248877dd7078443d6b51abf21ee7d52a) (DefaultImporter) -> (artifact id: '564022fb5e58e1dc030736cf0c6b7619') in 0.000162943 seconds
Start importing Packages/com.unity.render-pipelines.core/Editor using Guid(74ae8146f4a01491ba1306f3db78139d) (DefaultImporter) -> (artifact id: 'bcce6bcb588ab2ebe4cd0f763d9b1c21') in 0.000152057 seconds
Start importing Packages/com.unity.ai.navigation/Tests using Guid(a4ffdd6288cb842a8ac2b31823ceaab0) (DefaultImporter) -> (artifact id: '7c766eff0d351270b603bc59b4bdc5e3') in 0.000144983 seconds
Start importing Assets/Scripts/Store using Guid(b45a45bfa86f53c4ebb13311b28e61cc) (DefaultImporter) -> (artifact id: '6074166cc72d589a50a284643acf4806') in 0.00025602 seconds
Start importing Packages/com.unity.collections/Unity.Collections.CodeGen using Guid(d44454e6d25878e46a8495f8a720d7c0) (DefaultImporter) -> (artifact id: 'dc5b6330d6bcd6bbb34157022b1e02b9') in 0.000172473 seconds
Start importing Assets/Scripts/Player using Guid(f4b716e0973002a22a031c0e0c195396) (DefaultImporter) -> (artifact id: '697196c5f9087e840c010163f0c1b1c7') in 0.000247517 seconds
Start importing Packages/com.unity.test-framework/UnityEngine.TestRunner using Guid(950890083f4907541a6ed06d70959e49) (DefaultImporter) -> (artifact id: 'b2380b0eb08023ce063c7b7396ba8e5e') in 0.000162864 seconds
Start importing Packages/com.unity.test-framework/UnityEditor.TestRunner using Guid(95cdf27b47eb82747ba9e51f41e72a35) (DefaultImporter) -> (artifact id: '77f76be7513a4e9a3b3e2eeeb0b13cad') in 0.000150624 seconds
Start importing Packages/com.unity.collections/Unity.Collections using Guid(b5713c21e3bf34803880e60596ab7e69) (DefaultImporter) -> (artifact id: 'cfed2240ead5e584460a4650f86e225a') in 0.000148721 seconds
Start importing Assets/WebGLTemplates/MiniMarketPWA using Guid(e5e8ca0cd1b672e1482c959b5c369d33) (DefaultImporter) -> (artifact id: 'c538b715be671aff6a45c47b7f195902') in 0.000262743 seconds
Start importing Packages/com.unity.nuget.mono-cecil/Tests using Guid(0600146fb26ea4138a2f66b89faa9e86) (DefaultImporter) -> (artifact id: '471bb5efc522ca1d3dc593d9c7594c0a') in 0.000159637 seconds
Start importing Assets/Scripts/Inventory using Guid(163b7fa6582e50392aa693f771e297e2) (DefaultImporter) -> (artifact id: '8098c21ca104a97ea21d9a378f8f9fe8') in 0.000250722 seconds
Start importing Assets/Scripts/Production using Guid(86a31562bb1f6ad54990fbb7791505c8) (DefaultImporter) -> (artifact id: '138a41738dd0ae72154c7f442b0e07ac') in 0.000257532 seconds
Start importing Packages/com.unity.burst/Editor using Guid(a6ca3ceb44ad3b13ad15d2de0caf14d0) (DefaultImporter) -> (artifact id: 'b77eb78338e9f974f17eb7df60d7cd81') in 0.000158154 seconds
Start importing Packages/com.unity.shadergraph/Tests using Guid(b67edcfd84add6e4a97f27f155b61a7b) (DefaultImporter) -> (artifact id: '8d392ba38630bc1cd2405718685f9616') in 0.000154088 seconds
Start importing Packages/com.unity.scriptablebuildpipeline/Tests using Guid(d62ab3f6f7d317849b5f962b9d036f08) (DefaultImporter) -> (artifact id: 'f209c32f7a9ef9bfcf9aeffadac75037') in 0.000151461 seconds
Start importing Packages/com.unity.profiling.core/Runtime using Guid(0728d61b12f4b1e4fa9299f79f0c3948) (DefaultImporter) -> (artifact id: '11bb0a67369d474a8d9ff341242938c2') in 0.000159201 seconds
Start importing Assets/Scripts/Networking using Guid(1778be42d61834aeb8539d0396298abe) (DefaultImporter) -> (artifact id: 'a10d7beda764fe0a4adfab50c5c9f447') in 0.00025427 seconds
Start importing Assets/Scripts/Customers using Guid(47978a5d4250c059ba4cbcce26419cb9) (DefaultImporter) -> (artifact id: '3fe7ad6bdf7b3d026052c665beb66ed2') in 0.000246817 seconds
Start importing Packages/com.unity.render-pipelines.universal-config/Runtime using Guid(670b80493e242394ba4eda64f09253ac) (DefaultImporter) -> (artifact id: '969fcf6c60ced85ee128f24c2e4f49ba') in 0.000160518 seconds
Start importing Assets/Scripts/Characters using Guid(77bf0bd822b9bad5da879385cab10c00) (DefaultImporter) -> (artifact id: 'cfe6a7105396d213a17c2d7345516504') in 0.00025082 seconds
Start importing Packages/com.unity.cloud.gltfast/Plugins using Guid(a7a1fc1b5178b48c4abaaf7a38eb9d7d) (DefaultImporter) -> (artifact id: 'f7746592df600a67fd120b591847d8f5') in 0.000161221 seconds
Start importing Packages/com.unity.test-framework/Tests using Guid(b70e28337c9001e4390442151ea5542c) (DefaultImporter) -> (artifact id: '88dd20ad2c23d64332e901fda31c7692') in 0.000153132 seconds
Start importing Packages/com.unity.test-framework.performance/Editor using Guid(0855336f89ed65c45a15c56d2269fffd) (DefaultImporter) -> (artifact id: 'e2a496ca2a54bc21997c75cf10ea96b9') in 0.000153415 seconds
Start importing Assets/Scripts/Progression using Guid(384adea02004a86a69ad40b001276a93) (DefaultImporter) -> (artifact id: '3ff4bc21e34efd6e29a4083de4417167') in 0.000246366 seconds
Start importing Packages/com.unity.ugui/Tests using Guid(d850db319a63d2546932ff76fe55a498) (DefaultImporter) -> (artifact id: '87ed2bbc25b91c58b304abd09ed3aaba') in 0.000162973 seconds
Start importing Packages/com.unity.render-pipelines.core/Shaders using Guid(1966e5ee4a6d00344b701c86ac98a770) (DefaultImporter) -> (artifact id: 'a76a0467b16d8ab2206ade82af08c20f') in 0.000160991 seconds
Start importing Packages/com.unity.render-pipelines.universal/Textures using Guid(6970e3730c799f44ab472c8aa6c4b431) (DefaultImporter) -> (artifact id: 'bf7de6916e6788a6ccf01880f1701369') in 0.000152678 seconds
Start importing Packages/com.unity.cloud.gltfast/Editor using Guid(69598450d552f5f44b191743ba3fae43) (DefaultImporter) -> (artifact id: '67634a3a50cce638628ff21f922078ed') in 0.000144848 seconds
Start importing Packages/com.unity.render-pipelines.universal/Runtime using Guid(79e8584360be43649ad60cb0f180e904) (DefaultImporter) -> (artifact id: '982b85db3ea9db95dfe6f54103330194') in 0.000145746 seconds
Start importing Assets/StreamingAssets/Art using Guid(79cf5ac4aef5ca235a6a35df8808cdaf) (DefaultImporter) -> (artifact id: 'eb92573d4dfcf1dbc2055b72aaea729a') in 0.000254205 seconds
Start importing Packages/com.unity.render-pipelines.core/Runtime using Guid(89c766a6aa0579c4b9f01bbbe5a45dfd) (DefaultImporter) -> (artifact id: 'f8fc9448182db0343cb00dae7a6184e4') in 0.000166053 seconds
Start importing Packages/com.unity.scriptablebuildpipeline/Editor using Guid(d90bb9eec8948a94991952bcad49c572) (DefaultImporter) -> (artifact id: 'e20a5b27a552a3fad0672cced4baefc6') in 0.000154459 seconds
Start importing Assets/Scripts/UI using Guid(4a49ec8bdd431df468a777f1e773daa0) (DefaultImporter) -> (artifact id: 'a154fc2e818b33b9f435e22941abaecd') in 0.000245728 seconds
Start importing Packages/com.unity.addressables/Tests using Guid(9ac2e436791026547b840f87f876f4e7) (DefaultImporter) -> (artifact id: 'ac9ca2c3c4bac58119ab697aa7efc7fb') in 0.00016357 seconds
Start importing Packages/com.unity.ugui/Runtime using Guid(aa14b70e6a58c5b4fa6663623e3dca91) (DefaultImporter) -> (artifact id: 'fa7aa1d533b272bf79afdbd5404453cd') in 0.000156764 seconds
Start importing Packages/com.unity.shadergraph/GraphTemplates using Guid(ba49d6ca56964cc28bd1278524ad02a1) (DefaultImporter) -> (artifact id: '1db1c4bf1700b8661fc26a18a25a98d8') in 0.000154172 seconds
Start importing Assets/StreamingAssets/Data using Guid(ca8188e182a32b7f7a46bcca8e615858) (DefaultImporter) -> (artifact id: '23553800014869817b5a25991a483de4') in 0.000243198 seconds
Start importing Assets/Scripts/Farm using Guid(ea50c455c6277e93aaa13279d150ba41) (DefaultImporter) -> (artifact id: 'd61a6515a9579b5c3ea96d07329b9636') in 0.000256981 seconds
Start importing Packages/com.unity.collections/Unity.Collections.Tests.Playmode using Guid(1bc474d6c48563e48bf377774df23cb1) (DefaultImporter) -> (artifact id: '00df3bec1f22919a9dfe00e1760c2354') in 0.000180282 seconds
Start importing Assets/Scripts/Interactions using Guid(2b447893173aee15a90e87b564dbdc66) (DefaultImporter) -> (artifact id: '18bd317212a0cc43ab7b1527ebae2533') in 0.000248311 seconds
Start importing Packages/com.unity.render-pipelines.core/Runtime-PrivateShared using Guid(3bc3c7fe1d0033c4aaa7cd04fe5ba574) (DefaultImporter) -> (artifact id: 'e069b3d81777c5587acb66dc67ef292c') in 0.000160683 seconds
Start importing Packages/com.unity.searcher/Tests using Guid(4b666628832cadb45b2a56d441fc8220) (DefaultImporter) -> (artifact id: 'feb63d593cfd52f4f481a22bb42033fd') in 0.000151074 seconds
Start importing Packages/com.unity.inputsystem/InputSystem using Guid(7be622e2320c433e83fcfd2dbb7bd468) (DefaultImporter) -> (artifact id: '9d8a939a01d340a6bfc51960567658cf') in 0.000149751 seconds
Start importing Assets/Scripts/Audio using Guid(bb1411c34b6714a519ea271ecc3c65cf) (DefaultImporter) -> (artifact id: '9e80104228b63bd2c12bc92c59250464') in 0.000249761 seconds
Start importing Assets/Scripts/Core using Guid(bbc635486be3735dc9df4ee35dc31b24) (DefaultImporter) -> (artifact id: '5ab1e9b933a77d891cf0f9b2bae386ac') in 0.000245651 seconds
Start importing Assets/Scripts/Economy using Guid(cb2bf359a65f9ad71b4fd1a52fb554d5) (DefaultImporter) -> (artifact id: 'cb2b775fa404dbc8953a75350134d984') in 0.000249659 seconds
Start importing Packages/com.unity.collections/Unity.Collections.PerformanceTests using Guid(4c3b5584c2c4c483b9816878d89d3793) (DefaultImporter) -> (artifact id: '1ec40f0db75de92f464c23a2e6f73533') in 0.000160311 seconds
Start importing Packages/com.unity.collections/Unity.Collections.Tests using Guid(5c67b9b0b7cb745ff9944601a5b65149) (DefaultImporter) -> (artifact id: '74fa25095f66dc387ef11e14b714dc4d') in 0.000159536 seconds
Start importing Packages/com.unity.render-pipelines.core/Tests using Guid(6c67acbbc1ebd5a479b3bef04c939d02) (DefaultImporter) -> (artifact id: '7334d2748cec619bf95b7956addd5ff1') in 0.000154864 seconds
Start importing Packages/com.unity.ai.navigation/EditorResources using Guid(bcb26a80e56f33046a81574f96664cfe) (DefaultImporter) -> (artifact id: '5a1cad08036fb88bee2b759db690ec3a') in 0.000147117 seconds
Start importing Packages/com.unity.render-pipelines.universal/ShaderLibrary using Guid(2de5b472450204ae2853db2cb6a2540a) (DefaultImporter) -> (artifact id: 'd34fd82b23d644112ff05e85decdabfe') in 0.000151169 seconds
Start importing Packages/com.unity.addressables/Runtime using Guid(5d21fe059b6ed81429427b236f320d24) (DefaultImporter) -> (artifact id: 'b9b23231551672f4e60cf36f79d70bfe') in 0.00014257 seconds
Start importing Packages/com.unity.collections/DocCodeSamples.Tests using Guid(ed2c1c145cb193d4d8987d3886bc12b4) (DefaultImporter) -> (artifact id: '26636d22e55ca5da8c3e23d89b25fa92') in 0.000141857 seconds
Start importing Packages/com.unity.mathematics/Unity.Mathematics.Editor using Guid(ed3cf288b647446a1a4040049eb363d7) (DefaultImporter) -> (artifact id: 'd3eca6a996482eb62a5232eb96f5fb32') in 0.000151286 seconds
Start importing Packages/com.unity.ugui/Package Resources using Guid(5ec95f4d5b2d1f14e9ff8682562553f9) (DefaultImporter) -> (artifact id: '20161e53e484de6465e75d382f9dbde6') in 0.00014732 seconds
Start importing Packages/com.unity.test-framework.performance/Runtime using Guid(6edbafb3b8c712640ae66bb69eabb0a8) (DefaultImporter) -> (artifact id: 'e87c74f33b2b99dd5ff05c90cdbea71a') in 0.000148452 seconds
Start importing Packages/com.unity.ugui/Editor using Guid(bee384ad5b4d1a843a018082e7db53cd) (DefaultImporter) -> (artifact id: 'cc2ff2381a5068f9e19e880ea4d9c9b1') in 0.000155138 seconds
Start importing Packages/com.unity.ai.navigation/Runtime using Guid(ce67aa87f613246dda63a54a59c6399e) (DefaultImporter) -> (artifact id: '9e38751fd2a295b42a1aa963f377ada5') in 0.000150372 seconds
Start importing Packages/com.unity.nuget.newtonsoft-json/Runtime using Guid(de1c7164adaf49d47b5de31c140713c9) (DefaultImporter) -> (artifact id: '62b439fe2e630c59570dd4a18cb78d8e') in 0.000145307 seconds
Start importing Packages/com.unity.collections/Unity.Collections.PerformanceTests.Internal using Guid(ee3c6001d6f4bbf409631328fb4cd463) (DefaultImporter) -> (artifact id: 'c249378977d3bb66d7182029bc57efbf') in 0.000143638 seconds
Start importing Packages/com.unity.shadergraph/Editor using Guid(af35822cb60c9a44cba3e3f0317ac0ac) (DefaultImporter) -> (artifact id: '7261d79a32e2d81e40b6ce40e175d685') in 0.000149347 seconds
Start importing Packages/com.unity.ext.nunit/net40 using Guid(af19581c6078849139e0671f575e4b7c) (DefaultImporter) -> (artifact id: '7cfa80f12945c74956f086b3610c7a51') in 0.000152064 seconds
Start importing Packages/com.unity.scriptablebuildpipeline/Runtime using Guid(dfb88b91599701840970930f261b8843) (DefaultImporter) -> (artifact id: 'd4fc8efb15f2aec96d471d773d2f1c10') in 0.000143755 seconds
Start importing Packages/com.unity.render-pipelines.core/Runtime/Settings using Guid(00a116691603d1943905c38f0640a134) (DefaultImporter) -> (artifact id: '71cdd0fd3619dac82c43ddf098391e87') in 0.000142331 seconds
Start importing Packages/com.unity.render-pipelines.universal/Editor/BuildProcessors using Guid(00b78da5a2abda548bce3022822ebb7f) (DefaultImporter) -> (artifact id: '17b04a667c6324d4842128cb417b9dc8') in 0.000144593 seconds
Start importing Assets/StreamingAssets/Art/Characters using Guid(00a9ef99ad5ddf9ce802ff9a93d2937b) (DefaultImporter) -> (artifact id: 'd44b5e4d7a67ad2b8c0f652128b7dd4c') in 0.000260914 seconds
Start importing Packages/com.unity.ugui/Editor/TMP using Guid(10d1425d9e87841d9a9deafe9e93a6f2) (DefaultImporter) -> (artifact id: 'b78a297ad64c4d78728ae683af3e5658') in 0.000158556 seconds
Start importing Packages/com.unity.inputsystem/InputSystem/Actions using Guid(2069418e852748dbaa154cf71b8f033a) (DefaultImporter) -> (artifact id: '167be0b6519189d25732f15cdb3467aa') in 0.000147398 seconds
Start importing Packages/com.unity.test-framework.performance/Editor/TestReportGraph using Guid(30bb01dc09cb89b4faf344490fee76a7) (DefaultImporter) -> (artifact id: 'c056d2cc8d67d2551a8b28858fc6c1f5') in 0.000145908 seconds
Start importing Packages/com.unity.cloud.gltfast/Runtime/Scripts using Guid(40f50162465af48b6b44b4a1ba5b6eae) (DefaultImporter) -> (artifact id: 'de481234d1685e4c4ecc2ae6c9f89cac') in 0.000146762 seconds
Start importing Packages/com.unity.render-pipelines.universal/Editor/AssetPostProcessors using Guid(80a17677e8c9b3040a01d400cf19819f) (DefaultImporter) -> (artifact id: '888f321c84e356bfb3319529276d7267') in 0.000147461 seconds
Start importing Packages/com.unity.render-pipelines.core/Editor/Properties using Guid(80eb240eb8f49794ea98245f43a29de6) (DefaultImporter) -> (artifact id: 'f1cbee2d0f1121fcbdeee7f1a0559a41') in 0.000148805 seconds
Start importing Packages/com.unity.render-pipelines.core/Editor/UXML using Guid(a05d5395a414809438a369bcd59aa8d0) (DefaultImporter) -> (artifact id: 'dbd2f74a563c48e2929158308bbf1db2') in 0.000149632 seconds
Start importing Packages/com.unity.test-framework.performance/Runtime/Measurements using Guid(c0c170ab616b34944bcd5e75cfcb9d06) (DefaultImporter) -> (artifact id: '1d464c796009f8842937b83aa02f7d7a') in 0.000147424 seconds
Start importing Packages/com.unity.ext.nunit/net40/unity-custom using Guid(c0673f99c7a5d42e081a6f88c5a37862) (DefaultImporter) -> (artifact id: 'f4fcd55258eeff1a5f459a9ca176b6e0') in 0.000139306 seconds
Start importing Packages/com.unity.render-pipelines.core/Runtime/Debug using Guid(c09a0a5d80ce97c43b5ad0099fdc8bca) (DefaultImporter) -> (artifact id: '3e421762bdc735d372c0719bee1c0c46') in 0.000148671 seconds
Start importing Packages/com.unity.shadergraph/Editor/ShaderGUI using Guid(c03d0f7d344c4c0a877eea9f1a0168fd) (DefaultImporter) -> (artifact id: '5458946980227493f80136b1555a48e2') in 0.000149556 seconds
Start importing Packages/com.unity.shadergraph/Editor/Utilities using Guid(f09c1bd643b38480bba505d3a9023457) (DefaultImporter) -> (artifact id: '36f24709c8aa53207503157df67777aa') in 0.000148341 seconds
Start importing Packages/com.unity.render-pipelines.core/Runtime/Volume using Guid(1189cbf559a12c64e92584c52d17a4a0) (DefaultImporter) -> (artifact id: '53b6479165a7b813c8748aebd76c13be') in 0.000145792 seconds
Start importing Packages/com.unity.render-pipelines.universal/Runtime/Decal using Guid(219911eb3a3b7d54e8218af5aca772dd) (DefaultImporter) -> (artifact id: 'e740b194dad2c3486d8cb30954c27bed') in 0.000144622 seconds
Start importing Assets/StreamingAssets/Art/StoreEquipment using Guid(314b17a190eb0ed3f957f206ce78c907) (DefaultImporter) -> (artifact id: '4c885742f0079dc519aa259722114eef') in 0.000285841 seconds
Start importing Packages/com.unity.inputsystem/InputSystem/Utilities using Guid(51e828593aae48cdbee6e9ae0ec20e5d) (DefaultImporter) -> (artifact id: 'f31e1e53ce06547450c33c7f75b46ae8') in 0.000165047 seconds
Start importing Packages/com.unity.ugui/Runtime/TMP using Guid(619aadd8f276341ca84d7ad5a9c6db21) (DefaultImporter) -> (artifact id: '5308cedcd74d43682790fc7238a9d1e2') in 0.000153758 seconds
Start importing Packages/com.unity.addressables/Tests/Runtime using Guid(61fc287de507f6d44a8d9a6ea2f944df) (DefaultImporter) -> (artifact id: 'd4e89aa74769a01ec0a52e13d5a2c4fc') in 0.00014523 seconds
Start importing Packages/com.unity.render-pipelines.core/Editor/ShaderStripping using Guid(61ff35fb502752843acbefd0946f06f6) (DefaultImporter) -> (artifact id: '4750eb5caf7eb9c959580594c1bba763') in 0.000148573 seconds
Start importing Packages/com.unity.addressables/Runtime/Services using Guid(71c9532ec33dc0b4dbe723ee65d372a1) (DefaultImporter) -> (artifact id: '4c12b3cb8b4d7d12213674c082f056bc') in 0.000150511 seconds
Start importing Packages/com.unity.render-pipelines.universal/Editor/Tools using Guid(715d10cee9082354a92701de6d5f6527) (DefaultImporter) -> (artifact id: '1672004ddfc0d3b744b6f8d12df65f51') in 0.000155965 seconds
Start importing Packages/com.unity.render-pipelines.universal/Textures/SMAA using Guid(8175402ae6bf2a84f929602544c44007) (DefaultImporter) -> (artifact id: '6f93c121ce3744458896cfe94235a7d6') in 0.00014336 seconds
Start importing Packages/com.unity.mathematics/Unity.Mathematics/Geometry using Guid(8179f9b7bb3904f5ba86140bea0a128b) (DefaultImporter) -> (artifact id: 'c49907dbfdabccf49117d4ea50ab372d') in 0.000140167 seconds
Start importing Packages/com.unity.render-pipelines.universal/Runtime/Debug using Guid(91be52194fd414eefb9f1bc39b89292e) (DefaultImporter) -> (artifact id: '22a7aa4a1783cebe5eed9b965704bcf3') in 0.000141143 seconds
Start importing Packages/com.unity.shadergraph/Editor/Importers using Guid(a1485bce8acd0428fae1525629b9ed8b) (DefaultImporter) -> (artifact id: 'ffbfeb695b117171855aba615cf49e01') in 0.000148891 seconds
Start importing Packages/com.unity.render-pipelines.core/Tests/Runtime using Guid(a189334a4e37b1247af4cfcedc20802c) (DefaultImporter) -> (artifact id: '5d0715f6352ce69bd8fb3242a68e058e') in 0.000148974 seconds
Start importing Packages/com.unity.render-pipelines.core/Editor/RenderGraph using Guid(e13f2d6c38d76c24fb156d9537c72359) (DefaultImporter) -> (artifact id: 'c3f2d2e665379b76ac58e092f6c2a4e0') in 0.000141719 seconds
Start importing Packages/com.unity.render-pipelines.universal/Textures/BlueNoise64 using Guid(2213abb41e048da4ca7f2acee56cf116) (DefaultImporter) -> (artifact id: '4c576888a046efa726e1f507707435f1') in 0.000149384 seconds
Start importing Packages/com.unity.render-pipelines.universal/Editor/SceneTemplates using Guid(32bf03fc07b2a4f00adb3eaf74edcdf3) (DefaultImporter) -> (artifact id: 'fd3d9e3bbca758bbe3cfbb679fc9a493') in 0.00014728 seconds
Start importing Packages/com.unity.shadergraph/Editor/Drawing using Guid(628a36608983fbe49bd5b01cc799f525) (DefaultImporter) -> (artifact id: '83c71d4c4fb5be23ca8e872ac75a2792') in 0.000143949 seconds
Start importing Assets/StreamingAssets/Art/Furniture using Guid(a2d164a09b4eba2a2bde8034802b1b19) (DefaultImporter) -> (artifact id: 'd08ac7bf4094138d8dc513830646ac6e') in 0.000275322 seconds
Start importing Packages/com.unity.render-pipelines.core/Editor/Lighting using Guid(a20277bec4b2cc14dbfbc6e401f1f8f1) (DefaultImporter) -> (artifact id: 'b046047c1773b5cff587b8c266b0206a') in 0.000164018 seconds
Start importing Packages/com.unity.addressables/Editor/GUI using Guid(a2c37bb888dfcc1449822d8dd13555cb) (DefaultImporter) -> (artifact id: 'ed6e88c3726330964f33e74a907cd4e9') in 0.00014866 seconds
Start importing Packages/com.unity.render-pipelines.core/Runtime/CommandBuffers using Guid(b28b41cdfaae53042830c0db923255d7) (DefaultImporter) -> (artifact id: '262fd67d935333fca60aa9b9fba7c22d') in 0.000149289 seconds
Start importing Packages/com.unity.render-pipelines.universal/Runtime/Passes using Guid(c2a16f045b3148e4f9d0d62614a81a61) (DefaultImporter) -> (artifact id: '2c33f2c7e98ebcfcb18a4f97958b2d5b') in 0.000142638 seconds
Start importing Packages/com.unity.render-pipelines.core/Editor/Icons using Guid(d282282bdd9a39349a3f4642751d8e2b) (DefaultImporter) -> (artifact id: '4b3dfa858da787b5b2b47c8e9a1f999e') in 0.00015761 seconds
Start importing Packages/com.unity.scriptablebuildpipeline/Editor/Shared using Guid(d2753eab703276041afb1d58301a291c) (DefaultImporter) -> (artifact id: 'f0801406c352b2927542355afb38e04e') in 0.000149908 seconds
Start importing Packages/com.unity.render-pipelines.core/Editor-PrivateShared/AssetCallbacks using Guid(d2b6d2a66db8e07418eae9d75a2ebb55) (DefaultImporter) -> (artifact id: '0f331240f6fa70c492d72b0a4a532e35') in 0.000146729 seconds
Start importing Assets/StreamingAssets/Art/Utility using Guid(d289a6fb86eb0c36ebb045839721a7e8) (DefaultImporter) -> (artifact id: 'cc383e882bb6b27f2ec7b36d9c8bc37d') in 0.000258553 seconds
Start importing Packages/com.unity.ai.navigation/Editor/ConversionSystem using Guid(d25d346918c1247368b4cb66a787b59e) (DefaultImporter) -> (artifact id: '8fe22541ee4ac1a9cb76ef1a05ebba54') in 0.00016695 seconds
Start importing Packages/com.unity.test-framework.performance/Runtime/Attributes using Guid(d2bd35c14da30b94c81ec15c7db30136) (DefaultImporter) -> (artifact id: '2686fafd4fe31f00916d69115d66d98c') in 0.000156789 seconds
Start importing Packages/com.unity.render-pipelines.universal/Editor/ShaderGUI using Guid(e2eccaf646dce46a69c0224eb55c61a2) (DefaultImporter) -> (artifact id: '59405a9be535d2e9720149365de02558') in 0.000151064 seconds
Start importing Packages/com.unity.render-pipelines.core/Runtime/ShaderLibrary using Guid(f259e8e6a245f82429441223b86481b7) (DefaultImporter) -> (artifact id: '94068eed1fa26ea6fca6ca33a0f922af') in 0.000150825 seconds
Start importing Packages/com.unity.test-framework.performance/Runtime/Data using Guid(0369bc643b4a11246a869e582c0f275a) (DefaultImporter) -> (artifact id: '92fd8c6c39ee2a0b810ba93c1dbcf93d') in 0.000151208 seconds
Start importing Packages/com.unity.render-pipelines.core/Editor/Settings using Guid(130ba52451e62e4419a846fc6cd89ab3) (DefaultImporter) -> (artifact id: '5cc4ab05d97f7eac50924879580caad4') in 0.000145932 seconds
Start importing Packages/com.unity.render-pipelines.core/Editor/Volume using Guid(138c0b127ef07fd428612196694d782f) (DefaultImporter) -> (artifact id: 'b94fd6be057f8848d5e9d4fedbbb5380') in 0.000143797 seconds
Start importing Packages/com.unity.render-pipelines.core/Editor/Camera using Guid(234fa6c8645c73d4e8857414e1823942) (DefaultImporter) -> (artifact id: '44ae56467bd0e900a5d45659904b071a') in 0.000140432 seconds
Start importing Packages/com.unity.collections/Unity.Collections.PerformanceTests/Unity.PerformanceTesting.Benchmark using Guid(336c58ff186c3f245a1e3353bd539093) (DefaultImporter) -> (artifact id: '568ca3ef0c7f2999c4ad967636184c1d') in 0.000147699 seconds
Start importing Packages/com.unity.render-pipelines.core/Runtime/RenderGraph using Guid(43d913b927fc7e84db1f869b3aa27324) (DefaultImporter) -> (artifact id: '78abf442aa70eb28da92b53d5582ea3a') in 0.00014478 seconds
Start importing Packages/com.unity.render-pipelines.universal/Shaders/Debug using Guid(83e12e3399064822abd3e69798ce3053) (DefaultImporter) -> (artifact id: '7fc5ebf51e3fce3c7894b877f2d19f5a') in 0.000147084 seconds
Start importing Packages/com.unity.scriptablebuildpipeline/Editor/Injector using Guid(83be1c14cfbe90c4288847f2b01c1884) (DefaultImporter) -> (artifact id: 'c5058064ede26c4466bfc91e062c8a83') in 0.000154881 seconds
Start importing Packages/com.unity.ugui/Tests/Editor using Guid(936bea4b2545c4a4fad2e623b0f6371f) (DefaultImporter) -> (artifact id: '75f26d3f4c8aedba3eb80398ab395bd8') in 0.000145526 seconds
Start importing Packages/com.unity.test-framework/UnityEditor.TestRunner/UnityTestProtocol using Guid(936c6340f3468444ebb1785b4c311126) (DefaultImporter) -> (artifact id: '483d26fa6f42e15acd6790bf9c72ba8c') in 0.000144844 seconds
Start importing Packages/com.unity.render-pipelines.universal/Editor/2D using Guid(b3fb8b56aca55544ca9b8d53bc19e031) (DefaultImporter) -> (artifact id: 'f13e7f5b099b5adb2088dc40a1b3bd14') in 0.000140723 seconds
Start importing Packages/com.unity.mathematics/Unity.Mathematics/Properties using Guid(d3e017d9ad3f00a4c9e234b0236911b7) (DefaultImporter) -> (artifact id: 'b01fd5d2b1f671ec0cf32c26fb4e248e') in 0.000146636 seconds
Start importing Packages/com.unity.scriptablebuildpipeline/Editor/Tasks using Guid(d3f1cef9a16d4a21826a13742ee5ea01) (DefaultImporter) -> (artifact id: 'e487b15b9dc85b3818961a4a1767004f') in 0.000151427 seconds
Start importing Packages/com.unity.render-pipelines.universal-config/Tests/Editor using Guid(e3c6a2f8ffe72de4bb4f45bbe266aff8) (DefaultImporter) -> (artifact id: 'eab632cf043eb9ea3084bc94d8596616') in 0.000146085 seconds
Start importing Packages/com.unity.inputsystem/Tests/TestFixture using Guid(e349610bc4b1546dd94c6dab37414d2b) (DefaultImporter) -> (artifact id: 'a460582bae2687b0603f24734715cfc5') in 0.000138118 seconds
Start importing Packages/com.unity.render-pipelines.universal/Shaders/XR using Guid(e3ddeb98d5e10214c9be71d26faa6a3d) (DefaultImporter) -> (artifact id: '51fe14c1f4edc68fbb1b3c9b8e1a0045') in 0.000146922 seconds
Start importing Packages/com.unity.render-pipelines.core/Runtime/RenderPipelineResources using Guid(04761276653403a4eabf75af352fea54) (DefaultImporter) -> (artifact id: '13e22077a3c65e9b1f212a9bbb19acc9') in 0.000145923 seconds
Start importing Packages/com.unity.render-pipelines.core/ShaderLibrary/Sampling using Guid(14115a7568c4882499f59039a0585e3b) (DefaultImporter) -> (artifact id: '929c43f7605fef7204381429549df66c') in 0.00014332 seconds
Start importing Packages/com.unity.nuget.newtonsoft-json/Runtime/AOT using Guid(14f21d7a1e53a8c4e87b25526a7eb63c) (DefaultImporter) -> (artifact id: '11b65be1037953c6858c3c8ca391f751') in 0.000149337 seconds
Start importing Packages/com.unity.render-pipelines.core/Runtime/Utilities using Guid(143a724c7d97a19439bac5e37bfbba35) (DefaultImporter) -> (artifact id: 'c3d0357b8d8d45185084b70af49151d2') in 0.00014981 seconds
Start importing Packages/com.unity.render-pipelines.universal/Tests/Runtime using Guid(144dd1c434d67bc40adbcae6c42e6e6c) (DefaultImporter) -> (artifact id: '6b5a726ae312f096b20c5f066d4f7ee8') in 0.000143398 seconds
Start importing Packages/com.unity.scriptablebuildpipeline/Editor/Profiler using Guid(24de8307d973e7541803ec7b592a5361) (DefaultImporter) -> (artifact id: 'a410f5116c0d282b71a49ac3b2a2ee4f') in 0.000140172 seconds
Start importing Packages/com.unity.searcher/Tests/Editor using Guid(34555e4b3f5c96648900053f19531c68) (DefaultImporter) -> (artifact id: '8b036b715cecc5dcafae477fc66b9e4c') in 0.000137183 seconds
Start importing Packages/com.unity.render-pipelines.universal/Editor/VFXGraph using Guid(44a46d70e436db941b2b861eaebed089) (DefaultImporter) -> (artifact id: '92dfaa43f5042775707ca3ad657d7ca2') in 0.000147445 seconds
Start importing Packages/com.unity.addressables/Runtime/ResourceManager using Guid(6468a66b467b3f440929865a8ad85665) (DefaultImporter) -> (artifact id: 'e105892f62f0526a7d853f8ed0ba57e3') in 0.000143238 seconds
Start importing Packages/com.unity.shadergraph/Editor/Resources using Guid(64c9c5df0004c44f0896e816c69c7aa1) (DefaultImporter) -> (artifact id: 'e8af06982c7c66e9403baf3ad48e9d19') in 0.000139156 seconds
Start importing Packages/com.unity.render-pipelines.core/Editor/STP using Guid(645a313df7299734ea75e87c37e6addb) (DefaultImporter) -> (artifact id: 'b40905f63465408f48e481c384cc2daa') in 0.000140977 seconds
Start importing Packages/com.unity.render-pipelines.universal/Tests/Editor using Guid(64cd425d88561ea488dfaf36cceaac01) (DefaultImporter) -> (artifact id: 'bf7614af4279cbf808c4213ea914b9cd') in 0.000147576 seconds
Start importing Packages/com.unity.mathematics/Tests/Properties using Guid(749a3b666b115be46b00490e7232fb1b) (DefaultImporter) -> (artifact id: '09da078a34e113d21562f7936e5f2473') in 0.000140867 seconds
Start importing Packages/com.unity.shadergraph/Tests/Editor using Guid(8453a00e344fd7e408223e92fc924cc2) (DefaultImporter) -> (artifact id: '052966781480ac10fb68eaad3af58ef1') in 0.000146685 seconds
Start importing Packages/com.unity.addressables/Runtime/ResourceProviders using Guid(849c79b81fe9b7d4dafd66c2b0335be7) (DefaultImporter) -> (artifact id: '28cc135b4e24e4819b8598563836891c') in 0.000137913 seconds
Start importing Packages/com.unity.test-framework/UnityEditor.TestRunner/CommandLineTest using Guid(b477d1f29b65a674e9d5cdab4eb72b01) (DefaultImporter) -> (artifact id: 'd7abe359a1b05afd93dcd5b5d76cf33e') in 0.000148253 seconds
Start importing Packages/com.unity.burst/Runtime/Editor using Guid(c433e85ffb033bc99961d95aba84d010) (DefaultImporter) -> (artifact id: '5eb0c2ed7bac43c0b79310451cd8e81e') in 0.000142849 seconds
Start importing Packages/com.unity.shadergraph/Editor/Serialization using Guid(c495761f69a84f0fba9c9bd2b9cbdf86) (DefaultImporter) -> (artifact id: '9526714e877b7551b243bb717b662a34') in 0.000139421 seconds
Start importing Packages/com.unity.shadergraph/Editor/Util using Guid(e45006b8ac3b76f4aa0df05ea8514cbe) (DefaultImporter) -> (artifact id: 'cbd62b08dd41dc0e33b4c10d1c54abbc') in 0.000235389 seconds
Start importing Packages/com.unity.addressables/Editor/Build using Guid(e449fe7932420f940adb4c9b75596bd2) (DefaultImporter) -> (artifact id: '75f687757997a227618ae3c22b03b0ae') in 0.000149787 seconds
Start importing Packages/com.unity.render-pipelines.universal/Runtime/XR using Guid(0550ca8fecc5a38488e598126238413d) (DefaultImporter) -> (artifact id: '0929fa18d1855143a9ff6aa9455507ae') in 0.000217178 seconds
Start importing Packages/com.unity.collections/Unity.Collections.Tests/Jobs using Guid(15816ede41b819e439cb53115efc62b0) (DefaultImporter) -> (artifact id: '1a08485c28cefb119264fdd980af9c78') in 0.000161373 seconds
Start importing Packages/com.unity.shadergraph/GraphTemplates/Cross Pipeline using Guid(15b418f3a4e2a7f40ac71211fd58d4ec) (DefaultImporter) -> (artifact id: 'b8e0aad76e7d69a421400bce20a5a073') in 0.000152352 seconds
Start importing Packages/com.unity.render-pipelines.universal/Textures/FilmGrain using Guid(35e7db2dee6acee439714675bb2193f9) (DefaultImporter) -> (artifact id: '3f88fa4c5b15bdff5975704c71b5d152') in 0.000148284 seconds
Start importing Packages/com.unity.render-pipelines.core/Runtime/ShaderGenerator using Guid(4545c8d908390cb4da76ded2ad888b12) (DefaultImporter) -> (artifact id: '6246639d9b65e4bc309465d9ed472b08') in 0.000144593 seconds
Start importing Packages/com.unity.nuget.mono-cecil/Tests/Editor using Guid(45ad7246e4741472187b3dbd3cfff518) (DefaultImporter) -> (artifact id: '801dfbd8c224532ed73112e7c1e41051') in 0.000150099 seconds
Start importing Packages/com.unity.scriptablebuildpipeline/Runtime/Shared using Guid(5585298bf0833b040b458ff94f911fd9) (DefaultImporter) -> (artifact id: 'c22f6c127029ae606b941d76f7e09a96') in 0.000145445 seconds
Start importing Packages/com.unity.inputsystem/Tests/IntegrationTests using Guid(857f018a2ed885449804cf82b4fec116) (DefaultImporter) -> (artifact id: '487a34d5fd52cd00f4c4f82fbed92400') in 0.000139686 seconds
Start importing Packages/com.unity.test-framework/UnityEditor.TestRunner/TestSettings using Guid(95b719082a664ea45bb56759eed1f271) (DefaultImporter) -> (artifact id: '4d0b04fada6b6a6a34a84bcd27e10c97') in 0.00014833 seconds
Start importing Packages/com.unity.cloud.gltfast/Editor/Scripts using Guid(a5c3b59db843444be9a563ee216701ce) (DefaultImporter) -> (artifact id: '0fa0559958276e6f367d799fc0e4f0a1') in 0.000144787 seconds
Start importing Packages/com.unity.addressables/Runtime/Initialization using Guid(b571e819498e94243aaab6be45486255) (DefaultImporter) -> (artifact id: 'ae6847613e1eedfb7139e2a2442a78e5') in 0.000142789 seconds
Start importing Packages/com.unity.ugui/Tests/Runtime using Guid(c545241cf2e56ec4997d7677f01ef43d) (DefaultImporter) -> (artifact id: '88e2b3e1f7bbb56cb1f91f83f053765b') in 0.000141024 seconds
Start importing Packages/com.unity.ugui/Editor/Analytics using Guid(c52726d811a9f66459355df6b0c3977b) (DefaultImporter) -> (artifact id: '4154f772d9b7cf6fccdb594f4e326893') in 0.000137801 seconds
Start importing Packages/com.unity.addressables/Editor/BuildReportVisualizer using Guid(c50baa6dc4a739842acba729ee9998a5) (DefaultImporter) -> (artifact id: '0b12e354c42fcfbd39c3a02ad8af012a') in 0.000147019 seconds
Start importing Packages/com.unity.render-pipelines.core/Runtime/GPUDriven using Guid(c54d18b06b9c0f64db431a9751e89877) (DefaultImporter) -> (artifact id: 'a1f5951fcafc929eebff96d43263e772') in 0.000147077 seconds
Start importing Packages/com.unity.burst/Runtime/CompilerServices using Guid(d549366794d73f618193482d7f40ae75) (DefaultImporter) -> (artifact id: '464ae15b57cadd431d480396f133d94a') in 0.000139612 seconds
Start importing Packages/com.unity.render-pipelines.core/ShaderLibrary/Shadow using Guid(d52d6e1ad3dca474ebd73d054d17fb2e) (DefaultImporter) -> (artifact id: '3acced90f34cc2dc6004f5ab63ea103b') in 0.000141306 seconds
Start importing Packages/com.unity.render-pipelines.core/Editor/Analytics using Guid(d51fac0e1a1a7074ab4397427e551ea5) (DefaultImporter) -> (artifact id: '94895059012818e74f236ed5a5869bc8') in 0.000146004 seconds
Start importing Packages/com.unity.render-pipelines.universal/Runtime/Data using Guid(d59f1663563e245fabce035da7cecd75) (DefaultImporter) -> (artifact id: '3ec27e02d64b7de4e93a6ca1fc5f258f') in 0.000141539 seconds
Start importing Packages/com.unity.scriptablebuildpipeline/Editor/Interfaces using Guid(e501e91b337adda41bd6c22cf8cae83e) (DefaultImporter) -> (artifact id: '36143ecc005d0baac58f6455273c9e4d') in 0.000146652 seconds
Start importing Packages/com.unity.shadergraph/Editor/Generation using Guid(e51156e26e632ae4faebae701a3bff82) (DefaultImporter) -> (artifact id: '34bdca27e9d0d24b89427f99e2300b13') in 0.000140023 seconds
Start importing Packages/com.unity.render-pipelines.core/Editor/Resources using Guid(e528aa751bf6fe44398a1f70eaac287c) (DefaultImporter) -> (artifact id: '73b67bafb434752125980f8cb7ea3a61') in 0.000140533 seconds
Start importing Assets/StreamingAssets/Art/Furniture2 using Guid(e5686760cbd2508c994ee61c3e0fe6ba) (DefaultImporter) -> (artifact id: 'c4aa954fd5b3648abbb2ef115cd897b0') in 0.000273091 seconds
Start importing Packages/com.unity.render-pipelines.core/Runtime/Common using Guid(e58bd4f13d26cde488393d3a2e9bf9cd) (DefaultImporter) -> (artifact id: '906e170ac82ef94cd5d669f66cbfd953') in 0.000174238 seconds
Start importing Packages/com.unity.render-pipelines.core/Editor/CustomRenderTexture using Guid(f5415ef8821c020469ee7e810da8b3ff) (DefaultImporter) -> (artifact id: '87e31899cf21e0df324967007ab7dfec') in 0.000159649 seconds
Start importing Packages/com.unity.render-pipelines.universal/Editor/Gizmos using Guid(f5e37a0064cfb07429ae6ca5b82debc2) (DefaultImporter) -> (artifact id: '94ba2c3f1a879dd5c35d5e9a9d88879f') in 0.000153594 seconds
Start importing Packages/com.unity.shadergraph/Editor/Data using Guid(f56929b05da66c942ad2e3fe376346fa) (DefaultImporter) -> (artifact id: '2734f35c57be9c456f4e50c2c2902fbb') in 0.000148279 seconds
Start importing Packages/com.unity.shadergraph/Editor/Extensions using Guid(f57abe45f65794ead8ea70a427e17eb7) (DefaultImporter) -> (artifact id: 'e8093d8c33a7f145411a30993d8fa7e4') in 0.000141666 seconds
Start importing Packages/com.unity.render-pipelines.universal/Editor/DefaultScene using Guid(0660d0bf211d87048b02c8eca725dee2) (DefaultImporter) -> (artifact id: '42474b480308485b24a60a64c652077f') in 0.000150296 seconds
Start importing Packages/com.unity.addressables/Editor/Settings using Guid(06515ccb4c8b3e446bcf0d6fce5e9cd1) (DefaultImporter) -> (artifact id: '614dace61caa46a90995f1eb78b3de99') in 0.000151211 seconds
Start importing Packages/com.unity.scriptablebuildpipeline/Editor/WriteTypes using Guid(560595c1147a03c47af5bcc7410963c0) (DefaultImporter) -> (artifact id: 'a7d0097a99dd94aebff86bce1b4b087b') in 0.000143332 seconds
Start importing Assets/StreamingAssets/Art/Exterior using Guid(566d581cb0c209cf492610ad259f71b3) (DefaultImporter) -> (artifact id: '4cf1df08e4a441c40c5345b7ac88043b') in 0.000264032 seconds
Start importing Packages/com.unity.test-framework/UnityEditor.TestRunner/CommandLineParser using Guid(7602252bdb82b8d45ae3483c3a00d3e1) (DefaultImporter) -> (artifact id: '7f4042be8b266d41f83337d8fd3e2897') in 0.000169021 seconds
Start importing Packages/com.unity.render-pipelines.core/Editor/ScriptTemplates using Guid(863f1a3fb862346d7a3344bcb3024f1b) (DefaultImporter) -> (artifact id: '84d146d14a25428129291aaaaa02bba3') in 0.000163555 seconds
Start importing Packages/com.unity.render-pipelines.universal/Editor/Decal using Guid(9637be18b7c929f40911e6e4371a8218) (DefaultImporter) -> (artifact id: '899266810718809210502d121968c7d9') in 0.000153241 seconds
Start importing Packages/com.unity.inputsystem/InputSystem/State using Guid(a6724a4cbf5d47a2b01ca5fe41036ddd) (DefaultImporter) -> (artifact id: '44364b26e405538b32f96652578d241d') in 0.000142786 seconds
Start importing Packages/com.unity.render-pipelines.universal/ShaderLibrary/LightCookie using Guid(a648b46fb6b4749f589f22d9ef6e441a) (DefaultImporter) -> (artifact id: '3f8a7d4751f33d64db7c69b5854ce206') in 0.000147584 seconds
Start importing Packages/com.unity.test-framework.performance/Editor/UIElements using Guid(b6a3ada20a8c4030907eb96c0cb331bc) (DefaultImporter) -> (artifact id: 'c46ea75de8e5e013900ef621f2aac268') in 0.000148579 seconds
Start importing Packages/com.unity.scriptablebuildpipeline/Editor/Utilities using Guid(b6a4a5214fe67cf46ab0e4e1770ef275) (DefaultImporter) -> (artifact id: 'f16cdf3294200304ea9c1d007e774a70') in 0.000152433 seconds
Start importing Packages/com.unity.render-pipelines.core/Runtime/Sampling using Guid(b6ee28fd674c77340a2b3b8f7a32e0da) (DefaultImporter) -> (artifact id: '9ea33f3c0c8b876805aea0b78fd8cb8b') in 0.000143868 seconds
Start importing Packages/com.unity.test-framework/UnityEditor.TestRunner/TestLaunchers using Guid(d64d92e4f04a13e4b99ea8d48e9e8ae9) (DefaultImporter) -> (artifact id: '3292843884b5f7b4874453a902cfa1e0') in 0.000146277 seconds
Start importing Packages/com.unity.render-pipelines.universal/Shaders/2D using Guid(e674d0c2643d94245b5da6cc11dfe0ec) (DefaultImporter) -> (artifact id: 'e2a3c458848601ac6d02b2d5975b7d6f') in 0.000143128 seconds
Start importing Packages/com.unity.render-pipelines.universal/Editor/Converter using Guid(e61c6cfe2da40854885b4e4d96829a88) (DefaultImporter) -> (artifact id: 'a099443ba6ad04ff08885f9ced396c00') in 0.000137165 seconds
Start importing Packages/com.unity.ai.navigation/Tests/Runtime using Guid(077676819252b4349a7677a483a0a8f4) (DefaultImporter) -> (artifact id: 'e8bad06de5cde9ef5960cb41e6af6758') in 0.000139803 seconds
Start importing Packages/com.unity.ai.navigation/Tests/Editor using Guid(276ab4071255d9f49931e6a8373248e1) (DefaultImporter) -> (artifact id: 'a23c4fe80deba16c509d4e02beb183e0') in 0.000156147 seconds
Start importing Packages/com.unity.render-pipelines.core/Tests/Editor using Guid(278a7d565ddb1e840ac57ad1bb121e56) (DefaultImporter) -> (artifact id: '63cb56d0490d0b0be5b19753a6993a23') in 0.000143683 seconds
Start importing Packages/com.unity.ugui/Editor/UGUI using Guid(278b6073a5bdd4362acd72ca43ff9e0d) (DefaultImporter) -> (artifact id: 'abf9fbf9f7c10d2af702b2e8085d3ed6') in 0.000139567 seconds
Start importing Packages/com.unity.test-framework/UnityEditor.TestRunner/TestRun using Guid(8721cb2237d4a564a94a51f56243bdac) (DefaultImporter) -> (artifact id: '878b6064979e1990108a77cb392d64d1') in 0.000143212 seconds
Start importing Packages/com.unity.render-pipelines.universal/Shaders/PostProcessing using Guid(a7a16c0caf8b8a84592e5c6591db2513) (DefaultImporter) -> (artifact id: '42125684f84245f885c0e84a3f6e0756') in 0.000151201 seconds
Start importing Packages/com.unity.render-pipelines.core/Editor/ShaderGenerator using Guid(a7ecca2f74946b44494f07937e31b793) (DefaultImporter) -> (artifact id: '05395b83c27884a1d28bd45f0c431a89') in 0.000149692 seconds
Start importing Packages/com.unity.scriptablebuildpipeline/Tests/Editor using Guid(d759189bc3e47411985027b7cb98f986) (DefaultImporter) -> (artifact id: '99f5580a3a4ccb46bf61fb11fbe2eeb0') in 0.000140889 seconds
Start importing Packages/com.unity.collections/Unity.Collections/Jobs using Guid(f778b3b3948af5542847d94f90157bd6) (DefaultImporter) -> (artifact id: '1e680dfe29ba0556259bdc36ca1fb87d') in 0.000137085 seconds
Start importing Packages/com.unity.shadergraph/Editor/Interface using Guid(f7cd1e478bcba4d0f9570597921367a0) (DefaultImporter) -> (artifact id: '15a417b5ad1117392ec083fa0debf3ad') in 0.000145175 seconds
Start importing Packages/com.unity.test-framework.performance/Runtime/Statistics using Guid(18966f2a7fc5d4073a425a1a3d564494) (DefaultImporter) -> (artifact id: '27acf056631915be7ed5699c314826ed') in 0.000143577 seconds
Start importing Packages/com.unity.ugui/Runtime/UGUI using Guid(1817d28a5343b4ec19b4ec7903730e2c) (DefaultImporter) -> (artifact id: 'd27c003f26a5bcc4ae0be188e216ff3a') in 0.000139219 seconds
Start importing Packages/com.unity.render-pipelines.core/Runtime/RenderPipeline using Guid(18ccf971905222545a09cfda33385c7c) (DefaultImporter) -> (artifact id: '2e3657b1339ea0913357ddceff965c1c') in 0.000139563 seconds
Start importing Packages/com.unity.ai.navigation/Tests/VerifyEditorInPlaymode using Guid(48fe869bd7a418849ba6d20ca02072c7) (DefaultImporter) -> (artifact id: 'bcdc3d69dd8e912b25535d039f4cdfef') in 0.000137947 seconds
Start importing Packages/com.unity.render-pipelines.core/Runtime/Debugging using Guid(58a02e8711d94134393b2a8ac22b96ca) (DefaultImporter) -> (artifact id: '29d3e4bab3e49d7d8be4ad30a3e222f8') in 0.000147422 seconds
Start importing Packages/com.unity.render-pipelines.universal/Editor/Settings using Guid(88ecf69fcba30494db90ac4b8ef6bdcd) (DefaultImporter) -> (artifact id: 'aebb20d30736a7499be6dc03186e61bb') in 0.000144694 seconds
Start importing Packages/com.unity.render-pipelines.core/Editor/Tools using Guid(983c27c4e607ff143aea413ddb18548f) (DefaultImporter) -> (artifact id: '3cf0b39c7d64dd3403c8e03a8e6df482') in 0.000138168 seconds
Start importing Packages/com.unity.render-pipelines.universal/Editor/Volume using Guid(a8fcc623db3029743a32fbab14c8dcbf) (DefaultImporter) -> (artifact id: '219c452a30f229e4b2dcc730c5d09ef6') in 0.000153678 seconds
Start importing Packages/com.unity.scriptablebuildpipeline/Tests/Runtime using Guid(b8bbf1ba7b840684694954b3680a4b91) (DefaultImporter) -> (artifact id: '1e9de65b3fbb98d305b057dc2a16353a') in 0.000144948 seconds
Start importing Packages/com.unity.render-pipelines.core/Runtime/Lighting using Guid(c804d8f2c0c70d7409c1167fa78284f3) (DefaultImporter) -> (artifact id: 'f03b473f0cdaad644e519a6a71a3869e') in 0.000141548 seconds
Start importing Packages/com.unity.render-pipelines.core/Editor/BuildProcessors using Guid(d846ae44708583940a0e44aa66cff1c9) (DefaultImporter) -> (artifact id: '572b9e88d7d002e50ed03ee8ccda0da4') in 0.000138813 seconds
Start importing Packages/com.unity.render-pipelines.universal/Runtime/RenderPipelineResources using Guid(d86f66a14510ebf4f84c0ffa4837791d) (DefaultImporter) -> (artifact id: 'c57cd0b0084168f3e6f2c8fe0c221b40') in 0.000149671 seconds
Start importing Packages/com.unity.ugui/Editor Resources/Textures using Guid(f8e6a2d47aba4c6c9b3c5a72d9f48da5) (DefaultImporter) -> (artifact id: '41714146c3f223570fca541b52f7c091') in 0.000143615 seconds
Start importing Packages/com.unity.test-framework/UnityEngine.TestRunner/UnityTestProtocol using Guid(19e1940646874613a076c6b01d1f3404) (DefaultImporter) -> (artifact id: 'e62a4d5776733de3dd284c7bda3e08bd') in 0.000143005 seconds
Start importing Packages/com.unity.render-pipelines.core/Editor/Controls using Guid(19a8f70f36adc46b8a4ebd0954643553) (DefaultImporter) -> (artifact id: '6e2b07e649c336143eedbadcedc622cf') in 0.00014275 seconds
Start importing Packages/com.unity.cloud.gltfast/Runtime/Shader using Guid(29a8f534b47794a6baf8eb02b5765f68) (DefaultImporter) -> (artifact id: '2e89e3741d15a871f76dca6e2f23aced') in 0.000147946 seconds
Start importing Packages/com.unity.test-framework.performance/Runtime/Meters using Guid(29eafdd9eaae4d7995048ee61cd0b7d2) (DefaultImporter) -> (artifact id: '2f89c701976b193e80308ee4400360c3') in 0.000144498 seconds
Start importing Packages/com.unity.render-pipelines.universal/Runtime/Tiling using Guid(3965194a1cbe24ce9847254cc9fd0c26) (DefaultImporter) -> (artifact id: '09509915c3d8d60253202dcb404f86bc') in 0.000138934 seconds
Start importing Packages/com.unity.test-framework/UnityEditor.TestRunner/TestRunner using Guid(49d4c2ab7ff0f4442af256bad7c9d57c) (DefaultImporter) -> (artifact id: '2c2a8c762103d2c2092be30ecefdc9a7') in 0.000146814 seconds
Start importing Packages/com.unity.render-pipelines.universal/Runtime/RendererFeatures using Guid(59f4a1dd196fd452b987160cea576038) (DefaultImporter) -> (artifact id: 'fee4354e7f4962a4cdc9d8082496f0d2') in 0.000140936 seconds
Start importing Packages/com.unity.render-pipelines.universal/Shaders/Utils using Guid(593842fd4bfffcc41877fd07df639f3c) (DefaultImporter) -> (artifact id: '9956d0bce239ff6e7b4a6bab527183ce') in 0.00014449 seconds
Start importing Packages/com.unity.render-pipelines.universal/Editor/UniversalRenderPipelineAsset using Guid(69998121730154f4d925490a4548e342) (DefaultImporter) -> (artifact id: 'b541ee4cbe04beafd8a68e756cdd70a6') in 0.000142043 seconds
Start importing Packages/com.unity.addressables/Editor/Diagnostics using Guid(892cf81d30f8a6d47a38990bd18b822e) (DefaultImporter) -> (artifact id: 'a410769314212b1e5f249411ddbfca9e') in 0.000137448 seconds
Start importing Packages/com.unity.render-pipelines.core/Runtime/Textures using Guid(89be4d313c8b0fa4c8d2449dbbbf13f0) (DefaultImporter) -> (artifact id: 'e6202a649ac22bf85ccdeb7315e0c241') in 0.0001388 seconds
Start importing Packages/com.unity.render-pipelines.universal/Editor/RendererFeatures using Guid(99a2417e5e722410f9df44751ab0de8a) (DefaultImporter) -> (artifact id: 'd39bca604158330b99c98a93fcdec984') in 0.000149913 seconds
Start importing Packages/com.unity.inputsystem/InputSystem/Events using Guid(99f4ddb4a8fa4fcfa25917e64bcc6e8c) (DefaultImporter) -> (artifact id: '410c21660553cd05c76de82894883e1d') in 0.000141413 seconds
Start importing Packages/com.unity.cloud.gltfast/Runtime/Prefabs using Guid(a985c7880449d44ba95d87ea7f9b29aa) (DefaultImporter) -> (artifact id: 'c76651dd63e1d36c2409672a844d3770') in 0.000139171 seconds
Start importing Packages/com.unity.render-pipelines.core/Runtime/Camera using Guid(e99921594db38ce4cbb616f0ca87148d) (DefaultImporter) -> (artifact id: 'e6f8ae9e8cff7a49de2a6c610b35f1bb') in 0.000145786 seconds
Start importing Packages/com.unity.ugui/Editor Resources/Gizmos using Guid(e93ec7eb6de342aabd156833e253f838) (DefaultImporter) -> (artifact id: 'e3065312f331f86c187a2c34400b2ab5') in 0.000142685 seconds
Start importing Packages/com.unity.render-pipelines.core/Editor/UnifiedRayTracing using Guid(0ababd4155f586548894b3dc7e2fd321) (DefaultImporter) -> (artifact id: 'f41cb4ec8914d277bc00886dfd882793') in 0.000150235 seconds
Start importing Packages/com.unity.render-pipelines.universal/Runtime/RenderGraph using Guid(1af1ea941365745b49edfb5efd32cf05) (DefaultImporter) -> (artifact id: 'ed83564b77b05c2da81f124b20ca74c1') in 0.00014853 seconds
Start importing Packages/com.unity.test-framework/UnityEngine.TestRunner/Assertions using Guid(1ad55f5ad04d1d045a1f287409c650dd) (DefaultImporter) -> (artifact id: '6bdaa59d84691a380c3ba7c1d8bfa849') in 0.000142762 seconds
Start importing Packages/com.unity.render-pipelines.universal/Textures/2D using Guid(2ae61866cb0cccf4f820e4c006da6c91) (DefaultImporter) -> (artifact id: '4cb87a55242c0f6810fbf3f1e1dadb75') in 0.000139637 seconds
Start importing Packages/com.unity.render-pipelines.core/Runtime/UnifiedRayTracing using Guid(5a08d29969661ca449888ba98a48f214) (DefaultImporter) -> (artifact id: '05240bb2e64c413763a81ddc08629692') in 0.000142382 seconds
Start importing Packages/com.unity.render-pipelines.universal/Shaders/Particles using Guid(7aa17bb9699a0ee4282141a28d9fb8ea) (DefaultImporter) -> (artifact id: 'fab76e225adb639a99c9591a03329285') in 0.000151656 seconds
Start importing Packages/com.unity.render-pipelines.core/Runtime/Lights using Guid(7a8d83d0230a4974a88b7be5ab87c6c3) (DefaultImporter) -> (artifact id: '7f7f67e825649277d30a7a43911e3849') in 0.00014268 seconds
Start importing Packages/com.unity.ai.navigation/EditorResources/Overlay using Guid(aa309129cb54440488d6edd8358f5aec) (DefaultImporter) -> (artifact id: 'dc14845f51ac4d427dfe8b6b64d71932') in 0.000137195 seconds
Start importing Packages/com.unity.ai.navigation/Editor/Updater using Guid(aaa4efef82a9346dba667d74ff3d5075) (DefaultImporter) -> (artifact id: '9a5110d6f215686fe9665b970337c6d7') in 0.000138536 seconds
Start importing Packages/com.unity.inputsystem/InputSystem/Controls using Guid(aa1e768bf3ad4ae8898571a206251472) (DefaultImporter) -> (artifact id: '0f53e935ed35eb7651871b046d255875') in 0.000140564 seconds
Start importing Packages/com.unity.ugui/Runtime/InternalBridge using Guid(bab3a29ab4f214742a44add41efffb7d) (DefaultImporter) -> (artifact id: 'b8ae5a4142d7b3ff7433a144e13442a5') in 0.000139779 seconds
Start importing Packages/com.unity.test-framework/Tests/TestNewCustomAssembly using Guid(ca0e5e7973267894ca8e1dceb2210ee5) (DefaultImporter) -> (artifact id: 'ec9729808b7dd6604b68694c1a94e68b') in 0.00015283 seconds
Start importing Packages/com.unity.shadergraph/GraphTemplates/BuiltIn using Guid(daf0394f2eba458409f27dd213abede2) (DefaultImporter) -> (artifact id: 'b841e0da06b4c9eb67ee495297a4df57') in 0.000142604 seconds
Start importing Packages/com.unity.render-pipelines.core/Runtime/Upscaling using Guid(eaa9f70ff0dbb864181af13946980fad) (DefaultImporter) -> (artifact id: 'a377b49433e8c4be236e2e81bcef4d74') in 0.000142361 seconds
Start importing Packages/com.unity.test-framework/UnityEditor.TestRunner/Api using Guid(fa423365b1ce06a4dbdc6fb4a8597bfa) (DefaultImporter) -> (artifact id: '4f9583793d5edc94661340236f21f4e3') in 0.000145105 seconds
Start importing Packages/com.unity.render-pipelines.core/Runtime/LookDev using Guid(fa0af16f5dba2d8439e1211f262257a8) (DefaultImporter) -> (artifact id: '07e1cbe4c3a6a4fccc3a2e3b9d9b5c25') in 0.000140096 seconds
Start importing Packages/com.unity.searcher/Editor/Searcher using Guid(4b1180a47f4e54c43af13ef6a4a06621) (DefaultImporter) -> (artifact id: 'fe685cb44f7ffc7727ab0862bfe24e2c') in 0.000145981 seconds
Start importing Packages/com.unity.cloud.gltfast/Editor/UI using Guid(5b6f220a7d34a4d23adfcf372466fa46) (DefaultImporter) -> (artifact id: 'a429b0a05484b9f04b240e21b06478cd') in 0.000148073 seconds
Start importing Packages/com.unity.render-pipelines.core/Editor/SampleDependencyImportSystem using Guid(6bdd8b5283cb4f24fbd34738bc35e74c) (DefaultImporter) -> (artifact id: '32c7d9965db4a3eae3dc1543ce086cae') in 0.000148403 seconds
Start importing Packages/com.unity.render-pipelines.core/Runtime/Inputs using Guid(ab163df5559af4efdb19baea5917049c) (DefaultImporter) -> (artifact id: 'b95f962eb4763e9556726fb3a6ee3fef') in 0.000142226 seconds
Start importing Packages/com.unity.mathematics/Unity.Mathematics/Noise using Guid(abc6c021d7cd541b3956a3969c8c3ccb) (DefaultImporter) -> (artifact id: '003a8a6c85eb7df80ed47a48cbdb725f') in 0.00014321 seconds
Start importing Packages/com.unity.inputsystem/InputSystem/Devices using Guid(abbbcd5cf6184b818eaa56c5778a4110) (DefaultImporter) -> (artifact id: '63f82fea0cb527f2577a6f71f9bd3600') in 0.000139192 seconds
Start importing Packages/com.unity.test-framework/UnityEngine.TestRunner/Utils using Guid(bb32bccaf32a6db448d1c0cc99c78688) (DefaultImporter) -> (artifact id: 'b9ac2eaa7c139997734a4cfd1edbf73e') in 0.000147862 seconds
Start importing Packages/com.unity.render-pipelines.universal/Textures/BlueNoise16 using Guid(bbde6b5e0eaaff14c98c49626833992e) (DefaultImporter) -> (artifact id: 'fb7ad4257c7e133e1a18eb24c4185783') in 0.000151223 seconds
Start importing Packages/com.unity.render-pipelines.universal/Runtime/Memory using Guid(db16a3790436426e8ea186e7918ea4cc) (DefaultImporter) -> (artifact id: 'f72630475be8d2cd3c36a741dc1bd399') in 0.000148089 seconds
Start importing Packages/com.unity.render-pipelines.core/Editor/Material using Guid(eb290baa39b761244b157cbd10673e0c) (DefaultImporter) -> (artifact id: 'f652417ca71921ad1316874d21cdeb4e') in 0.000142898 seconds
Start importing Packages/com.unity.addressables/Runtime/Utility using Guid(1c2a5303f46dbdc449288a5ca3566942) (DefaultImporter) -> (artifact id: '0cbf3f719158bbf594bf9c8faffb82ae') in 0.000136979 seconds
Start importing Packages/com.unity.render-pipelines.universal/Editor/ScriptTemplates using Guid(3c76ead915a5d4c3190e62adcb063092) (DefaultImporter) -> (artifact id: '002663f192f9e028b939713967199a6d') in 0.000157986 seconds
Start importing Packages/com.unity.shadergraph/ShaderGraphLibrary/Nature using Guid(4cc7da0ede79c9248a9e2e96a546813d) (DefaultImporter) -> (artifact id: '2f4bfb4d2b150f22df2807ad380ea85a') in 0.000146395 seconds
Start importing Packages/com.unity.render-pipelines.universal/Shaders/Nature using Guid(4cbffddcbed277c40a97feee7c42e857) (DefaultImporter) -> (artifact id: '4703b0663c9acb01d588b4ca883531fa') in 0.000143348 seconds
Start importing Packages/com.unity.addressables/Editor/Icons using Guid(6c01fbe0a29ffc54fa5adeef1d9c2c24) (DefaultImporter) -> (artifact id: 'b95f027afd5dca8103586be012904bbe') in 0.000138553 seconds
Start importing Packages/com.unity.render-pipelines.universal/Runtime/FrameData using Guid(6c79cfa3e6744da6a1beee27a0d73155) (DefaultImporter) -> (artifact id: '7175d1eb794d80e149d8556c5f3eaa52') in 0.000145273 seconds
Start importing Packages/com.unity.render-pipelines.core/Runtime/XR using Guid(8c62d11ee7af4f54abf48d79f70aee4d) (DefaultImporter) -> (artifact id: 'e09ee925a7251ef36a4c3981773f8b22') in 0.000144708 seconds
Start importing Assets/StreamingAssets/Art/Products using Guid(8c2c2c17977b6df838903adc6a029f07) (DefaultImporter) -> (artifact id: 'ae45d08eb296f655c79c56dd8bc39d3f') in 0.000273402 seconds
Start importing Assets/StreamingAssets/Art/Hair using Guid(9cf0beff530c1726e87d5368d03b2700) (DefaultImporter) -> (artifact id: '0f78d8f57a64c3a17d5357b601c15353') in 0.000257182 seconds
Start importing Packages/com.unity.inputsystem/InputSystem/Plugins using Guid(bcb3dcdfe51084a038a04105cfbc70aa) (DefaultImporter) -> (artifact id: '2e4fff624270ca30926f8bf272ac9a95') in 0.000157537 seconds
Start importing Packages/com.unity.render-pipelines.core/Editor/Gizmo using Guid(bce47e7c42ffde449812bbbf027555d7) (DefaultImporter) -> (artifact id: '5d944becefc2ccab1914dbfc8c341859') in 0.000153825 seconds
Start importing Packages/com.unity.render-pipelines.universal/Runtime/VFXGraph using Guid(bc46ee9abc42d1e4ca5b5c7c8af9ebed) (DefaultImporter) -> (artifact id: '258602c17a37b680a34637da0ba44c12') in 0.000157319 seconds
Start importing Packages/com.unity.mathematics/Tests/Tests using Guid(bccfda2dc5ad3b84eb3a644147ea0010) (DefaultImporter) -> (artifact id: '8cce2a408292c161b8aead17cb931b57') in 0.000148012 seconds
Start importing Packages/com.unity.render-pipelines.core/Runtime/Vrs using Guid(cc1099d95a4ee3849a01da5826056b1f) (DefaultImporter) -> (artifact id: '43826746c09a0aee556fbdd1bc31c356') in 0.000144223 seconds
Start importing Packages/com.unity.render-pipelines.core/Editor/Debugging using Guid(dca094a63ee8e4df7b043d29c2c100e4) (DefaultImporter) -> (artifact id: '8b9b7b4a58b630055d4b53b82e2c647c') in 0.000140773 seconds
Start importing Packages/com.unity.render-pipelines.core/Editor/StyleSheets using Guid(fcf236256e326ca478a79ea0558da45d) (DefaultImporter) -> (artifact id: 'c88b02a36877102c5235dc97381b2f5a') in 0.000140367 seconds
Start importing Packages/com.unity.render-pipelines.universal/Editor/Terrain using Guid(fc44513cb116d68479a07038666952cc) (DefaultImporter) -> (artifact id: '43d3522999fc18bb7baca6240d5d2e46') in 0.00015465 seconds
Start importing Packages/com.unity.render-pipelines.universal/Textures/BlueNoise256 using Guid(0da884cc73355482f99f2f3bf86511e5) (DefaultImporter) -> (artifact id: 'b6378910f5f22f69cba0e48e84ecbaa0') in 0.000148233 seconds
Start importing Packages/com.unity.test-framework/UnityEngine.TestRunner/TestRunner using Guid(1ddb9e1c877ea80479d1eab4ddaa5d0d) (DefaultImporter) -> (artifact id: '6a7e2bf038898dc9a9d8427c931ca44c') in 0.000143784 seconds
Start importing Packages/com.unity.render-pipelines.universal/Runtime/Overrides using Guid(1d7cd03b402219345ac6dedb815bfdeb) (DefaultImporter) -> (artifact id: 'dd04238ea4dbd25ee1e5d4628d69d491') in 0.000138894 seconds
Start importing Packages/com.unity.ugui/Editor Resources/Shaders using Guid(2da27f5fe80a3a549ac7331d9f52f5f0) (DefaultImporter) -> (artifact id: '8ba95b6473bead211c52ddc79ac818a9') in 0.00014898 seconds
Start importing Assets/StreamingAssets/Art/StoreDisplays using Guid(2d944318dbb96663fbd85ca78d6b80eb) (DefaultImporter) -> (artifact id: '7ad905945c9ca75e059a1510c22a963d') in 0.000269638 seconds
Start importing Packages/com.unity.render-pipelines.core/Editor/LookDev using Guid(2d4bb8a5c15072e4baaabe7e161d42b6) (DefaultImporter) -> (artifact id: 'fc119023d6b9b9b251664ef633e2c2eb') in 0.000162384 seconds
Start importing Packages/com.unity.render-pipelines.core/Runtime/Stripping using Guid(3d8692e58294538438ee83cf7fcd08c1) (DefaultImporter) -> (artifact id: '51223f517673659fb34a718e1eb844a8') in 0.000149794 seconds
Start importing Packages/com.unity.shadergraph/Editor/AssetCallbacks using Guid(4d0b60652dca71b49a137663137e38ea) (DefaultImporter) -> (artifact id: '2df397367178a902c0d177926a354354') in 0.000146398 seconds
Start importing Packages/com.unity.render-pipelines.core/Runtime/STP using Guid(5d86e2182c6227d4e924cc530d4ffc62) (DefaultImporter) -> (artifact id: 'c9b90ea02a5b5e1f6ed4cba7fe0d7bd0') in 0.000142809 seconds
Start importing Packages/com.unity.render-pipelines.universal/Editor/Overrides using Guid(ad2bd79f2c9e81640b75c0a7edbe7970) (DefaultImporter) -> (artifact id: '9f79a2c0733b3ecbb5e9218c420ce8ca') in 0.000150093 seconds
Start importing Assets/StreamingAssets/Art/Farm using Guid(cdfd52d91c691b073ae1d782e54367c0) (DefaultImporter) -> (artifact id: '0272c5e4071a33ca54bca61f9d83aff7') in 0.000259678 seconds
Start importing Packages/com.unity.addressables/Tests/Editor using Guid(1e5d24b68e180f14bb0e8fb153332817) (DefaultImporter) -> (artifact id: '683381bc29c0588f1583936cd363a199') in 0.000164696 seconds
Start importing Packages/com.unity.test-framework/UnityEngine.TestRunner/NUnitExtensions using Guid(3e8d6af343b383544ba5743d119f4062) (DefaultImporter) -> (artifact id: '3f6e2ec14976a9de8c44a24fd5a1df3a') in 0.000157453 seconds
Start importing Packages/com.unity.test-framework/UnityEditor.TestRunner/GUI using Guid(7e609b27ad2caa14c83dd9951b6c13c6) (DefaultImporter) -> (artifact id: '112f12c0c6681ccaea11688622ebb526') in 0.000159373 seconds
Start importing Packages/com.unity.render-pipelines.core/Runtime/PostProcessing using Guid(9e73364bb6949f24d93418df2ba0c1b1) (DefaultImporter) -> (artifact id: '218efc2a8ca480b0628b5c2f137755d4') in 0.000147223 seconds
Start importing Assets/StreamingAssets/Art/Hats using Guid(9ea908c5aab53aca1acd05b719257c01) (DefaultImporter) -> (artifact id: '08084bf9cdb01f04fbe950e878999e31') in 0.000257171 seconds
Start importing Packages/com.unity.render-pipelines.universal/Editor/ShaderGraph using Guid(ae1e56b12b01f3b4d9c9bb9d7154d97f) (DefaultImporter) -> (artifact id: '9942a48caef877124beabb6276af027e') in 0.000157898 seconds
Start importing Packages/com.unity.inputsystem/InputSystem/Editor using Guid(ee6ce8b9ba0db4146b0b12d5985933bf) (DefaultImporter) -> (artifact id: 'a112b1728da4e90faa8d8e6dd7e5332f') in 0.00015451 seconds
Start importing Packages/com.unity.render-pipelines.core/Editor/Utilities using Guid(0fadbd5093ea0234aa59965fd9d77815) (DefaultImporter) -> (artifact id: '1016261bfec7ba859a66a69278ea8321') in 0.000151811 seconds
Start importing Packages/com.unity.test-framework/UnityEditor.TestRunner/NUnitExtension using Guid(3f9202a39620f51418046c7754f215f0) (DefaultImporter) -> (artifact id: 'ab112e9ad4c0d836ad3545dea28bc266') in 0.00014702 seconds
Start importing Packages/com.unity.render-pipelines.core/Editor/PostProcessing using Guid(3f1ba847a8ffd4746a56b6b3a2177aed) (DefaultImporter) -> (artifact id: 'ec9ab153623a45a50b89a38f212b15b5') in 0.000143061 seconds
Start importing Packages/com.unity.render-pipelines.universal/Runtime/2D using Guid(5fbe43a4058e69f4ca1ac77ea6e1bda6) (DefaultImporter) -> (artifact id: 'bb668a671a7e851f8585bee4774f7e9f') in 0.00013926 seconds
Start importing Packages/com.unity.render-pipelines.core/Editor/PropertyDrawers using Guid(5f6f204246726d84a87fac671dba9b53) (DefaultImporter) -> (artifact id: 'd12f49137b8dcf717cfffbde4bcdc637') in 0.000141795 seconds
Start importing Packages/com.unity.render-pipelines.universal/Editor/Camera using Guid(6f5387037edf18a478a9701e9ddf3fcc) (DefaultImporter) -> (artifact id: '6da74ea79c077888d1984f04378d2bd5') in 0.000153301 seconds
Start importing Packages/com.unity.render-pipelines.core/ShaderLibrary/API using Guid(6fa64bbd0ffaf8843b041c6e42bb5f82) (DefaultImporter) -> (artifact id: '53387ff39bd29cc125ff4e1a9a4bfbb4') in 0.000144988 seconds
Start importing Packages/com.unity.burst/Runtime/Intrinsics using Guid(6fbd9c5e397237e28650cb957742c782) (DefaultImporter) -> (artifact id: 'dc5081b0ab226f1cc403e8e01bf95e97') in 0.000138071 seconds
Start importing Packages/com.unity.render-pipelines.universal/Runtime/Materials using Guid(7f10efc5458aa44a2928a72c38807544) (DefaultImporter) -> (artifact id: 'c38c4ee848c79accce07d55679ed9d1b') in 0.000137726 seconds
Start importing Packages/com.unity.render-pipelines.universal/Editor/Analytics using Guid(7f30cfcca642c3443b4ccd31e9a872ca) (DefaultImporter) -> (artifact id: '6c58bd62ac60c3e1db89fa62f24ada90') in 0.0001458 seconds
Start importing Packages/com.unity.shadergraph/GraphTemplates/Subgraphs using Guid(7fa316c2b2d37184081f460e04bbdcc5) (DefaultImporter) -> (artifact id: '780c9896e2319ea5c4e2a5a69dcdc8d7') in 0.000145612 seconds
Start importing Packages/com.unity.render-pipelines.universal/Runtime/History using Guid(7fa8531ba890645b5ada88ae8af5f77a) (DefaultImporter) -> (artifact id: '914fea73e53104891659d8a96155b76c') in 0.000142207 seconds
Start importing Packages/com.unity.addressables/Runtime/ResourceLocators using Guid(7fb84c109abae6048a38652a447fb108) (DefaultImporter) -> (artifact id: '8368ee568da2ca1ffd188c4600d62069') in 0.000144929 seconds
Start importing Packages/com.unity.render-pipelines.universal/ShaderLibrary/Debug using Guid(9f4aa226a5594efa99614cb0158c2f59) (DefaultImporter) -> (artifact id: 'f93cb9b399904b4bf4b55009ef66c97b') in 0.000147792 seconds
Start importing Packages/com.unity.render-pipelines.universal/Runtime/Settings using Guid(cf708f4598ecacb4986659e317747510) (DefaultImporter) -> (artifact id: '498938747606615fba4762850c06fe6d') in 0.000141955 seconds
Start importing Packages/com.unity.render-pipelines.universal/Shaders/Terrain using Guid(cf2defa266cfe43e59a7230ff55c6107) (DefaultImporter) -> (artifact id: 'e9c17b40b8f3dbba27d66ff9961f63e4') in 0.000145187 seconds
Start importing Packages/com.unity.render-pipelines.core/Editor/Upscaling using Guid(dfe03cc61c27c974ab28f8691b3f8c0f) (DefaultImporter) -> (artifact id: '090f3aac23b4cdd0b46a0959a8e9d03b') in 0.000146661 seconds
Start importing Packages/com.unity.searcher/Editor/Resources using Guid(efa7753b2a14da748b0e7802b6ac3c5f) (DefaultImporter) -> (artifact id: '678e3e34833ccf4081a93bbc469fef01') in 0.000153986 seconds
Start importing Packages/com.unity.render-pipelines.core/Editor/CommandBuffers using Guid(ef6e93ebaf391ed43a0bdcc1aa77ee74) (DefaultImporter) -> (artifact id: 'c69cbd10c14df4065f15f4619e5bc3b8') in 0.000151777 seconds
Start importing Packages/com.unity.render-pipelines.universal/Editor/Lighting using Guid(ff90f20bb510bed48ba1a9ebbc61ffa4) (DefaultImporter) -> (artifact id: 'ee20c3149f0e707d380aa96107bc7c4b') in 0.000145861 seconds
Start importing Packages/com.unity.render-pipelines.universal/Shaders/AutodeskInteractive using Guid(ffac7c69f2faf9345b5b32ae0580e2e9) (DefaultImporter) -> (artifact id: 'ab649f9792d275d2d2b31f12d46089b2') in 0.000149381 seconds
Start importing Packages/com.unity.shadergraph/Editor/Data/Nodes using Guid(0082d52fe349b94449238a3d0db01df0) (DefaultImporter) -> (artifact id: '09f4a7464d3e25305c65151d08ad4079') in 0.000151218 seconds
Start importing Packages/com.unity.render-pipelines.universal/Editor/SceneTemplates/Indoors using Guid(10b199c2bead9fb42b482877b182e8c2) (DefaultImporter) -> (artifact id: 'a3dbf72ee1440e37b730071a0e3c470a') in 0.000143934 seconds
Start importing Assets/StreamingAssets/Art/Characters/Girl using Guid(105e8278e810de5cd8d4b635a07868ef) (DefaultImporter) -> (artifact id: '1e46d0d1f1ec6d60c0d3bc11dae4bb02') in 0.000260372 seconds
Start importing Packages/com.unity.render-pipelines.universal/Tests/Editor/Tools using Guid(30adb98416985a445bf000ceb696941f) (DefaultImporter) -> (artifact id: 'abf4be17a82d50475ad8f04f5d4bf869') in 0.000171654 seconds
Start importing Packages/com.unity.addressables/Editor/Build/DataBuilders using Guid(5064f4f2812f9e741be2105c6c338f98) (DefaultImporter) -> (artifact id: 'd2b41c1639338e552e79ded6efe16384') in 0.000156415 seconds
Start importing Packages/com.unity.render-pipelines.core/Editor/Tools/MaterialUpgrader using Guid(50a860756cfb850468867cc0b3e55a5a) (DefaultImporter) -> (artifact id: 'de93c0bc3ef9799643b1c9970a0c38bc') in 0.000148454 seconds
Start importing Packages/com.unity.render-pipelines.core/Editor/PostProcessing/LensFlareResource using Guid(60a1717848495ca41888e02864f0f645) (DefaultImporter) -> (artifact id: '2b9f999407d1543164d596e24289e361') in 0.000144676 seconds
Start importing Packages/com.unity.render-pipelines.universal/Editor/ShaderGraph/GraphTemplates using Guid(60b56e270d26a0c4fbc0e33fe32113ae) (DefaultImporter) -> (artifact id: '77ad9231e2a4b232df9410fe55618a7a') in 0.000149101 seconds
Start importing Packages/com.unity.render-pipelines.universal/Runtime/Materials/PhysicalMaterial3DsMax using Guid(6008daaf28fd58349b70105e46e2a92b) (DefaultImporter) -> (artifact id: '62c5f56b50631846a6cb6746093d155c') in 0.000146454 seconds
Start importing Packages/com.unity.shadergraph/Editor/Data/SubGraph using Guid(605eb5c5a280c014fa0952cd022f2579) (DefaultImporter) -> (artifact id: '57a39bbc0b15ad434b819c73f2bf683a') in 0.00015625 seconds
Start importing Packages/com.unity.ai.navigation/Tests/Editor/Inspectors using Guid(8061144b555b4fbbb5226d6e18f4dd50) (DefaultImporter) -> (artifact id: 'bc57e0f35e9dda3d0be650d6c851be84') in 0.000142852 seconds
Start importing Packages/com.unity.shadergraph/Editor/Resources/GraphView using Guid(80f811e405d64564b1c671c9813ea9a9) (DefaultImporter) -> (artifact id: '1b32eed5f524b3c800529a38081db13a') in 0.000140889 seconds
Start importing Packages/com.unity.inputsystem/InputSystem/Editor/ControlPicker using Guid(b01eed8192c9f442b820a7af87ac73f8) (DefaultImporter) -> (artifact id: '30e818eba469def1b0b9900b9523c27c') in 0.00014667 seconds
Start importing Packages/com.unity.render-pipelines.core/Editor/BuildProcessors/ShaderStrippers using Guid(b0efad93b2507274daeaf8cc7306a312) (DefaultImporter) -> (artifact id: '334144efc9e65e03ff0d31cba58ab598') in 0.000142633 seconds
Start importing Packages/com.unity.shadergraph/Editor/Generation/Enumerations using Guid(d0cb1fc17ee65684592babcd1dba61b9) (DefaultImporter) -> (artifact id: 'c61260644ff489c4716223a55a736695') in 0.000146753 seconds
Start importing Packages/com.unity.render-pipelines.core/Runtime/GPUDriven/Debug using Guid(e06600b8901fc6741a0d7f96ca9d7f0f) (DefaultImporter) -> (artifact id: 'cb6f8fa2663131a76ebfb2e6bd128e2f') in 0.000149065 seconds
Start importing Packages/com.unity.render-pipelines.universal/Runtime/2D/Data using Guid(e0c762e8dad9af640925a542761eb35a) (DefaultImporter) -> (artifact id: '96afbf212f4760be75c5f029273aa7fa') in 0.000144707 seconds
Start importing Packages/com.unity.shadergraph/Editor/Generation/Targets using Guid(219feb550e92ac54ebc24e3fd8d5240a) (DefaultImporter) -> (artifact id: 'be0c2b7f5528870c388e6fd11acb19e1') in 0.000142599 seconds
Start importing Packages/com.unity.test-framework/UnityEngine.TestRunner/Utils/AssemblyProvider using Guid(51557afa652635743b264a309f0a5c60) (DefaultImporter) -> (artifact id: '8a639915519a692529fdf384c74138af') in 0.000145607 seconds
Start importing Packages/com.unity.test-framework/UnityEngine.TestRunner/TestRunner/Callbacks using Guid(61e236e8570a95e4eb754fb291e102e0) (DefaultImporter) -> (artifact id: 'd55b575d8e5d473cc2e43dbbdeaeff7c') in 0.00015387 seconds
Start importing Packages/com.unity.addressables/Runtime/ResourceManager/AsyncOperations using Guid(61189accf2e8d427e8a15c5ccd4db00b) (DefaultImporter) -> (artifact id: 'bbd2e86f927e24108a1318710261cb5f') in 0.000146971 seconds
Start importing Packages/com.unity.test-framework/UnityEngine.TestRunner/TestRunner/RemoteHelpers using Guid(91c20d2c22b8b3a4cb6c816bd225591a) (DefaultImporter) -> (artifact id: '30fb2d9dd2eecdb696675b50955e4ebc') in 0.000141769 seconds
Start importing Packages/com.unity.ugui/Tests/Runtime/TMP using Guid(914613548ded44a43a59eb9852503f18) (DefaultImporter) -> (artifact id: '477b4938addb883f7857c7245a542f61') in 0.00014322 seconds
Start importing Packages/com.unity.render-pipelines.universal/Shaders/2D/Include using Guid(b1e0c8a42c5ad194389231f7780e158d) (DefaultImporter) -> (artifact id: '89c2cc3a9170d97be16f5dc5a432e00a') in 0.000148189 seconds
Start importing Packages/com.unity.shadergraph/Editor/Drawing/Controllers using Guid(b1b1a4fb9c392ef49acffada0059f01e) (DefaultImporter) -> (artifact id: '257383b5e5dc8c779b47db3705a91a9f') in 0.000145131 seconds
Start importing Packages/com.unity.inputsystem/InputSystem/Plugins/Users using Guid(b102955bf08484d24b9122abab95b9fc) (DefaultImporter) -> (artifact id: '62900c29e85aa8bd6149d30f634f92b3') in 0.000145572 seconds
Start importing Packages/com.unity.test-framework/UnityEngine.TestRunner/Assertions/LogScope using Guid(b1d8465ba1376b148bdab58965101f47) (DefaultImporter) -> (artifact id: 'aac2509859303379c698e7a61b119125') in 0.000141591 seconds
Start importing Packages/com.unity.inputsystem/InputSystem/Editor/Settings using Guid(c189b798c1d4842fcb189cf619033d39) (DefaultImporter) -> (artifact id: '515feb66cf51621e4b25ea82ba1fe071') in 0.000145729 seconds
Start importing Packages/com.unity.shadergraph/Editor/Resources/UXML using Guid(e14441797a82fb84fb4e43064342bcb5) (DefaultImporter) -> (artifact id: '6aa9ada540b08c68d9480af29db5c0b3') in 0.000143023 seconds
Start importing Packages/com.unity.render-pipelines.core/Runtime/RenderGraph/Compiler using Guid(126062fea1dcb7f478883bc50375b95f) (DefaultImporter) -> (artifact id: '2f703c82238632a6be272734a606f6d6') in 0.000139461 seconds
Start importing Packages/com.unity.ugui/Runtime/UGUI/Properties using Guid(32e2186f4598cff489784aae586f2215) (DefaultImporter) -> (artifact id: 'd945312145ac0c9dd7a3598fc5b82f23') in 0.000152478 seconds
Start importing Packages/com.unity.shadergraph/Editor/Data/Util using Guid(32e29ba6d98ba0140a774b7804b02a28) (DefaultImporter) -> (artifact id: '658cd436f18a377686bcfcd32e6628e8') in 0.000144287 seconds
Start importing Packages/com.unity.render-pipelines.universal/Runtime/VFXGraph/Shaders using Guid(424d16c89244f3e4685b81926e90cb4b) (DefaultImporter) -> (artifact id: 'c8e9829102df3d0c4f35d7825fef057e') in 0.000140901 seconds
Start importing Packages/com.unity.shadergraph/Editor/Generation/Templates using Guid(52f964a4069524b47bd98441cad69cd3) (DefaultImporter) -> (artifact id: '79f623838a4e0705f7f9fe00ae0aab93') in 0.000140118 seconds
Start importing Packages/com.unity.shadergraph/Editor/Data/Legacy using Guid(624f34d4e59649fd80163f3590d97d73) (DefaultImporter) -> (artifact id: '00faf816d1d84ce7ae4abc313474683e') in 0.000145878 seconds
Start importing Packages/com.unity.inputsystem/InputSystem/Editor/PropertyDrawers using Guid(726294051bc6c426e886d72ea4702f21) (DefaultImporter) -> (artifact id: '151856e78c055b71f565b57ee7ebc996') in 0.000143183 seconds
Start importing Packages/com.unity.addressables/Tests/Editor/Fixtures using Guid(7277b88aa10077d4e8b0b5d4c48adede) (DefaultImporter) -> (artifact id: '6321d1be9bea88adea70bef70b6cd656') in 0.000142949 seconds
Start importing Packages/com.unity.render-pipelines.universal/Editor/Settings/PropertyDrawers using Guid(82c1f210baa2e8041bb6347e6278e365) (DefaultImporter) -> (artifact id: 'f1766ef047e3b80e86323208ef5ea930') in 0.000150444 seconds
Start importing Packages/com.unity.cloud.gltfast/Runtime/Shader/SubGraphs using Guid(8298184a0bccb4775bffc0864a0e40a8) (DefaultImporter) -> (artifact id: '0fc127b780c3a134e8bd6a4e32565820') in 0.000140972 seconds
Start importing Packages/com.unity.test-framework/UnityEditor.TestRunner/GUI/TestAssets using Guid(92e3104769da143888a712cdea27d950) (DefaultImporter) -> (artifact id: '1c339984e4f7b537284cfc59f8240800') in 0.000142287 seconds
Start importing Packages/com.unity.inputsystem/InputSystem/Plugins/Switch using Guid(a27b7d2db78661c429e29911c09f8f4c) (DefaultImporter) -> (artifact id: '4291c0fea405671f6bf720ae7d62cbbd') in 0.000140021 seconds
Start importing Packages/com.unity.render-pipelines.universal/Editor/ShaderGUI/ShadingModels using Guid(a22c22fb536604167866c59ce9a780d2) (DefaultImporter) -> (artifact id: '387159ba31b0c72bbc94d7275dc65ead') in 0.000149915 seconds
Start importing Packages/com.unity.shadergraph/Editor/Drawing/Views using Guid(a24ff57a99e64e33b4f88b1e81d84e97) (DefaultImporter) -> (artifact id: 'deabab7b6318a13e2dbf3fe9c9e1dfbc') in 0.000142476 seconds
Start importing Packages/com.unity.render-pipelines.core/Editor/Icons/RenderGraphViewer using Guid(b233366b32d45e8489690036aca26e57) (DefaultImporter) -> (artifact id: '9d00aedfc435d3b1115b473d03eccc99') in 0.00014035 seconds
Start importing Packages/com.unity.render-pipelines.core/Runtime/Debugging/Prefabs using Guid(d2160913896effa4aa65b93012ff3465) (DefaultImporter) -> (artifact id: 'c3b0ccffb771d31fb84ef036d77d638b') in 0.000148002 seconds
Start importing Packages/com.unity.render-pipelines.universal/Editor/ShaderGraph/Targets using Guid(d27a56a5783f89e409983f9a35efe7cc) (DefaultImporter) -> (artifact id: '3f194da53cfdf4271073e4826020d7fb') in 0.000144332 seconds
Start importing Packages/com.unity.inputsystem/InputSystem/Devices/Haptics using Guid(e286fc65ad3d4645b213e71b11e963e4) (DefaultImporter) -> (artifact id: '1e906103bfe75dfdec8e60b4277c2d4a') in 0.000142268 seconds
Start importing Packages/com.unity.render-pipelines.universal/Runtime/RendererFeatures/SurfaceCacheGI using Guid(e25bb11ca8db4cf4c8c43aa44f544dc1) (DefaultImporter) -> (artifact id: '0556e66f2d14819c9ef390f12efc857a') in 0.000140813 seconds
Start importing Packages/com.unity.addressables/Editor/BuildReportVisualizer/Utility using Guid(23523559295aa9e479993322ed51f4b7) (DefaultImporter) -> (artifact id: '8638ca64217f945a99b478e687b3569d') in 0.000136276 seconds
Start importing Packages/com.unity.scriptablebuildpipeline/Tests/Runtime/TestAssets using Guid(43ed56232a7649647a25c24e3047a8dd) (DefaultImporter) -> (artifact id: 'ea3fd8b949eaff9ff07aa94f11177540') in 0.000145793 seconds
Start importing Packages/com.unity.render-pipelines.universal/Editor/2D/Converter using Guid(5361c774211d0234c94d0161651a5407) (DefaultImporter) -> (artifact id: 'f674adef6b7d01fdcdbe74fa6bafcd8e') in 0.000140534 seconds
Start importing Packages/com.unity.render-pipelines.universal/Editor/2D/ShaderGraph using Guid(53926c186e474a85a679dafcc7f45d40) (DefaultImporter) -> (artifact id: 'fa1aaefa6bd589a061439142c61b5901') in 0.000138464 seconds
Start importing Packages/com.unity.ugui/Tests/Runtime/UGUI using Guid(53caebc5909234b4ebe1fcaf3dc913a5) (DefaultImporter) -> (artifact id: '6cea7121aaed435492ec2cc2e4bf06a4') in 0.000150966 seconds
Start importing Packages/com.unity.scriptablebuildpipeline/Editor/Utilities/USerializeTools using Guid(736c37b44570af14e8f8e8e26f0ed941) (DefaultImporter) -> (artifact id: '5aa025e36a4d24d309ed2563c4fa01dd') in 0.000145761 seconds
Start importing Packages/com.unity.inputsystem/InputSystem/Editor/Internal using Guid(8377f8bca2884d3ba3dd053d9b5d06f7) (DefaultImporter) -> (artifact id: 'bd450b8d35f574eb1669278e1ae71f05') in 0.000142647 seconds
Start importing Packages/com.unity.render-pipelines.core/Runtime/Sampling/Textures using Guid(837c8a5059e05e74f8f9b8cbb40c6fa1) (DefaultImporter) -> (artifact id: '3d85acbb874d2d5d58a2b40e13e0f3bc') in 0.000140216 seconds
Start importing Packages/com.unity.shadergraph/Editor/Data/Implementation using Guid(931ad3a4d181270419aa65ff77b3ec16) (DefaultImporter) -> (artifact id: '5262d891a83110d4d3089e4f09bd6d6a') in 0.00014571 seconds
Start importing Packages/com.unity.render-pipelines.core/Tests/Editor/Volumes using Guid(93ab3f290033d9a48b3cce3d26d93f89) (DefaultImporter) -> (artifact id: 'c8a7c921975a88de0e67649b6bdf040a') in 0.000145656 seconds
Start importing Packages/com.unity.inputsystem/InputSystem/Plugins/Steam using Guid(a3e712d7ab2114ca4960246b0d5e6215) (DefaultImporter) -> (artifact id: '4245f6ac265fd648bef2d26dcef0eb00') in 0.000139525 seconds
Start importing Packages/com.unity.test-framework/UnityEditor.TestRunner/TestLaunchers/Helpers using Guid(a3cb89150b8a4060b89a32725a8e267e) (DefaultImporter) -> (artifact id: '1c6550e824ea391f5fd50f57247dd2be') in 0.000151009 seconds
Start importing Packages/com.unity.inputsystem/InputSystem/Devices/Remote using Guid(b3be39d9a3c9496a9a619d6dc185f5f3) (DefaultImporter) -> (artifact id: '98df1ffc957e8cfdea496cfb365f08af') in 0.000145475 seconds
Start importing Packages/com.unity.test-framework/UnityEngine.TestRunner/NUnitExtensions/Filters using Guid(c3de99f9efc582a48995bc8e8c2df418) (DefaultImporter) -> (artifact id: '6a3e6215aa297c9a4e3c7159efb1015c') in 0.000142585 seconds
Start importing Packages/com.unity.addressables/Editor/BuildReportVisualizer/ContentView using Guid(e36c585c3271c814da8d22475e6698d0) (DefaultImporter) -> (artifact id: '2ea03e50507a1f804240042fd7f0611a') in 0.000139836 seconds
Start importing Packages/com.unity.shadergraph/Editor/Data/Graphs using Guid(f329b5b280b7f6f449659f05937ac2f2) (DefaultImporter) -> (artifact id: '7ae39efab1d55fb2a5da36961662dfce') in 0.000153887 seconds
Start importing Packages/com.unity.addressables/Tests/Editor/Build using Guid(142f7d4eae11d5b41a02b71169f6b854) (DefaultImporter) -> (artifact id: 'b3254cf7e35dba1a0f28c6b629ce60b9') in 0.000142397 seconds
Start importing Packages/com.unity.burst/Runtime/Intrinsics/x86 using Guid(3413d06997203e50844bbf4eca32fce8) (DefaultImporter) -> (artifact id: '080781ea9cc8ae422dd286982a3187b7') in 0.000140308 seconds
Start importing Packages/com.unity.render-pipelines.universal/Editor/ShaderGUI/Shaders using Guid(44979452441cd45d5a88ff530647528f) (DefaultImporter) -> (artifact id: '50e8de7cdf2ed3d2df503aebe5d02ec8') in 0.000140391 seconds
Start importing Assets/StreamingAssets/Art/Characters/AdultFemale using Guid(44f8a7ad4d2ce0dfba073ada300dd83d) (DefaultImporter) -> (artifact id: 'db5da976baf55cc20fb965db46457233') in 0.000274266 seconds
Start importing Packages/com.unity.addressables/Tests/Editor/Expected using Guid(5493214f702dd624da5f3724af421133) (DefaultImporter) -> (artifact id: '000e67edceffe5d1d6b3d532a9a017c1') in 0.000166514 seconds
Start importing Packages/com.unity.render-pipelines.universal/Runtime/2D/RendererFeatures using Guid(6410ec30b9d85cf40b53826342e69ac4) (DefaultImporter) -> (artifact id: '9432705dba6b8b4c1176800c10a42fe8') in 0.00016076 seconds
Start importing Packages/com.unity.ugui/Runtime/UGUI/UI using Guid(742654cad2425334696ba6ed4495cfef) (DefaultImporter) -> (artifact id: 'd1046547fc52369f9a3a8f6b662ded51') in 0.000148916 seconds
Start importing Assets/StreamingAssets/Art/Characters/CustomerMale02 using Guid(841290475e99028ba8a0d1a4a006bba7) (DefaultImporter) -> (artifact id: 'c201445a210a53c5911ce69e254729d6') in 0.000260642 seconds
Start importing Packages/com.unity.cloud.gltfast/Runtime/Scripts/DOTS using Guid(84791d3fa602b44d28c49792c1d626cd) (DefaultImporter) -> (artifact id: '51054deee11e98d337f9adf1641d5daf') in 0.000166912 seconds
Start importing Packages/com.unity.inputsystem/InputSystem/Devices/Commands using Guid(84ba8e63f115487ca072084bbebf0e55) (DefaultImporter) -> (artifact id: 'f07b113e01bd786eb3877d7a3e54e980') in 0.000152501 seconds
Start importing Packages/com.unity.shadergraph/GraphTemplates/Subgraphs/Terrain using Guid(843eba6e16ab9034aaacf0d768c274b6) (DefaultImporter) -> (artifact id: '540d8008e3dbbc9491a99696a4fdbe62') in 0.000149861 seconds
Start importing Packages/com.unity.render-pipelines.core/Editor/Lighting/LightUnit using Guid(942737965ad5c034997de550e1c26ff1) (DefaultImporter) -> (artifact id: '6be5281125ad998812c544e8454c881e') in 0.000147574 seconds
Start importing Packages/com.unity.inputsystem/InputSystem/Editor/ProjectWideActions using Guid(949d73ae1e0166c469c8706d4d7a21c7) (DefaultImporter) -> (artifact id: '53693059d700c14fed68385f57810496') in 0.000140118 seconds
Start importing Packages/com.unity.cloud.gltfast/Runtime/Shader/Export using Guid(a42eab874e7f04e7db008b7792193e78) (DefaultImporter) -> (artifact id: '98c62d1689ab0881061a7cb91393f6ab') in 0.000153124 seconds
Start importing Packages/com.unity.cloud.gltfast/Runtime/Scripts/Loading using Guid(b4b84858ae70b4efcb454a8e02db5f28) (DefaultImporter) -> (artifact id: '98858631618ca040eb53a22f81e7f24a') in 0.00014573 seconds
Start importing Packages/com.unity.cloud.gltfast/Runtime/Scripts/Logging using Guid(c4450c85414074abca1fa3d2ba289bb1) (DefaultImporter) -> (artifact id: '0b3e0de42868c2c0810bf362f0002305') in 0.000139718 seconds
Start importing Packages/com.unity.inputsystem/InputSystem/Plugins/WebGL using Guid(d4077c3b095df48b798c97c694ffd684) (DefaultImporter) -> (artifact id: '4bb20e019f436a4c5978cb315a438c41') in 0.000136816 seconds
Start importing Packages/com.unity.shadergraph/Editor/Generation/Processors using Guid(f4a2b3d2dd6f5468a8423947316be163) (DefaultImporter) -> (artifact id: '32ee9de72cc8bd7d062a9f6772ba9e96') in 0.000149488 seconds
Start importing Packages/com.unity.shadergraph/Editor/Resources/Icons using Guid(f4d6d4aaf7f25a14fb15dabc0b24d7ef) (DefaultImporter) -> (artifact id: '561decef2ea012187c421b244ec7bfad') in 0.000150384 seconds
Start importing Packages/com.unity.render-pipelines.core/Runtime/RenderGraph/Debug using Guid(0543e23b6a0f25741b67b1bee0292e70) (DefaultImporter) -> (artifact id: '7771f76bcd0c0d31578ebc83c0551730') in 0.000145124 seconds
Start importing Packages/com.unity.render-pipelines.core/Editor/Icons/MipLevels using Guid(05f6cde15dbb7bb48b377d0310898c96) (DefaultImporter) -> (artifact id: 'cf7f907dcce0608959e6da229069ba7a') in 0.000150499 seconds
Start importing Packages/com.unity.render-pipelines.universal/Editor/2D/Shadows using Guid(15c1d77e1b7aec14b8f1eb5a24156d60) (DefaultImporter) -> (artifact id: '1613f10d823bd689dad44ba4a69ed865') in 0.00014487 seconds
Start importing Packages/com.unity.test-framework/UnityEngine.TestRunner/TestRunner/Messages using Guid(256a0ca37fa972840bce7fca446e75e7) (DefaultImporter) -> (artifact id: '49c9fa09840fad3e17b412376a8dcf2a') in 0.000142828 seconds
Start importing Packages/com.unity.render-pipelines.universal/Editor/Decal/Resources using Guid(3522f385657caf14b8c18df878a3c65b) (DefaultImporter) -> (artifact id: '4f1605886031ae185340d950ae437b3f') in 0.000149395 seconds
Start importing Packages/com.unity.shadergraph/Editor/Generation/TargetResources using Guid(45e29c7fe2bbe4bd199f0029b890f5f5) (DefaultImporter) -> (artifact id: '54650005a37db5f4c42e519cb100081f') in 0.000147745 seconds
Start importing Packages/com.unity.shadergraph/Editor/Data/Enumerations using Guid(55b9824914ca013428dfb7a5c38fc2de) (DefaultImporter) -> (artifact id: '953e1292ac457d63f13e9bfa60e5bd1b') in 0.000139063 seconds
Start importing Packages/com.unity.addressables/Editor/BuildReportVisualizer/BuildReport Resources using Guid(65c82791d288eae4b8814a70bce6c8d2) (DefaultImporter) -> (artifact id: '45a65e4b3eab7a9f0ee0f6dc6497edee') in 0.00014423 seconds
Start importing Packages/com.unity.addressables/Editor/Build/AnalyzeRules using Guid(85d34cd37047d904e847f7f5e2b1bd25) (DefaultImporter) -> (artifact id: '0cf015d92d9084a3c9ee937669fa66ab') in 0.000143538 seconds
Start importing Packages/com.unity.addressables/Editor/BuildReportVisualizer/DetailsPanel using Guid(85fb4bdd8a688844b80dfa348b21a703) (DefaultImporter) -> (artifact id: 'e9f8a7c881dfc9a9e45f54efa70a43f6') in 0.00013631 seconds
Start importing Packages/com.unity.ugui/Editor/UGUI/UI using Guid(853edc343b78a7c4c81cbb3851d48c0a) (DefaultImporter) -> (artifact id: '773a517afa854ab194e9e6794bc9a1cf') in 0.000148887 seconds
Start importing Packages/com.unity.render-pipelines.universal/Editor/2D/Resources using Guid(95000b81b3fc6af4a916987efa80abbc) (DefaultImporter) -> (artifact id: '751f80d600888e5665a44ac9bf31569e') in 0.00015216 seconds
Start importing Packages/com.unity.shadergraph/Editor/Resources/Shaders using Guid(95a0c8e39aaf7f3468cff72de2b7c094) (DefaultImporter) -> (artifact id: '15e9651cb1887799b1e4c863438ffa3d') in 0.000145 seconds
Start importing Packages/com.unity.shadergraph/Editor/Generation/Attributes using Guid(95d4f3eaeba344017b164174ed877b77) (DefaultImporter) -> (artifact id: '16043190afcd0e7c683f0e29861756ac') in 0.000142201 seconds
Start importing Assets/StreamingAssets/Art/Characters/CustomerFemale02 using Guid(95f5fc77af00062ba8bcabe742b388c9) (DefaultImporter) -> (artifact id: 'f95a942b76f788fa9836303cd90e3d90') in 0.000265754 seconds
Start importing Packages/com.unity.inputsystem/InputSystem/Editor/AssetEditor using Guid(a5c84a68c16874bd5ba1a9d15a5e5044) (DefaultImporter) -> (artifact id: '51f6329545320ce62a7af1fc311baefa') in 0.000172046 seconds
Start importing Packages/com.unity.render-pipelines.core/Runtime/GPUDriven/InstanceData using Guid(b5f7bf756dcca7044ace748986382c79) (DefaultImporter) -> (artifact id: '001d33bb329cdd31251466ae0546b2bc') in 0.000156373 seconds
Start importing Packages/com.unity.test-framework/UnityEditor.TestRunner/GUI/Views using Guid(c5535d742ea2e4941850b421f9c70a1f) (DefaultImporter) -> (artifact id: 'd8974548c2c7ab5d5ad7599c432a1bc7') in 0.000151669 seconds
Start importing Packages/com.unity.render-pipelines.universal/Editor/Tools/MaterialUpgrader using Guid(d5fa30f043d2e274f9024230be655650) (DefaultImporter) -> (artifact id: 'ee86415133dca45bc85be8fb6c08c561') in 0.000294253 seconds
Start importing Packages/com.unity.inputsystem/InputSystem/Plugins/Android using Guid(e5769f689f15dce4a9f92aff27659c54) (DefaultImporter) -> (artifact id: '1882dbaf36accbc4ef3817afe6c3a6b2') in 0.000157065 seconds
Start importing Packages/com.unity.render-pipelines.core/Runtime/Utilities/GPUSort using Guid(e5d689573b624639aac8d00ca42bd729) (DefaultImporter) -> (artifact id: '3a8332852c04df7b9dc6feea8d08c161') in 0.000155251 seconds
Start importing Packages/com.unity.shadergraph/Editor/Generation/Descriptors using Guid(e5779cc2c32bb4c90b671ed2e6629e3d) (DefaultImporter) -> (artifact id: 'a81b4a8b55d41faad4cce5358543ec36') in 0.000149507 seconds
Start importing Packages/com.unity.ugui/Editor/UGUI/EventSystem using Guid(f525580684527b147b70cf94aaa70dbc) (DefaultImporter) -> (artifact id: '35f8d6adc1fe92d630cb18996309700e') in 0.000145386 seconds
Start importing Packages/com.unity.render-pipelines.core/Tests/Editor/Tools using Guid(167414eb9b5aac148a050554ea60a5cc) (DefaultImporter) -> (artifact id: '98a46cf2ded14f010274e2a8c784870c') in 0.000144115 seconds
Start importing Packages/com.unity.cloud.gltfast/Runtime/Shader/HDRP using Guid(26cba0d4e8d34974e97734c1b901b70b) (DefaultImporter) -> (artifact id: '3e723dfe01498c25217521eac2ac9e2e') in 0.000152502 seconds
Start importing Packages/com.unity.test-framework/UnityEditor.TestRunner/UnityTestProtocol/Data using Guid(3610673068254436ac90019f46e09f01) (DefaultImporter) -> (artifact id: 'edf71b33f3965ea27aa0f561aefe6dce') in 0.000148291 seconds
Start importing Packages/com.unity.inputsystem/InputSystem/Editor/Debugger using Guid(461c380dccba54a569c07d9810dd3b32) (DefaultImporter) -> (artifact id: 'da89f0ad8f21a6a87a6a6692ffa6b299') in 0.000139803 seconds
Start importing Packages/com.unity.shadergraph/Editor/Drawing/Blackboard using Guid(465f456071d65c648a34adddf33057f7) (DefaultImporter) -> (artifact id: 'e19dc96236a709ac12609f83f53b9da4') in 0.00014924 seconds
Start importing Packages/com.unity.inputsystem/InputSystem/Devices/Precompiled using Guid(6600059bab4cd4a4ab586e5bb07df47b) (DefaultImporter) -> (artifact id: 'a5b5175474d7faf6114b3b2f92c63972') in 0.000142612 seconds
Start importing Packages/com.unity.render-pipelines.universal/Editor/SceneTemplates/Materials using Guid(7671b37f9da45644d8d1d917a2cf29d4) (DefaultImporter) -> (artifact id: 'f898962d802215974676d69789937981') in 0.000142707 seconds
Start importing Packages/com.unity.render-pipelines.core/Runtime/PostProcessing/Shaders using Guid(86304ecf756376e4b8ecb6f9d6111b89) (DefaultImporter) -> (artifact id: '7a4e6a369bb7a235af716f4f9700c8d3') in 0.000149796 seconds
Start importing Packages/com.unity.inputsystem/InputSystem/Plugins/InputForUI using Guid(96500a17645c67442a0ccdca007e6d28) (DefaultImporter) -> (artifact id: '50565058fe2fe0c54cf013821d1f8019') in 0.000145419 seconds
Start importing Packages/com.unity.test-framework/UnityEditor.TestRunner/NUnitExtension/Attributes using Guid(96c503bf059df984c86eecf572370347) (DefaultImporter) -> (artifact id: '2e346665254194df03f2d47ad0a2e81b') in 0.000144811 seconds
Start importing Packages/com.unity.addressables/Tests/Runtime/ResourceProviders using Guid(962906719cf3dae4f8b815dcc25b22b5) (DefaultImporter) -> (artifact id: 'a1d113b063e05062559246abbf1bf18e') in 0.000138421 seconds
Start importing Packages/com.unity.cloud.gltfast/Runtime/Scripts/MaterialsVariants using Guid(a6f04553a2954d04ba95dce85a65d297) (DefaultImporter) -> (artifact id: '459380507ba6fff4022f066ce6fb3ed6') in 0.000140317 seconds
Start importing Packages/com.unity.shadergraph/Editor/Generation/Collections using Guid(d6d4496479c324d29acc5c0d0a40d1b9) (DefaultImporter) -> (artifact id: '4506dbd6ed12beb3e5201ed3099706e5') in 0.000153767 seconds
Start importing Packages/com.unity.shadergraph/Tests/Editor/IntegrationTests using Guid(e636bcaad60bb8e4da48c07cdcb938b5) (DefaultImporter) -> (artifact id: 'aac36f3be3c9da0761b7fd4db954b324') in 0.000145815 seconds
Start importing Packages/com.unity.render-pipelines.universal/Runtime/Decal/DBuffer using Guid(f68d0654b5ceb4a4b92e324b3d1a373c) (DefaultImporter) -> (artifact id: 'b6b31650fc253397ce3e2ff41b751f8e') in 0.000141152 seconds
Start importing Packages/com.unity.test-framework/UnityEditor.TestRunner/GUI/TestListBuilder using Guid(07ea0326ed848fb4489187cb58f96113) (DefaultImporter) -> (artifact id: 'c9ef4e1b8c0b54cbe4a5a11c696e4b78') in 0.000148569 seconds
Start importing Packages/com.unity.render-pipelines.core/Editor/Icons/Processed using Guid(27236dbe91cb3d644991bb5702250e9d) (DefaultImporter) -> (artifact id: '345d7a16e9cfb3cae61ea5ca35842ae4') in 0.000144401 seconds
Start importing Packages/com.unity.render-pipelines.core/Runtime/RenderPipelineResources/GPUDriven using Guid(270b22cf3fe09dc4ea4fe92d629d8bce) (DefaultImporter) -> (artifact id: 'bab1fbca95e3983a9944e52211a8da96') in 0.000143119 seconds
Start importing Packages/com.unity.test-framework/UnityEngine.TestRunner/NUnitExtensions/Runner using Guid(37888acc09d9ee848bf9559f06645c45) (DefaultImporter) -> (artifact id: 'ee1e527b3560111b8f9aa3c43ad7e9a9') in 0.000142677 seconds
Start importing Packages/com.unity.searcher/Editor/Resources/FlatSkin using Guid(67e35e8d446428040b9f0580470b5b5a) (DefaultImporter) -> (artifact id: '2b77b4fbeb58a35245dcff8388fe9aec') in 0.000144605 seconds
Start importing Packages/com.unity.inputsystem/InputSystem/Plugins/XInput using Guid(674bcb49f4019404bb8bfd43a597785a) (DefaultImporter) -> (artifact id: 'c0d5d05351409abd57330406f69046a4') in 0.000141532 seconds
Start importing Packages/com.unity.ugui/Editor/Analytics/IAnalytic using Guid(77417b0f4cf6d334f916c64448d24133) (DefaultImporter) -> (artifact id: 'a22d0db8c8eb6d464d1b5bd50a6655ab') in 0.000138787 seconds
Start importing Packages/com.unity.render-pipelines.core/Editor/Lighting/Icons using Guid(77235ff89f4625d44ac5ad118d1913fa) (DefaultImporter) -> (artifact id: '6aa1f03a998f5cbcbea73c1e2c2c1815') in 0.000142108 seconds
Start importing Packages/com.unity.render-pipelines.core/Runtime/Vrs/Shaders using Guid(77658d0b0e15bb342a01e17ef1b2172a) (DefaultImporter) -> (artifact id: 'd665d223b97413405aa3f55398523bec') in 0.000148122 seconds
Start importing Packages/com.unity.addressables/Tests/Editor/GUI using Guid(879bf109051444c7afec0e4df6624ef9) (DefaultImporter) -> (artifact id: '102ff6ed8e04adfc5e2639e16906a089') in 0.00013907 seconds
Start importing Packages/com.unity.render-pipelines.universal/Editor/SceneTemplates/Standard using Guid(9750256f1be9648b4ba73d98e44d225e) (DefaultImporter) -> (artifact id: '8bd5373fb40624d778069dad13d6c6fe') in 0.000143082 seconds
Start importing Packages/com.unity.addressables/Runtime/ResourceManager/Util using Guid(974a84a8c55ad4a0187379f800b8fe09) (DefaultImporter) -> (artifact id: '3cdc9e2d6a152bf9d4f125810a72872c') in 0.000139547 seconds
Start importing Packages/com.unity.inputsystem/InputSystem/Plugins/HID using Guid(a71161af1440e4b1fbbefefb3aaffce0) (DefaultImporter) -> (artifact id: 'cc150985718e30b27fed7bfd69447ed7') in 0.000138278 seconds
Start importing Packages/com.unity.shadergraph/Editor/Generation/Utils using Guid(a776ae8783d76794ead8bbefa7461cb8) (DefaultImporter) -> (artifact id: 'c6452bed8e3962f8b5e9f778e78d6a2e') in 0.000141272 seconds
Start importing Packages/com.unity.inputsystem/InputSystem/Editor/Analytics using Guid(d7fcb545eb7743c8bd27f341b51151dc) (DefaultImporter) -> (artifact id: 'f23c902ef03765eb809917649b02da6b') in 0.000149921 seconds
Start importing Packages/com.unity.shadergraph/Editor/Generation/Contexts using Guid(e7109562d81c04d45be09c804dc1b8ae) (DefaultImporter) -> (artifact id: '775b5d35f82cc8e690d0cef117b852a3') in 0.000142811 seconds
Start importing Packages/com.unity.render-pipelines.universal/Runtime/2D/Passes using Guid(f74b40ff9aaa99a49a36a3c646ca5917) (DefaultImporter) -> (artifact id: '7c1d4cb45357db06f2e3d9edbaf8fd26') in 0.000139403 seconds
Start importing Packages/com.unity.shadergraph/Editor/Generation/Data using Guid(f78c50a65bb1b22409719a84b48ff794) (DefaultImporter) -> (artifact id: '2b41176d2562fccdf1073a675166e2b7') in 0.000139225 seconds
Start importing Packages/com.unity.addressables/Tests/Editor/DocExampleCode using Guid(08e15d16f0070d0429a6ec852ac78abe) (DefaultImporter) -> (artifact id: '5a91ca5d8bd28a224f235238aff0fd88') in 0.00014688 seconds
Start importing Packages/com.unity.shadergraph/Editor/Data/Attributes using Guid(08871a332c049d44d9bf2563943a52c0) (DefaultImporter) -> (artifact id: 'b09de6ccad4ef58db7ed1e416d02beca') in 0.000149597 seconds
Start importing Packages/com.unity.render-pipelines.core/Tests/Editor/GPUDriven using Guid(0829798e3b46e42438b2a90fe5fbe063) (DefaultImporter) -> (artifact id: '1dacfdf94ddbed438dabc2dd2364cdf6') in 0.000139894 seconds
Start importing Packages/com.unity.render-pipelines.universal/Textures/BlueNoise64/L using Guid(185beacae6c1ae444bf82919f9550d1a) (DefaultImporter) -> (artifact id: 'e71797dddb52c2aabce01b3652837d28') in 0.000140518 seconds
Start importing Packages/com.unity.burst/Runtime/Intrinsics/Arm using Guid(2893f6d998ac3104919ec7e11aa597cd) (DefaultImporter) -> (artifact id: '20456fafa43f13a05b05b1d9591955d2') in 0.00014735 seconds
Start importing Assets/StreamingAssets/Art/Characters/AdultMale using Guid(38d3b7e428dc3cb50ad989ab6cbb113c) (DefaultImporter) -> (artifact id: '295f38070d775010a18949ea397de89d') in 0.00026243 seconds
Start importing Packages/com.unity.cloud.gltfast/Runtime/Shader/Built-In using Guid(38456a2b57852485fa3a807fceca610d) (DefaultImporter) -> (artifact id: 'd45081d87324b79f7107a5ca8d8ba167') in 0.000156917 seconds
Start importing Packages/com.unity.shadergraph/Editor/Drawing/MaterialEditor using Guid(381bcc6523571fb478a4937355db4c0d) (DefaultImporter) -> (artifact id: '90c1a6c1d83a9d94a935db832c169103') in 0.000154462 seconds
Start importing Packages/com.unity.render-pipelines.universal/Runtime/Decal/ScreenSpace using Guid(5818a14fd27827e48951a0d2ee539d75) (DefaultImporter) -> (artifact id: 'ac4ab97df5c0f8a2877c38d28ad3b174') in 0.000147238 seconds
Start importing Packages/com.unity.shadergraph/Editor/Drawing/Interfaces using Guid(58ecb05b886e4306918caed5d3178020) (DefaultImporter) -> (artifact id: 'bea49cb982c5b5a30a9d131405a3f1b7') in 0.00014334 seconds
Start importing Packages/com.unity.ai.navigation/Tests/Editor/Converter using Guid(585e4d2e85b344909fd03397aa977b50) (DefaultImporter) -> (artifact id: 'abe1e2683aa2e32392027ad0c59dfdff') in 0.000137642 seconds
Start importing Packages/com.unity.addressables/Editor/BuildReportVisualizer/UIToolKitAssets using Guid(68b7bb1dd436ef14198113cfcf1c1c46) (DefaultImporter) -> (artifact id: '26a9097fe6b4bdb4794d81af806aafe6') in 0.000152749 seconds
Start importing Packages/com.unity.render-pipelines.core/Runtime/Lighting/ProbeVolume using Guid(686bcd471035ed641a36aa69aacb76a9) (DefaultImporter) -> (artifact id: '97272a9502bd9aba89d261b081e2b232') in 0.000152759 seconds
Start importing Packages/com.unity.test-framework/UnityEditor.TestRunner/GUI/TestListTreeView using Guid(68cb547af0187634aad591a09c01cd5b) (DefaultImporter) -> (artifact id: 'bcc7fabbc19415c35b0572cf2f2337a5') in 0.000146421 seconds
Start importing Packages/com.unity.render-pipelines.core/Runtime/RenderPipelineResources/Mesh using Guid(68ed7b91fd1483d40861e1ada55a57bc) (DefaultImporter) -> (artifact id: 'f207b84878a73b87b55f7d75cf48e989') in 0.000140371 seconds
Start importing Packages/com.unity.render-pipelines.universal/Runtime/2D/UTess2D using Guid(78adb7be6764d484eaae877fcfac7bd4) (DefaultImporter) -> (artifact id: 'c78bc55b8adbbe5e1b51fc8993571616') in 0.000150481 seconds
Start importing Packages/com.unity.render-pipelines.core/Tests/Editor/ShaderStripping using Guid(a869f30d596b98e41b8553703937b6e5) (DefaultImporter) -> (artifact id: 'db2dcc91b1e4412e823ed014cce3b769') in 0.00015148 seconds
Start importing Packages/com.unity.scriptablebuildpipeline/Tests/Editor/OptionalPackages using Guid(a81ba0727251458f9b4b29171e9a1c57) (DefaultImporter) -> (artifact id: 'e9b6529d445c9da84ef54f9cc0ae0e4c') in 0.000145659 seconds
Start importing Packages/com.unity.addressables/Editor/Settings/GroupSchemas using Guid(b842ab94dae39f3459a2159fb7ef9b73) (DefaultImporter) -> (artifact id: '7c2d4b31d49d0bc721032b343c8105e4') in 0.000141059 seconds
Start importing Packages/com.unity.render-pipelines.core/Tests/Editor/Debugging using Guid(b8f37e7cf15bcc1419f4622045f6e075) (DefaultImporter) -> (artifact id: '8618fb53a9a20a1d0cf41286604b4c7b') in 0.000143863 seconds
Start importing Packages/com.unity.render-pipelines.core/Tests/Editor/RenderPipeline using Guid(d8bcf5ae67f54a15944eef9b06d8d20d) (DefaultImporter) -> (artifact id: '5f04a804b8c19f25f7220f71b786a029') in 0.000143414 seconds
Start importing Packages/com.unity.test-framework/UnityEditor.TestRunner/GUI/Controls using Guid(e88eef57957d4440c8a7ff2ef9dd3d97) (DefaultImporter) -> (artifact id: 'c4f64d42392877fbc9299e30e3929089') in 0.000142284 seconds
Start importing Packages/com.unity.inputsystem/InputSystem/Plugins/XR using Guid(097288e93d94f44438e9ef4dc93f7346) (DefaultImporter) -> (artifact id: '65d8e3491c4546b69a124702dbede89a') in 0.000149539 seconds
Start importing Assets/StreamingAssets/Art/Characters/CustomerFemale01 using Guid(19b7445cc9a98cb4cacd0ae3a4a765cb) (DefaultImporter) -> (artifact id: '366ae8756177e347127842f6a5730123') in 0.000266286 seconds
Start importing Packages/com.unity.shadergraph/Editor/Drawing/Controls using Guid(29309be0e1004fad967256187775c528) (DefaultImporter) -> (artifact id: 'af9300f652828052b1cc17ba0e5fbbc8') in 0.000163801 seconds
Start importing Packages/com.unity.test-framework/UnityEditor.TestRunner/TestRun/Data using Guid(4926c06156894939ba0a2680f1b0aa7a) (DefaultImporter) -> (artifact id: 'e85e5880a8fb926656c64ebb007116bd') in 0.000153447 seconds
Start importing Packages/com.unity.cloud.gltfast/Runtime/Scripts/Export using Guid(59ebae2cdae594e61a848659876e2444) (DefaultImporter) -> (artifact id: '5252251199772a9436857f155578fc8d') in 0.000153775 seconds
Start importing Packages/com.unity.render-pipelines.universal/Editor/ShaderGraph/Nodes using Guid(6979e5ac3dcd9e147be8acbcea517686) (DefaultImporter) -> (artifact id: '6072ef90b925365cb4ffed458af5b0e3') in 0.000146552 seconds
Start importing Packages/com.unity.inputsystem/InputSystem/Plugins/UI using Guid(69dd334ee54c747c38b3317d02c3967a) (DefaultImporter) -> (artifact id: '1fd450bb232d5b95bbe26023d11838df') in 0.000145891 seconds
Start importing Packages/com.unity.test-framework/UnityEditor.TestRunner/Api/Analytics using Guid(891bb6b9f5094c36b59c3788e21c8213) (DefaultImporter) -> (artifact id: '7afc1f32db95c3782cc44b8be1b1fdd2') in 0.000149331 seconds
Start importing Packages/com.unity.render-pipelines.core/Runtime/UnifiedRayTracing/Common using Guid(b9f7ba6849814a54bb551f9491377013) (DefaultImporter) -> (artifact id: 'd4d9fcf70fdb369bbcfad92ae8a4c078') in 0.000145021 seconds
Start importing Packages/com.unity.inputsystem/InputSystem/Actions/Interactions using Guid(b90e4423894dce34f83bb15a3ba411ba) (DefaultImporter) -> (artifact id: '1a682d568fa434ab30a8210e73fe1d5d') in 0.000141701 seconds
Start importing Packages/com.unity.render-pipelines.universal/Editor/2D/Overrides using Guid(c96a8adc325df8544ae548396468a961) (DefaultImporter) -> (artifact id: '5797c951e84841231f5e58d60f865dc5') in 0.001753807 seconds
Start importing Packages/com.unity.test-framework/UnityEditor.TestRunner/TestRunner/Messages using Guid(d9682e749d3efc642af54d789d9090a6) (DefaultImporter) -> (artifact id: '34a2da094325aea95250bbc91b3bacfc') in 0.000191192 seconds
Start importing Packages/com.unity.scriptablebuildpipeline/Editor/Utilities/USerialize using Guid(e94656a08861c174c9f786affcfd15a7) (DefaultImporter) -> (artifact id: '60b45aaca5e9dae2b133cffcf376eb61') in 0.000165638 seconds
Start importing Packages/com.unity.cloud.gltfast/Runtime/Scripts/Material using Guid(e90df689fb7db4df9984e785e4481a88) (DefaultImporter) -> (artifact id: '1a28effbe98e299e008bc404f2add4da') in 0.000154691 seconds
Start importing Packages/com.unity.render-pipelines.core/Editor/BuildProcessors/SettingsStrippers using Guid(f9e0abec186274f4f8a49394c1fef24b) (DefaultImporter) -> (artifact id: '28c507c646c61b39d9d919b7ff2b83d5') in 0.000154912 seconds
Start importing Packages/com.unity.render-pipelines.universal/Editor/ShaderGraph/Includes using Guid(f9df817efe7f52045a7cd7ae84fd47ae) (DefaultImporter) -> (artifact id: '06479cd795399b12c4037e15097a4fb6') in 0.000148125 seconds
Start importing Packages/com.unity.scriptablebuildpipeline/Tests/Editor/Build using Guid(0a8559748a5223a4a945940cd90048e0) (DefaultImporter) -> (artifact id: '8db016b3af5d1eaf7a58136d125b9072') in 0.000152958 seconds
Start importing Packages/com.unity.cloud.gltfast/Runtime/Scripts/Newtonsoft using Guid(1adc79681d8ae4202a0aa51fa68113d1) (DefaultImporter) -> (artifact id: '6b715e359b70638f7cb8c405c0e123f9') in 0.000154477 seconds
Start importing Packages/com.unity.addressables/Tests/Runtime/OptionalPackages using Guid(5a1f06ba3ed945a18388695c57d7b14c) (DefaultImporter) -> (artifact id: 'e9415f923a9cf16397f3418fe945b8ab') in 0.000145989 seconds
Start importing Packages/com.unity.addressables/Runtime/ResourceManager/ResourceProviders using Guid(6a6004f87009b4fad9ad9582dc0c7016) (DefaultImporter) -> (artifact id: 'f56c0752e5eed2f505d6761f436e3fed') in 0.000145264 seconds
Start importing Packages/com.unity.inputsystem/InputSystem/Actions/Composites using Guid(6adbf65a53ff9b04990c2116b3e4d5b7) (DefaultImporter) -> (artifact id: '731fcbb1800e0536eab648102951f6d9') in 0.00014 seconds
Start importing Packages/com.unity.addressables/Tests/Editor/Utility using Guid(9a43c2bbb84c433bb43c46211ba200c6) (DefaultImporter) -> (artifact id: 'c788666da9426dd1baf2087836b9c70d') in 0.000137636 seconds
Start importing Packages/com.unity.shadergraph/Editor/Data/Actions using Guid(9abbc5074e3b457c98f721847723bf2e) (DefaultImporter) -> (artifact id: 'fe7d8305a96034bb30ef6b12dae53088') in 0.000157162 seconds
Start importing Packages/com.unity.render-pipelines.universal/Editor/Converter/PPv2 using Guid(aaea8397f87188a4fb3a7451bf0ea320) (DefaultImporter) -> (artifact id: '4444e57dc1735683e84a4c9241e5c5ab') in 0.00014902 seconds
Start importing Packages/com.unity.addressables/Runtime/ResourceManager/Diagnostics using Guid(ba3ec7deec18d144e848686e9d4e18bf) (DefaultImporter) -> (artifact id: 'ca7eb9e242135a7b5b3c5b2b3a5e2699') in 0.000141187 seconds
Start importing Packages/com.unity.render-pipelines.universal/Runtime/Materials/ArnoldStandardSurface using Guid(dadc0db69503dfa4eb1c96a19590f95c) (DefaultImporter) -> (artifact id: 'c4afa0ef24dbf13aad08371995663f40') in 0.0001433 seconds
Start importing Packages/com.unity.render-pipelines.universal/Editor/Overrides/Shaders using Guid(da0f06d1af1e98c48b8ffbe1e6e4df96) (DefaultImporter) -> (artifact id: '77d9edfd77d13472b7f0c72ef9d99487') in 0.000150171 seconds
Start importing Packages/com.unity.inputsystem/InputSystem/Plugins/OSX using Guid(ea65eddf43398654fa32b724723c71a4) (DefaultImporter) -> (artifact id: '571838c1903d4b738a6af60b1970370c') in 0.000148136 seconds
Start importing Packages/com.unity.ugui/Editor/TMP/PropertyDrawers using Guid(ea7c31b5b377c314db28ad3fabbbd38d) (DefaultImporter) -> (artifact id: 'ebc92ba84e6406c25f912a00cf612866') in 0.000143876 seconds
Start importing Packages/com.unity.ugui/Tests/Editor/UGUI using Guid(fae3ac1997e164d1eba5fa5c417cbefd) (DefaultImporter) -> (artifact id: 'a65f00dcb82f453aab04a0f34c97e4e8') in 0.000139784 seconds
Start importing Packages/com.unity.shadergraph/Editor/Data/Interfaces using Guid(fa6cfee2afcf9584b9e67fe405662d0e) (DefaultImporter) -> (artifact id: '3802db2e58a2263174b47c8549202657') in 0.000147972 seconds
Start importing Packages/com.unity.render-pipelines.core/Tests/Editor/Analytics using Guid(1b3ed7ed96f03fb41af34f1c2e6a1fff) (DefaultImporter) -> (artifact id: 'c23552cd417d1b7c82afe956df223812') in 0.00014262 seconds
Start importing Packages/com.unity.test-framework/UnityEngine.TestRunner/NUnitExtensions/Commands using Guid(6b72875690e0f7343911e06af3145bd5) (DefaultImporter) -> (artifact id: 'f36e7cf57d57bd868768c4d06537389c') in 0.000143108 seconds
Start importing Packages/com.unity.render-pipelines.universal/Runtime/Decal/Entities using Guid(6b3e7dae1e82a6b448b739d1331813f0) (DefaultImporter) -> (artifact id: 'd08d7f6a9b82462fdd806deca3dab5fd') in 0.000150972 seconds
Start importing Packages/com.unity.shadergraph/Editor/Drawing/Manipulators using Guid(abc41fae76b14617ae2f7d38d3ebef3a) (DefaultImporter) -> (artifact id: '66dd8f5d1b713dd8ee8796dd3f9403bf') in 0.000144035 seconds
Start importing Packages/com.unity.inputsystem/InputSystem/Editor/UITKAssetEditor using Guid(bb0e7cd0be171ca4ca67132e36b7ccb5) (DefaultImporter) -> (artifact id: '78ba98fe5f1f37de20ccd2d6f868901a') in 0.000140434 seconds
Start importing Packages/com.unity.inputsystem/InputSystem/Editor/BuildPipeline using Guid(cb6feb90190641c19dce92f09614edd4) (DefaultImporter) -> (artifact id: '0cb518eb91ef28465cfc9e4a86b288b9') in 0.000137451 seconds
Start importing Packages/com.unity.test-framework/UnityEditor.TestRunner/TestLaunchers/PlatformSetup using Guid(ebc4d20cc106cea49b1df1153f0b3b5e) (DefaultImporter) -> (artifact id: 'b557b5aa3ee3c1d394dd361be2918e20') in 0.00014453 seconds
Start importing Packages/com.unity.render-pipelines.core/Tests/Editor/Utilities using Guid(fba05ad04ca734045bd6708fb9c77773) (DefaultImporter) -> (artifact id: 'c5f3e345aeeb53d52d1dd36547c72a35') in 0.000145655 seconds
Start importing Packages/com.unity.render-pipelines.core/Editor/Resources/Gizmos using Guid(fb53178749687244eaaabbe3e2e40653) (DefaultImporter) -> (artifact id: '6f0d36a3781787893ff93972b04838e1') in 0.000138459 seconds
Start importing Packages/com.unity.render-pipelines.universal/Tests/Editor/PostProcessDataTests using Guid(fb0ec4b8bb8f2d34b91204563167f685) (DefaultImporter) -> (artifact id: '9c15077bc3726049828142e4de8d25df') in 0.000143146 seconds
Start importing Packages/com.unity.test-framework/UnityEngine.TestRunner/NUnitExtensions/Attributes using Guid(0cb14878543cf3d4f8472b15f7ecf0e3) (DefaultImporter) -> (artifact id: '75903ed02331572f0967609c7b7f1e1c') in 0.00014476 seconds
Start importing Packages/com.unity.cloud.gltfast/Runtime/Shader/Includes using Guid(0c9697c5d0dc34bae95ecb7420ad10d3) (DefaultImporter) -> (artifact id: 'b6d5be0803e1ce3ac9fef28446774dd5') in 0.000138252 seconds
Start importing Packages/com.unity.addressables/Editor/Build/Layout using Guid(0c39c5a44c2b90c4787a92f26e3286f4) (DefaultImporter) -> (artifact id: '791b13f93a5aad4699ff1eb1b087d789') in 0.000138787 seconds
Start importing Packages/com.unity.render-pipelines.core/Editor/Lighting/ProbeVolume using Guid(0c3c319c56dba374ba288aab4ee70654) (DefaultImporter) -> (artifact id: 'f925f833811df032e191cae05e436801') in 0.000149959 seconds
Start importing Packages/com.unity.addressables/Tests/Runtime/ResourceManager using Guid(0c2eb630b3a204847b868607a539fb4c) (DefaultImporter) -> (artifact id: 'e203f23fb9e214fb6beb05d408089546') in 0.000142065 seconds
Start importing Packages/com.unity.inputsystem/InputSystem/Plugins/Linux using Guid(1c597fa0f94a3d54b9c0e85f56e5f821) (DefaultImporter) -> (artifact id: '2d53eac51644e1315e2c4fc2db1dc5f3') in 0.000139464 seconds
Start importing Packages/com.unity.inputsystem/InputSystem/Plugins/PlayerInput using Guid(1cccd07fcea7f491793d4e7a5adc17a2) (DefaultImporter) -> (artifact id: '6a77b4bcfd42614becfa57d256d7fd46') in 0.000136328 seconds
Start importing Packages/com.unity.addressables/Runtime/ResourceManager/ResourceLocations using Guid(2c38782eb8fd84ba1b42d3abaf4717a8) (DefaultImporter) -> (artifact id: 'e3e602ff9d1c4895677fd4ee016116d7') in 0.000142147 seconds
Start importing Packages/com.unity.render-pipelines.core/Tests/Editor/XR using Guid(6c39937ba9ca4a3d9bfd4613712ac88e) (DefaultImporter) -> (artifact id: '6a2585996ca28b7f26a362a991d8bd79') in 0.000146156 seconds
Start importing Packages/com.unity.render-pipelines.core/Editor/Volume/Drawers using Guid(8c667ca46d23aa3468b6c4243b135b0d) (DefaultImporter) -> (artifact id: 'a4be2ca8b35fa5bd4af12e6409cd444f') in 0.000140038 seconds
Start importing Packages/com.unity.ai.navigation/Tests/Runtime/OffMeshLinkTests using Guid(9c10f4966eb108848acf7461aaf6057e) (DefaultImporter) -> (artifact id: '81b55707962a68253e4065dd9caf05e1') in 0.000143008 seconds
Start importing Packages/com.unity.addressables/Tests/Editor/OptionalPackages using Guid(dc8f615c132e4c368b09a183d18b921c) (DefaultImporter) -> (artifact id: 'c1fbf9b160783cf0f94aa1cc2a732cc9') in 0.000135852 seconds
Start importing Packages/com.unity.render-pipelines.core/Runtime/GPUDriven/Utilities using Guid(0d54b02a80b94d94a90b9de832436341) (DefaultImporter) -> (artifact id: 'fc86d2d2acac042d7c81cdb4c8699d88') in 0.000138421 seconds
Start importing Packages/com.unity.render-pipelines.universal/Runtime/2D/Rendergraph using Guid(1db62f4f87b95214e98261b68289adba) (DefaultImporter) -> (artifact id: '1117572af99b9df751376dbfffac2c0b') in 0.000138856 seconds
Start importing Packages/com.unity.mathematics/Tests/Tests/Shared using Guid(1d6d62c94d82bf748b95682fa88ef3b9) (DefaultImporter) -> (artifact id: '5089b55838d26600dfb09310e1a12a53') in 0.000151396 seconds
Start importing Packages/com.unity.shadergraph/Editor/Drawing/Inspector using Guid(1d1f4aaa81084a13aaeb78dfaf7d35d7) (DefaultImporter) -> (artifact id: 'c924bf12263d5d6d8af9fe0a2844be00') in 0.000140664 seconds
Start importing Packages/com.unity.render-pipelines.universal/Tests/Editor/URPGlobalSettingsMigrationTests using Guid(2d428e2ad3bcf4344a7b4d4c8a2daa1a) (DefaultImporter) -> (artifact id: '18caa9641a5bcccead458723d3110f24') in 0.000140179 seconds
Start importing Packages/com.unity.ugui/Tests/Editor/TMP using Guid(3ddaad49a7bcb4087b403f2225d54840) (DefaultImporter) -> (artifact id: 'dc3536d35fb2a75d225a6a19a3e6094d') in 0.000146265 seconds
Start importing Packages/com.unity.inputsystem/InputSystem/Editor/Icons using Guid(4dc89088b67654c86810b41295276666) (DefaultImporter) -> (artifact id: 'afde898341aa5796bf4c74f6bd521417') in 0.000142442 seconds
Start importing Packages/com.unity.shadergraph/Editor/Drawing/ViewModels using Guid(4d7c3af94488c9f43bf33aa63a59b2d1) (DefaultImporter) -> (artifact id: '92d9468b9ea212b05848ba33d3248fd9') in 0.000145805 seconds
Start importing Packages/com.unity.cloud.gltfast/Runtime/Scripts/ImportAddons using Guid(5d682dcb33fec455d8c59dcbbc002c23) (DefaultImporter) -> (artifact id: 'd6ee07b88efb93fcbbb9b9141f961840') in 0.000139331 seconds
Start importing Packages/com.unity.test-framework/UnityEditor.TestRunner/TestRunner/Callbacks using Guid(5d7f0d6acfced954682a89e7002c04d9) (DefaultImporter) -> (artifact id: '0dec5c1fe4d62597a6f06205aa5984cd') in 0.000145702 seconds
Start importing Packages/com.unity.test-framework/UnityEditor.TestRunner/TestRun/Tasks using Guid(6dba53789da15814387fa5b1445e81e0) (DefaultImporter) -> (artifact id: '72f33cfefcd167ac88b3efeb6da24af6') in 0.000145079 seconds
Start importing Packages/com.unity.render-pipelines.universal/Editor/VFXGraph/Shaders using Guid(7d77ae3715c5eea4ca5de8d2fe3dfa2c) (DefaultImporter) -> (artifact id: 'caec26be157d70c8dc7d2a401e1ad1eb') in 0.000140525 seconds
Start importing Packages/com.unity.inputsystem/InputSystem/Editor/AssetImporter using Guid(9d7486ba41233414a9ed80716a544026) (DefaultImporter) -> (artifact id: '1275d9cb4dc87f0842d6a153168efa81') in 0.000135833 seconds
Start importing Packages/com.unity.render-pipelines.core/Editor/LookDev/Icons using Guid(9d38fc3327537ec418b043933457c849) (DefaultImporter) -> (artifact id: '6290cfb46e81ee43d3958ac11c04be28') in 0.000153384 seconds
Start importing Packages/com.unity.inputsystem/InputSystem/Editor/DeviceSimulator using Guid(bd293de081caa442dae1595e4c7a6773) (DefaultImporter) -> (artifact id: '821d985727ccb4a0006f1b798e08f98a') in 0.000142596 seconds
Start importing Packages/com.unity.render-pipelines.core/Tests/Runtime/Threading using Guid(cdb007ea9cfd17c49ae406263e8c346d) (DefaultImporter) -> (artifact id: 'ea60e605cd12dcb453d1399c3568fb29') in 0.000141067 seconds
Start importing Packages/com.unity.inputsystem/InputSystem/Plugins/iOS using Guid(cdf0d8abf71784dacb0470320cd8936f) (DefaultImporter) -> (artifact id: '62678bcc85f3723e7a71d36d244f53a2') in 0.000134805 seconds
Start importing Packages/com.unity.ugui/Tests/Editor/Common using Guid(cd9c8fc1c8d64d54ab1e22aae9678d84) (DefaultImporter) -> (artifact id: '1f7234dd476dbcafef424fcfe7bedc03') in 0.0001387 seconds
Start importing Packages/com.unity.inputsystem/InputSystem/Plugins/OnScreen using Guid(0e49b0a8b53e45445979b3fa9604a35c) (DefaultImporter) -> (artifact id: '7ea8412743dcf4709bd89ebf770cfafd') in 0.000148067 seconds
Start importing Packages/com.unity.addressables/Editor/Build/BuildPipelineTasks using Guid(2e63e5dd2cdcb394984e15b78da0a927) (DefaultImporter) -> (artifact id: 'bc95cf7eb020e6d849f18be9750d38ff') in 0.000140195 seconds
Start importing Packages/com.unity.addressables/Tests/Editor/Diagnostics using Guid(3ee6f25a9e02fee4197773346feb1015) (DefaultImporter) -> (artifact id: '45eeed3fe37e376c856624d6bfcce420') in 0.000136048 seconds
Start importing Packages/com.unity.render-pipelines.universal/Editor/ShaderGraph/Templates using Guid(3efb14e4a7f35d24899cd83aa303d48b) (DefaultImporter) -> (artifact id: '9a3bc1235883858fa36c7b383bb03efd') in 0.000143683 seconds
Start importing Packages/com.unity.render-pipelines.universal/Textures/BlueNoise16/L using Guid(4eb46e164ba847b4396d73b7491c99d3) (DefaultImporter) -> (artifact id: 'd509c32da64ad88b6e8d135930b915bc') in 0.000142085 seconds
Start importing Packages/com.unity.render-pipelines.core/Tests/Editor/UnifiedRayTracing using Guid(4e4c297047ea96a49826f1570cf7db07) (DefaultImporter) -> (artifact id: '144279807019715e886db6ca83b636b5') in 0.0001366 seconds
Start importing Packages/com.unity.render-pipelines.core/Runtime/UnifiedRayTracing/Compute using Guid(4ecd3fe6796a2ca4aa0c3b180133d9d9) (DefaultImporter) -> (artifact id: '956e41868c53e1f2c165d75b91523c05') in 0.00014784 seconds
Start importing Packages/com.unity.inputsystem/InputSystem/Plugins/DualShock using Guid(6eefa91e7a89647338245ee3818141d1) (DefaultImporter) -> (artifact id: 'c18ff5c4c2c9c2feecd06007584fcf6c') in 0.000143278 seconds
Start importing Packages/com.unity.addressables/Editor/GUI/GUIElements using Guid(7e20a849903d15742a7aa285077c0804) (DefaultImporter) -> (artifact id: 'e7e93b6bb53503e0f8f4f0de80d2329d') in 0.000139329 seconds
Start importing Packages/com.unity.addressables/Tests/Editor/BuildReportVisualizer using Guid(8e04665b29e340b4b9a3de20e2df5366) (DefaultImporter) -> (artifact id: '2f546cd4e1508ca8fdc46982d5ca83d5') in 0.000134588 seconds
Start importing Packages/com.unity.test-framework/UnityEditor.TestRunner/UnityTestProtocol/Messages using Guid(9ea154c33fd8466f973f004e5c962df7) (DefaultImporter) -> (artifact id: 'd8ce3e034bebd7e36b2b6ecc121483da') in 0.000145287 seconds
Start importing Packages/com.unity.render-pipelines.core/Editor/CommandBuffers/CommandBufferGenerator using Guid(9ee4775791ff6f8448490ba9f74d2f5b) (DefaultImporter) -> (artifact id: '06bea95265cf41ee62a05e38b8e2673a') in 0.000152668 seconds
Start importing Packages/com.unity.render-pipelines.core/Runtime/ShaderLibrary/Sampling using Guid(bea6ca7ad79287c4b8c525b8ffbd5842) (DefaultImporter) -> (artifact id: 'e754b269e6559bf77e55475f683e10e0') in 0.000140832 seconds
Start importing Packages/com.unity.cloud.gltfast/Runtime/Shader/URP using Guid(befa3dcd29675664fb21078dce008500) (DefaultImporter) -> (artifact id: '01844b230bbaeea78f59964990869790') in 0.000149322 seconds
Start importing Packages/com.unity.test-framework/UnityEngine.TestRunner/Utils/MonoBehaviourTest using Guid(ce8da628f68c7594b8b9a597fa52db7b) (DefaultImporter) -> (artifact id: '2d38e1309f0ea79159d19d1fe0eb6c3d') in 0.000147158 seconds
Start importing Packages/com.unity.render-pipelines.universal/Runtime/VFXGraph/Utility using Guid(cebf9c6bb6e199e4db858b1ca6525e5d) (DefaultImporter) -> (artifact id: '027bfd2551e6699379ca269566d3826c') in 0.000142114 seconds
Start importing Packages/com.unity.render-pipelines.universal/Editor/Tools/Converters using Guid(de07e00acee5049188d7f5c776e98c91) (DefaultImporter) -> (artifact id: '96b604e4696e24aa08197b9a01f8d564') in 0.000138813 seconds
Start importing Packages/com.unity.render-pipelines.core/Runtime/UnifiedRayTracing/Hardware using Guid(de0ed5319362ff5418fb5d16977e9463) (DefaultImporter) -> (artifact id: '1cc584649c8745fd87662cdf2f11fab2') in 0.000151882 seconds
Start importing Packages/com.unity.render-pipelines.universal/Editor/ShaderGraph/AssetCallbacks using Guid(eea3e26ee6aecd14d8ab3f9b20ccc5d5) (DefaultImporter) -> (artifact id: '5ab38eb6565d85ecc75b6a3073258f12') in 0.00014436 seconds
Start importing Packages/com.unity.ugui/Editor/TMP/HDRP using Guid(eecc124dc0b994047aac97ccf8c8ed0a) (DefaultImporter) -> (artifact id: '5b5397f7d63b0f449a7a5706eccb0297') in 0.000138633 seconds
Start importing Packages/com.unity.render-pipelines.core/Runtime/Debugging/FrameTiming using Guid(0f240cc177d08124a9694021c19c0dc4) (DefaultImporter) -> (artifact id: '9eb3d9d6c684f05e2c563912d525a8b9') in 0.000146783 seconds
Start importing Assets/StreamingAssets/Art/Characters/Boy using Guid(0fada9a1b76437652bff742c5b2fe4fd) (DefaultImporter) -> (artifact id: 'e697e49f403e64b8cbcc1b2a0c74ad5d') in 0.000269008 seconds
Start importing Packages/com.unity.test-framework/UnityEditor.TestRunner/TestRunner/Utils using Guid(1f5bbb88ca730434483440cbc0278ef6) (DefaultImporter) -> (artifact id: 'd5d79cd3d4288070e6bddcbfc9c58d29') in 0.000154571 seconds
Start importing Packages/com.unity.render-pipelines.universal/Editor/BuildProcessors/GraphicsSettingsStrippers using Guid(2f3616b2dfb87f24b87d934d1c8ea882) (DefaultImporter) -> (artifact id: '410263ae6aae53cbbfc8d9419325a75c') in 0.000153383 seconds
Start importing Assets/StreamingAssets/Art/Characters/CustomerFemale03 using Guid(3fee419d1e9259a45b3fdbbfe6856acc) (DefaultImporter) -> (artifact id: '45d40541649d7f4bc48243c5d81a782a') in 0.000264265 seconds
Start importing Packages/com.unity.render-pipelines.core/Runtime/Utilities/GPUPrefixSum using Guid(4fd6fd0a85444385a35a13e9adbcb49d) (DefaultImporter) -> (artifact id: '4c82f68ed4d0dd5e32108f3509262f9a') in 0.00015516 seconds
Start importing Packages/com.unity.render-pipelines.universal/Runtime/2D/Shadows using Guid(5f7294749d1800e4daee980df3e624da) (DefaultImporter) -> (artifact id: 'b29fc61f5e8fc2abaa0b6517d6bfb3e3') in 0.000162954 seconds
Start importing Packages/com.unity.shadergraph/Editor/Resources/Styles using Guid(5f393962fcae179489132b01f969bb6e) (DefaultImporter) -> (artifact id: '5899d66945d3e1d7c619847b31712057') in 0.000148858 seconds
Start importing Packages/com.unity.inputsystem/InputSystem/Controls/Processors using Guid(6fde91b0a4ee45cd86be18a8d829dc87) (DefaultImporter) -> (artifact id: '3f311468dd0b50c47976904a5af4a4b0') in 0.000142971 seconds
Start importing Packages/com.unity.addressables/Tests/Runtime/Initialization using Guid(6faf7d815764fef408b2e42c8982f2d0) (DefaultImporter) -> (artifact id: 'a46741d22835eee13e6435d667f42980') in 0.000139734 seconds
Start importing Packages/com.unity.shadergraph/Tests/Editor/UnitTests using Guid(7f85ac5340a5dff468e347347435cf68) (DefaultImporter) -> (artifact id: 'ebd829df3026ddbc559bdbd4d980e66d') in 0.000141639 seconds
Start importing Packages/com.unity.ugui/Runtime/UGUI/EventSystem using Guid(7f27709c942d91541be1fd6aa5cb3d78) (DefaultImporter) -> (artifact id: 'f0d60c8b7f149f215e5d223617964474') in 0.000153752 seconds
Start importing Packages/com.unity.shadergraph/Editor/Drawing/Colors using Guid(9ff4538fd9b634ffd8b591bd96663d06) (DefaultImporter) -> (artifact id: '9df3cd413671764a252b29141aca6cb9') in 0.000146627 seconds
Start importing Packages/com.unity.inputsystem/InputSystem/Utilities/Observables using Guid(9f8944bd1ba848ab8f95afe7acfb4b79) (DefaultImporter) -> (artifact id: '4b45e311302f219ff3f4e6ba9c8015a5') in 0.00013863 seconds
Start importing Packages/com.unity.render-pipelines.core/Editor/Lighting/Shadow using Guid(9f9a42fd802a4b144b2d7b1a4f4a0463) (DefaultImporter) -> (artifact id: '6cb6f35e218b0425a68b89f4429d2dff') in 0.000140007 seconds
Start importing Assets/StreamingAssets/Art/Characters/CustomerMale01 using Guid(9f9e8f4eada747f24a45aee6eb8218b3) (DefaultImporter) -> (artifact id: 'a234489f5b65b42d1f4832aa2b3ce374') in 0.000265199 seconds
Start importing Packages/com.unity.render-pipelines.universal/Editor/2D/LightBatchingDebugger using Guid(bf4452fea996a7a468c7d5443cf2ff2e) (DefaultImporter) -> (artifact id: '2f73634d5185c547a63fa47f3b71b8f3') in 0.000165093 seconds
Start importing Packages/com.unity.render-pipelines.core/Editor/Settings/PropertyDrawers using Guid(cf844af7c1c69cd42b541bd236fe3e8c) (DefaultImporter) -> (artifact id: 'a3a9c707c35d818d350e5c6ee16680c6') in 0.000149163 seconds
Start importing Packages/com.unity.ugui/Editor/UGUI/Properties using Guid(cf97e54bcd5479a46bdbade48da047cc) (DefaultImporter) -> (artifact id: 'bcc5e4cf73302b79631566aee946fa3b') in 0.000152386 seconds
Start importing Packages/com.unity.inputsystem/InputSystem/Plugins/UnityRemote using Guid(cf0897af2cae4ebbaf8b79eaae98fb08) (DefaultImporter) -> (artifact id: 'dfd6c1a5d2929e358551e02c27b86f01') in 0.000144453 seconds
Start importing Packages/com.unity.addressables/Tests/Editor/AnalyzeRules using Guid(cf99c4b78a1e287498efd1df562f6347) (DefaultImporter) -> (artifact id: '9b3a857819d94598435e8e3788bc80c8') in 0.000141814 seconds
Start importing Packages/com.unity.render-pipelines.core/Runtime/GPUDriven/Components using Guid(efa82a5fd775b99479c361771fb9e6d1) (DefaultImporter) -> (artifact id: '196acaa875c3fc61e57e455359e32c15') in 0.000144523 seconds
Start importing Packages/com.unity.inputsystem/InputSystem/Plugins/EnhancedTouch using Guid(ef4b66ea93dd243a783c32ab1da39fc4) (DefaultImporter) -> (artifact id: '8c0744b36938aa8a5335b8ec17709615') in 0.000138226 seconds
Start importing Packages/com.unity.addressables/Editor/Diagnostics/Profiler using Guid(ff5ae233625844a6ab198d26b007dd7c) (DefaultImporter) -> (artifact id: 'faf1deda0a1935fe47475ddc4d4fad7a') in 0.000142408 seconds
Start importing Packages/com.unity.cloud.gltfast/Runtime/Scripts/Schema using Guid(ffda2751a985d437aa9535cccba413a2) (DefaultImporter) -> (artifact id: '4bd4692762618d563141e6e691d8b16d') in 0.000138181 seconds
Start importing Packages/com.unity.ugui/Tests/Runtime/UGUI/Image using Guid(1091bc2ad06e3234aac2b2fa2841c09d) (DefaultImporter) -> (artifact id: '94034d6d07fdc201b83d5943f5af1dca') in 0.000140988 seconds
Start importing Packages/com.unity.shadergraph/Editor/Data/Interfaces/Graph using Guid(20d63795c62940409089af61496db945) (DefaultImporter) -> (artifact id: 'b7e459f513c543a440200c40c9a0a869') in 0.000139609 seconds
Start importing Packages/com.unity.render-pipelines.universal/Editor/ShaderGraph/GraphTemplates/2D using Guid(30d55c1054874cd45b0415318bf60fca) (DefaultImporter) -> (artifact id: '6cb9d9ac47cb27e46c7303a42ca575c7') in 0.000155092 seconds
Start importing Packages/com.unity.ugui/Tests/Editor/UGUI/RectMask2D using Guid(305ca32be1aa5504aa182f583895dfe4) (DefaultImporter) -> (artifact id: '5feb8431e6a2647400681c0df4eb4982') in 0.00014526 seconds
Start importing Packages/com.unity.render-pipelines.core/Editor/Lighting/ProbeVolume/RenderingLayerMask using Guid(6043c984fc486f646b6686af5208025b) (DefaultImporter) -> (artifact id: 'dc9388f1826af9613dbc4ea94e220dea') in 0.000143976 seconds
Start importing Packages/com.unity.render-pipelines.universal/Editor/2D/ShaderGraph/AssetCallbacks using Guid(702cc9b492bf4f6da778b0f5c996b7ad) (DefaultImporter) -> (artifact id: '4db58d58660a86a23d1e027ea4c31d1e') in 0.000162732 seconds
Start importing Assets/StreamingAssets/Art/Characters/CustomerFemale03/Textures using Guid(90807d0f8e3d505c9b50217e5445d74b) (DefaultImporter) -> (artifact id: '2dfddac47590ddcd69d63c33c275d16c') in 0.0002887 seconds
Start importing Packages/com.unity.render-pipelines.universal/Editor/2D/ShaderGraph/Includes using Guid(b0e1457667cf4865bf50a0f8567c4d29) (DefaultImporter) -> (artifact id: 'b434d7ededfa3f369652d468342b9122') in 0.000162283 seconds
Start importing Packages/com.unity.shadergraph/Editor/Generation/Targets/Fullscreen using Guid(b08719eeefb3f464f9c08fa512667b40) (DefaultImporter) -> (artifact id: '652ca7eba1540594fbb60e74af57f149') in 0.000156471 seconds
Start importing Packages/com.unity.render-pipelines.universal/Editor/Tools/Converters/ReadonlyMaterialConverter using Guid(d0cbb8c1758af77469e1b602c122282c) (DefaultImporter) -> (artifact id: '743cb320c1d8aa4351a46fae71a18d60') in 0.000147747 seconds
Start importing Packages/com.unity.searcher/Editor/Resources/FlatSkin/Font using Guid(d0feff57b6f6c594f86fff295ec0fe3f) (DefaultImporter) -> (artifact id: '6c049e1145c9a0f080cdd5f6d6d4749c') in 0.000144024 seconds
Start importing Packages/com.unity.shadergraph/Editor/Generation/Targets/Terrain using Guid(81ea4f1a846f43919f95844124702750) (DefaultImporter) -> (artifact id: '110122d97145aa830b6ef32ccc0180a9') in 0.00015314 seconds
Start importing Packages/com.unity.render-pipelines.core/Runtime/Debugging/Prefabs/Fonts using Guid(a11be56b627f5034bbca389c76bd3964) (DefaultImporter) -> (artifact id: '404359462f825bc72bbf4d29b080c2d1') in 0.000163882 seconds
Start importing Packages/com.unity.addressables/Runtime/ResourceManager/ResourceProviders/Simulation using Guid(a1eb7ad3cb0ad104b9cf9b6018e9d578) (DefaultImporter) -> (artifact id: 'f31bb23ff2f2f1ce6265cfee87f6df65') in 0.000154213 seconds
Start importing Assets/StreamingAssets/Art/Characters/Girl/Textures using Guid(a1fc8ccff9d7bec9488c0d77f27ed039) (DefaultImporter) -> (artifact id: '5ab4fb498f11659a205daec1dc8c67ab') in 0.000516914 seconds
Start importing Packages/com.unity.ugui/Tests/Editor/UGUI/InputField using Guid(c16c54fe03afb5740bcc0a2a295cb79d) (DefaultImporter) -> (artifact id: 'f2549288d5f830259850c3bed852b8b1') in 0.000191249 seconds
Start importing Packages/com.unity.ai.navigation/Tests/Runtime/OffMeshLinkTests/SceneSetup using Guid(028144d6018e97b4eabdb685c9fc01a0) (DefaultImporter) -> (artifact id: 'b10002eb36438d6ff18cf1ac6cb42d5c') in 0.000170434 seconds
Start importing Packages/com.unity.render-pipelines.universal/Editor/2D/Resources/InspectorIcons using Guid(02ab4512457271c48afa84879f6d3848) (DefaultImporter) -> (artifact id: '63aa20489b34e854211cfca017e2d8fa') in 0.000169658 seconds
Start importing Packages/com.unity.ugui/Runtime/UGUI/UI/Core using Guid(12c42068351bb084abde965d725b9887) (DefaultImporter) -> (artifact id: 'cacc7f0504c10a89d30473ce3cb13775') in 0.00016322 seconds
Start importing Packages/com.unity.render-pipelines.universal/Editor/2D/ShaderGraph/Targets using Guid(6235450d5ad64142aeb12e4f3cac5f72) (DefaultImporter) -> (artifact id: '3995a54594652c481b876e43d5b39d33') in 0.00016033 seconds
Start importing Assets/StreamingAssets/Art/Characters/CustomerFemale01/Textures using Guid(928d8f43ce399f6d99f95d00d66e928d) (DefaultImporter) -> (artifact id: '44b51b24608cf1e64b48d520ed8d2c2c') in 0.000280272 seconds
Start importing Packages/com.unity.render-pipelines.universal/Runtime/RendererFeatures/SurfaceCacheGI/SurfaceCacheCore using Guid(a2edb5f961ad3b341b5045c3e6ffd4b5) (DefaultImporter) -> (artifact id: '8d6b68b655dc44c19e62c264862b89f0') in 0.000170298 seconds
Start importing Packages/com.unity.ugui/Tests/Runtime/UGUI/Toggle using Guid(e210c8bf2e9c6514d90a1bd77586af1f) (DefaultImporter) -> (artifact id: 'dbc3a78b1232d980c5eec42316701d59') in 0.000168059 seconds
Start importing Packages/com.unity.render-pipelines.universal/Editor/2D/ShaderGraph/Nodes using Guid(f270bf32cbff4c02ae07004a815c5632) (DefaultImporter) -> (artifact id: 'cde2fd73e298a8aec7c3588d55a6726c') in 0.00031386 seconds
Start importing Packages/com.unity.render-pipelines.universal/Editor/Converter/PPv2/EffectConverters using Guid(036db18d0922d53419a5d769fe345bec) (DefaultImporter) -> (artifact id: 'c094d8ee8dd7fc8a907360b6ab915f43') in 0.000243961 seconds
Start importing Packages/com.unity.ugui/Tests/Runtime/UGUI/Button using Guid(239dd6edc8e5cd14585c03e09e86a747) (DefaultImporter) -> (artifact id: 'ac27d701a2faade0a9eb1621f0aeec9d') in 0.000238724 seconds
Start importing Packages/com.unity.ugui/Tests/Runtime/UGUI/ScrollBar using Guid(43b1467da3d29ae4597a733828cdd84a) (DefaultImporter) -> (artifact id: '9d24d5339ee40185803e2696afc4766b') in 0.000232025 seconds
Start importing Packages/com.unity.ugui/Tests/Runtime/UGUI/Graphic using Guid(8313ea704470a264295ec9e09aec6ebc) (DefaultImporter) -> (artifact id: '08e82deac7b1e19a2c784e9398edc209') in 0.000233173 seconds
Start importing Packages/com.unity.addressables/Editor/Diagnostics/Profiler/UXML using Guid(83a713b47f5b64d188f7cc0fb6c1ad90) (DefaultImporter) -> (artifact id: '41200ebad3b1851e79ffd2b48858a28a') in 0.000237573 seconds
Start importing Packages/com.unity.render-pipelines.core/Runtime/Debugging/Prefabs/Scripts using Guid(9383aa19796d6e84e8031655b9ac912f) (DefaultImporter) -> (artifact id: '34039360b4a452cef7ead8f56e3d0091') in 0.000236281 seconds
Start importing Packages/com.unity.ugui/Tests/Runtime/UGUI/TextEditor using Guid(93effba7cf7f3824ab0bd048a27a9c02) (DefaultImporter) -> (artifact id: '8eef0647cc6fb4855db6a46795a64f66') in 0.000229653 seconds
Start importing Packages/com.unity.ugui/Runtime/UGUI/EventSystem/EventData using Guid(b3cdabf2f1e76854d8aab5930305d70d) (DefaultImporter) -> (artifact id: '8277f8c996e87ca284549912a55a6cd9') in 0.000236604 seconds
Start importing Packages/com.unity.shadergraph/Editor/Data/Nodes/Utility using Guid(f3d12703f494d7147b7874aabe94ab18) (DefaultImporter) -> (artifact id: '4a11bdc14abc2ac128a280f2a7d53412') in 0.000231574 seconds
Start importing Packages/com.unity.addressables/Tests/Editor/DocExampleCode/ScriptReference using Guid(14eabbd60aeb052409b51db02db54c84) (DefaultImporter) -> (artifact id: '298b8551d11efd129f27a0bd44131971') in 0.000226992 seconds
Start importing Packages/com.unity.shadergraph/Editor/Generation/Targets/BuiltIn using Guid(24f978237d7204d78b8266e4b1fd1248) (DefaultImporter) -> (artifact id: '4afcc482731945facb7310e82c006c99') in 0.000226441 seconds
Start importing Packages/com.unity.ugui/Runtime/UGUI/UI/Animation using Guid(5472815444de2ce45bf2053a4af04b9d) (DefaultImporter) -> (artifact id: '41463e8550df76b3752941ecf4af4827') in 0.000227878 seconds
Start importing Packages/com.unity.shadergraph/Editor/Drawing/Inspector/PropertyDrawers using Guid(8488c4add4764941a2d903bf014329b9) (DefaultImporter) -> (artifact id: '161e29b17067a67d7d32c2e9e88261c4') in 0.000229316 seconds
Start importing Packages/com.unity.test-framework/UnityEditor.TestRunner/TestRun/Tasks/Player using Guid(94a6220ee1a442249702c9df66e0fe1b) (DefaultImporter) -> (artifact id: 'f827ae25f95ca0b2387aab13d0de9e87') in 0.000229399 seconds
Start importing Packages/com.unity.addressables/Editor/GUI/GUIElements/StyleSheets using Guid(a4b9c96f39944b62ae70bf77aee6cff2) (DefaultImporter) -> (artifact id: '9c8292b31c95818cfffbdb26ea7c6c29') in 0.000228043 seconds
Start importing Packages/com.unity.addressables/Editor/GUI/GUIElements/UXML using Guid(c48a079ac200400380bbb54b66a2ad09) (DefaultImporter) -> (artifact id: '551e21cdc9de7e0bb02a522b53a0ac9a') in 0.00022321 seconds
Start importing Packages/com.unity.shadergraph/Editor/Resources/Styles/Controls using Guid(e4de09b690b402c4bab6110751305df5) (DefaultImporter) -> (artifact id: '8f05c52587442b18fd9d01ca3168c0e1') in 0.000233439 seconds
Start importing Packages/com.unity.render-pipelines.universal/Editor/ShaderGraph/Includes/Terrain using Guid(f4e1f16cd720fd149b53725287d528da) (DefaultImporter) -> (artifact id: '4f525d1043642aebc8d5f5629c1ce652') in 0.000231436 seconds
Start importing Packages/com.unity.inputsystem/InputSystem/Plugins/XR/Controls using Guid(25ea971cc17caa84a8a2fdf9917af7b4) (DefaultImporter) -> (artifact id: '550d46a4f8a6c3ccc74983dd9b1dbf29') in 0.000228452 seconds
Start importing Packages/com.unity.render-pipelines.core/Editor/Icons/MipLevels/RenderGraphViewer using Guid(5536d79734dc8e44e90ec12c771b50cc) (DefaultImporter) -> (artifact id: '8fa99d91f16349a3bb8fb8406d6d4861') in 0.000229653 seconds
Start importing Packages/com.unity.addressables/Tests/Editor/Diagnostics/Profiler using Guid(7545c2cc1adeab340b31caad93786da5) (DefaultImporter) -> (artifact id: '727b3b5432fdf827f493d29791d9c8f3') in 0.000223837 seconds
Start importing Packages/com.unity.shadergraph/Editor/Data/Nodes/MeshDeformation using Guid(756acc907fa7dec429bae437fab8df69) (DefaultImporter) -> (artifact id: '2fcdeffa818a05167d31a8f5537d06e0') in 0.000233615 seconds
Start importing Packages/com.unity.inputsystem/InputSystem/Plugins/XR/Haptics using Guid(8529451a1ee99484a891bdea2f5219f3) (DefaultImporter) -> (artifact id: '550e71914a9d11dbe52a1c14492c6758') in 0.000226337 seconds
Start importing Packages/com.unity.ugui/Tests/Runtime/UGUI/Slider using Guid(850af9f3bf6d14143baf2ecfbf25db52) (DefaultImporter) -> (artifact id: '437630b46a69623334e22a1b4d23d60a') in 0.000225148 seconds
Start importing Packages/com.unity.render-pipelines.universal/Editor/2D/Resources/SceneViewIcons using Guid(e5f7648dfb00c83428a633efe7759b19) (DefaultImporter) -> (artifact id: '7ad227dc23e833fc459010f71279998b') in 0.000232522 seconds
Start importing Assets/StreamingAssets/Art/Characters/CustomerMale01/Textures using Guid(f5c6cb8d47fa5b3d38ec13faa8a2f8bf) (DefaultImporter) -> (artifact id: '0209e89eae51228d8f9eebf4061d1e76') in 0.000446825 seconds
Start importing Packages/com.unity.render-pipelines.core/Tests/Editor/ShaderStripping/Results using Guid(f5a8b36b9689f8a428381e6fd79a2278) (DefaultImporter) -> (artifact id: 'bb07269894405b815202e84dac73db1d') in 0.000230414 seconds
Start importing Packages/com.unity.ugui/Runtime/UGUI/EventSystem/Raycasters using Guid(46646a5562f14984690c85ee7b946bc9) (DefaultImporter) -> (artifact id: 'e72938d8295fecfa581dc14542b5af2f') in 0.000235091 seconds
Start importing Packages/com.unity.shadergraph/Editor/Drawing/Views/Slots using Guid(56e544af973b458ea7e8051cd0848d24) (DefaultImporter) -> (artifact id: 'feb08fdcdd66d6ea49567259d202ffb3') in 0.000227628 seconds
Start importing Packages/com.unity.inputsystem/InputSystem/Editor/UITKAssetEditor/Commands using Guid(665321577aaff5344b5a12d626dfcaf7) (DefaultImporter) -> (artifact id: '5b304eab01782439182742f7695f71f1') in 0.000227036 seconds
Start importing Packages/com.unity.addressables/Tests/Runtime/OptionalPackages/Ccd using Guid(76950134297a459ba6f09b721da76cde) (DefaultImporter) -> (artifact id: '53f79bd315a68dfe54efc8b5c697bf39') in 0.000257648 seconds
Start importing Packages/com.unity.ugui/Tests/Runtime/UGUI/CanvasRenderer using Guid(a69b08936f9f74179ae333a4bebe7c54) (DefaultImporter) -> (artifact id: '7671a1463691e0f5dc1af47c30eb63be') in 0.000197872 seconds
Start importing Packages/com.unity.addressables/Runtime/ResourceManager/Diagnostics/Profiling using Guid(e64db96403bd54244820848cd058a3be) (DefaultImporter) -> (artifact id: '1c12627009dfe80692c37c4101e3246e') in 0.000179523 seconds
Start importing Packages/com.unity.shadergraph/Editor/Data/Nodes/Math using Guid(e63f07e66d070412bb6e9582ca1eba72) (DefaultImporter) -> (artifact id: 'abf9d15501716e51f07c1cc290ddf207') in 0.000168127 seconds
Start importing Assets/StreamingAssets/Art/Characters/CustomerFemale02/Textures using Guid(f6e88722d5e99cbad8f23c657f455b3e) (DefaultImporter) -> (artifact id: '8751280aa1e1a8212155a7dbe5d30941') in 0.000307665 seconds
Start importing Assets/StreamingAssets/Art/Characters/AdultMale/Textures using Guid(27f6dba55db46cfb2b2e6eb43373ee3c) (DefaultImporter) -> (artifact id: '6492c343f18d8fe1adbabf784464a84b') in 0.000294582 seconds
Start importing Packages/com.unity.render-pipelines.core/Runtime/Debugging/Prefabs/Resources using Guid(3774a3e29f7c59445ba79c15769126fd) (DefaultImporter) -> (artifact id: 'c67bc76dfe62718d12a9982f1ef7a7b0') in 0.000169937 seconds
Start importing Packages/com.unity.ugui/Tests/Editor/UGUI/UI using Guid(e7689eda3a8b1a847a8b197dbe90d9a6) (DefaultImporter) -> (artifact id: '5d2bcf29f5611fa4f2365298e1243e46') in 0.00015978 seconds
Start importing Packages/com.unity.shadergraph/Editor/Data/Nodes/Procedural using Guid(e74e11761cab2b446b96ce63e2d657b3) (DefaultImporter) -> (artifact id: 'c47ca26a69d9e44ec0aac1aaea9e48d6') in 0.000167752 seconds
Start importing Packages/com.unity.render-pipelines.core/Editor/Lighting/Icons/LightUnitIcons using Guid(f7397e6cb98a9fe449a00fd3a1175bdc) (DefaultImporter) -> (artifact id: 'e09dd373379ca7f15c70f70c95437429') in 0.00015932 seconds
Start importing Packages/com.unity.inputsystem/InputSystem/Editor/UITKAssetEditor/PackageResources using Guid(7894838fa258e3a4197077ddbda0eec5) (DefaultImporter) -> (artifact id: 'd3cae844ad6d2a8c0d53dd29272c43a2') in 0.000161263 seconds
Start importing Packages/com.unity.ugui/Tests/Editor/UGUI/EventSystem using Guid(98d14ab1acf42df4f88a0561822ac807) (DefaultImporter) -> (artifact id: 'bcce928e3f5b35dd22455a42941bc8ae') in 0.000154037 seconds
Start importing Packages/com.unity.ugui/Tests/Editor/UGUI/Canvas using Guid(b86b117346968ac4d9cc63e4385becb7) (DefaultImporter) -> (artifact id: '62133acf800fdf2d38044a65fa104ffd') in 0.00014826 seconds
Start importing Packages/com.unity.render-pipelines.core/Editor/Lighting/ProbeVolume/DynamicGI using Guid(c83b9f91aab04264395c477f5f573380) (DefaultImporter) -> (artifact id: '66a10bba0bc17a242918cca192270f5a') in 0.000151935 seconds
Start importing Packages/com.unity.render-pipelines.core/Runtime/UnifiedRayTracing/Common/Utilities using Guid(d87eae04416aa5b4faeeb9dc46c9c6b6) (DefaultImporter) -> (artifact id: '0393125f8a530dc95a2b784f92811548') in 0.000147877 seconds
Start importing Packages/com.unity.addressables/Editor/BuildReportVisualizer/BuildReport Resources/Icons using Guid(e8172907ebad1ec48b261c4e12a371a3) (DefaultImporter) -> (artifact id: 'ffb585b2a2f1fc1b31c8fc5dda63c47a') in 0.000153196 seconds
Start importing Packages/com.unity.render-pipelines.universal/Runtime/2D/Passes/Utility using Guid(f895f2b1dbb2da84e82eedb22e2620f7) (DefaultImporter) -> (artifact id: '0ee1eba51737275c06afeb2c975af3bb') in 0.000150131 seconds
Start importing Packages/com.unity.cloud.gltfast/Runtime/Scripts/Newtonsoft/Schema using Guid(f8acfb6db3f3c492ab195e730ba16ed7) (DefaultImporter) -> (artifact id: '6456f2a89cbbd6df17ec0856e82708dc') in 0.000145983 seconds
Start importing Packages/com.unity.test-framework/UnityEditor.TestRunner/TestRun/Tasks/Scene using Guid(692476ac695e7b74a8d9eabd48862009) (DefaultImporter) -> (artifact id: 'c93fad50921024025a405a0a862090ff') in 0.00017203 seconds
Start importing Packages/com.unity.shadergraph/Editor/Data/Nodes/Terrain using Guid(695f632629ada094ebf7ce1c301ad9c9) (DefaultImporter) -> (artifact id: '227c0c645f33a28cdae9b1f623c02140') in 0.000157341 seconds
Start importing Assets/StreamingAssets/Art/Characters/CustomerMale02/Textures using Guid(89dadb57148d5b39187e97bfbfef9faf) (DefaultImporter) -> (artifact id: '011259b55047c1c2e5cd6eef5c718550') in 0.000278697 seconds
Start importing Packages/com.unity.render-pipelines.core/Runtime/UnifiedRayTracing/Common/GeometryPool using Guid(c92be10cd223d054b8314f7445705554) (DefaultImporter) -> (artifact id: '1379f9fcf6ccb6a0aea64f33b6501ea9') in 0.000179854 seconds
Start importing Packages/com.unity.test-framework/UnityEditor.TestRunner/TestRun/Tasks/Platform using Guid(d973b7805df545bdae3986ab72a6c2e8) (DefaultImporter) -> (artifact id: '20a6de28fd8aedef407457a6ca2d05cd') in 0.00017567 seconds
Start importing Packages/com.unity.ugui/Tests/Editor/UGUI/UnityEvent using Guid(e90cc37a5ccf4a44dbecc5b7172ec512) (DefaultImporter) -> (artifact id: 'a0ce3d4c23b3d1b988cb587e10b1d85e') in 0.000174956 seconds
Start importing Packages/com.unity.shadergraph/Editor/Data/Nodes/UV using Guid(f9c248f478f706147ba7b8a660035472) (DefaultImporter) -> (artifact id: '4b698197e03f9ebb8a2ea045cda85f9d') in 0.000158969 seconds
Start importing Packages/com.unity.shadergraph/Editor/Data/Nodes/Input using Guid(0ab9e53346965db4a8ee81a2b978dca5) (DefaultImporter) -> (artifact id: '1852d79028f67411c56ce0c6b0cf4af6') in 0.00015887 seconds
Start importing Packages/com.unity.addressables/Editor/BuildReportVisualizer/UIToolKitAssets/StyleSheets using Guid(0add36b05968048499c42e29f87bf6ae) (DefaultImporter) -> (artifact id: 'b3931072196886fa96faf9347979ad27') in 0.000152676 seconds
Start importing Packages/com.unity.render-pipelines.core/Tests/Editor/RenderPipeline/SettingsStrippingResults using Guid(1acfae9965174d74086850609850b577) (DefaultImporter) -> (artifact id: '7cbb911163c5dfda8b5311d2caa54b23') in 0.000154907 seconds
Start importing Packages/com.unity.ugui/Tests/Runtime/UGUI/InputField using Guid(2a28c2fab6b1bb745a844ef6b908e7ee) (DefaultImporter) -> (artifact id: '9dad4aba2acb736bb41bd9f498f4a598') in 0.000147007 seconds
Start importing Packages/com.unity.addressables/Editor/Diagnostics/Profiler/GUIElements using Guid(3a99cbf45313241adb3f4cf5332d0866) (DefaultImporter) -> (artifact id: '4d783b9ef8be46ca2fcadb8dcd1297cf') in 0.000142541 seconds
Start importing Packages/com.unity.addressables/Tests/Runtime/ResourceManager/Operations using Guid(6a7f04e028569f74e86bd76972ff7b2a) (DefaultImporter) -> (artifact id: 'f26ccd48f77058e5c9167ff1d6816cec') in 0.00017136 seconds
Start importing Packages/com.unity.inputsystem/InputSystem/Plugins/XR/Devices using Guid(7ada2e545c685b44a8367bdab267f0dc) (DefaultImporter) -> (artifact id: '627ee3817fcb0cf0ee8de9c6e9f272ab') in 0.000159805 seconds
Start importing Packages/com.unity.ugui/Tests/Runtime/UGUI/Canvas using Guid(9a3557da07c729b4eb774b8e30e157a4) (DefaultImporter) -> (artifact id: '81331dc77753752598b07804ea4cff62') in 0.000162576 seconds
Start importing Packages/com.unity.render-pipelines.core/Tests/Editor/Tools/MaterialUpgrader using Guid(aa8ba3d47aaac7e4b830b55e85d7d679) (DefaultImporter) -> (artifact id: '36a744a1cf0bed1fdd9300d026f085c9') in 0.000151574 seconds
Start importing Packages/com.unity.ugui/Tests/Runtime/UGUI/Dropdown using Guid(bae197be297529d4fa735fbe7c91828d) (DefaultImporter) -> (artifact id: '2aa66bb1fd732c209bdffd9958207bc3') in 0.000150275 seconds
Start importing Packages/com.unity.shadergraph/Editor/Generation/Targets/Canvas using Guid(ba9455849cd06164791e7dde58b74d24) (DefaultImporter) -> (artifact id: 'be724e98f85efbc042ce7b5b1fc6c440') in 0.0001525 seconds
Start importing Packages/com.unity.render-pipelines.core/Runtime/PostProcessing/Shaders/ffx using Guid(badda61a05436ff46bc63d5e3182a197) (DefaultImporter) -> (artifact id: '7626eaf7046bbcbf733df6c5eadc9349') in 0.000532518 seconds
Start importing Packages/com.unity.shadergraph/Editor/Resources/UXML/Blackboard using Guid(faa5d782c77ec7b41a65542649dbcc98) (DefaultImporter) -> (artifact id: '2ad354ba296131097266772848008ca5') in 0.000175649 seconds
Start importing Assets/StreamingAssets/Art/Characters/Boy/Textures using Guid(2be2ef15217e3834d9c4eb75e0f4d6c6) (DefaultImporter) -> (artifact id: '50f39291f498b451773a9dd5ce07d046') in 0.000280597 seconds
Start importing Packages/com.unity.ugui/Tests/Runtime/UGUI/MaskClipping using Guid(2bc8a181dfd9de24388de89bb8db7713) (DefaultImporter) -> (artifact id: '0a0c449a5ca7d42ce0c9a97eda0d4d04') in 0.00017219 seconds
Start importing Packages/com.unity.shadergraph/Editor/Generation/Targets/UITK using Guid(3b0363be720b24507aba82d7f4d3a3fb) (DefaultImporter) -> (artifact id: 'e061046d9525a28beb8ba469fc057c14') in 0.000159664 seconds
Start importing Packages/com.unity.render-pipelines.universal/Tests/Editor/Tools/Converters using Guid(4b117ddec9feb0445a5b1ff958fd1399) (DefaultImporter) -> (artifact id: '115a02b484cdfc5849ca2b564465747b') in 0.000169033 seconds
Start importing Packages/com.unity.render-pipelines.core/Runtime/Debugging/Prefabs/Widgets using Guid(4b0ba40f636c768488950e485bd520cb) (DefaultImporter) -> (artifact id: '909ba5a1a3645f211f487d808cecb546') in 0.000153125 seconds
Start importing Packages/com.unity.inputsystem/InputSystem/Editor/ControlPicker/Layouts using Guid(5b630b769a2a8aa499ce2d2093f40500) (DefaultImporter) -> (artifact id: '403e46b923f168d79c0a976305679f07') in 0.000149332 seconds
Start importing Packages/com.unity.ugui/Tests/Runtime/UGUI/ScrollRect using Guid(9bedab6f9886aee42b33e424bffdb640) (DefaultImporter) -> (artifact id: 'a0e08ced210bbca101c3d35c258f23e3') in 0.000149233 seconds
Start importing Packages/com.unity.ugui/Tests/Runtime/UGUI/EventSystem using Guid(ab93e1a81defc3243a6e9cd0df3cb443) (DefaultImporter) -> (artifact id: '642b7155e0374f42426082344e328a0f') in 0.000154221 seconds
Start importing Packages/com.unity.render-pipelines.core/Runtime/Debugging/Prefabs/Textures using Guid(dbf7c066574f12a439bf604f2214a450) (DefaultImporter) -> (artifact id: '70d22414b9becb1760b44adf133d75cb') in 0.000149122 seconds
Start importing Packages/com.unity.shadergraph/Editor/Data/Nodes/UI using Guid(4c661c25ff9f470d903fa0d14171193f) (DefaultImporter) -> (artifact id: '1d8392672b63d797c3aa278bd0966db2') in 0.000146849 seconds
Start importing Packages/com.unity.ugui/Tests/Editor/UGUI/Slider using Guid(4cfe5ade9a1375e40aed87618b92bd12) (DefaultImporter) -> (artifact id: '91a2980309d6499d37b364770f3dc35d') in 0.000146267 seconds
Start importing Packages/com.unity.render-pipelines.core/Runtime/Sampling/Textures/SobolBlueNoise using Guid(5cd9d26d95a75804d8f849a19ab998e7) (DefaultImporter) -> (artifact id: '5f8b2146581bbde127facdae2ca832b1') in 0.000154326 seconds
Start importing Packages/com.unity.inputsystem/InputSystem/Editor/Internal/AdvancedDropdown using Guid(5cdea6ae28e4a4b6ca0bb7506f88764c) (DefaultImporter) -> (artifact id: 'eca336dc6ca2b7d726720885b47884ac') in 0.000144459 seconds
Start importing Packages/com.unity.render-pipelines.core/Runtime/UnifiedRayTracing/Compute/RadeonRays using Guid(bc373571d8c974b4c8b11bbc194651eb) (DefaultImporter) -> (artifact id: '80dc1284311fc538b0c1a4edf5f0574a') in 0.000142568 seconds
Start importing Packages/com.unity.ugui/Editor/UGUI/UI/PropertyDrawers using Guid(bc9aa6d5a7945f34882c442e9e201537) (DefaultImporter) -> (artifact id: '270b585cc009643c70718bcb5358bab0') in 0.000147158 seconds
Start importing Packages/com.unity.ugui/Tests/Runtime/UGUI/Layout using Guid(cc313cc004395df4a9884390556690a5) (DefaultImporter) -> (artifact id: '563d44d617bb73e3ce0b9367beb9f7f6') in 0.000144851 seconds
Start importing Packages/com.unity.test-framework/UnityEditor.TestRunner/TestRun/Tasks/Events using Guid(cca5935142d6c754f9ecdce1294f7079) (DefaultImporter) -> (artifact id: '1f81049cc8c4f238fec5f2b1ea887709') in 0.000150505 seconds
Start importing Packages/com.unity.inputsystem/InputSystem/Editor/UITKAssetEditor/Views using Guid(2db76e4ad9537964994bd20263e1c379) (DefaultImporter) -> (artifact id: '55b765bc8bef98298d0dce9de6fd088a') in 0.000145324 seconds
Start importing Packages/com.unity.ugui/Tests/Runtime/UGUI/LayoutGroup using Guid(2d9b6ff056b6f484ba6500aa8e06bcf3) (DefaultImporter) -> (artifact id: '1c3147b292d515aadba03fbf6013744b') in 0.000148718 seconds
Start importing Assets/StreamingAssets/Art/Characters/AdultFemale/Textures using Guid(5d02870dce887f0798d4a227b57e3198) (DefaultImporter) -> (artifact id: '34c4885349d3aa342c02fa188e5c011b') in 0.000280129 seconds
Start importing Packages/com.unity.ugui/Runtime/UGUI/EventSystem/UIElements using Guid(5dc64c943466a44498be3b620c743b45) (DefaultImporter) -> (artifact id: '96c94b86d87620112b8e860f107d8e93') in 0.0001632 seconds
Start importing Packages/com.unity.shadergraph/Editor/Generation/Targets/CustomRenderTexture using Guid(6d5720fee1395a0469d470106d06823e) (DefaultImporter) -> (artifact id: '91650c26b789902fa4b53cd71c7bb238') in 0.000157152 seconds
Start importing Packages/com.unity.shadergraph/Editor/Resources/GraphView/Nodes using Guid(9d93b12df2d043f9876fa00095ab8c99) (DefaultImporter) -> (artifact id: '95a223aff6712833ee640480f5d3b61f') in 0.000162104 seconds
Start importing Packages/com.unity.inputsystem/InputSystem/Editor/AssetEditor/PackageResources using Guid(ad61ded360bb0784b9301188fc603d6d) (DefaultImporter) -> (artifact id: '89b0b596240fab476c123f102a1ab111') in 0.000152691 seconds
Start importing Packages/com.unity.addressables/Tests/Editor/OptionalPackages/Ccd using Guid(3e68c62f4f2eb4149a0d4dd09869dd5d) (DefaultImporter) -> (artifact id: 'fbfe3eee1bfff667aa860728c253f59e') in 0.000148858 seconds
Start importing Packages/com.unity.addressables/Tests/Runtime/ResourceManager/TestUtil using Guid(3e098a01716164d41a666ccd8d2c1cf5) (DefaultImporter) -> (artifact id: '1fdc53c254fe3f76065c26e3b202be51') in 0.000145184 seconds
Start importing Packages/com.unity.cloud.gltfast/Runtime/Scripts/Schema/FakeSchema using Guid(6e048fb1006e548b68d3d5b84d2e4669) (DefaultImporter) -> (artifact id: '419651bd37963999b8a447b34186dec4') in 0.000152385 seconds
Start importing Packages/com.unity.shadergraph/Editor/Data/Nodes/Artistic using Guid(8ee6f8ab31f6bf349a63fdd21fc88664) (DefaultImporter) -> (artifact id: '9565e3b46b3b62f01d81901b43d31564') in 0.000151563 seconds
Start importing Packages/com.unity.ugui/Runtime/UGUI/EventSystem/InputModules using Guid(8e78f8a8575e4a04f8337a54e241cdc5) (DefaultImporter) -> (artifact id: 'cf1e069480532a8f3dc9085bfcf71e39') in 0.000146582 seconds
Start importing Packages/com.unity.shadergraph/Editor/Data/Nodes/Channel using Guid(9e3d3d0ce68bbc843b9b8734ab8d4f02) (DefaultImporter) -> (artifact id: '3ab1efd915e2c5c31ddc5d1968b799ea') in 0.000145567 seconds
Start importing Packages/com.unity.ugui/Tests/Editor/UGUI/CanvasRenderer using Guid(ae242449e9279d44789513b922d3178a) (DefaultImporter) -> (artifact id: 'ee5d432a1318ff51cc5f0f75759cfc19') in 0.000178117 seconds
Start importing Packages/com.unity.render-pipelines.universal/Editor/VFXGraph/Shaders/Templates using Guid(ce87f332afb5ca24ca5486d4bf5caa15) (DefaultImporter) -> (artifact id: '51e54a88371dcb578940ebd966e5bb94') in 0.000157516 seconds
Start importing Packages/com.unity.render-pipelines.universal/Runtime/2D/Data/Textures using Guid(fea15e5ce57d36d489e00e9111e1c9ae) (DefaultImporter) -> (artifact id: '431e04ffff941df6fdbeeedd320f5826') in 0.000151232 seconds
Start importing Packages/com.unity.render-pipelines.universal/Runtime/VFXGraph/Utility/PropertyBinders using Guid(fec7a2969fc9f3e428ddfeba3654b66a) (DefaultImporter) -> (artifact id: 'd4868ba1b9f686bf621b665469ae9e78') in 0.000147255 seconds
Start importing Packages/com.unity.ugui/Tests/Editor/UGUI/Dropdown using Guid(1f71aeacc4a9f1a40b22a1a590331f6b) (DefaultImporter) -> (artifact id: 'f07cb706910528267c831c49a6968d8c') in 0.000144259 seconds
Start importing Packages/com.unity.cloud.gltfast/Runtime/Shader/Built-In/glTFIncludes using Guid(3f62a875b6e4a436bbefc57db5b46197) (DefaultImporter) -> (artifact id: '670efc75564e2391f857e16dbda4c51f') in 0.000158577 seconds
Start importing Packages/com.unity.ugui/Tests/Editor/UGUI/Text using Guid(4f9ac6e545d53f94b9f09c85b9576f36) (DefaultImporter) -> (artifact id: '5f05d186dcb1976da8af0bac527eb730') in 0.000150956 seconds
Start importing Packages/com.unity.render-pipelines.universal/Editor/2D/Shadows/ShadowProvider using Guid(6f2ac257a477638438d93937e28e4e34) (DefaultImporter) -> (artifact id: 'd3c5fb5d6865bdadcfea1a755d5ff0c4') in 0.000145822 seconds
Start importing Packages/com.unity.ugui/Tests/Runtime/UGUI/Util using Guid(af30a361ab68260438b6ec3fb7e64500) (DefaultImporter) -> (artifact id: '2b58310aa8804f03a037a2d47189a1c9') in 0.000139947 seconds
Start importing Packages/com.unity.addressables/Editor/BuildReportVisualizer/UIToolKitAssets/UXML using Guid(af5d5017c0150f541a7ec9eacfded333) (DefaultImporter) -> (artifact id: '0778d6acb33b5d7b6ba34a0f41718a90') in 0.000146312 seconds
Start importing Packages/com.unity.render-pipelines.core/Editor/Lighting/ProbeVolume/VirtualOffset using Guid(dfcc0fb5ecf4d6c4e8654b6853578ceb) (DefaultImporter) -> (artifact id: '58a25bf0d7abaaca600ca22b7e784a05') in 0.000152939 seconds
Start importing Packages/com.unity.ugui/Tests/Runtime/UGUI/NestedLayout using Guid(efad3ddb7270ac241b9b1357ec5ee2f2) (DefaultImporter) -> (artifact id: '8bbb7177cd104b80d48b4cfb1dc88884') in 0.00014604 seconds
Start importing Packages/com.unity.render-pipelines.universal/Runtime/2D/Shadows/ShadowProvider using Guid(ef3fc151f42f1ee4fba8b7729b3237c7) (DefaultImporter) -> (artifact id: '6f4ef5c114a0285e3ef82338bd6e75a2') in 0.000141704 seconds
Start importing Packages/com.unity.shadergraph/Editor/Data/Nodes/Math/Range using Guid(2018cd81f24ba46748d8b85c8f289f4f) (DefaultImporter) -> (artifact id: 'a78759b7d96df7c7f1999dfc760e62a8') in 0.000149703 seconds
Start importing Packages/com.unity.shadergraph/Editor/Data/Nodes/Input/Lighting using Guid(401863ee77eb66240b3581283427644d) (DefaultImporter) -> (artifact id: '1c720fc00ae43c4cdd36e10aa13abfed') in 0.00014686 seconds
Start importing Packages/com.unity.shadergraph/Editor/Data/Nodes/Artistic/Filter using Guid(e005d19f5315e44bc9f50b3f6f8e50b2) (DefaultImporter) -> (artifact id: '13bb872c9f855f18b106c8c271a071e9') in 0.000153507 seconds
Start importing Packages/com.unity.shadergraph/Editor/Data/Nodes/Math/Basic using Guid(4120c70d7c1a34d92b74137bf0b1bc67) (DefaultImporter) -> (artifact id: '8f63f525bbee14da57c3fe28b8aaf5d2') in 0.000142999 seconds
Start importing Packages/com.unity.shadergraph/Editor/Generation/Targets/Fullscreen/Templates using Guid(c131f605e2f659045adf332f0f0f876f) (DefaultImporter) -> (artifact id: 'c6bd537e15615d92219e9edfcec10479') in 0.000147139 seconds
Start importing Packages/com.unity.shadergraph/Editor/Data/Nodes/Math/Derivative using Guid(c10838deaed74574a94a340e53c2b229) (DefaultImporter) -> (artifact id: '76dfbca5f4b1295102e8860d4ce3b35c') in 0.000146341 seconds
Start importing Packages/com.unity.shadergraph/Editor/Generation/Targets/Terrain/Includes using Guid(22acd4a9b5da4f678c564195d78bbed3) (DefaultImporter) -> (artifact id: 'cb0216573d10d41baea7867f20f2bc1c') in 0.000142699 seconds
Start importing Packages/com.unity.shadergraph/Editor/Data/Nodes/Artistic/Utility using Guid(32bf6e8fcb46ec24a9db465ddec10a34) (DefaultImporter) -> (artifact id: '52f824a1946ce02c338e615115983dd6') in 0.000140774 seconds
Start importing Packages/com.unity.render-pipelines.universal/Editor/VFXGraph/Shaders/Templates/ParticleHexahedron using Guid(a2a46415c7cedaf418d42532b73efd24) (DefaultImporter) -> (artifact id: '6ffe3c3cbef152dc3920322660d8ad84') in 0.000151028 seconds
Start importing Packages/com.unity.render-pipelines.universal/Editor/VFXGraph/Shaders/Templates/ParticlePlanarPrimitives using Guid(93a7f042c0fafec41b13ea8cffc632c1) (DefaultImporter) -> (artifact id: '45eca41844facfde3ca5581158ddeabb') in 0.000147052 seconds
Start importing Packages/com.unity.shadergraph/Editor/Data/Nodes/Math/Vector using Guid(c3becf597e5084fe8825c0ec59a22201) (DefaultImporter) -> (artifact id: '80ed563da942273792d0385ae4f65d24') in 0.000144927 seconds
Start importing Packages/com.unity.render-pipelines.universal/Editor/VFXGraph/Shaders/Templates/ParticleMeshes using Guid(e3f2e22f0a32625498c3494d01930342) (DefaultImporter) -> (artifact id: '21deaebee743c7f3e7972f513be3ec9e') in 0.00014201 seconds
Start importing Packages/com.unity.shadergraph/Editor/Data/Nodes/Math/Wave using Guid(24b10579e42f5f845a9f2ab79f921476) (DefaultImporter) -> (artifact id: 'f342af05849653b1731c3b31565492fc') in 0.000147271 seconds
Start importing Packages/com.unity.ugui/Tests/Editor/UGUI/UI/PropertyDrawers using Guid(24333a116497b144f9782b1160984b57) (DefaultImporter) -> (artifact id: '38a6a8db8e66efb4b3e00b0b49edce4d') in 0.000149144 seconds
Start importing Packages/com.unity.shadergraph/Editor/Data/Nodes/Procedural/Shape using Guid(74f319061d92c11439d4f7e87c991e89) (DefaultImporter) -> (artifact id: '81651e5ed57fa1ef44549ec5b6d9b348') in 0.000148735 seconds
Start importing Packages/com.unity.render-pipelines.universal/Tests/Editor/Tools/Converters/ReadonlyMaterialConverter using Guid(942a5a86e2bef824ea90af68b65e11d5) (DefaultImporter) -> (artifact id: '69a06308b43cf8d2c1cef8e2079372a5') in 0.000145432 seconds
Start importing Packages/com.unity.shadergraph/Editor/Data/Nodes/Input/Basic using Guid(b43ef3944c134a74995e6582de94d21b) (DefaultImporter) -> (artifact id: '2e7ad70f896015f0ebbc54702ccef8aa') in 0.000154419 seconds
Start importing Packages/com.unity.shadergraph/Editor/Data/Nodes/Math/Interpolation using Guid(458e098c89ad64ed3a48cb5f63a5a498) (DefaultImporter) -> (artifact id: '37afc1b776d82055fd36185adb5e787f') in 0.00014818 seconds
Start importing Packages/com.unity.shadergraph/Editor/Data/Nodes/Artistic/Adjustment using Guid(75cc6d701e07fe246ba5377a454f74c4) (DefaultImporter) -> (artifact id: 'd05752a8b8a3b8b17db1836cb8938290') in 0.00014934 seconds
Start importing Packages/com.unity.inputsystem/InputSystem/Editor/AssetEditor/PackageResources/personal using Guid(95391b99439094c00a105cd26ba61b1b) (DefaultImporter) -> (artifact id: '4035ef21cafc80447e59ea9645c8f64f') in 0.000142121 seconds
Start importing Packages/com.unity.render-pipelines.universal/Runtime/2D/Shadows/ShadowProvider/Providers using Guid(b5fa04dc74317394bb31c148b76a585e) (DefaultImporter) -> (artifact id: '31ad9660de948b5217dee54e7dd69c09') in 0.000149242 seconds
Start importing Packages/com.unity.render-pipelines.universal/Editor/VFXGraph/Shaders/Templates/ParticleMeshesLit using Guid(76287eaf161827c40994b1ba2f2af31f) (DefaultImporter) -> (artifact id: '3cdfcf0d1ff747a3a6339f7fe231f9f7') in 0.000147416 seconds
Start importing Packages/com.unity.ugui/Runtime/UGUI/UI/Core/Utility using Guid(d63dd1a776d383248a21ec2a8a6e7868) (DefaultImporter) -> (artifact id: 'ddf4baa864d390cb48033641e93bc3ab') in 0.000148984 seconds
Start importing Packages/com.unity.shadergraph/Editor/Data/Nodes/Input/Texture using Guid(07cc6493671f2344089936cf4a0ab49b) (DefaultImporter) -> (artifact id: 'b1aaff6bf0c7b4527e623ced762ec3b4') in 0.000143044 seconds
Start importing Packages/com.unity.shadergraph/Editor/Data/Nodes/Input/Matrix using Guid(278936628273864438e48ff64aa20e32) (DefaultImporter) -> (artifact id: '7e3a9bc359e748153865ee597f6b5642') in 0.000153237 seconds
Start importing Packages/com.unity.ugui/Runtime/UGUI/UI/Core/Culling using Guid(27ed3e221887b3544bd9d6505d4a789f) (DefaultImporter) -> (artifact id: 'a8414d4e7a7ce3589ca9a54f2895a3ea') in 0.000148834 seconds
Start importing Packages/com.unity.shadergraph/Editor/Generation/Targets/Fullscreen/Includes using Guid(67b87f1c65c508c429e1d957b33776b3) (DefaultImporter) -> (artifact id: '282c9853b10a3b6de6a975d3736ce7c7') in 0.000143818 seconds
Start importing Packages/com.unity.shadergraph/Editor/Data/Nodes/Artistic/Normal using Guid(b7f9e0995756c4a4896912f8873eb63c) (DefaultImporter) -> (artifact id: '145e8970258f8329d1b585af14843037') in 0.000148594 seconds
Start importing Packages/com.unity.render-pipelines.universal/Editor/VFXGraph/Shaders/Templates/ParticleLines using Guid(18a4907a4ab1eb24882f891e45c993db) (DefaultImporter) -> (artifact id: 'f4f72dabe03e198f65d340d9d7ae65eb') in 0.000148894 seconds
Start importing Packages/com.unity.shadergraph/Editor/Data/Nodes/Math/Trigonometry using Guid(28b2b06f6ff88404c8c0d855b9599203) (DefaultImporter) -> (artifact id: '0abd3bcb9f15948b1b5c0022a2de5644') in 0.000150907 seconds
Start importing Packages/com.unity.render-pipelines.universal/Editor/VFXGraph/Shaders/Templates/ParticlePoints using Guid(4880ad95c4d23714986fc0ae33cc43f1) (DefaultImporter) -> (artifact id: '595ec8e03d220e06a35f443c6029dbf2') in 0.000142909 seconds
Start importing Packages/com.unity.render-pipelines.universal/Editor/VFXGraph/Shaders/Templates/URPDecal using Guid(e81d9b0cdeff465cb187f5a9bb544aa5) (DefaultImporter) -> (artifact id: 'fbd77c2fde097576b11f85509f984736') in 0.000140171 seconds
Start importing Packages/com.unity.shadergraph/Editor/Data/Nodes/Input/UI using Guid(f80c685d59366e44585a7011c5d7b1ea) (DefaultImporter) -> (artifact id: 'edace6f1314020bbb890f9fcc4629639') in 0.000147086 seconds
Start importing Packages/com.unity.ugui/Runtime/UGUI/UI/Core/SpecializedCollections using Guid(f8ed4321a98682942b9980996131cf26) (DefaultImporter) -> (artifact id: '5a5ef29bec25f7a3bf7676116a5962c1') in 0.00014502 seconds
Start importing Packages/com.unity.shadergraph/Editor/Data/Nodes/Artistic/Blend using Guid(f85e7557d4bb9874882ec3fa3044a53e) (DefaultImporter) -> (artifact id: 'c735ca91f74fe25ac7793dbc0e7d95a5') in 0.000155113 seconds
Start importing Packages/com.unity.shadergraph/Editor/Generation/Targets/Canvas/AssetCallbacks using Guid(094f15b4a6654154bb5755294694cb46) (DefaultImporter) -> (artifact id: 'fcee17633abbb28398036f8b77217ee7') in 0.00015243 seconds
Start importing Packages/com.unity.ugui/Runtime/UGUI/UI/Core/Layout using Guid(1999349e7f492c947bb6eb70f624382e) (DefaultImporter) -> (artifact id: 'a8e41ce3a6fccc9c9b78c2afb86f94a6') in 0.000147051 seconds
Start importing Packages/com.unity.shadergraph/Editor/Data/Nodes/Math/Advanced using Guid(198ec765a01574320a8199338d27d9f1) (DefaultImporter) -> (artifact id: '76c44aff4ef4d745d1f6602cc44b0ad9') in 0.000141258 seconds
Start importing Packages/com.unity.render-pipelines.universal/Editor/VFXGraph/Shaders/Templates/ParticleLinesSW using Guid(792601c2ba0e2bc41986706670f378d4) (DefaultImporter) -> (artifact id: '67abc12ad54081279dc71a4b29e78048') in 0.000141208 seconds
Start importing Packages/com.unity.ugui/Tests/Runtime/UGUI/EventSystem/InputModuleTests using Guid(7a892c920c8ad2848b469ec9579c5219) (DefaultImporter) -> (artifact id: 'ddbbd39c1ecedea9952da13283fac82b') in 0.000158128 seconds
Start importing Packages/com.unity.render-pipelines.core/Runtime/UnifiedRayTracing/Compute/RadeonRays/kernels using Guid(9a4184587b7c760418ee26ca0a32df62) (DefaultImporter) -> (artifact id: '9d98fba2fc73c0ca58a73418527344d1') in 0.000151125 seconds
Start importing Packages/com.unity.shadergraph/Editor/Data/Nodes/Utility/Logic using Guid(1c5103f75b5ec7445bb4c7b5a36f6aec) (DefaultImporter) -> (artifact id: '2604281c525d8ba0a22ec95173a1d312') in 0.000146046 seconds
Start importing Packages/com.unity.shadergraph/Editor/Data/Nodes/Input/Gradient using Guid(6c3178830acf943f8bf39e5a651057f2) (DefaultImporter) -> (artifact id: 'db7f38216665322a8e5a5ce01306282d') in 0.000145258 seconds
Start importing Packages/com.unity.ugui/Runtime/UGUI/UI/Core/MaterialModifiers using Guid(7c6295db74da28645bf49db58b7c9c65) (DefaultImporter) -> (artifact id: 'c8309270d25389008b80d2680377db3a') in 0.000140751 seconds
Start importing Packages/com.unity.shadergraph/Editor/Data/Nodes/Input/PBR using Guid(bc2d9fef9660c574dad26112f3061731) (DefaultImporter) -> (artifact id: '0ad0143f77d3be19a9418fc9daf652da') in 0.000152631 seconds
Start importing Packages/com.unity.shadergraph/Editor/Data/Nodes/Math/Round using Guid(4da29d4d0744f43f8aaa921918f1f879) (DefaultImporter) -> (artifact id: 'ec49d2869627292cf7abef91f2145a3d') in 0.000149172 seconds
Start importing Packages/com.unity.shadergraph/Editor/Generation/Targets/BuiltIn/ShaderLibrary using Guid(6dc0256bde5256e40b2e4aa65249dd1e) (DefaultImporter) -> (artifact id: 'cd272e0523f9514008ec24e1344568a6') in 0.000144936 seconds
Start importing Packages/com.unity.shadergraph/Editor/Generation/Targets/Canvas/Templates using Guid(8d975524f8a3461d922a2e20170a1194) (DefaultImporter) -> (artifact id: '284d64b3671c43365ede4abfda3228c7') in 0.000152049 seconds
Start importing Packages/com.unity.shadergraph/Editor/Data/Nodes/Input/Scene using Guid(ad6f48f5ba4c9a24ab7b9df345b45d6f) (DefaultImporter) -> (artifact id: '2002863ea7a821d4ec3c2cead5cbe834') in 0.000149493 seconds
Start importing Packages/com.unity.shadergraph/Editor/Data/Nodes/Artistic/Mask using Guid(cdb8c403de0823942a95a464c32ad0f0) (DefaultImporter) -> (artifact id: '315ff0612b1fcc3d7617d24867761135') in 0.000142092 seconds
Start importing Packages/com.unity.render-pipelines.universal/Editor/VFXGraph/Shaders/Templates/ParticlePlanarPrimitivesLit using Guid(2eda2aff451e93441b6b576a8db601a3) (DefaultImporter) -> (artifact id: '8c5a94ccae47a2769f52325f4dd4086d') in 0.000151047 seconds
Start importing Packages/com.unity.shadergraph/Editor/Data/Nodes/Input/Geometry using Guid(5e9138df313dc9e4fa20f92625c26b59) (DefaultImporter) -> (artifact id: 'fb14554f246e639541860d6edef39879') in 0.000147965 seconds
Start importing Packages/com.unity.inputsystem/InputSystem/Editor/AssetEditor/PackageResources/pro using Guid(be2b3c041afc2477ea1f172b6d14c3dc) (DefaultImporter) -> (artifact id: '08b4bf9d1d01c804d61635e1b758a23f') in 0.000153011 seconds
Start importing Packages/com.unity.shadergraph/Editor/Data/Nodes/Procedural/Noise using Guid(3f074934a38b41c4ea34460933733201) (DefaultImporter) -> (artifact id: 'cf3de78c3d907c4626cda83f799a6190') in 0.000144346 seconds
Start importing Packages/com.unity.shadergraph/Editor/Generation/Targets/BuiltIn/Editor using Guid(5f2f816913824e14396c945dc22a5ad1) (DefaultImporter) -> (artifact id: 'dc0f5c7974476b20e6ac5231b773902c') in 0.000140515 seconds
Start importing Packages/com.unity.shadergraph/Editor/Generation/Targets/UITK/Templates using Guid(9fbee1430c92c48f793957a37a515e30) (DefaultImporter) -> (artifact id: '3e03a98d91b96130764231e31f60c40e') in 0.000154101 seconds
Start importing Packages/com.unity.shadergraph/Editor/Data/Nodes/Math/Matrix using Guid(bfc8dbcaa9711c945b8fd983b819335d) (DefaultImporter) -> (artifact id: 'cbb6f8c8febc26e0639d38e14c5d4dc1') in 0.000149039 seconds
Start importing Packages/com.unity.ugui/Runtime/UGUI/UI/Core/VertexModifiers using Guid(cfa73a847eeff06448bb50a8ac6a94e0) (DefaultImporter) -> (artifact id: '4854c52cecabffb60fdd5ed9e9763c1c') in 0.000141838 seconds
Start importing Packages/com.unity.shadergraph/Editor/Generation/Targets/BuiltIn/Editor/ShaderGUI using Guid(045465d8500b94f469580f232db2929f) (DefaultImporter) -> (artifact id: 'fce3883aa16464bcd42ead6194acb245') in 0.000143866 seconds
Start importing Packages/com.unity.shadergraph/Editor/Generation/Targets/BuiltIn/ShaderLibrary/Shim using Guid(78c9ad9712dcd8a4d9ed0770a8fe6cc7) (DefaultImporter) -> (artifact id: 'c253dcc663c9d3d7c13514a1ecd4f5ad') in 0.000148721 seconds
Start importing Packages/com.unity.shadergraph/Editor/Generation/Targets/BuiltIn/Editor/ShaderGraph using Guid(aa741e0e92d3608409867b98aabf2070) (DefaultImporter) -> (artifact id: 'cf681a801cd417be53829fff9652fa69') in 0.000152559 seconds
Start importing Packages/com.unity.shadergraph/Editor/Generation/Targets/BuiltIn/Editor/AssetPostProcessors using Guid(ff73c880c054e8c40b71704dbc0c1beb) (DefaultImporter) -> (artifact id: '2214c13c79dcf19c55c6de22528faf84') in 0.000155291 seconds
Start importing Packages/com.unity.shadergraph/Editor/Generation/Targets/BuiltIn/Editor/ShaderGraph/Templates using Guid(e9e01eb1ed43ca346a8389fc15adb62d) (DefaultImporter) -> (artifact id: 'b485424ba8d48630e34ecf0c9d4a9e78') in 0.00014858 seconds
Start importing Packages/com.unity.shadergraph/Editor/Generation/Targets/BuiltIn/Editor/ShaderGraph/Includes using Guid(0b48c6912333f1a4fa13346aaf390d56) (DefaultImporter) -> (artifact id: 'ea729a8a9a3284a28a5d027a307ef371') in 0.000146606 seconds
Start importing Packages/com.unity.shadergraph/Editor/Generation/Targets/BuiltIn/Editor/ShaderGraph/Targets using Guid(6d8d9b2bfb6f27b478e969b90661882b) (DefaultImporter) -> (artifact id: '19a08b79413cd741d8d82fcac9152c80') in 0.000141753 seconds
Start importing Packages/com.unity.shadergraph/Editor/Generation/Targets/BuiltIn/Editor/ShaderGraph/AssetCallbacks using Guid(cebe13fbe292c6648ae282c4ce3908e8) (DefaultImporter) -> (artifact id: '535c073f6df816f96d32bed8551517ea') in 0.000148347 seconds
Start importing Packages/com.unity.test-framework/Tests/TestNewCustomAssembly/TestNewCustomAssembly.asmdef using Guid(005d90528beb64e71b011a6207806ed5) (AssemblyDefinitionImporter) -> (artifact id: 'fdab9d5d4dfc6a2d471dd347f8a4173e') in 0.000407246 seconds
Start importing Packages/com.unity.ai.navigation/Tests/VerifyEditorInPlaymode/Unity.AI.Navigation.Tests.EditorInPlaymode.asmdef using Guid(100055fbb0e2acd4a835038b0f7cd2f5) (AssemblyDefinitionImporter) -> (artifact id: 'bc800d037327f3aa3de25299032a48e7') in 0.000248323 seconds
Start importing Packages/com.unity.ugui/Runtime/TMP/Unity.TextMeshPro.asmdef using Guid(6055be8ebefd69e48b49212b09b47b2f) (AssemblyDefinitionImporter) -> (artifact id: '755faf4d872606cabacec4dfdc775f71') in 0.000266734 seconds
Start importing Packages/com.unity.mathematics/Tests/Unity.Mathematics.Tests.asmdef using Guid(904d80dccad704a3f95e42bd0ad5d960) (AssemblyDefinitionImporter) -> (artifact id: '83da058a45d0931d86d85312db6af234') in 0.000228299 seconds
Start importing Packages/com.unity.test-framework.performance/Runtime/Unity.PerformanceTesting.asmdef using Guid(c0dd0d10738d4ad4a9de57c559d0ca1b) (AssemblyDefinitionImporter) -> (artifact id: 'c2f2dd64096bf6690291e63e9be8d050') in 0.000231734 seconds
Start importing Packages/com.unity.collections/Unity.Collections/Unity.Collections.asmdef using Guid(e0cd26848372d4e5c891c569017e11f1) (AssemblyDefinitionImporter) -> (artifact id: '7f0a8b2f27dfe32928c382e08c6aaf28') in 0.0002229 seconds
Start importing Packages/com.unity.addressables/Tests/Editor/Unity.Addressables.Editor.Tests.asmdef using Guid(f0c774e7dbab37641808f75bcc438e4a) (AssemblyDefinitionImporter) -> (artifact id: '96091ccf9d08505e66c29a4cd2daf4a8') in 0.000225066 seconds
Start importing Assets/Scripts/MiniMarket.Runtime.asmdef using Guid(21f6198f5ec4104c781decca27b91775) (AssemblyDefinitionImporter) -> (artifact id: '9742596568185f1554ce25fb918d35e4') in 0.000321755 seconds
Start importing Packages/com.unity.render-pipelines.core/Runtime/UnifiedRayTracing/Unity.UnifiedRayTracing.Runtime.asmdef using Guid(214c0945bb158c940aada223f3223ee8) (AssemblyDefinitionImporter) -> (artifact id: '75b8eb3a34bb4a5831687e228be628e1') in 0.000231842 seconds
Start importing Packages/com.unity.inputsystem/DocCodeSamples.Tests/DocCodeSamples.asmdef using Guid(41b01d3964f844d8b43923c18b3a9a6f) (AssemblyDefinitionImporter) -> (artifact id: 'c4ecdf1098f2cc8c3723c90c3ce012c9') in 0.000220317 seconds
Start importing Packages/com.unity.render-pipelines.universal/Runtime/2D/Unity.RenderPipelines.Universal.2D.Runtime.asmdef using Guid(516a5277b8c3b4f4c8cc86b77b1591ff) (AssemblyDefinitionImporter) -> (artifact id: 'd71084e6528cbd01f96349869b3d2ca3') in 0.000226156 seconds
Start importing Packages/com.unity.render-pipelines.universal-config/Tests/Editor/Unity.RenderPipelines.Universal.Config.Editor.Tests.asmdef using Guid(71747feda1cfa634686086b1914eacb6) (AssemblyDefinitionImporter) -> (artifact id: '4f6dae6761868279602fcf93e18986ae') in 0.000219649 seconds
Start importing Packages/com.unity.render-pipelines.universal/Editor/2D/Overrides/Unity.RenderPipelines.Universal.2D.Editor.Overrides.asmdef using Guid(71872915d7faaaf47a5587bce19d5214) (AssemblyDefinitionImporter) -> (artifact id: '7674f44e206bd81260f9f4f05d1ccc8a') in 0.000215827 seconds
Start importing Packages/com.unity.addressables/Tests/Runtime/ResourceManager/Unity.ResourceManager.Tests.asmdef using Guid(b1d1d33334b51724b9bc4457a3ebd9ee) (AssemblyDefinitionImporter) -> (artifact id: '67296d7f71135c32895b7cbd1ee6f02e') in 0.000233385 seconds
Start importing Packages/com.unity.collections/DocCodeSamples.Tests/DocCodeSamples.Tests.asmdef using Guid(d1fecb7e41996c7468b18df518b721d9) (AssemblyDefinitionImporter) -> (artifact id: '1a8619bbc01a5900ee57a31b93035af9') in 0.000218606 seconds
Start importing Packages/com.unity.scriptablebuildpipeline/Tests/Editor/Unity.ScriptableBuildPipeline.Editor.Tests.asmdef using Guid(0244ca4987514734a84f74195d54113d) (AssemblyDefinitionImporter) -> (artifact id: 'bf840cb7bd8684d13406de1f5a54f4f2') in 0.000218282 seconds
Start importing Packages/com.unity.mathematics/Unity.Mathematics.Editor/Unity.Mathematics.Editor.asmdef using Guid(329b4ccd385744985bf3f83cfd77dfe7) (AssemblyDefinitionImporter) -> (artifact id: '1973905c62ef572f27533f2f433032d1') in 0.000214885 seconds
Start importing Packages/com.unity.ugui/Runtime/InternalBridge/Unity.InternalAPIEngineBridge.004.asmdef using Guid(43b111c4a445f446abd2c02e77750ff5) (AssemblyDefinitionImporter) -> (artifact id: '7768f0299b485d6ebc39eb408ad5c375') in 0.000232734 seconds
Start importing Packages/com.unity.searcher/Tests/Editor/Unity.Searcher.EditorTests.asmdef using Guid(432b70115e987f44abb984cfe7de384f) (AssemblyDefinitionImporter) -> (artifact id: '89ea5603e896e4c9d6b3f507d0b1a9b6') in 0.000217751 seconds
Start importing Packages/com.unity.addressables/Tests/Runtime/Unity.Addressables.Runtime.Tests.asmdef using Guid(536993f12b814234a8f1d38fa0a1f35c) (AssemblyDefinitionImporter) -> (artifact id: '21a6dc82664bde6dca95ff6589a2eff2') in 0.000215938 seconds
Start importing Packages/com.unity.ugui/Editor/Analytics/UnityEditor.UI.Analytics.asmdef using Guid(8394c018a82352f41ae354f7bdad54e3) (AssemblyDefinitionImporter) -> (artifact id: '51a42a6dc598d685998182f7c5c967c4') in 0.00021697 seconds
Start importing Packages/com.unity.scriptablebuildpipeline/Tests/Runtime/TestAssets/Unity.ScriptableBuildPipelineTests.Runtime.Tests.asmdef using Guid(b3d0096afb8b48f4c88de2672cc76462) (AssemblyDefinitionImporter) -> (artifact id: 'd3e507e5d84a1493d3e61ca362ec0601') in 0.000243699 seconds
Start importing Packages/com.unity.ugui/Editor/UGUI/UnityEditor.UI.asmdef using Guid(343deaaf83e0cee4ca978e7df0b80d21) (AssemblyDefinitionImporter) -> (artifact id: 'af08ec8d4d031bbff740ba61300146c5') in 0.000216127 seconds
Start importing Packages/com.unity.collections/Unity.Collections.PerformanceTests/Unity.Collections.PerformanceTests.asmdef using Guid(64222b0d0713a412f92762e2fccd795a) (AssemblyDefinitionImporter) -> (artifact id: '85687e5429e2e22bffc7a464564f3a88') in 0.000226364 seconds
Start importing Packages/com.unity.addressables/Runtime/ResourceManager/Unity.ResourceManager.asmdef using Guid(84651a3751eca9349aac36a66bba901b) (AssemblyDefinitionImporter) -> (artifact id: 'a9305453f8c0f74526fad6e25a9775aa') in 0.000219819 seconds
Start importing Packages/com.unity.cloud.gltfast/Runtime/Scripts/glTFast.asmdef using Guid(a42927d1d4a3b4cda9b076a7adecb9cc) (AssemblyDefinitionImporter) -> (artifact id: 'efa542b504746d49050b0a8a5579de46') in 0.000230124 seconds
Start importing Packages/com.unity.render-pipelines.universal/Shaders/Unity.RenderPipelines.Universal.Shaders.asmdef using Guid(b4517ec124862cb4bb3b8b27d72843a6) (AssemblyDefinitionImporter) -> (artifact id: '6191385f0a4f4b3ad31e465dafc68221') in 0.000219613 seconds
Start importing Packages/com.unity.profiling.core/Runtime/Unity.Profiling.Core.asmdef using Guid(b46779583a009f04ba9f5f31d0e7e6ac) (AssemblyDefinitionImporter) -> (artifact id: '3c400833b9d3b0f906d8d90a820ffc1c') in 0.000222702 seconds
Start importing Packages/com.unity.ugui/Tests/Editor/Common/UnityEditor.UI.Common.Tests.asmdef using Guid(05242c3d99f24a74f99cc20369fcb344) (AssemblyDefinitionImporter) -> (artifact id: '99515af3918328a1a7135a479654a9bf') in 0.000220833 seconds
Start importing Packages/com.unity.render-pipelines.universal/Runtime/Unity.RenderPipelines.Universal.Runtime.asmdef using Guid(15fc0a57446b3144c949da3e2b9737a9) (AssemblyDefinitionImporter) -> (artifact id: '66fd63a54e47fccbdb7cd0a22b50a818') in 0.000226852 seconds
Start importing Packages/com.unity.cloud.gltfast/Runtime/Scripts/Newtonsoft/glTFast.Newtonsoft.asmdef using Guid(25ace1f7ded6f48c0a8abf5ef590456e) (AssemblyDefinitionImporter) -> (artifact id: '5c70a27abeda944654dee4537457bcf9') in 0.000219276 seconds
Start importing Packages/com.unity.ai.navigation/Tests/Runtime/Unity.AI.Navigation.Tests.asmdef using Guid(455cd750f394b1c41b963b3335eae29c) (AssemblyDefinitionImporter) -> (artifact id: 'becc6752e4efb4a6d377a376faf9cff7') in 0.000221252 seconds
Start importing Packages/com.unity.ugui/Editor/TMP/Unity.TextMeshPro.Editor.asmdef using Guid(6546d7765b4165b40850b3667f981c26) (AssemblyDefinitionImporter) -> (artifact id: '9560f464d4c68b2cd231f1d640031561') in 0.000234196 seconds
Start importing Packages/com.unity.ugui/Tests/Editor/TMP/Unity.TextMeshPro.Editor.Tests.asmdef using Guid(656e461844099ae43a609ff6109b0877) (AssemblyDefinitionImporter) -> (artifact id: '30072da98643a3dd2fb6cd04c1e7f82b') in 0.000215523 seconds
Start importing Packages/com.unity.inputsystem/InputSystem/Unity.InputSystem.asmdef using Guid(75469ad4d38634e559750d17036d5f7c) (AssemblyDefinitionImporter) -> (artifact id: 'd3b7f1bfdc6b82180e994b295b9b0527') in 0.000223932 seconds
Start importing Packages/com.unity.ai.navigation/Editor/ConversionSystem/Unity.AI.Navigation.Editor.ConversionSystem.asmdef using Guid(c57630adab7a340ec94f10e4fcac12f1) (AssemblyDefinitionImporter) -> (artifact id: 'e598b58b76186828c99f16f776b7fbb5') in 0.000219573 seconds
Start importing Packages/com.unity.render-pipelines.universal/Editor/Unity.RenderPipelines.Universal.Editor.asmdef using Guid(c579267770062bf448e75eb160330b7f) (AssemblyDefinitionImporter) -> (artifact id: '7cb3cc729604c778768e0366366b67b5') in 0.000227631 seconds
Start importing Packages/com.unity.scriptablebuildpipeline/Editor/Unity.ScriptableBuildPipeline.Editor.asmdef using Guid(c5ecc461727906345a35491a0440694f) (AssemblyDefinitionImporter) -> (artifact id: 'a57b999264f73fc13a97115e92604155') in 0.000217438 seconds
Start importing Packages/com.unity.ai.navigation/Editor/Updater/Unity.AI.Navigation.Updater.asmdef using Guid(1664e92176d434ccd902c1705fefe682) (AssemblyDefinitionImporter) -> (artifact id: '8c8fe093821397de6eabebbbee056d8c') in 0.000209545 seconds
Start importing Packages/com.unity.burst/Runtime/Unity.Burst.asmdef using Guid(2665a8d13d1b3f18800f46e256720795) (AssemblyDefinitionImporter) -> (artifact id: '85eefb398227b4dd1c2deef7bd0db3fa') in 0.000218193 seconds
Start importing Packages/com.unity.render-pipelines.universal/Tests/Editor/Unity.RenderPipelines.Universal.Editor.Tests.asmdef using Guid(36d514892e55d4340b470c29fcab8b44) (AssemblyDefinitionImporter) -> (artifact id: '3c2ef47c9d5df3f9ee1a95dd4dcfe021') in 0.000237141 seconds
Start importing Packages/com.unity.render-pipelines.core/ShaderLibrary/Unity.RenderPipelines.Core.ShaderLibrary.asmdef using Guid(46a67ded66a63de48b9329c593fc08de) (AssemblyDefinitionImporter) -> (artifact id: '88c81854edd64281b7f0d7178ab1a6ed') in 0.000217998 seconds
Start importing Packages/com.unity.cloud.gltfast/Editor/Scripts/glTFast.Editor.asmdef using Guid(76676817d91ba4f44b4aa7df71867256) (AssemblyDefinitionImporter) -> (artifact id: '317e27d9c030f2f2f8b5f0ffea59cbfc') in 0.000233872 seconds
Start importing Packages/com.unity.ai.navigation/Editor/Unity.AI.Navigation.Editor.asmdef using Guid(86c9d8e67265f41469be06142c397d17) (AssemblyDefinitionImporter) -> (artifact id: 'adc2e1fdd52ddb190c2be9656f93685e') in 0.000238263 seconds
Start importing Packages/com.unity.render-pipelines.universal-config/Runtime/Unity.RenderPipelines.Universal.Config.Runtime.asmdef using Guid(86bc95e6fdb13ff43aa04316542905ae) (AssemblyDefinitionImporter) -> (artifact id: '9cef1563a20fdccfdcaa571ada2132b3') in 0.000251762 seconds
Start importing Packages/com.unity.collections/Unity.Collections.Editor/Unity.Collections.Editor.asmdef using Guid(c668b7a00ffe56a498ddb1fc9f96f4e6) (AssemblyDefinitionImporter) -> (artifact id: '6bc15c8fa61aa95b440c3e8be43f6378') in 0.000249438 seconds
Start importing Packages/com.unity.cloud.gltfast/Runtime/Scripts/DOTS/glTFast.dots.asmdef using Guid(d688d3cbc2c1041f68fa250ae633471b) (AssemblyDefinitionImporter) -> (artifact id: 'dacfbca62340d570a32e0a1710fd125c') in 0.00025218 seconds
Start importing Assets/Tests/EditMode/MiniMarket.Tests.asmdef using Guid(f6b0e752828c1caef9525a2fcfc160d7) (AssemblyDefinitionImporter) -> (artifact id: '30f200cd7b242865a2e7c0cd48f9a26a') in 0.000372358 seconds
Start importing Packages/com.unity.test-framework/UnityEngine.TestRunner/UnityEngine.TestRunner.asmdef using Guid(27619889b8ba8c24980f49ee34dbb44a) (AssemblyDefinitionImporter) -> (artifact id: '4e99211f6fa79279dcc82bfb5cb90702') in 0.000255476 seconds
Start importing Packages/com.unity.burst/Editor/Unity.Burst.Editor.asmdef using Guid(b75d3cd3037d383a8d1e2f9a26d73d8a) (AssemblyDefinitionImporter) -> (artifact id: 'e46244b77da178d6ef504f177967ff9d') in 0.00023321 seconds
Start importing Packages/com.unity.render-pipelines.core/Editor/UnifiedRayTracing/Unity.UnifiedRayTracing.Editor.asmdef using Guid(085cb502223da8f46931abfa47535112) (AssemblyDefinitionImporter) -> (artifact id: '079580a6c88c05344b24e0ce9504509a') in 0.000239757 seconds
Start importing Packages/com.unity.ai.navigation/Tests/Runtime/OffMeshLinkTests/Unity.AI.Navigation.LegacyOffMeshLink.Tests.asmdef using Guid(68d7ff144262c9148888e665efa8692c) (AssemblyDefinitionImporter) -> (artifact id: 'd416964d2251ac6e914c20515dcb0f1d') in 0.000221112 seconds
Start importing Packages/com.unity.mathematics/Unity.Mathematics/Unity.Mathematics.asmdef using Guid(d8b63aba1907145bea998dd612889d6b) (AssemblyDefinitionImporter) -> (artifact id: '6e50b0b6076b0521e9640933c3861a6b') in 0.000213729 seconds
Start importing Packages/com.unity.inputsystem/InputSystem/Plugins/InputForUI/InputSystemForUI.asmdef using Guid(09dcc9c0126b6b34ab2a877b8f2277f5) (AssemblyDefinitionImporter) -> (artifact id: '909e8380d27ebb14864db4f1d55d8eb9') in 0.000247725 seconds
Start importing Packages/com.unity.searcher/Editor/Unity.Searcher.Editor.asmdef using Guid(4988cf9794f41d64c884876ab6574b89) (AssemblyDefinitionImporter) -> (artifact id: 'bb8f3049b4230649a4aedd823dcc1d23') in 0.000231994 seconds
Start importing Packages/com.unity.addressables/Editor/Unity.Addressables.Editor.asmdef using Guid(69448af7b92c7f342b298e06a37122aa) (AssemblyDefinitionImporter) -> (artifact id: '2bda61c8938006b0b2c3d015f307a82c') in 0.000227705 seconds
Start importing Packages/com.unity.render-pipelines.core/Runtime-PrivateShared/Unity.RenderPipelines.Core.Runtime.Shared.asmdef using Guid(69257879134bba646869b21467b3338d) (AssemblyDefinitionImporter) -> (artifact id: '480ce6acd9d8c4d20976659955f4308e') in 0.000215783 seconds
Start importing Packages/com.unity.ai.navigation/Tests/Editor/Unity.AI.Navigation.Editor.Tests.asmdef using Guid(794824b4a8f003f47a92875e8342f790) (AssemblyDefinitionImporter) -> (artifact id: 'f276d5f01ad4e3459993aefb76744551') in 0.000232541 seconds
Start importing Packages/com.unity.ugui/Tests/Runtime/UGUI/UnityEngine.UI.Tests.asmdef using Guid(e9745f6a32442194c8dc5a43e9ab86f9) (AssemblyDefinitionImporter) -> (artifact id: '671361ac3978847d29e63ee1cf5da131') in 0.000240417 seconds
Start importing Packages/com.unity.test-framework/UnityEditor.TestRunner/UnityEditor.TestRunner.asmdef using Guid(0acc523941302664db1f4e527237feb3) (AssemblyDefinitionImporter) -> (artifact id: 'a37885b78cc3bc346b8ba1ba7dd76b0c') in 0.000227158 seconds
Start importing Packages/com.unity.render-pipelines.core/Editor-PrivateShared/Unity.RenderPipelines.Core.Editor.Shared.asmdef using Guid(2a69708d171a17043a9d0ad45f205cfe) (AssemblyDefinitionImporter) -> (artifact id: '513d6407ee23ffbf8f638a98caffad35') in 0.000228971 seconds
Start importing Packages/com.unity.inputsystem/Tests/IntegrationTests/Unity.InputSystem.IntegrationTests.asmdef using Guid(3ae5734e49d646442ad24f37762ebdd2) (AssemblyDefinitionImporter) -> (artifact id: '9abaaed583597bdbc9fadb4bc1dd80ee') in 0.000224578 seconds
Start importing Packages/com.unity.nuget.mono-cecil/Tests/Editor/Unity.Nuget.Mono-Cecil.Editor.Tests.asmdef using Guid(aaf6804a66b394e9b8c133f80fc0c3e3) (AssemblyDefinitionImporter) -> (artifact id: 'da68f2703bc1ca23075f378c49f2fbf2') in 0.00021993 seconds
Start importing Assets/Editor/MiniMarket.Editor.asmdef using Guid(fa134806cfc9cfb57959086ee5de6c86) (AssemblyDefinitionImporter) -> (artifact id: 'c8236004640836b59b7933b317580c4f') in 0.000312302 seconds
Start importing Packages/com.unity.ugui/Runtime/UGUI/UnityEngine.UI.asmdef using Guid(2bafac87e7f4b9b418d9448d219b01ab) (AssemblyDefinitionImporter) -> (artifact id: '535f7aafa4dd215a60024f56978e8d8a') in 0.000239066 seconds
Start importing Packages/com.unity.collections/Unity.Collections.CodeGen/Unity.Collections.CodeGen.asmdef using Guid(8baa6eabecd47164e94a1eb92b18f394) (AssemblyDefinitionImporter) -> (artifact id: '846177d53e146c4c5e8e8f20dc245d31') in 0.000224881 seconds
Start importing Packages/com.unity.render-pipelines.universal/ShaderLibrary/Unity.RenderPipelines.Universal.ShaderLibrary.asmdef using Guid(ab67fb10353d84448ac887a7367cbda8) (AssemblyDefinitionImporter) -> (artifact id: 'e05756c6f8927df7f54671b595111c66') in 0.000218781 seconds
Start importing Packages/com.unity.ugui/Tests/Runtime/TMP/Unity.TextMeshPro.Tests.asmdef using Guid(bb05cab7d802aa5468f8f2f86840d984) (AssemblyDefinitionImporter) -> (artifact id: '89d48fa439e205f5072672939dd03b3e') in 0.001088925 seconds
Start importing Packages/com.unity.render-pipelines.core/Tests/Editor/UnifiedRayTracing/Unity.UnifiedRayTracing.Editor.Tests.asmdef using Guid(cb16ddcad9e86c047a91282ca9c48140) (AssemblyDefinitionImporter) -> (artifact id: '628ace8710dd40ee2d81920afc4e6053') in 0.000248238 seconds
Start importing Packages/com.unity.collections/Unity.Collections.Tests/Unity.Collections.Tests.asmdef using Guid(ebbea1c70c20149eea64c53647a70872) (AssemblyDefinitionImporter) -> (artifact id: '3baf4d90a5e8be9292666bcf4bb210a8') in 0.000233571 seconds
Start importing Packages/com.unity.scriptablebuildpipeline/Runtime/Unity.ScriptableBuildPipeline.asmdef using Guid(5c1ff9bd975acec488150743d53a93ca) (AssemblyDefinitionImporter) -> (artifact id: '3a48344f41b2a369df9db6c448e7e8f2') in 0.000221847 seconds
Start importing Packages/com.unity.ugui/Tests/Editor/UGUI/UnityEditor.UI.EditorTests.asmdef using Guid(7c04f0dfa9243c04681a55d90d3ff3fc) (AssemblyDefinitionImporter) -> (artifact id: 'b0030b2b8f67d12eacbc22c1af1fbac4') in 0.000220133 seconds
Start importing Packages/com.unity.ai.navigation/Runtime/Unity.AI.Navigation.asmdef using Guid(8c4dd21966739024fbd72155091d199e) (AssemblyDefinitionImporter) -> (artifact id: 'cc5cca0622230da4c134ad5ba351c1cf') in 0.000228187 seconds
Start importing Packages/com.unity.burst/Unity.Burst.CodeGen/Unity.Burst.CodeGen.asmdef using Guid(9c6dda6c7922c624cb7ea9a7f1c7d54a) (AssemblyDefinitionImporter) -> (artifact id: 'eb3bc11260a8fcd65d70d890e37dcb3e') in 0.00021695 seconds
Start importing Packages/com.unity.render-pipelines.universal/Tests/Runtime/Unity.RenderPipelines.Universal.Runtime.Tests.asmdef using Guid(bc3b0daec27db604caf7fec37e54bf6d) (AssemblyDefinitionImporter) -> (artifact id: '436dd58c67285f10c0cf7226a8728c34') in 0.000219603 seconds
Start importing Packages/com.unity.inputsystem/Tests/TestFixture/Unity.InputSystem.TestFramework.asmdef using Guid(dc04f38471c3a459fb4d31124ee9127d) (AssemblyDefinitionImporter) -> (artifact id: 'f7b9ae147baf20ba48e98b1980f6cc2c') in 0.000228757 seconds
Start importing Packages/com.unity.shadergraph/Editor/Utilities/Unity.ShaderGraph.Utilities.asmdef using Guid(ade7125e800904674ba0c115208f7ed5) (AssemblyDefinitionImporter) -> (artifact id: '7d7897f0088946ca627ada83f581e955') in 0.000229614 seconds
Start importing Packages/com.unity.scriptablebuildpipeline/Tests/Runtime/Unity.ScriptableBuildPipeline.Tests.asmdef using Guid(adbcba91892774149bea528141373ca2) (AssemblyDefinitionImporter) -> (artifact id: '53d5a56abacebd9a07cd63480cb853d2') in 0.000217905 seconds
Start importing Packages/com.unity.render-pipelines.core/Editor/Unity.RenderPipelines.Core.Editor.asmdef using Guid(3eae0364be2026648bf74846acb8a731) (AssemblyDefinitionImporter) -> (artifact id: '292149eedf6619fa585bc1918e8922cc') in 0.000226674 seconds
Start importing Packages/com.unity.collections/Unity.Collections.Tests.Playmode/Unity.Collections.Tests.Playmode.asmdef using Guid(5e96082520aa86a458e400b89afe93a4) (AssemblyDefinitionImporter) -> (artifact id: '65c569c38afdbfab5216345d05358d3d') in 0.000223872 seconds
Start importing Packages/com.unity.cloud.gltfast/Runtime/Scripts/Export/glTFast.Export.asmdef using Guid(5e7ba8d6d26c84943b64dd07bd1c9510) (AssemblyDefinitionImporter) -> (artifact id: '892fac1c2dedbb15fe0ea9accdbda298') in 0.000225421 seconds
Start importing Packages/com.unity.render-pipelines.core/Tests/Editor/Unity.RenderPipelines.Core.Editor.Tests.asmdef using Guid(6e5480588ffa37d4f82fe96c45e8ce9c) (AssemblyDefinitionImporter) -> (artifact id: '2d5c869e2dd027ccd2a7e1074912959e') in 0.00021693 seconds
Start importing Packages/com.unity.addressables/Runtime/Unity.Addressables.asmdef using Guid(9e24947de15b9834991c9d8411ea37cf) (AssemblyDefinitionImporter) -> (artifact id: 'eda8144b172230eee1ee966e5401850b') in 0.000207026 seconds
Start importing Packages/com.unity.shadergraph/Editor/Unity.ShaderGraph.Editor.asmdef using Guid(be0903cd8e1546f498710afdc59db5eb) (AssemblyDefinitionImporter) -> (artifact id: '2d8aef6ecc2897bc9629facf58400a6a') in 0.000222783 seconds
Start importing Packages/com.unity.shadergraph/ShaderGraphLibrary/Unity.RenderPipelines.ShaderGraph.ShaderGraphLibrary.asmdef using Guid(de1079f91ae5b43499b7c7e4f1269884) (AssemblyDefinitionImporter) -> (artifact id: '82c53abbd4abeb18666172127bbe11c8') in 0.000227391 seconds
Start importing Packages/com.unity.render-pipelines.universal/Editor/Converter/PPv2/PPv2ToURPConvertersDefinition.asmdef using Guid(3fa284cf2189b184e8d506b83da68377) (AssemblyDefinitionImporter) -> (artifact id: '33775e319c60b03ff66fb8982273c15f') in 0.000216495 seconds
Start importing Packages/com.unity.render-pipelines.core/Runtime/GPUDriven/Unity.RenderPipelines.GPUDriven.Runtime.asmdef using Guid(4fd6538c1c56b409fb53fdf0183170ec) (AssemblyDefinitionImporter) -> (artifact id: 'b7f5da54d8e616155ed00ede38c3a237') in 0.000225661 seconds
Start importing Packages/com.unity.collections/Unity.Collections.BurstCompatibilityGen/Unity.Collections.BurstCompatibilityGen.asmdef using Guid(4f5c0c83dfd6a0743834baba2b4de79e) (AssemblyDefinitionImporter) -> (artifact id: '505feba69963f786b63bdb543f411c0d') in 0.000228532 seconds
Start importing Packages/com.unity.cloud.gltfast/DocExamples/glTFast.Documentation.Examples.asmdef using Guid(8f5c1be42eb774f4e8372825ac2e4d50) (AssemblyDefinitionImporter) -> (artifact id: 'dacc55b81f1cb9a276fdf98fc91022b7') in 0.000226565 seconds
Start importing Packages/com.unity.test-framework.performance/Editor/Unity.PerformanceTesting.Editor.asmdef using Guid(9f843d4b38153f04b9cee0502d568525) (AssemblyDefinitionImporter) -> (artifact id: '6d2e8d0f852b16c97ddef5690b9603f2') in 0.000226355 seconds
Start importing Packages/com.unity.render-pipelines.core/Tests/Runtime/Unity.RenderPipelines.Core.Runtime.Tests.asmdef using Guid(bf043f86dbf1bda4398ec83eebe40b8c) (AssemblyDefinitionImporter) -> (artifact id: '1ab1ec1a13e5ce85bba7a7aa360e016c') in 0.000221001 seconds
Start importing Packages/com.unity.shadergraph/Tests/Editor/Unity.ShaderGraph.Editor.Tests.asmdef using Guid(bf9b048907d0a604eab6a5552630c26d) (AssemblyDefinitionImporter) -> (artifact id: '3ecebf84478400b3eadd02de68a58724') in 0.000215356 seconds
Start importing Packages/com.unity.render-pipelines.core/Runtime/Unity.RenderPipelines.Core.Runtime.asmdef using Guid(df380645f10b7bc4b97d4f5eb6303d95) (AssemblyDefinitionImporter) -> (artifact id: 'fc03c746fc3a6bd60799dae584ef9138') in 0.000223749 seconds
Start importing Packages/com.unity.addressables/Tests/Editor/DocExampleCode/Unity.Addressables.DocExampleCode.Editor.Tests.asmdef using Guid(ff038353b1a72c54aa6b046914f56eb0) (AssemblyDefinitionImporter) -> (artifact id: '1b124694b60619fb20c5f0cb2a781383') in 0.000222381 seconds
Start importing Packages/com.unity.cloud.gltfast/Runtime/Scripts/Newtonsoft/Schema/glTFast.Newtonsoft.Schema.asmref using Guid(90c6fa51ee8d2422ea41431cc8740008) (AssemblyDefinitionReferenceImporter) -> (artifact id: 'b6b484155a0f2aca9ecb27782a7eaa34') in 0.000332821 seconds
Start importing Packages/com.unity.collections/Unity.Collections.PerformanceTests.Internal/Unity.Collections.PerformanceTests.Internal.asmref using Guid(e064d25778ff3b249a575bb25f2eaf3e) (AssemblyDefinitionReferenceImporter) -> (artifact id: 'e570bbcc5979b1f9c0df80f9aef6e44f') in 0.000232204 seconds
Start importing Packages/com.unity.cloud.gltfast/Runtime/Scripts/Schema/glTFast.Schema.asmref using Guid(725183ec9f23d44038632c926fd92512) (AssemblyDefinitionReferenceImporter) -> (artifact id: '00eab233f2dcd8cf2a3c43a80557312a') in 0.000219744 seconds
Start importing Packages/com.unity.cloud.gltfast/Runtime/Scripts/Loading/glTFast.Loading.asmref using Guid(c59dc20df2b5b4252b971468cf766cec) (AssemblyDefinitionReferenceImporter) -> (artifact id: 'cda336e1ce65225c8971450e0091c272') in 0.000212577 seconds
Start importing Packages/com.unity.burst/Runtime/Editor/Unity.Burst.ForEditor.asmref using Guid(268a64be2367b3248a24f317d458861a) (AssemblyDefinitionReferenceImporter) -> (artifact id: '591b7b5414723d61248373c21d2cf837') in 0.00022066 seconds
Start importing Packages/com.unity.cloud.gltfast/Runtime/Scripts/Material/glTFast.Material.asmref using Guid(f695d81b6b47d4969b6343e0b1c11df9) (AssemblyDefinitionReferenceImporter) -> (artifact id: 'd2ae5c43be9379b0b8a26f18533f7134') in 0.000221901 seconds
Start importing Packages/com.unity.cloud.gltfast/Runtime/Scripts/Schema/FakeSchema/glTFast.FakeSchema.asmref using Guid(d7dc650b4e7b345c69a42cb7f48d746d) (AssemblyDefinitionReferenceImporter) -> (artifact id: '49113ca59b9fda50628afebca1ccbca2') in 0.000228784 seconds
Start importing Packages/com.unity.cloud.gltfast/Runtime/Scripts/ImportAddons/glTFast.ImportAddons.asmref using Guid(ec779b518e41d401aae8acfebf59cd40) (AssemblyDefinitionReferenceImporter) -> (artifact id: '6f3c6b077b6f058e5d8ca7e4a7d961b9') in 0.000219696 seconds
Start importing Packages/com.unity.cloud.gltfast/Runtime/Scripts/Logging/glTFast.Logging.asmref using Guid(4ea1f6c601ae94da49ff11d464a2c0d6) (AssemblyDefinitionReferenceImporter) -> (artifact id: 'e5b3f7cf91cac28370574e37c56bfcb1') in 0.000214119 seconds
Start importing Packages/com.unity.modules.ui/package.ModuleCompilationTrigger using Guid(51fa60bb2bd1e5bc74e8cc95a7bfd5b7) (DefaultImporter) -> (artifact id: '237e32f9541121b786ca4b06eace0dfe') in 0.000181786 seconds
Start importing Packages/com.unity.modules.hierarchycore/package.ModuleCompilationTrigger using Guid(d104359075a97392b803d3d5aebc77f7) (DefaultImporter) -> (artifact id: '5f087c93c58d9b1c35f89c539ed3a98d') in 0.000162159 seconds
Start importing Packages/com.unity.modules.assetbundle/package.ModuleCompilationTrigger using Guid(222fc39b0c85d800342910da2cd64781) (DefaultImporter) -> (artifact id: '9a6a8c4ae725acd0e4d082b2f7469352') in 0.000152864 seconds
Start importing Packages/com.unity.modules.unitywebrequest/package.ModuleCompilationTrigger using Guid(d2ec2d1228c8e67cdd913cb5609176a2) (DefaultImporter) -> (artifact id: '8af4f3e306c0241d03204a437a8fc5e0') in 0.000149554 seconds
Start importing Packages/com.unity.modules.ai/package.ModuleCompilationTrigger using Guid(e2d09a26ce46dc617b54e49a534ace20) (DefaultImporter) -> (artifact id: 'a71f1fd08e4e9bf1ecd2d64209645034') in 0.000144082 seconds
Start importing Packages/com.unity.modules.terrain/package.ModuleCompilationTrigger using Guid(23032f4383e95e772bce465c5896d0fd) (DefaultImporter) -> (artifact id: '491a7f75d3e9187fba07a3d515b1da29') in 0.000158236 seconds
Start importing Packages/com.unity.modules.imageconversion/package.ModuleCompilationTrigger using Guid(830a36a23cf3ab1e61fa47940a6dc35e) (DefaultImporter) -> (artifact id: 'ee0f0c801f95c19382d8b454dc7586e1') in 0.000153774 seconds
Start importing Packages/com.unity.modules.unitywebrequesttexture/package.ModuleCompilationTrigger using Guid(a31a332ce3485f00f7df8d987302a29c) (DefaultImporter) -> (artifact id: '5b56561b2c8cae5c48817dca1565364f') in 0.000159273 seconds
Start importing Packages/com.unity.modules.audio/package.ModuleCompilationTrigger using Guid(042dc296246916648e55a43d0eeb2036) (DefaultImporter) -> (artifact id: '93cfeb7be8bf6df4dc4fc167223dc2d5') in 0.000151049 seconds
Start importing Packages/com.unity.modules.unitywebrequestassetbundle/package.ModuleCompilationTrigger using Guid(7610600f5c83e01041a6fe849d39279f) (DefaultImporter) -> (artifact id: '5ea653cc184754456a13dd8d09c34205') in 0.000153155 seconds
Start importing Packages/com.unity.modules.jsonserialize/package.ModuleCompilationTrigger using Guid(e6a135e3ea9cb46795d1b0e05ac3e1e5) (DefaultImporter) -> (artifact id: '8d26f1c211bce77f7cf17eccccd57b0d') in 0.000163634 seconds
Start importing Packages/com.unity.modules.uielements/package.ModuleCompilationTrigger using Guid(8a752aaaadd2410dd9a84e01c1bace9f) (DefaultImporter) -> (artifact id: 'ae37e7f0f1483578fc0d8d28fd17e0e2') in 0.000154188 seconds
Start importing Packages/com.unity.modules.animation/package.ModuleCompilationTrigger using Guid(db8e609a39b9b231fccc54e5fa4cbd1b) (DefaultImporter) -> (artifact id: '76194af19b6b83e46d258b902c79f26f') in 0.000146721 seconds
Start importing Packages/com.unity.modules.physics/package.ModuleCompilationTrigger using Guid(5c1ee4056d0ac7ad3c5a16597fcaa38a) (DefaultImporter) -> (artifact id: '288b7a03d6481d4e92cee0ae908758ad') in 0.000143279 seconds
Start importing Packages/com.unity.modules.imgui/package.ModuleCompilationTrigger using Guid(be13c398521e3c1ad21fb9da30ab2ab6) (DefaultImporter) -> (artifact id: 'ea0574aa05344c7e80357502346d73fc') in 0.000154438 seconds
Refreshing native plugins compatible for Editor in 0.09 ms, found 0 plugins.
Native extension for LinuxStandalone target not found
Native extension for WebGL target not found
ScheduleIndexationOnStartup MainProcess:True IndexOnStartup:True
Mono: successfully reloaded assembly
- Finished resetting the current domain, in  2.236 seconds
Domain Reload Profiling: 2535ms
	BeginReloadAssembly (99ms)
		ExecutionOrderSort (0ms)
		DisableScriptedObjects (8ms)
		BackupInstance (0ms)
		ReleaseScriptingObjects (0ms)
		CreateAndSetChildDomain (41ms)
	RebuildCommonClasses (18ms)
	RebuildNativeTypeToScriptingClass (5ms)
	initialDomainReloadingComplete (13ms)
	LoadAllAssembliesAndSetupDomain (164ms)
		LoadAssemblies (115ms)
		RebuildTransferFunctionScriptingTraits (0ms)
		AnalyzeDomain (78ms)
			TypeCache.Refresh (55ms)
				TypeCache.ScanAssembly (48ms)
			BuildScriptInfoCaches (17ms)
			ResolveRequiredComponents (5ms)
	FinalizeReload (2236ms)
		ReleaseScriptCaches (0ms)
		RebuildScriptCaches (0ms)
		SetupLoadedEditorAssemblies (2137ms)
			LogAssemblyErrors (0ms)
			InitializePlatformSupportModulesInManaged (13ms)
			SetLoadedEditorAssemblies (2ms)
			BeforeProcessingInitializeOnLoad (76ms)
			ProcessInitializeOnLoadAttributes (1854ms)
			ProcessInitializeOnLoadMethodAttributes (190ms)
			AfterProcessingInitializeOnLoad (2ms)
			EditorAssembliesLoaded (0ms)
		ExecutionOrderSort2 (0ms)
		AwakeInstancesAfterBackupRestoration (18ms)
Start importing Library/BuildPlayer.prefs using Guid(00000000000000005000000000000000) (DefaultImporter) -> (artifact id: '083d37eb6b0e82b8f5c1ec86344d848d') in 0.00213204 seconds
Start importing Packages/com.unity.collections/Unity.Collections/NativeText.tt using Guid(50504580bca9eb0409fcceea1af68eb5) (DefaultImporter) -> (artifact id: 'a5109bcf497466eced9f00ce7e1e162b') in 0.000270341 seconds
Start importing Packages/com.unity.collections/Unity.Collections/FixedList.tt using Guid(f16da17e34bf5f149a196c3f6b32e37f) (DefaultImporter) -> (artifact id: 'b0d35de269c5038227fa7d1e35e21ec0') in 0.000203969 seconds
Start importing Assets/WebGLTemplates/MiniMarketPWA/icon-512.png using Guid(f2dbcf4bfc6812fca960da62ce12bbbc) (DefaultImporter) -> (artifact id: 'e33e570a7995b01ec5f1e357e910497b') in 0.004394424 seconds
Start importing Packages/com.unity.collections/Unity.Collections/FixedStringFormat.tt using Guid(059659011adc4f67a43b9d9bcc5dfd01) (DefaultImporter) -> (artifact id: 'c2bf2f25fd87d9e9e655855a1a78df75') in 0.000210213 seconds
Start importing Assets/WebGLTemplates/MiniMarketPWA/icon.svg using Guid(86db61f2b4864879090b32f10411a594) (DefaultImporter) -> (artifact id: 'af4d0676f503e5c3d6567c0448a88654') in 0.00032684 seconds
Start importing Packages/com.unity.collections/Unity.Collections.Tests/NativeSortTests.tt using Guid(175a9e4a17bf01748b02c5c1c653d091) (DefaultImporter) -> (artifact id: '48786ca6fcdf4c10dffeb4bcc9a82c22') in 0.000184885 seconds
Start importing Assets/WebGLTemplates/MiniMarketPWA/icon-maskable-512.png using Guid(178effa9f121b2956b45ef71463a8550) (DefaultImporter) -> (artifact id: '92b0dded66b4dd45a9f3553f19124f4e') in 0.000325996 seconds
Start importing Packages/com.unity.collections/Unity.Collections.Tests/FixedListTests.tt using Guid(775a8d1badc640e45a6030c3822a83d7) (DefaultImporter) -> (artifact id: 'b6f53d34cbfd07c22ecf5258a312e45f') in 0.000187339 seconds
Start importing Assets/StreamingAssets/Data/HeadAccessoryFitManifest.json using Guid(c83369bdca1339db5a29c8a4acff317e) (DefaultImporter) -> (artifact id: 'cdd2fd46bef1ff89a27702f80642ecba') in 0.000319279 seconds
Start importing Assets/StreamingAssets/Data/runtime-asset-catalog.json using Guid(09dbb5feb1801d905b50e4c5021020bd) (DefaultImporter) -> (artifact id: 'd1ca7fd1423fb59d7569705380aa2d82') in 0.000308404 seconds
Start importing Assets/WebGLTemplates/MiniMarketPWA/icon-192.png using Guid(e95c3a794fb29f2bd8495c5cb300afd3) (DefaultImporter) -> (artifact id: '815d08682056cc796af85641122a11b4') in 0.00030587 seconds
Start importing Packages/com.unity.collections/Unity.Collections/FixedString.tt using Guid(0a845769eb1dc4f459f64e5c840d07de) (DefaultImporter) -> (artifact id: '90f88b549fef6887d60185cb9ee8b627') in 0.000182584 seconds
Start importing Packages/com.unity.collections/Unity.Collections.Tests.Playmode/FixedListPlayModeTests.tt using Guid(6a88e2cd1798bb445bc5517141684031) (DefaultImporter) -> (artifact id: '6864a3673eab7794683583d65b588122') in 0.000177124 seconds
Start importing Packages/com.unity.collections/Unity.Collections.Tests/FixedStringSizedTests.tt using Guid(0be05385fc513c143a5b5249b7ad6211) (DefaultImporter) -> (artifact id: 'a06b9c84b7d3325c563d6da495050ce2') in 0.000166977 seconds
Start importing Packages/com.unity.collections/Unity.Collections/UnsafeParallelHashSetExtensions.tt using Guid(dbd3ca1753e44d04dbf3e27c3cfa4a1b) (DefaultImporter) -> (artifact id: '2450845c49fc2915713c347301baf1c3') in 0.000162687 seconds
Start importing Packages/com.unity.collections/Unity.Collections/FixedStringFormatMethods.tt using Guid(0cdef7b1946241588e9a3b52426940e4) (DefaultImporter) -> (artifact id: '4aaec8cf46a2ac790c1ffb0424c948f1') in 0.000158897 seconds
Start importing Assets/WebGLTemplates/MiniMarketPWA/manifest.webmanifest using Guid(5cfa267cf2bb29fd1800339eab633680) (DefaultImporter) -> (artifact id: '37a9b149c84b3d302db288a0c1e25a1e') in 0.000306827 seconds
Start importing Packages/com.unity.ugui/Package Resources/TMP Examples & Extras.unitypackage using Guid(bc00e25696e4132499f56528d3fed2e3) (DefaultImporter) -> (artifact id: '36912524d77e494bff28eadb6545a86b') in 0.000325019 seconds
Start importing Packages/com.unity.nuget.newtonsoft-json/Runtime/Newtonsoft.Json.pdb using Guid(7d34f3cc1c0185b4990cf748e55a8688) (DefaultImporter) -> (artifact id: '1cbc4390bbaf31a69fa104bed1286f91') in 0.00017946 seconds
Start importing Assets/WebGLTemplates/MiniMarketPWA/icon-maskable.svg using Guid(edf71806b322b316e85918489b542044) (DefaultImporter) -> (artifact id: '910e0604d49b7442c8ff19fbac954155') in 0.000307695 seconds
Start importing Packages/com.unity.collections/Unity.Collections.Tests/NativeParallelHashSetTests.tt using Guid(edf89c00aa475ae48a7726b87fc0f00c) (DefaultImporter) -> (artifact id: '80855216be0f0b58845ccbe35203f4dc') in 0.000178384 seconds
Start importing Packages/com.unity.collections/Unity.Collections.Tests/NativeHashSetTests.tt using Guid(bead43d474a87b742a2b136a8b41e26b) (DefaultImporter) -> (artifact id: 'd77850a3bcfba80d2c1d63a52b83c311') in 0.000168588 seconds
Start importing Packages/com.unity.ugui/Package Resources/TMP Essential Resources.unitypackage using Guid(ce4ff17ca867d2b48b5c8a4181611901) (DefaultImporter) -> (artifact id: 'c9b9d0e8e0d8a5df2fad0e13885ca7c4') in 0.000187745 seconds
Start importing Assets/WebGLTemplates/MiniMarketPWA/service-worker.js using Guid(4fcadaadd4f3ca091941ce1e0783b20f) (DefaultImporter) -> (artifact id: '0bbe17df223706f6413a3210e89e23b9') in 0.000307901 seconds
Start importing Packages/com.unity.collections/Unity.Collections/NativeParallelHashSetExtensions.tt using Guid(6f9fa81af98728e4f8a0db3762124ff9) (DefaultImporter) -> (artifact id: '72a334b9489f4089aca6e542c7265419') in 0.000184309 seconds
Start importing Assets/StreamingAssets/Data/next-game-spec.json using Guid(7fab37d84a4e949a2965a7788940feff) (DefaultImporter) -> (artifact id: 'de69394a5393de2a8ca2d4fa616783c4') in 0.003095036 seconds
Start importing Assets/WebGLTemplates/MiniMarketPWA/index.html using Guid(ef81d33d2e4ff476baf6ae56742a3acf) (DefaultImporter) -> (artifact id: 'b32609ab81da39cf06df39575b8f4c4e') in 0.000623595 seconds
Start importing Assets/StreamingAssets/Art/Hair/Hair_13_BobBangs.glb using Guid(00dc92d5011c98f9388b93c10f0547aa) (DefaultImporter) -> (artifact id: '11dc9714af9bb6fe0660411fb3a36366') in 0.000536198 seconds
Start importing Assets/StreamingAssets/Art/Hair/Hair_08_Bun.glb using Guid(3056c0731e3b11fce96c358b4bea6de3) (DefaultImporter) -> (artifact id: 'e920406099ff36fd90eebeda1670ae1e') in 0.000526101 seconds
Start importing Assets/StreamingAssets/Art/Furniture/BreadOven.glb using Guid(30b84b7c8ecd7ae2e9d594bc0d905acd) (DefaultImporter) -> (artifact id: '5c214b6f83b7a39e29f382dae0a1d34b') in 0.000535103 seconds
Start importing Assets/StreamingAssets/Art/StoreDisplays/BasketStackAlt.glb using Guid(703170728fd5dfef9b1f8278ffa21eb2) (DefaultImporter) -> (artifact id: 'd9b797e9e18c3e495c53e95daa0ae824') in 0.000526322 seconds
Start importing Assets/StreamingAssets/Art/Furniture/Pallet.glb using Guid(70f8ba2cc9734e4a59adb82987b19ce8) (DefaultImporter) -> (artifact id: 'd783238ede626625609f4a74bcf35e92') in 0.000526969 seconds
Start importing Assets/StreamingAssets/Art/StoreEquipment/DeliveryDock.glb using Guid(a0eea9fa52f536d2fb62b0685e88a58c) (DefaultImporter) -> (artifact id: '376bc0a3abb39ab21703c6128499d196') in 0.000526927 seconds
Start importing Assets/StreamingAssets/Art/Farm/Sprinkler.glb using Guid(a04fe776c546792539ca534ed58526a2) (DefaultImporter) -> (artifact id: '39e6f8e6d64590978cc78e156cd0e3b7') in 0.000521066 seconds
Start importing Assets/StreamingAssets/Art/Furniture/StockroomRack.glb using Guid(c07d27e47def6c5939178812ef0703d2) (DefaultImporter) -> (artifact id: 'cef017a6c0fb0b0f099c6b9c8d66d85a') in 0.000541354 seconds
Start importing Assets/StreamingAssets/Art/Utility/SeasonalDisplay.glb using Guid(d083005ce0bf50e24b896959ff41e5a1) (DefaultImporter) -> (artifact id: 'ade8454b74fdbfe8986744f9f64e7355') in 0.000725484 seconds
Start importing Packages/com.unity.render-pipelines.universal/Editor/SceneTemplates/Basic.unity using Guid(e026d555eae824f65922633f37a14385) (DefaultImporter) -> (artifact id: '9f1bdaeb34bb7108b0481dfc9aaf52b7') in 0.000283556 seconds
Start importing Assets/StreamingAssets/Art/Hair/Hair_09_MessyMale.glb using Guid(010f6aa6e18ca682bb89f2e044437058) (DefaultImporter) -> (artifact id: 'be4be4fe3e95e5a86c86b2546949f17e') in 0.000325225 seconds
Start importing Assets/StreamingAssets/Art/Furniture/Parcel.glb using Guid(11e64801a43e955968ed8c95cdc1c1f9) (DefaultImporter) -> (artifact id: '5d52a3499aca6a1778b3fbb9588ffe3a') in 0.000313194 seconds
Start importing Assets/StreamingAssets/Art/StoreDisplays/MilkCan.glb using Guid(111eb17373752afa28789bbee4417f84) (DefaultImporter) -> (artifact id: '038223f5a848c27dd3535ebc68fd9089') in 0.00072052 seconds
Start importing Assets/StreamingAssets/Art/StoreDisplays/BaggingAreaAlt.glb using Guid(212015d9679d8ef91871619cdc6c3523) (DefaultImporter) -> (artifact id: '5d80fd3b965cee1fa68a5349235406c2') in 0.000681452 seconds
Start importing Assets/StreamingAssets/Art/Furniture/ChestFreezer.glb using Guid(313211d9f7f003ee7bfcf301311de092) (DefaultImporter) -> (artifact id: 'e26d9fdc80471002ca898a41a1c313f7') in 0.000323485 seconds
Start importing Packages/com.unity.render-pipelines.universal/Editor/SceneTemplates/Indoors.unity using Guid(41b58a5346e82e4489f95a96a01905f4) (DefaultImporter) -> (artifact id: '1fcb82346aa8fbbcaecf0b86e24ffdda') in 0.000296814 seconds
Start importing Assets/StreamingAssets/Art/Furniture/UtilitySink.glb using Guid(410df4e7bd9bd2aa397104b232f2dddc) (DefaultImporter) -> (artifact id: 'e5632d3f3564b5d93ab1632ce4e833ea') in 0.001124308 seconds
Start importing Assets/StreamingAssets/Art/Exterior/RoadSegment.glb using Guid(6124916315658ce4182db06de9743909) (DefaultImporter) -> (artifact id: 'e070c9c9ea682869db5afced82103bad') in 0.000611361 seconds
Start importing Assets/StreamingAssets/Art/StoreDisplays/DeliveryDockAlt.glb using Guid(616b38cea609093598997032806bcaab) (DefaultImporter) -> (artifact id: 'db4c8391fa1232b583afb02f6a499dd3') in 0.042282467 seconds
Start importing Assets/StreamingAssets/Art/Products/Juice.glb using Guid(618d92b124bd03126bfcc96e3a9dc1ae) (DefaultImporter) -> (artifact id: '2f427641ed26634dae781a0e82d058fd') in 0.000500764 seconds
Start importing Assets/StreamingAssets/Art/Hair/Hair_11_SideSweepMale.glb using Guid(61dde7357c13e66b082c0a4c3c3e857c) (DefaultImporter) -> (artifact id: 'd36cf7b01cd5da6d5bccefb21c4ebc6e') in 0.000370541 seconds
Start importing Assets/StreamingAssets/Art/Products/Wheat.glb using Guid(814a9318e675e5541b7765ff20d216dc) (DefaultImporter) -> (artifact id: '035ef392cdffd602d21f17ea55d3c83c') in 0.000372243 seconds
Start importing Assets/StreamingAssets/Art/Hair/Hair_07_LongWavy.glb using Guid(b10447f36358ccc94897ffc8cdc95eaa) (DefaultImporter) -> (artifact id: '66f457761965996786cfac97774354f3') in 0.000374462 seconds
Start importing Assets/StreamingAssets/Art/Furniture/FloorTileBeige.glb using Guid(b13b6c44e6d38f1a195d81beb4ab7703) (DefaultImporter) -> (artifact id: '0374a901c36dd760a47b6a8b48d1c260') in 0.000353165 seconds
Start importing Assets/StreamingAssets/Art/Hats/Hat_08_Panda.glb using Guid(d1f230c6ca38770189a5cd959c863f96) (DefaultImporter) -> (artifact id: '3ecd2178abaab13776854266c49fd931') in 0.000333504 seconds
Start importing Assets/StreamingAssets/Art/Farm/FarmPlotWatered.glb using Guid(d16b30125d8399860ba5fd3649a3a9d2) (DefaultImporter) -> (artifact id: 'a3777fc82c34e67afb9fb5237271c723') in 0.00035876 seconds
Start importing Assets/StreamingAssets/Art/Products/Coffee.glb using Guid(d16e63f943a47367cb828ed4737a0a3e) (DefaultImporter) -> (artifact id: '4bbac85f60480c4da7c018e06a6439fc') in 0.000333123 seconds
Start importing Assets/StreamingAssets/Art/StoreDisplays/PromotionalBasket.glb using Guid(029a95905f2358048ac814e28274a499) (DefaultImporter) -> (artifact id: '3a71714164777e4e73a578d7e41498e9') in 0.000343777 seconds
Start importing Assets/StreamingAssets/Art/Products/Flour.glb using Guid(4250f4b8213bbb7e9a334f660068cb8e) (DefaultImporter) -> (artifact id: 'a2406acdcacbf1e149d7ce02a81ae272') in 0.000336511 seconds
Start importing Packages/com.unity.render-pipelines.universal/Editor/Terrain/TerrainBaseMapGenPass.template using Guid(4288d0244223deb429fef72cf614023d) (DefaultImporter) -> (artifact id: '5c651352aced87e2ebb525660059efa6') in 0.000193797 seconds
Start importing Assets/StreamingAssets/Art/StoreDisplays/OperationsWall.glb using Guid(8276c00a1f78aad11949a0a3a72afaac) (DefaultImporter) -> (artifact id: 'a80bdf9022f86a9f87c5cbdbb486ca2e') in 0.000325381 seconds
Start importing Assets/StreamingAssets/Art/Farm/FarmGate.glb using Guid(b2057e3b6ea9a146e9eab02d9c6a62a0) (DefaultImporter) -> (artifact id: 'b59d7700eb68c53f9901cef1d7dc3399') in 0.000344609 seconds
Start importing Assets/StreamingAssets/Art/Products/Egg.glb using Guid(b28f653506f33657e92acd4684f3c3f6) (DefaultImporter) -> (artifact id: '17180065c4b3311262d1d89d5b990934') in 0.000323181 seconds
Start importing Assets/StreamingAssets/Art/Furniture2/WoodCrate.glb using Guid(d21d61ea6d769365e8bc8f220b53c67e) (DefaultImporter) -> (artifact id: '8d12dc9bcfc09f9d99839aa274a53e2f') in 0.000329782 seconds
Start importing Assets/StreamingAssets/Art/Hats/Hat_09_Frog.glb using Guid(d29ddfc1df35b30b8b5da8b00214dc9f) (DefaultImporter) -> (artifact id: 'e1f5584b5cd27d18d6d145dea6651436') in 0.000325005 seconds
Start importing Assets/StreamingAssets/Art/Hats/Hat_06_Rhino.glb using Guid(d21f1f4fb2e8b49fb80eff8a1bb68d18) (DefaultImporter) -> (artifact id: '3d49e83f68b9332179bdca4c2cbd5e2c') in 0.000327852 seconds
Start importing Assets/StreamingAssets/Art/Farm/CropSprout.glb using Guid(e2f7341b4f2fcd848ae96e915f87870e) (DefaultImporter) -> (artifact id: '949fc64f5e763df429af141d8be5fcb8') in 0.000347156 seconds
Start importing Assets/StreamingAssets/Art/Furniture/ShoppingCart.glb using Guid(f29fc5b7a5f95977b9fb6018de9db72d) (DefaultImporter) -> (artifact id: '9e822f837e53c76fc3841ad883504524') in 0.000314548 seconds
Start importing Packages/com.unity.nuget.newtonsoft-json/Runtime/AOT/Newtonsoft.Json.pdb using Guid(1396f5bdc432cd247ac75b97a31e4d1a) (DefaultImporter) -> (artifact id: '54274fc98b839c9a8653151473d087b3') in 0.000183979 seconds
Start importing Assets/StreamingAssets/Art/Farm/CarrotRipe.glb using Guid(331de1fbf8f55e3469dd9a3893dd0ce3) (DefaultImporter) -> (artifact id: '629c8fc83860cf7c47530be2ab89e650') in 0.000334585 seconds
Start importing Assets/StreamingAssets/Art/StoreDisplays/Cow.glb using Guid(53c00abbb7f47d505bc40827879d9f75) (DefaultImporter) -> (artifact id: '2a778c5b7ab04d3208e7317dab15892b') in 0.000321452 seconds
Start importing Assets/StreamingAssets/Art/Furniture/FloorTileWhite.glb using Guid(53988514d3fdb21249232bc0be47a918) (DefaultImporter) -> (artifact id: 'ed1c8b784252ea45716ad5c1dddcdf3d') in 0.000448119 seconds
Start importing Assets/StreamingAssets/Art/StoreEquipment/StoreEntrance.glb using Guid(739ada323b27d8fb89e953f95413fef0) (DefaultImporter) -> (artifact id: 'df2f99aa47ac9cb51535a30f8fea3bc9') in 0.000330557 seconds
Start importing Assets/StreamingAssets/Art/Farm/WoodCrate.glb using Guid(9357b13666d8e2cd1875af337e40c42b) (DefaultImporter) -> (artifact id: '52673e6f79a5e91c8bb654b3f13cfad6') in 0.000329122 seconds
Start importing Assets/StreamingAssets/Art/StoreDisplays/CheckoutArea.glb using Guid(933b41aff1b79f2e69fd95626b62d236) (DefaultImporter) -> (artifact id: '324eb79d2b246b08f021e3d6f13661e3') in 0.00032925 seconds
Start importing Assets/StreamingAssets/Art/Furniture/WorkCounter.glb using Guid(c305d49ca36cc88a79a0439a17ee915a) (DefaultImporter) -> (artifact id: 'a9fff1dcf88455166d86a2a062a30e01') in 0.000331977 seconds
Start importing Assets/StreamingAssets/Art/Hats/Hat_07_Giraffe.glb using Guid(e3a9bdaf899644f538128e80c064f2a4) (DefaultImporter) -> (artifact id: 'a0e307f3b1adb4e5620dd0206052df85') in 0.000344678 seconds
Start importing Assets/StreamingAssets/Art/Furniture2/DisplayRefrigeratedDoors.glb using Guid(f3b8575d46f5ed181b0d318635a977b6) (DefaultImporter) -> (artifact id: 'e57cfaebabf482f7fa127140564717f2') in 0.000331288 seconds
Start importing Assets/StreamingAssets/Art/Farm/MiniGreenhouse.glb using Guid(f3ffafa60b8cd817287f53f13aa5627b) (DefaultImporter) -> (artifact id: '82b6ef54ccfbe7e77845caddf8f22e8d') in 0.00030825 seconds
Start importing Assets/StreamingAssets/Art/Farm/CropSeed.glb using Guid(442ce87b023a1995cb33897d108cf489) (DefaultImporter) -> (artifact id: '9ca44bf9da2381afdb2fc76db8646e7c') in 0.000317366 seconds
Start importing Assets/StreamingAssets/Art/Furniture2/ShelfPriceRail.glb using Guid(84c5bd91f28a9e9f89dc2c8765656ab3) (DefaultImporter) -> (artifact id: '7e827b9c9c1a7f9beeebd798a20cc4e0') in 0.000311348 seconds
Start importing Assets/StreamingAssets/Art/Exterior/StreetLight.glb using Guid(948aaebb00bc12b5c8c4589a0341f897) (DefaultImporter) -> (artifact id: '58ee91726bdd0b96f046cc54e7774c7c') in 0.000308203 seconds
Start importing Assets/StreamingAssets/Art/Hats/Hat_03_Chicken.glb using Guid(943fb4ecabf124c5ca0f03d04f314bcc) (DefaultImporter) -> (artifact id: 'eddc7b3839dd35231875d448f0e8c463') in 0.00029801 seconds
Start importing Assets/StreamingAssets/Art/Hats/Hat_11_Rabbit.glb using Guid(a484a6af07a6dc5bdb9586670c002aa9) (DefaultImporter) -> (artifact id: '526557736a832323201b31bc30edb3d1') in 0.00030416 seconds
Start importing Assets/StreamingAssets/Art/Hats/Hat_02_Fox.glb using Guid(c4b7a57245ec9ecd99f0959995f6f3a3) (DefaultImporter) -> (artifact id: '34f86755a094c9ecaed0aa46c7a390a4') in 0.000649453 seconds
Start importing Assets/StreamingAssets/Art/StoreDisplays/EggDisplay.glb using Guid(d449e6b4a8e4aac97834a738659b9bc5) (DefaultImporter) -> (artifact id: '73962cfcab4660e6031b6f8dc66a283b') in 0.000308236 seconds
Start importing Assets/StreamingAssets/Art/Hair/Hair_06_Ponytail.glb using Guid(f4490a8ca19035b37a4f2870fc0bab3f) (DefaultImporter) -> (artifact id: '2123afff435840e8a145f8fd07e3026a') in 0.000319452 seconds
Start importing Assets/StreamingAssets/Art/Products/Corn.glb using Guid(053be8bcff624270fa5438b07f2ccfde) (DefaultImporter) -> (artifact id: 'f273f56c63dd6ec7d35299546e303e98') in 0.000306716 seconds
Start importing Assets/StreamingAssets/Art/Utility/ReturnsStation.glb using Guid(05cc0dab69582cff4bee9547029de89f) (DefaultImporter) -> (artifact id: '88e4754e7ec4812f25437f80cdaaf184') in 0.000303528 seconds
Start importing Assets/StreamingAssets/Art/Utility/HarvestBasket.glb using Guid(15d54693591ab589eb491b70cf38541a) (DefaultImporter) -> (artifact id: 'f5d01587882f6033fbf2a7e26966e994') in 0.000314622 seconds
Start importing Assets/StreamingAssets/Art/Hair/Hair_12_SpikyMale.glb using Guid(3500b6260d5ec45abb18c3764203a776) (DefaultImporter) -> (artifact id: '7a6d087cb34b7d4935fa1dcffabda8f0') in 0.000311111 seconds
Start importing Assets/StreamingAssets/Art/Farm/RaisedBed.glb using Guid(8596518e7ec1f7383b10133ac799313b) (DefaultImporter) -> (artifact id: '9339f1c69f7b14be6e0ebb5344b79a57') in 0.000707612 seconds
Start importing Assets/StreamingAssets/Art/Furniture/AutomaticDoor.glb using Guid(952442ba8a5f7565da7e632511e3b0e4) (DefaultImporter) -> (artifact id: '859b2a78e7f655ff4e248b789bd5d067') in 0.000515418 seconds
Start importing Assets/StreamingAssets/Art/StoreEquipment/FlourMill.glb using Guid(a55c8c0b11e35678c98c288590e73844) (DefaultImporter) -> (artifact id: 'e4dfdab39a3ba6d4b255afe2da792434') in 0.000313795 seconds
Start importing Assets/StreamingAssets/Art/Utility/CashierStool.glb using Guid(06f47340fd2edba29885282b8048f07e) (DefaultImporter) -> (artifact id: '7c9a55bdf7213b147ed8d1f6fe667a5d') in 0.000306855 seconds
Start importing Packages/com.unity.mathematics/Unity.Mathematics/Noise/README using Guid(16687ba1ea1804a9fb7cb7c2410eab23) (DefaultImporter) -> (artifact id: '2929125107863164c206a89898b66aa5') in 0.000176994 seconds
Start importing Assets/StreamingAssets/Art/Farm/IrrigationBed.glb using Guid(462d511130f1be0b4b9d87925580ac5d) (DefaultImporter) -> (artifact id: '0bf61a32b39d5781e697cabc2365ea47') in 0.000319428 seconds
Start importing Assets/StreamingAssets/Art/Furniture2/ShelfGondolaSingle.glb using Guid(86a3c7f697de9bf2a900ea1f5ab9af79) (DefaultImporter) -> (artifact id: '7e9b6600f52f1c52e46b33183f414dc4') in 0.000322529 seconds
Start importing Assets/StreamingAssets/Art/Exterior/SidewalkSegment.glb using Guid(86ea66c6b67001062ba4308eb9f46a2e) (DefaultImporter) -> (artifact id: '49285dabcd86180fab51add1631e4450') in 0.000314349 seconds
Start importing Assets/StreamingAssets/Art/StoreEquipment/CashDrawer.glb using Guid(b6a14dbe74dc9e3398741114a8eed5a5) (DefaultImporter) -> (artifact id: 'fab675291261a00cf18d8fb2fc054c57') in 0.000308392 seconds
Start importing Assets/StreamingAssets/Art/Utility/BackroomStorage.glb using Guid(b685a356a599f6302bd68fb9e6d4f45c) (DefaultImporter) -> (artifact id: 'b890d896bc8aaa3bee732ebae694250c') in 0.000319467 seconds
Start importing Assets/StreamingAssets/Art/StoreDisplays/EggTray.glb using Guid(0728a436d8e4a5daa944f6cf8412d8d6) (DefaultImporter) -> (artifact id: '9437dabbb6e8d326676d34a4781a3f0c') in 0.000306587 seconds
Start importing Assets/StreamingAssets/Art/Furniture2/DisplayTable.glb using Guid(178c2221e20947169a650179ad3e2604) (DefaultImporter) -> (artifact id: 'cc19caaa8322a6e8e0c5e84964802663') in 0.00030552 seconds
Start importing Assets/StreamingAssets/Art/StoreDisplays/Chicken.glb using Guid(271717537a5a4eb979b98f3ba1714e50) (DefaultImporter) -> (artifact id: 'e0282ec4487001b646d9195d5376eb6d') in 0.000311134 seconds
Start importing Assets/StreamingAssets/Art/Furniture2/DisplayProduceSloped.glb using Guid(271d469d4c1117cd5931ab93040256a2) (DefaultImporter) -> (artifact id: '6c30aaf280de5d594dec294b4c1b26a7') in 0.000310828 seconds
Start importing Assets/StreamingAssets/Art/Farm/FarmFenceLong.glb using Guid(37494c7eafc42c46dbddfac3a248f24a) (DefaultImporter) -> (artifact id: '6b05407e1a0efd7c3ce5fb5b7d44ac11') in 0.000303229 seconds
Start importing Assets/StreamingAssets/Art/Hair/Hair_14_Pigtails.glb using Guid(379c629b60e16786ba84c59b0ec77a1b) (DefaultImporter) -> (artifact id: 'dbcc458954315fc1c7dfbf7e61ba4172') in 0.000314064 seconds
Start importing Assets/StreamingAssets/Art/Furniture2/ShelfWallTall.glb using Guid(6747c58f283104c4f9fb6822fb94b9b2) (DefaultImporter) -> (artifact id: '53c108940c70a013e470712ba3702b08') in 0.000314861 seconds
Start importing Assets/StreamingAssets/Art/Exterior/Car.glb using Guid(77b7dfbde27328ebea88c401486d5877) (DefaultImporter) -> (artifact id: '4e348668d93eb73809457acd27a381ab') in 0.000302774 seconds
Start importing Assets/StreamingAssets/Art/Farm/IrrigationChannel.glb using Guid(a7663fa602f78028ca5a45d63308958e) (DefaultImporter) -> (artifact id: '4ffb1109ea0a523bebc94ffff39c291d') in 0.000310986 seconds
Start importing Packages/com.unity.shadergraph/Editor/Importers/_.sgsubgraphdb using Guid(b7e9b48c3a9534782bdc85af295da963) (DefaultImporter) -> (artifact id: '5e78dbb5d8e92a3919b74b1976316e70') in 0.00018837 seconds
Start importing Assets/StreamingAssets/Art/Furniture2/ShelfWallWide.glb using Guid(e777f7030feafec75ba948b6b00f3aa9) (DefaultImporter) -> (artifact id: '748caac9e3868ae780b6cb7ffdb3109a') in 0.000314306 seconds
Start importing Assets/StreamingAssets/Art/Farm/PumpkinRipe.glb using Guid(f78489a04d9cf451893a075a79606002) (DefaultImporter) -> (artifact id: '6325bd52d9c9b713457ff57b05cd2f96') in 0.000313018 seconds
Start importing Assets/StreamingAssets/Art/Utility/CowPaddock.glb using Guid(18498718c03df84d7b7106a079162d23) (DefaultImporter) -> (artifact id: '1a893d637eee73635cfbb7955906fd9e') in 0.000308881 seconds
Start importing Assets/StreamingAssets/Art/Farm/FarmPlotSeeded.glb using Guid(281d744c1b1de5fb4928f57f837a23bd) (DefaultImporter) -> (artifact id: '9f9418ba5f26d036a373a6d52be3ab84') in 0.000315891 seconds
Start importing Assets/StreamingAssets/Art/Hair/Hair_10_CurlyMale.glb using Guid(4827c78ddab7826a391c4b4d5da6da86) (DefaultImporter) -> (artifact id: '5efbb5950359b227e1d84ad2f3123da9') in 0.000316937 seconds
Start importing Assets/StreamingAssets/Art/Hats/Hat_10_Cow.glb using Guid(58bdb0b02a5c5c167bbffbc31c978efa) (DefaultImporter) -> (artifact id: '2c2db7cfd2bfc7969d644f6f753019eb') in 0.000299013 seconds
Start importing Assets/StreamingAssets/Art/Furniture/SecurityCamera.glb using Guid(782488ca7ecb760898fef6072e3cf6e5) (DefaultImporter) -> (artifact id: 'e2943338413b975562b92fdbd61c3630') in 0.000321575 seconds
Start importing Assets/StreamingAssets/Art/StoreDisplays/StoreEntranceAlt.glb using Guid(88dee9d545e65e43ca281e61f14f95dd) (DefaultImporter) -> (artifact id: '8a7ebfe7baf38c1647e80694c2865e42') in 0.000312324 seconds
Start importing Assets/StreamingAssets/Art/Furniture/WallStraight.glb using Guid(b8b6d64b00f28d0ac908dbde05053a61) (DefaultImporter) -> (artifact id: '7c07ebe67612c02d59c44e8d18b15524') in 0.00030726 seconds
Start importing Assets/StreamingAssets/Art/StoreDisplays/FarmToolSet.glb using Guid(b8773ea5c7472b5248faf73a28d5cf7a) (DefaultImporter) -> (artifact id: 'c09d53c403f45d87705913190dd2b055') in 0.000311862 seconds
Start importing Assets/StreamingAssets/Art/Hair/Hair_01_SidePart.glb using Guid(d816047a83d6cdb4aa84f7363957006f) (DefaultImporter) -> (artifact id: '5319f95cc2b3bc7f22f3243571197f03') in 0.000311168 seconds
Start importing Packages/com.unity.mathematics/Unity.Mathematics/Noise/LICENSE using Guid(e8895079ca68e498482a3075d7e34508) (DefaultImporter) -> (artifact id: '2ccf915d0b12a895d154feb6c9e1bfa4') in 0.000175254 seconds
Start importing Assets/StreamingAssets/Art/Hair/Hair_05_Bob.glb using Guid(09e50ae75cca666c087175480980884b) (DefaultImporter) -> (artifact id: '48eba235c32019580ad5da536a739638') in 0.000309478 seconds
Start importing Assets/StreamingAssets/Art/Hats/Hat_04_Owl.glb using Guid(09064fd5b5b1701178c383b9767bf77f) (DefaultImporter) -> (artifact id: '1c0d6562baf8b34b9b9a7326eff43056') in 0.000303428 seconds
Start importing Assets/StreamingAssets/Art/StoreDisplays/UpgradePlatformAlt.glb using Guid(190b1077be7e98864bef5627ba50e806) (DefaultImporter) -> (artifact id: '9d33ab542d4aa83769cca4f7f80df57f') in 0.000310578 seconds
Start importing Assets/StreamingAssets/Art/StoreEquipment/BasketStack.glb using Guid(191c1146977eedf25beadff979e43210) (DefaultImporter) -> (artifact id: '180b08e84d4370cea8c71fa315bf9a47') in 0.00030652 seconds
Start importing Assets/StreamingAssets/Art/StoreDisplays/CheckoutScannerAlt.glb using Guid(19cdffc329977f51591babdf24028a7f) (DefaultImporter) -> (artifact id: '4447751597e32977436cc628c87e6b2b') in 0.000304343 seconds
Start importing Packages/com.unity.render-pipelines.universal/Editor/Decal/DecalPass.template using Guid(39262bb9f1f65f040aefacd75fbd0e47) (DefaultImporter) -> (artifact id: '4b3f04044713a2446f12346afbea8e29') in 0.000181068 seconds
Start importing Assets/StreamingAssets/Art/Farm/CropGrowing.glb using Guid(39ac918931e1106e2bc86eab7b1c591e) (DefaultImporter) -> (artifact id: 'acf76ec066be7e88a5b31f3a09bc28b8') in 0.000316682 seconds
Start importing Assets/StreamingAssets/Art/Furniture/Conveyor.glb using Guid(a96631d30bdd6335696ee9dbf7e3742e) (DefaultImporter) -> (artifact id: '81705be6f4c37061ab6486c64d52224c') in 0.000310977 seconds
Start importing Assets/StreamingAssets/Art/Farm/CompostBin.glb using Guid(b940e1770d43e6e16ad14e3d6fb35fbe) (DefaultImporter) -> (artifact id: 'd8dce971c3c39dc4122ccecace096988') in 0.000309759 seconds
Start importing Assets/StreamingAssets/Art/Farm/WheatRipe.glb using Guid(d9b2046e24e68fc789a3be6bbfab0e48) (DefaultImporter) -> (artifact id: '90cbe73e2ab53a6095c5ff699d88849f') in 0.000305289 seconds
Start importing Assets/StreamingAssets/Art/Products/Milk.glb using Guid(e9540afb3e37de817bcee08141ff3d41) (DefaultImporter) -> (artifact id: 'acd91df52fe4b7f17abd3d37238753b5') in 0.000301282 seconds
Start importing Assets/StreamingAssets/Art/StoreEquipment/UpgradePlatform.glb using Guid(e95c5414fef39859896bf76ab8edc60d) (DefaultImporter) -> (artifact id: '2dae48a8c2797647d813a46071ea85e0') in 0.000305458 seconds
Start importing Assets/StreamingAssets/Art/Furniture/RefrigeratedDisplay.glb using Guid(f935322e9d0e5c309937463da2c5fc45) (DefaultImporter) -> (artifact id: 'c85fe00dcb0d873d3ca22f6ba8e54507') in 0.00030942 seconds
Start importing Assets/StreamingAssets/Art/Products/Bread.glb using Guid(0a50ba50180d033c1bd8a470fd37e755) (DefaultImporter) -> (artifact id: '88d56dc633f5687931f182139f1688a5') in 0.000310576 seconds
Start importing Assets/StreamingAssets/Art/Products/Tomato.glb using Guid(5a4c2e9a118c3eadeaae1e5b998814e3) (DefaultImporter) -> (artifact id: '1ed216db29ecb0af1520b8dd098348a4') in 0.000301146 seconds
Start importing Assets/StreamingAssets/Art/Furniture2/ShoppingBasketAlt.glb using Guid(6a0aca15d4c15305c837d2f1a4bfb8a9) (DefaultImporter) -> (artifact id: 'd7f625b69c7635f55fbf73519257411f') in 0.000301136 seconds
Start importing Assets/StreamingAssets/Art/Furniture2/CheckoutShelf.glb using Guid(6a7d89914e17118f39a0fee45c20ad29) (DefaultImporter) -> (artifact id: '2df9cd8e445610cabd72bcb7cd23afc6') in 0.000309962 seconds
Start importing Assets/StreamingAssets/Art/Exterior/Tree.glb using Guid(8a359c79a93f5e2c6a2238142709ca04) (DefaultImporter) -> (artifact id: 'c0a885b8eef190bcac98b611ab8e95f4') in 0.000307443 seconds
Start importing Assets/StreamingAssets/Art/Exterior/Bench.glb using Guid(ba63ec4dd48a349a3be63887895dadcf) (DefaultImporter) -> (artifact id: '60a4b2087ba6f793954ac060438848df') in 0.000295456 seconds
Start importing Assets/StreamingAssets/Art/StoreEquipment/CheeseMachine.glb using Guid(cae8d1e8307c34c9987f9746af1709dc) (DefaultImporter) -> (artifact id: 'dd4a9f9b9d9b2c1b8a268049a92faf3b') in 0.000300498 seconds
Start importing Assets/StreamingAssets/Art/Utility/BakeryWorkArea.glb using Guid(caca1027ffe4bdd0b8726155af43d8ae) (DefaultImporter) -> (artifact id: 'd257a7f34b1479ae7abcc002403edd0a') in 0.0003164 seconds
Start importing Assets/StreamingAssets/Art/Farm/CropSmall.glb using Guid(ea5a2195f058e4d8986495b93ea90bd7) (DefaultImporter) -> (artifact id: 'abcd8dd0ce0e7de41765fe0895598239') in 0.000303324 seconds
Start importing Assets/StreamingAssets/Art/Farm/FarmPlotEmpty.glb using Guid(ea9c9c38b9eb4b33da9944cb2807b638) (DefaultImporter) -> (artifact id: '53fabb3c746df5ee46650ef932475039') in 0.000306279 seconds
Start importing Assets/StreamingAssets/Art/Exterior/Crosswalk.glb using Guid(fa921bb1316fe29c6b0753081fc0ef6d) (DefaultImporter) -> (artifact id: '206687bda4144763e2c9d33091ee0ce1') in 0.000311274 seconds
Start importing Assets/StreamingAssets/Art/StoreDisplays/CashDrawerAlt.glb using Guid(fab9164364217602a8c8400e724f092c) (DefaultImporter) -> (artifact id: 'cac0c407acd433451a3286540b7ff8cf') in 0.000305827 seconds
Start importing Assets/StreamingAssets/Art/Furniture/WallCorner.glb using Guid(fa3c56c55fb5e76e49330bcc350b766c) (DefaultImporter) -> (artifact id: '6e1584eafd7979685ac9e065579351ea') in 0.000311556 seconds
Start importing Assets/StreamingAssets/Art/Hair/Hair_04_SlickBack.glb using Guid(0b7386e520396ec899817bafab03a616) (DefaultImporter) -> (artifact id: 'd3da3c17a9e849f8454c16d7fafd505c') in 0.000310949 seconds
Start importing Assets/StreamingAssets/Art/StoreEquipment/ReusableShoppingBag.glb using Guid(2bfcf198293f02b99bba1cd2d4e98b45) (DefaultImporter) -> (artifact id: 'f2e35997f6452e02e9d68e0ec00bacf0') in 0.000312619 seconds
Start importing Assets/StreamingAssets/Art/Hats/Hat_01_RedPanda.glb using Guid(2b5d8c84a09a00effb7d8430d9e51392) (DefaultImporter) -> (artifact id: 'c83456067908f167752f9bfbbe253a44') in 0.00031314 seconds
Start importing Assets/StreamingAssets/Art/Farm/WateringCan.glb using Guid(5b1bc39f1a6c69a28acd0d34a3ddb62d) (DefaultImporter) -> (artifact id: '15a621f887da1ae0cb82cf6b9b5a929a') in 0.000308802 seconds
Start importing Assets/StreamingAssets/Art/Utility/GlassPartition.glb using Guid(6b121085d8d02f133bbca29c17dc9386) (DefaultImporter) -> (artifact id: '717f7ff8a0aeee7fb87ac1f73acef0be') in 0.000324637 seconds
Start importing Assets/StreamingAssets/Art/Furniture/CheckoutCounter.glb using Guid(9b8d45f43a57ff882ac341f573ca9647) (DefaultImporter) -> (artifact id: '50016f7eddfede9b1d5149b7396bc448') in 0.000311729 seconds
Start importing Assets/StreamingAssets/Art/Farm/TomatoRipe.glb using Guid(fb72c2ab22100735ba86e6a1b8b76f22) (DefaultImporter) -> (artifact id: '6180f014fedcff585aeba30c19499e5e') in 0.000315157 seconds
Start importing Assets/StreamingAssets/Art/Exterior/CityBuilding.glb using Guid(0cd33974b594708ed85aa7c90f17215c) (DefaultImporter) -> (artifact id: 'fa7ddb009beae79479c8fe17d894d2f6') in 0.000320721 seconds
Start importing Assets/StreamingAssets/Art/StoreEquipment/BaggingArea.glb using Guid(0c47ad7e4ce82ffd8af9e64ce23c9505) (DefaultImporter) -> (artifact id: '15fef51e297fbd9b2023d18ac5af2361') in 0.00030377 seconds
Start importing Packages/com.unity.render-pipelines.universal/Editor/SceneTemplates/Standard.unity using Guid(5cae0d87369a2405eaa962b8d920b947) (DefaultImporter) -> (artifact id: '2acbe8b6e0af239b657d2bb8c96cc16d') in 0.000172066 seconds
Start importing Assets/StreamingAssets/Art/Hats/Hat_12_Capybara.glb using Guid(6c322223811526ce89853f8d647edd25) (DefaultImporter) -> (artifact id: '174d2a61392d1ac8c632d082e43b4a45') in 0.000307118 seconds
Start importing Assets/StreamingAssets/Art/Utility/CheckoutBag.glb using Guid(6cb9df95c31239c97b4657c357881c7a) (DefaultImporter) -> (artifact id: '5341df1c5dbdad01c00c302dfbb84d00') in 0.00031883 seconds
Start importing Assets/StreamingAssets/Art/Exterior/BusStop.glb using Guid(6cfd4095b6511bde898042e81da7874a) (DefaultImporter) -> (artifact id: 'fa69f63b45fc3e8cd1a69701b4a2533a') in 0.000299396 seconds
Start importing Assets/StreamingAssets/Art/Furniture/ReceiptPrinter.glb using Guid(8cd1bdcaaa8f2c6fa9237e9e6c922669) (DefaultImporter) -> (artifact id: 'b9771e1a30f7d23609b023de0483bb3d') in 0.000311894 seconds
Start importing Assets/StreamingAssets/Art/Utility/CartBay.glb using Guid(bc1869590398de24990d726a3ca0e852) (DefaultImporter) -> (artifact id: 'f5217b8117d8224ac9bdda2083ae5021') in 0.000306442 seconds
Start importing Assets/StreamingAssets/Art/Furniture/HangingSign.glb using Guid(cc45e040741b3ab75b80a16e1750574b) (DefaultImporter) -> (artifact id: '2ffebda5eff84bf7d25504bde062b521') in 0.000313999 seconds
Start importing Assets/StreamingAssets/Art/Farm/CornRipe.glb using Guid(fc0c84c6221bfe304959510fbaa2d72b) (DefaultImporter) -> (artifact id: 'c431f7481e701b0f629e7bd9bc07f256') in 0.00030649 seconds
Start importing Assets/StreamingAssets/Art/Utility/FarmWaterTank.glb using Guid(0d72b47768d86fdd0a0e527da0dfa567) (DefaultImporter) -> (artifact id: 'd91ceecf798e33e0e19b788ef13b7f3f') in 0.000299135 seconds
Start importing Assets/StreamingAssets/Art/Exterior/ParkingSpace.glb using Guid(0dbb0944f3340baff9e2921df092697f) (DefaultImporter) -> (artifact id: '456088bad919d2ad692a21ff0dff0108') in 0.000295232 seconds
Start importing Assets/StreamingAssets/Art/Farm/FarmFenceShort.glb using Guid(0dbfb87674ec85114afbc5351ff6a8b8) (DefaultImporter) -> (artifact id: '18673ec22b6757dde32f4e40543fc3cd') in 0.00031255 seconds
Start importing Assets/StreamingAssets/Art/Furniture/ShoppingBasket.glb using Guid(2de2d10b2bc302d08bb8e320e082e622) (DefaultImporter) -> (artifact id: 'd084726129af7bb97527cd715d98d89e') in 0.000314717 seconds
Start importing Assets/StreamingAssets/Art/Furniture/CardTerminal.glb using Guid(4dd6a2fb546aa7fa99fba5e2b88d54ad) (DefaultImporter) -> (artifact id: '389d7a6acdd4e70b6c2c2f0493959bd7') in 0.0003131 seconds
Start importing Assets/StreamingAssets/Art/Products/Cheese.glb using Guid(5daf5a80897945d4688b42e1690d268b) (DefaultImporter) -> (artifact id: '1c103cd9868a62f8285dd7862a31fb9f') in 0.000300946 seconds
Start importing Assets/StreamingAssets/Art/StoreEquipment/HiringPoint.glb using Guid(6d18792b324bcac128f522259b01e0d0) (DefaultImporter) -> (artifact id: '1cd197819862c4c548531a0f9389641e') in 0.000310693 seconds
Start importing Assets/StreamingAssets/Art/Hair/Hair_02_Fade.glb using Guid(7de28e25f1c35faf3b5025367684b069) (DefaultImporter) -> (artifact id: 'ccc21ee29398b998b5bded9e1de4a2bc') in 0.000307991 seconds
Start importing Assets/StreamingAssets/Art/StoreDisplays/FlourMillAlt.glb using Guid(9d932e6ede0a5405ea42a1e02a87f4b4) (DefaultImporter) -> (artifact id: '9d4fe0d52155e2c22c09bfa5b5476b5d') in 0.000301279 seconds
Start importing Assets/StreamingAssets/Art/Furniture/CashRegister.glb using Guid(ada4de63cca8fdc49b65687b2c143f34) (DefaultImporter) -> (artifact id: '8ce8c72fb4e589e959829c051795e861') in 0.000305339 seconds
Start importing Assets/StreamingAssets/Art/Farm/WheatGrowing.glb using Guid(bdf66cecc6b19f2578abb079197250b1) (DefaultImporter) -> (artifact id: '4a67a8af0a2580fb63c8f9a3c398ccd7') in 0.000320783 seconds
Start importing Assets/StreamingAssets/Art/Farm/FarmFenceCorner.glb using Guid(bd1d86a4031cc85e7b012b8c4c66e2be) (DefaultImporter) -> (artifact id: 'f2ee4e1a700cc92e98e08502d1107a06') in 0.000306183 seconds
Start importing Assets/StreamingAssets/Art/Furniture2/DisplayProduceMixed.glb using Guid(ddc473101534a0758a7739e7a582e826) (DefaultImporter) -> (artifact id: 'f08d92543a5ae0e0f6621a09de07e36a') in 0.000306854 seconds
Start importing Assets/StreamingAssets/Art/Furniture2/DisplayBakery.glb using Guid(fd2d02d4ec41dce369e34480179daca4) (DefaultImporter) -> (artifact id: '1e2acf7835c5aea8548078f2aa07cfc3') in 0.000311297 seconds
Start importing Assets/StreamingAssets/Art/Utility/ChickenPaddock.glb using Guid(0e41752175d48c71587cb008115722b2) (DefaultImporter) -> (artifact id: '944778c215ed570cb7a40e9f6d43ba34') in 0.0003069 seconds
Start importing Assets/StreamingAssets/Art/Furniture2/ShelfDivider.glb using Guid(1ed9089b7ef953683a36cf912f9d8fb8) (DefaultImporter) -> (artifact id: '28363829fe95aed8447483a46b72cdb8') in 0.000304975 seconds
Start importing Assets/StreamingAssets/Art/Furniture/StorefrontWindow.glb using Guid(3e80225f6d060b75a9786d53e96bfcb9) (DefaultImporter) -> (artifact id: '20a1db459d2206f317b5db394d4c7cf9') in 0.000305801 seconds
Start importing Assets/StreamingAssets/Art/StoreDisplays/JuiceMachineAlt.glb using Guid(3eca49cb4513ba1cb924b4e1893a1fe2) (DefaultImporter) -> (artifact id: 'ad7adb19afeef09f2ab485c1e46b3de1') in 0.00031235 seconds
Start importing Packages/com.unity.render-pipelines.core/Editor/CustomRenderTexture/CustomRenderTextureShader.template using Guid(6e1b69fb677bd95439f31bff8ca1c431) (DefaultImporter) -> (artifact id: '577601bc5d32ed10fd71da48720c6efc') in 0.000181571 seconds
Start importing Assets/StreamingAssets/Art/Hair/Hair_03_Wavy.glb using Guid(7e256858c8390c6dabd6a4524015ec9e) (DefaultImporter) -> (artifact id: '9d9864637b2ab8e6bffe1b0c37aa43ae') in 0.000302209 seconds
Start importing Assets/StreamingAssets/Art/Furniture2/ShelfCorner.glb using Guid(7eac70449a7d73188ba718491872aa3c) (DefaultImporter) -> (artifact id: '53057fb05089772c348512c10e5b7b35') in 0.000316617 seconds
Start importing Assets/StreamingAssets/Art/StoreEquipment/CheckoutScanner.glb using Guid(8e0a1111874dfec63a9fb07a6fa77921) (DefaultImporter) -> (artifact id: 'e7a115958fa9cfc35307c8fecc54c826') in 0.000312119 seconds
Start importing Assets/StreamingAssets/Art/Utility/SupplierTerminal.glb using Guid(9e78a5ed7aac68fdb9ab4fef610b7e41) (DefaultImporter) -> (artifact id: '274e21a35f89c7934e8e8e202315891f') in 0.000302129 seconds
Start importing Assets/StreamingAssets/Art/Furniture2/ShelfGondolaDouble.glb using Guid(ae6f77cc1a7583285b9808addbf5fcc1) (DefaultImporter) -> (artifact id: '64cb4294d1064a2664a162ed4172a924') in 0.00031383 seconds
Start importing Assets/StreamingAssets/Art/Farm/SeedSack.glb using Guid(fee034409f88b99eb8e8062b9f9b65b7) (DefaultImporter) -> (artifact id: '4234c97882b3de31ed2ddf654832c0c1') in 0.000309522 seconds
Start importing Assets/StreamingAssets/Art/Farm/Scarecrow.glb using Guid(fe97f00fd2bdceb8abb6ff0a0eed80f8) (DefaultImporter) -> (artifact id: '516dcc8354f22bec26ccccb3485e7548') in 0.000298515 seconds
Start importing Assets/StreamingAssets/Art/Products/Apple.glb using Guid(3f87a471c186d1d2da39728ff9062614) (DefaultImporter) -> (artifact id: 'e29b0a2bfac1f95926a2d3fae7302970') in 0.000314439 seconds
Start importing Assets/StreamingAssets/Art/Farm/LettuceRipe.glb using Guid(4fbe86916866858d4a7cfe0121583943) (DefaultImporter) -> (artifact id: '0884e456180e3a7927bbec69a5c28353') in 0.000305181 seconds
Start importing Assets/StreamingAssets/Art/Hair/Hair_15_SideBraid.glb using Guid(6f6554e3619fb16eeaeeb5db915c1973) (DefaultImporter) -> (artifact id: '59733d25ccf838e3fafbc55613474254') in 0.000305949 seconds
Start importing Assets/StreamingAssets/Art/Farm/FarmPlotFurrows.glb using Guid(8fd522e41c274f8d38511e04df296d89) (DefaultImporter) -> (artifact id: 'a7f3734a90ee641f161356f9357a25de') in 0.000313548 seconds
Start importing Assets/StreamingAssets/Art/Hats/Hat_05_Elephant.glb using Guid(8f9b1790e46a5802d9c750a75b83bc07) (DefaultImporter) -> (artifact id: 'c97cf3bfa030531b5954d42443c4873b') in 0.000301874 seconds
Start importing Assets/StreamingAssets/Art/Furniture2/ShelfEndcap.glb using Guid(9f23a263c795acc1db6c7d6ec94adaba) (DefaultImporter) -> (artifact id: '075857aff44629ffb794937763faa299') in 0.000301036 seconds
Start importing Packages/com.unity.render-pipelines.universal/Editor/Terrain/TerrainPass.template using Guid(bf34598b1ba253f4ab82fc5cffbed1ba) (DefaultImporter) -> (artifact id: 'ec31e110522690b3ca3251213ae8cd18') in 0.000184498 seconds
Start importing Assets/StreamingAssets/Art/Hair/Hair_16_HighPonytail.glb using Guid(bf7d7732ac94d9a19aef5d8772545d1c) (DefaultImporter) -> (artifact id: '37d79dd75512f18327ef52e5f97a68bb') in 0.000305475 seconds
Start importing Assets/StreamingAssets/Art/Furniture/CeilingLight.glb using Guid(cf8641f18380d2faab4bf9a2abd1bb3f) (DefaultImporter) -> (artifact id: '2590eca1bb4cd078bde107b701e8c37d') in 0.000308926 seconds
Start importing Assets/StreamingAssets/Art/Furniture/WallClock.glb using Guid(cf9821dc4e2163a0eb061e12697f1650) (DefaultImporter) -> (artifact id: '823eb0f372894c40079ff922d29b4df0') in 0.000309914 seconds
Start importing Assets/StreamingAssets/Art/StoreEquipment/JuiceMachine.glb using Guid(ff9b99303081dea7394817a3cf0d7874) (DefaultImporter) -> (artifact id: '510d3defb4e530cadd164cab8077ba93') in 0.000311559 seconds
Start importing Packages/com.unity.addressables/Tests/Editor/Expected/~SerializationTests_AddressableAssetSettings_62.ccd2.unity using Guid(00199d5950377489b9f4b906ad0cd38f) (DefaultImporter) -> (artifact id: 'ed99d82f6ceb0807a083a4d468028534') in 0.000171669 seconds
Start importing Assets/StreamingAssets/Art/Characters/AdultMale/LOD0.glb using Guid(20111145fd96bf11d9784ff6eeec5712) (DefaultImporter) -> (artifact id: '77207b7ed98e201d8e2b948741f2cb94') in 0.000323574 seconds
Start importing Packages/com.unity.addressables/Tests/Editor/Expected/~SerializationTests_AddressableAssetSettings.unity using Guid(c0b327cec738b6e4ea324f6496c73809) (DefaultImporter) -> (artifact id: '6a8d441e64f2bd29986502af22e313cf') in 0.00017823 seconds
Start importing Packages/com.unity.addressables/Tests/Editor/Expected/~GroupEditorTests_Group.unity using Guid(c066f683ae7d4fe44ab920a22865e4a9) (DefaultImporter) -> (artifact id: '539c0465c1a5313050995800e0b35d59') in 0.000162063 seconds
Start importing Packages/com.unity.addressables/Tests/Editor/Expected/~SerializationTests_AddressableAssetSettings_62.unity using Guid(c0e6fc22d33db480e853a4b2c01cf42d) (DefaultImporter) -> (artifact id: 'd7892a418710fa9231ee24aefc10d24f') in 0.000161778 seconds
Start importing Assets/StreamingAssets/Art/Characters/Girl/LOD2.glb using Guid(d016d9902fe74b3c0b6f364f9c05fbe1) (DefaultImporter) -> (artifact id: '30d3e1b95d498ec0673f66f67ed83c0d') in 0.000313519 seconds
Start importing Packages/com.unity.render-pipelines.universal/Editor/ShaderGraph/Templates/ShaderPass.template using Guid(e0c1f3f375c6ee44da3982445ffb92a4) (DefaultImporter) -> (artifact id: '6bda623a03180ed25f09d4204d82682b') in 0.000184412 seconds
Start importing Packages/com.unity.addressables/Tests/Editor/Expected/~SerializationTests_GroupTemplate.unity using Guid(f0f1b78a97fcd1e4aa45deb60db1d673) (DefaultImporter) -> (artifact id: 'c951d2a8ce06d59bf2c214d0a313a598') in 0.000163829 seconds
Start importing Assets/StreamingAssets/Art/Characters/CustomerFemale01/LOD1.glb using Guid(3183ec878673326f6b6a9ff887e44e4a) (DefaultImporter) -> (artifact id: 'a12751a391d1f83308e5abc901fa078a') in 0.000309019 seconds
Start importing Assets/StreamingAssets/Art/Characters/CustomerMale01/LOD0.glb using Guid(619b5181462bb3493bf9c48acd69aba9) (DefaultImporter) -> (artifact id: '8758441683abd982997a6c71cb3a4c26') in 0.000319595 seconds
Start importing Packages/com.unity.render-pipelines.universal/Editor/VFXGraph/Shaders/VFXLit.template using Guid(b182b2f5194c5574eb1983f8bb8b3d04) (DefaultImporter) -> (artifact id: 'bad72b1e0ad09877d4b16acfa3e1fcad') in 0.000178549 seconds
Start importing Packages/com.unity.addressables/Tests/Editor/Expected/~SerializationTests_ProfileDataSourceSettings_62.unity using Guid(c2b6acd5f3e084f5a938c4cb2687f54e) (DefaultImporter) -> (artifact id: 'a5cc148d187e69a1cf44dbcf36353bca') in 0.000160209 seconds
Start importing Assets/StreamingAssets/Art/Characters/Girl/LOD0.glb using Guid(635764e3102ea039884d20a959ea6705) (DefaultImporter) -> (artifact id: 'e5e805b9a267d7cbc719c10c0bda8486') in 0.000322978 seconds
Start importing Packages/com.unity.render-pipelines.universal/Editor/VFXGraph/Shaders/VFXDecal.template using Guid(d422a258210649e8bf5d57f759d8e5da) (DefaultImporter) -> (artifact id: '930ad73bba90316b0bae1fd0ace2618a') in 0.000173473 seconds
Start importing Assets/StreamingAssets/Art/Characters/AdultFemale/LOD1.glb using Guid(756df5b9f5d0dbd40844bdd998868f67) (DefaultImporter) -> (artifact id: 'd7f6cc09eaccde5596009286235b47df') in 0.000315124 seconds
Start importing Assets/StreamingAssets/Art/Characters/CustomerFemale01/LOD2.glb using Guid(754f3eda4fe0492468cda1003f5cb068) (DefaultImporter) -> (artifact id: '62d3692f5fabcbe18144149cf59f70e0') in 0.000309787 seconds
Start importing Packages/com.unity.render-pipelines.universal/Editor/VFXGraph/Shaders/VFXLitVaryings.template using Guid(56fd66c66c0d99848be7cc4829d45942) (DefaultImporter) -> (artifact id: 'f02bbf5928f76a646d0da95e8afc71e3') in 0.000180164 seconds
Start importing Assets/StreamingAssets/Art/Characters/Girl/LOD1.glb using Guid(86e849d51357a49948054651bb65380f) (DefaultImporter) -> (artifact id: 'ad896db63c037e1383eb61cb242cc7a9') in 0.000335114 seconds
Start importing Assets/StreamingAssets/Art/Characters/CustomerFemale02/LOD2.glb using Guid(964d6883154aa1c5ab388e9b012335c2) (DefaultImporter) -> (artifact id: 'b95d3233ee18c6349b5bae17cbbd53f3') in 0.00031301 seconds
Start importing Assets/StreamingAssets/Art/Characters/AdultFemale/LOD2.glb using Guid(f65e0731ba5c206bfac6eb1f1bee7b44) (DefaultImporter) -> (artifact id: '2da4fa687b9f40758cd37545393fd772') in 0.000306861 seconds
Start importing Assets/StreamingAssets/Art/Characters/CustomerMale02/LOD0.glb using Guid(47d058740db56dbfab75d395767d728f) (DefaultImporter) -> (artifact id: '75bb12c74d1d4107cd6b2f78d9a9b806') in 0.00032045 seconds
Start importing Assets/StreamingAssets/Art/Characters/CustomerFemale02/LOD0.glb using Guid(b7a80b1976f25632a965b2b804d07a65) (DefaultImporter) -> (artifact id: '238c06fc024ae90ca9f9d8c264e8da04') in 0.000316733 seconds
Start importing Packages/com.unity.addressables/Tests/Editor/Expected/~SerializationTests_ProfileDataSourceSettings.unity using Guid(e78f261bbbf61e54990aba7192f284fe) (DefaultImporter) -> (artifact id: 'ea5fcb906f421989c488bbe84d2dc86e') in 0.000168246 seconds
Start importing Assets/StreamingAssets/Art/Characters/CustomerFemale03/LOD0.glb using Guid(f745bb2b8e9b28156bec0b5460b8b2bb) (DefaultImporter) -> (artifact id: '83fcfa1103dd5516e0bf8b7427afa5a8') in 0.000308879 seconds
Start importing Packages/com.unity.addressables/Tests/Editor/Expected/~SerializationTests_AddressableAssetSettings.ccd3.unity using Guid(08079bcd5a38ec5459e95445f2f3554b) (DefaultImporter) -> (artifact id: '6811a18021b80900823eb58e4b52262c') in 0.000176591 seconds
Start importing Assets/StreamingAssets/Art/Characters/Boy/LOD2.glb using Guid(18ac47ad3343ec365b22c35f549c2ad2) (DefaultImporter) -> (artifact id: 'bb068c499a57bd1077a3eb75c0c55a18') in 0.000329198 seconds
Start importing Assets/StreamingAssets/Art/Characters/CustomerMale01/LOD1.glb using Guid(49152df289e63366aa4de4aa90bbc04e) (DefaultImporter) -> (artifact id: 'a730d1c83b749f1d5ebe0145ca0bb435') in 0.000305415 seconds
Start importing Packages/com.unity.render-pipelines.universal/Editor/VFXGraph/Shaders/VFXVertexProbeSampling.template using Guid(89944a86d17a433682835ec4b89dc07f) (DefaultImporter) -> (artifact id: 'a55d4e41d492c332f5be39ab7074eee0') in 0.000184305 seconds
Start importing Assets/StreamingAssets/Art/Characters/AdultFemale/LOD0.glb using Guid(995638ddf9400165e960680e5cfd63d5) (DefaultImporter) -> (artifact id: '3c3898bb0dd1a4b33aaf57301cae4304') in 0.000310914 seconds
Start importing Assets/StreamingAssets/Art/Characters/CustomerFemale01/LOD0.glb using Guid(2a6082a510b6b3556bc924d6eff39c26) (DefaultImporter) -> (artifact id: 'd0ff41b55e5920ab0e017688ba60b86a') in 0.000305005 seconds
Start importing Assets/StreamingAssets/Art/Characters/CustomerFemale03/LOD1.glb using Guid(0b82b53dac6825798ad26545f9fe2c3b) (DefaultImporter) -> (artifact id: '700e38b2fa1083071206d9e35a9c9737') in 0.000320945 seconds
Start importing Packages/com.unity.addressables/Tests/Editor/Expected/~SerializationTests_GroupTemplate_62.unity using Guid(4bee11bbdc9364d3cb1df424edd82535) (DefaultImporter) -> (artifact id: 'bb8cb164b53f09941210235a0474dac9') in 0.000167598 seconds
Start importing Assets/StreamingAssets/Art/Characters/CustomerMale02/LOD1.glb using Guid(abb86a7954a47eed4a052dd665e288ba) (DefaultImporter) -> (artifact id: '61a92803328155b2b78a0dca893cdf7a') in 0.000311633 seconds
Start importing Assets/StreamingAssets/Art/Characters/CustomerFemale02/LOD1.glb using Guid(db6b15347a7b5494393af089f507ca6f) (DefaultImporter) -> (artifact id: '8cc992c44b14dda5036ad20cdc0b9a81') in 0.000319438 seconds
Start importing Assets/StreamingAssets/Art/Characters/AdultMale/LOD1.glb using Guid(3c2503dfb296f4730beca4cf92d67c37) (DefaultImporter) -> (artifact id: 'cf5ccf95fc43c463d2340e9ed035899b') in 0.000310921 seconds
Start importing Packages/com.unity.render-pipelines.universal/Editor/VFXGraph/Shaders/VFXSGSurfaceData.template using Guid(4c72c43322666bd4dbe58de9815b0639) (DefaultImporter) -> (artifact id: '7b7c96c8cae3620e4a88488b9c195b56') in 0.000199747 seconds
Start importing Packages/com.unity.addressables/Tests/Editor/Expected/~SerializationTests_Group_62.unity using Guid(5cbd2db12a5d64ba9ac02fdc86d178e8) (DefaultImporter) -> (artifact id: '709da951034e8b528c34f647d4e659ec') in 0.000164258 seconds
Start importing Assets/StreamingAssets/Art/Characters/Boy/LOD1.glb using Guid(6c80526ea1633b0218670d514e399d41) (DefaultImporter) -> (artifact id: 'fb0fccec4f3572e4d6e18092c28eac31') in 0.000314301 seconds
Start importing Assets/StreamingAssets/Art/Characters/CustomerMale02/LOD2.glb using Guid(6cb90d80bfd418cefb17f2312d71f39f) (DefaultImporter) -> (artifact id: '06629729030252bd37c01723b53a265d') in 0.00031396 seconds
Start importing Packages/com.unity.addressables/Tests/Editor/Expected/~SerializationTests_AddressableAssetSettings.ccd2.unity using Guid(0d12ded092455874a9617579ade9b0e7) (DefaultImporter) -> (artifact id: '896a46a744726917e01117defc90e622') in 0.000164985 seconds
Start importing Packages/com.unity.shadergraph/Editor/Generation/Templates/PassMesh.template using Guid(1d356e56081caed46bb576bcdf392666) (DefaultImporter) -> (artifact id: '09c2e7d96225254d319c128e60dfeb06') in 0.000179746 seconds
Start importing Packages/com.unity.addressables/Tests/Editor/Expected/~SerializationTests_AddressableAssetSettings_62.ccd3.unity using Guid(2d4ef00a112a4481cbfcb0081858241f) (DefaultImporter) -> (artifact id: '29d4915ae841614e065f042bea227117') in 0.000160112 seconds
Start importing Packages/com.unity.render-pipelines.universal/Editor/VFXGraph/Shaders/VFXPasses.template using Guid(3d707c2c34101af48b8dc0b38ea50a1f) (DefaultImporter) -> (artifact id: 'c452ea6340a1b92d788317df7cd68f74') in 0.000159824 seconds
Start importing Assets/StreamingAssets/Art/Characters/AdultMale/LOD2.glb using Guid(8df8e1c0149b45045b2c3cae1a45522a) (DefaultImporter) -> (artifact id: 'c4cf44ad49f6d577fb8b395a0b567f24') in 0.000310464 seconds
Start importing Assets/StreamingAssets/Art/Characters/CustomerMale01/LOD2.glb using Guid(de80fe956eae554a283906874fbb539f) (DefaultImporter) -> (artifact id: '4c9cc4c5bd4e9216649efb868f54ba90') in 0.000319483 seconds
Start importing Packages/com.unity.render-pipelines.universal/Editor/VFXGraph/Shaders/VFXDecalVaryings.template using Guid(5fa2eae08a4a4852be54781bb3cf5736) (DefaultImporter) -> (artifact id: 'f8c0d5abc5cfec9d7fdc542aa2e93477') in 0.000174682 seconds
Start importing Packages/com.unity.addressables/Tests/Editor/Expected/~SerializationTests_Group.unity using Guid(5ff39781fd7edcc479cec1dfcfe2d9ef) (DefaultImporter) -> (artifact id: 'bbcece849aca8dd42bd833b7b224e78f') in 0.000161575 seconds
Start importing Assets/StreamingAssets/Art/Characters/Boy/LOD0.glb using Guid(6feffc31a62234fdf9ae202203f617a8) (DefaultImporter) -> (artifact id: '3341e92a06b0c67ef864530273ca5268') in 0.000329559 seconds
Start importing Assets/StreamingAssets/Art/Characters/CustomerFemale03/LOD2.glb using Guid(fff46d9b9dae1baba8baf6f5f29057bf) (DefaultImporter) -> (artifact id: '6ccece12bfce1afbfebf37dd4cb269e4') in 0.000322622 seconds
Start importing Assets/StreamingAssets/Art/Characters/CustomerFemale01/Textures/CustomerFemale01_Normal.jpg using Guid(010a8e33ba84495f0997c24ab7379de0) (DefaultImporter) -> (artifact id: '057a33b19051557597178d226c2c9385') in 0.000332772 seconds
Start importing Assets/StreamingAssets/Art/Characters/CustomerFemale02/Textures/CustomerFemale02_RM_Original.jpg using Guid(113a8b8a88d408997a171c968f95f5c4) (DefaultImporter) -> (artifact id: '6cd5e22070351328a8f2d125cae6a28d') in 0.000335058 seconds
Start importing Assets/StreamingAssets/Art/Characters/CustomerFemale02/Textures/CustomerFemale02_BaseColor.jpg using Guid(815b8550898f482e28c147da7b7ff24e) (DefaultImporter) -> (artifact id: '7d5177c807dd1f5c391850b83082a480') in 0.000320013 seconds
Start importing Assets/StreamingAssets/Art/Characters/CustomerMale01/Textures/CustomerMale01_RM_Original.jpg using Guid(a1ec94b13dc396ade96476341adaecff) (DefaultImporter) -> (artifact id: '7e170077053228bd5bc6a115211168fa') in 0.000326425 seconds
Start importing Packages/com.unity.render-pipelines.universal/Editor/VFXGraph/Shaders/Templates/VFXParticleMeshes.template using Guid(e1c9418ea80ea1f438a3b984293b811c) (DefaultImporter) -> (artifact id: '84a0a376d13b393e302487300ecb44f0') in 0.000186133 seconds
Start importing Assets/StreamingAssets/Art/Characters/CustomerMale02/Textures/CustomerMale02_SkinMask.png using Guid(f14394d491bbf5fbab491ba1aa0d5c38) (DefaultImporter) -> (artifact id: '39e5a85fdf776b180540c6cea6f1f0cd') in 0.000330333 seconds
Start importing Assets/StreamingAssets/Art/Characters/Girl/Textures/Girl_SkinMask.png using Guid(227e7f8f49a6c7edbaeb443017ffc068) (DefaultImporter) -> (artifact id: '12528e873bf09a5caf72854281ba7d14') in 0.000323605 seconds
Start importing Assets/StreamingAssets/Art/Characters/AdultFemale/Textures/AdultFemale_BaseColor.jpg using Guid(4200c789f2b400453a004647b881b526) (DefaultImporter) -> (artifact id: '9adff4ba2570b967407aad71a7558df1') in 0.000338998 seconds
Start importing Assets/StreamingAssets/Art/Characters/Girl/Textures/Girl_Normal.jpg using Guid(52bd8a0f41cb4502b8c4a1a019bb7699) (DefaultImporter) -> (artifact id: '108d5dd2c0da925c716707ff703192a5') in 0.00032925 seconds
Start importing Assets/StreamingAssets/Art/Characters/Boy/Textures/Boy_SkinMask.png using Guid(f2202f82e5b085e4b9a8949376def1d7) (DefaultImporter) -> (artifact id: '72c127f789cc2c1db98ae9f06f47bb25') in 0.000328428 seconds
Start importing Assets/StreamingAssets/Art/Characters/CustomerMale01/Textures/CustomerMale01_BaseColor.jpg using Guid(03f7a60c646aadeb8822ebf9fc097ed1) (DefaultImporter) -> (artifact id: '7dc6fd50be10e333ca86e3ca36c170c6') in 0.000335682 seconds
Start importing Assets/StreamingAssets/Art/Characters/CustomerFemale01/Textures/CustomerFemale01_SkinMask.png using Guid(83235b8616331fc47b37987865f9a26b) (DefaultImporter) -> (artifact id: 'b4aa226d8639bd4dd894680d909e4f6e') in 0.000328873 seconds
Start importing Assets/StreamingAssets/Art/Characters/AdultFemale/Textures/AdultFemale_RM_Original.jpg using Guid(047efba4c330f2f8db584f58445287b1) (DefaultImporter) -> (artifact id: '2e80a29a0bdbc80293c852ac0856b3c4') in 0.000322162 seconds
Start importing Assets/StreamingAssets/Art/Characters/CustomerFemale03/Textures/CustomerFemale03_RM_Original.jpg using Guid(2462e1a27d50d4c92a2a20a7417b467c) (DefaultImporter) -> (artifact id: 'b8b3f372180d2868adf72de39f1edcf9') in 0.000326674 seconds
Start importing Packages/com.unity.render-pipelines.universal/Editor/VFXGraph/Shaders/Templates/VFXParticleLinesSW.template using Guid(349d67d896d33a54181e800b229b65ec) (DefaultImporter) -> (artifact id: '09c34b7bd80251814a71811c69ad587d') in 0.000182238 seconds
Start importing Assets/StreamingAssets/Art/Characters/CustomerFemale03/Textures/CustomerFemale03_Normal.jpg using Guid(54a5ef6d51b6dbd51a51206f7b9761e0) (DefaultImporter) -> (artifact id: 'a6cb409d3e0b18e0636dfb5de438b4e8') in 0.000327784 seconds
Start importing Packages/com.unity.render-pipelines.universal/Editor/VFXGraph/Shaders/Templates/VFXParticleBasicCube.template using Guid(6400081753199864e8880210a0c8ce24) (DefaultImporter) -> (artifact id: 'e2393cc3df9c4406cf269120455fd39b') in 0.000169964 seconds
Start importing Assets/StreamingAssets/Art/Characters/CustomerFemale02/Textures/CustomerFemale02_SkinMask.png using Guid(94bd2912efe35eabc8a2dc8d4f83bee6) (DefaultImporter) -> (artifact id: '49d73c60d209d413b25e8fece25de0f3') in 0.000334033 seconds
Start importing Assets/StreamingAssets/Art/Characters/AdultMale/Textures/AdultMale_Normal.jpg using Guid(b4c44b895b0c22874a227899fe335891) (DefaultImporter) -> (artifact id: 'c225d81e79de9c2526d652d57e40b107') in 0.00032436 seconds
Start importing Assets/StreamingAssets/Art/Characters/Girl/Textures/Girl_BaseColor.jpg using Guid(b4a5709217dd7cee588b6af11001e63e) (DefaultImporter) -> (artifact id: '110f2777824508c076a8359ff9013572') in 0.000318428 seconds
Start importing Assets/StreamingAssets/Art/Characters/CustomerMale02/Textures/CustomerMale02_BaseColor.jpg using Guid(15d50b26696faff5785598b6be072be5) (DefaultImporter) -> (artifact id: 'c77d76ab46149b84a041c35f58d2c2e2') in 0.000332346 seconds
Start importing Assets/StreamingAssets/Art/Characters/CustomerMale01/Textures/CustomerMale01_SkinMask.png using Guid(c5592aaaf7baeb930ab469046354fbac) (DefaultImporter) -> (artifact id: '24c5dec2e0c8a25a1f70c3cccaa1094d') in 0.000342668 seconds
Start importing Assets/StreamingAssets/Art/Characters/CustomerFemale02/Textures/CustomerFemale02_Normal.jpg using Guid(f5e6f142c721a91e186930ce9365a077) (DefaultImporter) -> (artifact id: 'f2b83ef7255d228dacd8c63595a4543e') in 0.000321503 seconds
Start importing Packages/com.unity.render-pipelines.universal/Editor/VFXGraph/Shaders/Templates/VFXParticleCube.template using Guid(16b454c8be4c1854fab1aa702812af16) (DefaultImporter) -> (artifact id: 'ee68e76b43db32a76c1779907168a5d3') in 0.000194239 seconds
Start importing Assets/StreamingAssets/Art/Characters/AdultMale/Textures/AdultMale_SkinMask.png using Guid(16c7da1bd5abc09fab22365aaa7842b9) (DefaultImporter) -> (artifact id: '474211ef02332848d459b0bcc8915cb3') in 0.000325483 seconds
Start importing Assets/StreamingAssets/Art/Characters/Girl/Textures/Girl_RM_Original.jpg using Guid(b6a20af2797819aaa9af5327efc7a26d) (DefaultImporter) -> (artifact id: '13b7beb26e6cd530bc8ff3d1041eab80') in 0.000328748 seconds
Start importing Packages/com.unity.render-pipelines.universal/Editor/VFXGraph/Shaders/Templates/VFXParticleLitPlanarPrimitive.template using Guid(571ac9b288ab81e4c9c3aad150d6cb3e) (DefaultImporter) -> (artifact id: 'b76aa4ef9fa1d1062e93887e2d1d0883') in 0.000187655 seconds
Start importing Packages/com.unity.render-pipelines.universal/Editor/VFXGraph/Shaders/Templates/VFXParticlePoints.template using Guid(677f238dc37937045b856e9468e21666) (DefaultImporter) -> (artifact id: '3998e5f2e93d0711504d6a38b7c00d7c') in 0.000172785 seconds
Start importing Packages/com.unity.render-pipelines.universal/Editor/VFXGraph/Shaders/Templates/VFXParticleURPDecal.template using Guid(c7a8c3a8c44540639fe72b8ba1c8d176) (DefaultImporter) -> (artifact id: '4b19c7e034c2ebe4961bab1279edceb5') in 0.000162439 seconds
Start importing Assets/StreamingAssets/Art/Characters/AdultMale/Textures/AdultMale_RM_Original.jpg using Guid(082f9632039b02d42b4261de4b86c3dd) (DefaultImporter) -> (artifact id: 'ebcf66fbab527743c72dee666d5c8ac6') in 0.00033466 seconds
Start importing Assets/StreamingAssets/Art/Characters/CustomerFemale03/Textures/CustomerFemale03_BaseColor.jpg using Guid(38592acfc6383d712a17990688ed81e3) (DefaultImporter) -> (artifact id: 'fa1b3cbfbcde9d9d5e9a9c8926d46072') in 0.000324824 seconds
Start importing Packages/com.unity.render-pipelines.universal/Editor/VFXGraph/Shaders/Templates/VFXParticleDecal.template using Guid(b8fd50c1927bb714b8fe5141cb40f34a) (DefaultImporter) -> (artifact id: '573d12330f8280a50e77efd51834763d') in 0.000192184 seconds
Start importing Assets/StreamingAssets/Art/Characters/AdultFemale/Textures/AdultFemale_SkinMask.png using Guid(c84484eaa9489895bb9337874716bf2a) (DefaultImporter) -> (artifact id: '0b53aa3bf440b4605cd068dc42ef715b') in 0.000321452 seconds
Start importing Assets/StreamingAssets/Art/Characters/CustomerFemale03/Textures/CustomerFemale03_SkinMask.png using Guid(c85b39c14786408e4a4d877880f06456) (DefaultImporter) -> (artifact id: 'f922d75b83ef6238231c86a3cc0200b8') in 0.000329811 seconds
Start importing Assets/StreamingAssets/Art/Characters/Boy/Textures/Boy_BaseColor.jpg using Guid(f87764cc262a1a09f88c8d53504ebc33) (DefaultImporter) -> (artifact id: '3ebc7057f55122581a0cefb36d3fc9a1') in 0.000324179 seconds
Start importing Assets/StreamingAssets/Art/Characters/CustomerFemale01/Textures/CustomerFemale01_RM_Original.jpg using Guid(09ab748732471cf22ba64e8ee3e936d2) (DefaultImporter) -> (artifact id: '00265b0bc1738211296d51ae5e8ae607') in 0.000320364 seconds
Start importing Assets/StreamingAssets/Art/Characters/AdultMale/Textures/AdultMale_BaseColor.png using Guid(a92337b8101ee771cb94d0b8b78514a8) (DefaultImporter) -> (artifact id: 'f670e1e3e63ae296bbbe0f5461d29ec7') in 0.000314534 seconds
Start importing Assets/StreamingAssets/Art/Characters/CustomerMale02/Textures/CustomerMale02_RM_Original.jpg using Guid(2a630632dca02b26bbba6101c6acebf6) (DefaultImporter) -> (artifact id: '4cc022fdde1094f1800390c09086c622') in 0.000336017 seconds
Start importing Assets/StreamingAssets/Art/Characters/CustomerMale02/Textures/CustomerMale02_Normal.jpg using Guid(9b4f80eb8abeec63b93acc7116cb43ad) (DefaultImporter) -> (artifact id: '6c59bbfcde21ea91cc68fc146d45d682') in 0.000326227 seconds
Start importing Assets/StreamingAssets/Art/Characters/CustomerMale01/Textures/CustomerMale01_Normal.jpg using Guid(cbff7ee80b09465e6b642ab85eed2eaa) (DefaultImporter) -> (artifact id: '9d1fd67f79612743de4992f8e24c91d0') in 0.000332123 seconds
Start importing Packages/com.unity.render-pipelines.universal/Editor/VFXGraph/Shaders/Templates/VFXParticleLinesHW.template using Guid(1c9e0e166435ac24eacc5a8f047aff75) (DefaultImporter) -> (artifact id: '019d5ce01901152435803675b00f96f5') in 0.000177612 seconds
Start importing Assets/StreamingAssets/Art/Characters/AdultMale/Textures/AdultMale_BaseColor.jpg using Guid(3c6199276a36c8ff79df3038b6516e13) (DefaultImporter) -> (artifact id: '76b2bb0fb75d9a6821ab49a247650f6d') in 0.00032533 seconds
Start importing Assets/StreamingAssets/Art/Characters/AdultFemale/Textures/AdultFemale_Normal.jpg using Guid(4c94e5a1390215c42a6526815aa8742a) (DefaultImporter) -> (artifact id: 'd52a857922c33b25e503a0e66701484c') in 0.000317191 seconds
Start importing Assets/StreamingAssets/Art/Characters/CustomerFemale01/Textures/CustomerFemale01_BaseColor.jpg using Guid(1d452ea2294ce903f8eb91c9f69349b0) (DefaultImporter) -> (artifact id: 'b5482ef68d8fd38529fc0464cab6b273') in 0.000337446 seconds
Start importing Assets/StreamingAssets/Art/Characters/AdultMale/Textures/AdultMale_SkinMask_Submitted.png using Guid(bdea0b142ea22fdd493be316e81789ed) (DefaultImporter) -> (artifact id: '194caf39a23f24d49d8e8127da11aff7') in 0.000323473 seconds
Start importing Assets/StreamingAssets/Art/Characters/Boy/Textures/Boy_RM_Original.jpg using Guid(4e484c27fa8b90b20aee118f7aa474e7) (DefaultImporter) -> (artifact id: '281968a4d795514ef5bde788bde498b2') in 0.000310917 seconds
Start importing Packages/com.unity.render-pipelines.universal/Editor/VFXGraph/Shaders/Templates/VFXPassDepthCommonFragmentLit.template using Guid(5e151e0faedc4a8ea681032f3bd79061) (DefaultImporter) -> (artifact id: '526f0464b3769fc48d4fe931feb60497') in 0.000181344 seconds
Start importing Packages/com.unity.render-pipelines.universal/Editor/VFXGraph/Shaders/Templates/VFXParticleLitMesh.template using Guid(7edabebf429ea534a8a5bbdf10b327d1) (DefaultImporter) -> (artifact id: 'c7835fc2e7c51394319b8feba76cc469') in 0.000169147 seconds
Start importing Packages/com.unity.shadergraph/Editor/Generation/Targets/CustomRenderTexture/CustomTextureSubShader.template using Guid(afa536a0de48246de92194c9e987b0b8) (DefaultImporter) -> (artifact id: 'a80c640364d273ee5c5f6ce4c327de7a') in 0.000161822 seconds
Start importing Packages/com.unity.render-pipelines.universal/Editor/VFXGraph/Shaders/Templates/VFXParticlePlanarPrimitive.template using Guid(bf2c8e09bda2786468d6b49e9f5422bb) (DefaultImporter) -> (artifact id: '23af9de992097ef304d75d1c380533df') in 0.000166018 seconds
Start importing Assets/StreamingAssets/Art/Characters/Boy/Textures/Boy_Normal.jpg using Guid(cf71eccc5be01e156b82e82ae2b190ec) (DefaultImporter) -> (artifact id: '50411cfcaf03ab65751047a03c8eecaf') in 0.000322734 seconds
Start importing Packages/com.unity.render-pipelines.universal/Editor/VFXGraph/Shaders/Templates/URPDecal/PassScreenSpace.template using Guid(4059f0b867f24f38b3d2baed5de3cc8c) (DefaultImporter) -> (artifact id: '07a60572266019ed67ff1532c68ebb13') in 0.000174732 seconds
Start importing Packages/com.unity.render-pipelines.universal/Editor/VFXGraph/Shaders/Templates/ParticlePlanarPrimitivesLit/PassVelocity.template using Guid(40cf578c410cce34895b4a55f12d31d1) (DefaultImporter) -> (artifact id: 'f6f7f4d542a1086c504babab28cab307') in 0.00016778 seconds
Start importing Packages/com.unity.render-pipelines.universal/Editor/VFXGraph/Shaders/Templates/ParticlePlanarPrimitives/PassForward2D.template using Guid(60e6c40c533c7ed4fbf6a90081f0e415) (DefaultImporter) -> (artifact id: '970420d39c3869852cdff492506749d1') in 0.00015792 seconds
Start importing Packages/com.unity.render-pipelines.universal/Editor/VFXGraph/Shaders/Templates/ParticlePoints/PassForward2D.template using Guid(909b99072e12b6248b33e572f4c04095) (DefaultImporter) -> (artifact id: '09cc7a28825484331710ceb0967a1ff0') in 0.000166841 seconds
Start importing Packages/com.unity.render-pipelines.universal/Editor/VFXGraph/Shaders/Templates/ParticlePlanarPrimitivesLit/PassSelection.template using Guid(01ac01709d809ff46966b98b9ec1104d) (DefaultImporter) -> (artifact id: '181618a4b5ec974888f42ddd08435b51') in 0.000163754 seconds
Start importing Packages/com.unity.render-pipelines.universal/Editor/VFXGraph/Shaders/Templates/ParticleMeshesLit/PassSelection.template using Guid(915f7a9ae9b5ab542b48b313dbf0489c) (DefaultImporter) -> (artifact id: '935caa3e58fc7b527a8e18dcf804b0d3') in 0.000156342 seconds
Start importing Packages/com.unity.render-pipelines.universal/Editor/VFXGraph/Shaders/Templates/URPDecal/PassDBuffer.template using Guid(b1a0121f4ab34ed9a0480537b0f8e6f5) (DefaultImporter) -> (artifact id: 'bad844d47b87afc232c9852eafbe1644') in 0.000158583 seconds
Start importing Packages/com.unity.render-pipelines.universal/Editor/VFXGraph/Shaders/Templates/ParticleLinesSW/PassForward2D.template using Guid(526188e7c1965614aa36043f95c18390) (DefaultImporter) -> (artifact id: '744592bda9a31e478ebe708b1c98ada8') in 0.000151291 seconds
Start importing Packages/com.unity.render-pipelines.universal/Editor/VFXGraph/Shaders/Templates/URPDecal/PassGBuffer.template using Guid(92bae492fd0c48fca15a3c15dc732416) (DefaultImporter) -> (artifact id: '51f5a05fc163c6dd87c66c22d51b9664') in 0.000161368 seconds
Start importing Packages/com.unity.render-pipelines.universal/Editor/VFXGraph/Shaders/Templates/ParticleMeshesLit/PassDepth.template using Guid(23f922a362522a540b38b85bb2a5353f) (DefaultImporter) -> (artifact id: '12ac5fcb2f97f770c3e57737a2de0281') in 0.000173173 seconds
Start importing Packages/com.unity.render-pipelines.universal/Editor/VFXGraph/Shaders/Templates/ParticleLines/PassForward2D.template using Guid(f3ec7f3c24cdbba49986aa6478b5867f) (DefaultImporter) -> (artifact id: 'ec9b43fad5b799cabf3a44d12f4ff06d') in 0.000155607 seconds
Start importing Packages/com.unity.render-pipelines.universal/Editor/VFXGraph/Shaders/Templates/ParticlePlanarPrimitivesLit/PassDepthNormal.template using Guid(341677e7847d0874abedb1fc1748b2cf) (DefaultImporter) -> (artifact id: 'ff2a11c073eeabbe98497708bae4a133') in 0.000151702 seconds
Start importing Packages/com.unity.render-pipelines.universal/Editor/VFXGraph/Shaders/Templates/ParticleMeshesLit/PassDepthNormal.template using Guid(75feef1dfebc40e4697124cb20d3f4fe) (DefaultImporter) -> (artifact id: 'da99c9a692059cdcb6d1a5de2fe88c34') in 0.000150186 seconds
Start importing Packages/com.unity.render-pipelines.universal/Editor/VFXGraph/Shaders/Templates/ParticleMeshesLit/PassDepthOrMV.template using Guid(a55128324929eba40884977cd5c1669e) (DefaultImporter) -> (artifact id: 'b6da10492e111421945f3c9480373e26') in 0.000157882 seconds
Start importing Packages/com.unity.render-pipelines.universal/Editor/VFXGraph/Shaders/Templates/ParticlePlanarPrimitivesLit/PassDepthOrMV.template using Guid(e54411f64dc2beb43998b9727f62fa32) (DefaultImporter) -> (artifact id: '04e1670fc44488c26218cd02fdc4220f') in 0.000156947 seconds
Start importing Packages/com.unity.render-pipelines.universal/Editor/VFXGraph/Shaders/Templates/ParticleMeshesLit/PassGBuffer.template using Guid(268a144f637cfd343e3952cf770998d5) (DefaultImporter) -> (artifact id: 'ccf142561e72b73477efc487f24fd6c2') in 0.000153936 seconds
Start importing Packages/com.unity.render-pipelines.universal/Editor/VFXGraph/Shaders/Templates/ParticlePlanarPrimitivesLit/PassDepth.template using Guid(37d26d1c1d738be4cba8c98b84ff0da3) (DefaultImporter) -> (artifact id: 'aec52993caab66260b6595f3d5a327ce') in 0.000156487 seconds
Start importing Packages/com.unity.render-pipelines.universal/Editor/VFXGraph/Shaders/Templates/ParticleMeshesLit/Pass.template using Guid(77e942a6f106f7746bec78ed934de11a) (DefaultImporter) -> (artifact id: '795c475e9a008dd40323308636df20ae') in 0.000157687 seconds
Start importing Packages/com.unity.render-pipelines.universal/Editor/VFXGraph/Shaders/Templates/ParticleMeshesLit/PassForward.template using Guid(286d87cbf8c19c749b69078915c9be88) (DefaultImporter) -> (artifact id: '72411581046e9601a5b6e4c445d47389') in 0.000152783 seconds
Start importing Packages/com.unity.shadergraph/Editor/Generation/Targets/UITK/Templates/PassUI.template using Guid(3b060531fe7ce41768321dd4c68d7f75) (DefaultImporter) -> (artifact id: '7bae337eea473b69add3b2b58b83ccb8') in 0.000155542 seconds
Start importing Packages/com.unity.render-pipelines.universal/Editor/VFXGraph/Shaders/Templates/ParticleMeshesLit/PassVelocity.template using Guid(4b313a234ad620945b078e06349d46f5) (DefaultImporter) -> (artifact id: '9013b313b9df6bdef8f4451ae6f4a4d7') in 0.000158633 seconds
Start importing Packages/com.unity.render-pipelines.universal/Editor/VFXGraph/Shaders/Templates/URPDecal/PassForwardEmissive.template using Guid(6ca5883cd45940728412e0fa8e22403c) (DefaultImporter) -> (artifact id: '39538623c4c97f2173c2ee02d45b034f') in 0.000155925 seconds
Start importing Packages/com.unity.render-pipelines.universal/Editor/VFXGraph/Shaders/Templates/ParticleMeshes/PassForward2D.template using Guid(ec0dd9ca912a8824590a57224cabd290) (DefaultImporter) -> (artifact id: 'b5f29d0f9148e28ab79d66b2b163c766') in 0.000158998 seconds
Start importing Packages/com.unity.render-pipelines.universal/Editor/VFXGraph/Shaders/Templates/ParticleHexahedron/PassForward2D.template using Guid(2d6519c74f7a7584685798d2431960f2) (DefaultImporter) -> (artifact id: 'd1c3696d1da1ee236da0edf3575f144f') in 0.000147893 seconds
Start importing Packages/com.unity.render-pipelines.universal/Editor/VFXGraph/Shaders/Templates/ParticlePlanarPrimitivesLit/PassShadowCaster.template using Guid(7d07176ae506b05458500c8aa695d90e) (DefaultImporter) -> (artifact id: '29c684e0508e2294bf1e0b591d0488e6') in 0.000166056 seconds
Start importing Packages/com.unity.shadergraph/Editor/Generation/Targets/Fullscreen/Templates/ShaderPass.template using Guid(0ed3a57e16f0259448e5b68a210e991a) (DefaultImporter) -> (artifact id: '78151dbd8272eaeb6b1df453b6a6db6d') in 0.00015659 seconds
Start importing Packages/com.unity.render-pipelines.universal/Editor/VFXGraph/Shaders/Templates/ParticleMeshesLit/PassShadowCaster.template using Guid(9e62eb3c33b50c54badb6f7cd6eb7a8c) (DefaultImporter) -> (artifact id: 'a4b58c87e503ab7fb34a7fe05bd32e4e') in 0.000151946 seconds
Start importing Packages/com.unity.render-pipelines.universal/Editor/VFXGraph/Shaders/Templates/ParticlePlanarPrimitivesLit/PassGBuffer.template using Guid(9efeaf56a8f5826418111f0d669150c1) (DefaultImporter) -> (artifact id: 'f024adfe46ae11dee895345e8ad40b67') in 0.000149769 seconds
Start importing Packages/com.unity.shadergraph/Editor/Generation/Targets/Canvas/Templates/PassUI.template using Guid(3fa60ca3757a4221b2b042165c4696fe) (DefaultImporter) -> (artifact id: '02341a1054ba2bad7c33655f8c614c91') in 0.00015478 seconds
Start importing Packages/com.unity.render-pipelines.universal/Editor/VFXGraph/Shaders/Templates/ParticlePlanarPrimitivesLit/PassForward.template using Guid(5fa54a2ce1bced448b6bd9cfcac6c25d) (DefaultImporter) -> (artifact id: 'e053bca6c3b718f4d082af0c7275f128') in 0.00016364 seconds
Start importing Packages/com.unity.shadergraph/Editor/Generation/Targets/BuiltIn/Editor/ShaderGraph/Templates/ShaderPass.template using Guid(37dc84a050227a648b8474dd029e1729) (DefaultImporter) -> (artifact id: 'a693b64109150471c0d06f5630441a30') in 0.000155225 seconds
Start importing Packages/com.unity.inputsystem/InputSystem/Editor/Icons/ChevronUp@3x.png using Guid(006305b616daf47409935f3dc8a172e2) (TextureImporter) -> (artifact id: 'd0e62a326cd3fbf9da8e37e700ed9f11') in 0.002436524 seconds
Start importing Packages/com.unity.render-pipelines.core/Editor/PostProcessing/LensFlareResource/PolygonFlareThumbnail@2x.png using Guid(0047263fa58f91d49a61936e94358829) (TextureImporter) -> (artifact id: '9c7c670e70bd6f9d7ef3d114b94dedb8') in 0.000868162 seconds
Start importing Packages/com.unity.render-pipelines.core/Editor/Icons/MipLevels/RenderGraphViewer/d_Resources@32.png using Guid(00a734322b2ba1249b58c24b688b3108) (TextureImporter) -> (artifact id: '3b2a2dc103cc5703b6714d4ab80f6dd3') in 0.000546918 seconds
Start importing Packages/com.unity.inputsystem/InputSystem/Editor/Icons/d_ChevronDown@2x.png using Guid(0068f400a72d84c92a1b8f5889a574b2) (TextureImporter) -> (artifact id: 'df34dc9bd8081c971195ea838d0a7921') in 0.000461287 seconds
Start importing Packages/com.unity.render-pipelines.universal/Textures/BlueNoise16/L/LDR_LLL1_23.png using Guid(10b6c6d22e73dea46a8ab36b6eebd629) (TextureImporter) -> (artifact id: 'ca2c257537ef26a891fab8ea03e3dbe7') in 0.000424177 seconds
Start importing Packages/com.unity.render-pipelines.universal/Textures/FilmGrain/Medium01.png using Guid(1097e90e1306e26439701489f391a6c0) (TextureImporter) -> (artifact id: 'f29582e322e11ec05e7a48979db5d4d5') in 0.00335789 seconds
Start importing Packages/com.unity.render-pipelines.universal/Editor/2D/Resources/LightCapBottomRight.png using Guid(108e201829ab4214383a5467adbc0086) (TextureImporter) -> (artifact id: 'e5fd692d5e34b53b284f3a5f0cc73ee1') in 0.00047385 seconds
Start importing Packages/com.unity.inputsystem/InputSystem/Editor/Icons/Interactive Binding@2x.png using Guid(2027b97fd12d842d7a3169c784502a54) (TextureImporter) -> (artifact id: '05bf7aab0ebdae69769b1084179effa6') in 0.000490283 seconds
Start importing Packages/com.unity.render-pipelines.core/Editor/LookDev/Icons/CenterLight.png using Guid(3092b2985cafe0b43b1f02ce1d6829d5) (TextureImporter) -> (artifact id: 'cc14650b8fdc8ec805f64bce5ba0dd8f') in 0.001497877 seconds
Start importing Packages/com.unity.inputsystem/InputSystem/Editor/Icons/InputSystemUIInputModule@64.png using Guid(3028dc075ba8c584d9bc7d1e0255e038) (TextureImporter) -> (artifact id: 'd8a6e2a83fc25897132932bf0263b741') in 0.000524196 seconds
Start importing Packages/com.unity.render-pipelines.universal/Editor/2D/Resources/SceneViewIcons/ParametricLight.png using Guid(302e68dd45b9b2d4194ff0f7f454436f) (TextureImporter) -> (artifact id: '2299f673b595386a7ad01285ce273648') in 0.001611078 seconds
Start importing Packages/com.unity.render-pipelines.core/Editor/Lighting/Icons/d_LightPlacement_Icon On@64.png using Guid(304e9d79c27b32144a95e43dc6da80a2) (TextureImporter) -> (artifact id: '2360864885785f22a1d582402ce5e819') in 0.000553118 seconds
Start importing Packages/com.unity.inputsystem/InputSystem/Editor/Icons/InputAction.png using Guid(40265a896a0f341bb956e90c59025a29) (TextureImporter) -> (artifact id: '04548c94e323ed2a200680cc320db5f7') in 0.001594555 seconds
Start importing Packages/com.unity.render-pipelines.core/Editor/LookDev/Icons/d_Layout2@2x.png using Guid(50f7a3e9878119a4da02f38cf05d75ba) (TextureImporter) -> (artifact id: 'fe542774fa093ea1232183cb4e2f05df') in 0.000679994 seconds
Start importing Packages/com.unity.shadergraph/Editor/Resources/GraphView/Nodes/NodeChevronRight@2x.png using Guid(50cbcd05e61c4e54ea797ec88e91f1b0) (TextureImporter) -> (artifact id: 'a5a3e64663c12ba197ad30827a9a338c') in 0.000564192 seconds
Start importing Packages/com.unity.render-pipelines.core/Editor/Lighting/Icons/LightUnitIcons/BlueSky.png using Guid(60d4d0573fefbf24198d33863004e7f9) (TextureImporter) -> (artifact id: '5928d72d8249091dfad3a220c5169f20') in 0.000486456 seconds
Start importing Packages/com.unity.render-pipelines.core/Editor/Icons/RenderGraphViewer/d_MultipleUsage.png using Guid(60e80b0fa23ea904b92263803d64319c) (TextureImporter) -> (artifact id: '8e235cd1972eb08d563f205d6fb5550f') in 0.00054733 seconds
Start importing Packages/com.unity.render-pipelines.core/Editor/LookDev/Icons/d_Camera1@2x.png using Guid(603d01d730be24147adda7897e463598) (TextureImporter) -> (artifact id: 'b4205709042e3462fc069748577d194e') in 0.000603521 seconds
Start importing Packages/com.unity.render-pipelines.universal/Editor/2D/Resources/SceneViewIcons/SpriteLight.png using Guid(70d16a5f04690d74ab9b1ddcbefd47bb) (TextureImporter) -> (artifact id: '1e7c15eb82c2b39d8e050c7433669e15') in 0.001302286 seconds
Start importing Packages/com.unity.shadergraph/GraphTemplates/Cross Pipeline/UnlitParticleTemplateThumbnail.png using Guid(70e6da54cdf71264da5954a5fe327e3a) (TextureImporter) -> (artifact id: 'bb8b89c15a33e61ff3ca9f60537d09d3') in 0.066147407 seconds
Start importing Packages/com.unity.render-pipelines.core/Editor/Icons/RenderGraphViewer/Resources@2x.png using Guid(701c4a9737150564681d632d05a7a83e) (TextureImporter) -> (artifact id: 'a80a80e6cf38d27883e238f963fb3de1') in 0.00075633 seconds
Start importing Packages/com.unity.render-pipelines.universal/Editor/ShaderGraph/GraphTemplates/UITKBasicTemplate.png using Guid(8052b80993fff1242975e48e123bb767) (TextureImporter) -> (artifact id: '54e2dd764e2ae25c5f6758080621c146') in 0.041939713 seconds
Start importing Packages/com.unity.render-pipelines.core/Editor/LookDev/Icons/CenterLight@2x.png using Guid(8063050a249eef441beb8cbbd04c086c) (TextureImporter) -> (artifact id: 'b02dc29f7597a556601809bc55c11112') in 0.006750855 seconds
Start importing Packages/com.unity.render-pipelines.core/Editor/Lighting/Icons/LightUnitIcons/d_Overcast.png using Guid(80a48b3afafdc644fb4e3319f6f19fc8) (TextureImporter) -> (artifact id: 'c01d68541b3a31d26a55ad9f5ee55451') in 0.000832554 seconds
Start importing Packages/com.unity.render-pipelines.core/Editor/PostProcessing/LensFlareResource/CircleFlareThumbnail.png using Guid(80b74a073fa3027458f3b3ff5346f10b) (TextureImporter) -> (artifact id: 'afdb90649c8f14841a73e6470a568627') in 0.000772695 seconds
Start importing Packages/com.unity.ai.navigation/EditorResources/Overlay/d_NavigationOverlay@128.png using Guid(80899a9fbe3d3364eac2c5924c0a28cf) (TextureImporter) -> (artifact id: 'e278ece5a569eb7be4a2a4518ef0427a') in 0.000747137 seconds
Start importing Packages/com.unity.addressables/Editor/BuildReportVisualizer/BuildReport Resources/Icons/Button_RightPanel_DarkTheme@2x.png using Guid(804b883d1ff6a3941b67819909b10b73) (TextureImporter) -> (artifact id: 'c7e4dfe5516f42e07fd58899314dd431') in 0.000510343 seconds
Start importing Packages/com.unity.render-pipelines.core/Editor/LookDev/Icons/d_LeftArrow@2x.png using Guid(90335e5423c010749a50f906b965fa54) (TextureImporter) -> (artifact id: '9a956e8c59514497dbacfc02d7b829e5') in 0.000698141 seconds
Start importing Packages/com.unity.inputsystem/InputSystem/Editor/Icons/Mouse@4x.png using Guid(a0b78c5ab9d654a9daba91ff774b4931) (TextureImporter) -> (artifact id: '52c7992e73c040f29ce8588c14f4169d') in 0.00054843 seconds
Start importing Packages/com.unity.render-pipelines.core/Editor/Lighting/Icons/LightUnitIcons/ClearSky@2x.png using Guid(a01d783415aa03a449e3408eb92d8505) (TextureImporter) -> (artifact id: '88eb0ca0d82b13c91ad95ea4cfd33433') in 0.00057343 seconds
Start importing Packages/com.unity.inputsystem/InputSystem/Editor/Icons/InputActionAsset.png using Guid(b025a2a0f9e554d1e88a93b5649dfc3f) (TextureImporter) -> (artifact id: '761e855272013684badd7db69ce394be') in 0.001706077 seconds
Start importing Packages/com.unity.ai.navigation/EditorResources/NavigationWindowIcon.png using Guid(b0172c3ab97e219478711e1fbe9630f2) (TextureImporter) -> (artifact id: 'b29f428c8b5596293b68ff767bc40035') in 0.000517293 seconds
Start importing Packages/com.unity.inputsystem/InputSystem/Editor/AssetEditor/PackageResources/pro/propertiesBackground.png using Guid(b02e3f0c0798a4f1789a89a7697660be) (TextureImporter) -> (artifact id: '7f68fd9e8bdda6830b87c123cdee446f') in 0.000452237 seconds
Start importing Packages/com.unity.ai.navigation/EditorResources/Overlay/NavigationOverlay On@256.png using Guid(b05e7d8dc2bdbb14ab5b1da240ac65d5) (TextureImporter) -> (artifact id: 'd940c3a66505eebce37db4972c404883') in 0.001189263 seconds
Start importing Packages/com.unity.render-pipelines.core/Editor/Lighting/Icons/LightUnitIcons/Overcast.png using Guid(c0e6cc200fb1dda4388b13d9f5828d06) (TextureImporter) -> (artifact id: 'cd6c36e58e7843055609dfe722cab694') in 0.000516894 seconds
Start importing Packages/com.unity.inputsystem/InputSystem/Editor/AssetEditor/PackageResources/pro/foldoutBackground.png using Guid(c0996bc290ff74bf4834f4a8b7dc8c3e) (TextureImporter) -> (artifact id: '362abb6ce44780d667649b387a4a89ab') in 0.000449041 seconds
Start importing Packages/com.unity.render-pipelines.universal/Textures/BlueNoise256/LDR_LLL1_2.png using Guid(c06cc21c692f94f5fb5206247191eeee) (TextureImporter) -> (artifact id: 'cf83a7e1c8c0f3babbafbd0e71d8ee7c') in 0.001448384 seconds
Start importing Packages/com.unity.inputsystem/InputSystem/Editor/Icons/Axis@2x.png using Guid(d0006d51a864248adba0238883f8c71e) (TextureImporter) -> (artifact id: 'b7bc88a8548d333ad42ba117fd17f770') in 0.000501497 seconds
Start importing Packages/com.unity.render-pipelines.core/Editor/Lighting/Icons/LightUnitIcons/d_SoftAreaLight@2x.png using Guid(e0171afec971f2343be8d5b4b14ab6eb) (TextureImporter) -> (artifact id: 'ebd752c83efd615cd0a80c0d35e83279') in 0.000559152 seconds
Start importing Packages/com.unity.searcher/Editor/Resources/FlatSkin/SearchSmallDownOff.png using Guid(e0f8b9d001b669a43b3c9f7b90891d96) (TextureImporter) -> (artifact id: '74f441a82607d2a860e0eb5ee82eae56') in 0.000544612 seconds
Start importing Packages/com.unity.shadergraph/GraphTemplates/DefaultTemplateImage.png using Guid(e079a17a0b2b93647a84cebdde8f3c21) (TextureImporter) -> (artifact id: '92931377f35d947e6d5ff79d2e5825f2') in 0.011796954 seconds
Start importing Packages/com.unity.inputsystem/InputSystem/Editor/Icons/d_Axis@4x.png using Guid(e01ab4b854c6d4fa3a8d869b67ecd643) (TextureImporter) -> (artifact id: 'ec7cbb84271591c181e99df16745562a') in 0.000621823 seconds
Start importing Packages/com.unity.ugui/Editor Resources/Textures/btn_AlignRight_Light.psd using Guid(e05ace3bd15740cda0bad60d89092a5b) (TextureImporter) -> (artifact id: '9ba7031e579e335fc4095f2924d693eb') in 0.000635269 seconds
Start importing Packages/com.unity.render-pipelines.core/Editor/LookDev/Icons/LeftArrow@2x.png using Guid(f0106cef986be534181a8582cffd29da) (TextureImporter) -> (artifact id: '3e12e842ab1fd47598c6553f6b35a5f5') in 0.000698133 seconds
Start importing Packages/com.unity.render-pipelines.core/Editor/PostProcessing/LensFlareResource/PolygonFlareThumbnail.png using Guid(f0326f07dd50365439f552e7f29218e5) (TextureImporter) -> (artifact id: '826a7c5c545749f5e664531891226cb4') in 0.000598206 seconds
Start importing Packages/com.unity.render-pipelines.universal/Textures/FilmGrain/Medium02.png using Guid(f0b67500f7fad3b4c9f2b13e8f41ba6e) (TextureImporter) -> (artifact id: '1cd35a01da405eee25d7f7392ca7743d') in 0.003328734 seconds
Start importing Packages/com.unity.render-pipelines.core/Editor/Icons/MipLevels/d_VolumeProfile@32.png using Guid(f05a6898ed8b6df43be9b7fbb34d0517) (TextureImporter) -> (artifact id: 'd560ac697593066f3ccd1d0a844974c0') in 0.000432933 seconds
Start importing Packages/com.unity.collections/Unity.Collections.PerformanceTests/Unity.PerformanceTesting.Benchmark/PerformanceTestFrameworkOutput.png using Guid(0175a7523f9f1754ca406f92afcfcbc6) (TextureImporter) -> (artifact id: 'dbd7b8f2dc94ac2fb4689b2b48b3c604') in 0.00526417 seconds
Start importing Packages/com.unity.addressables/Editor/BuildReportVisualizer/BuildReport Resources/Icons/FileNoIcon@2x.png using Guid(0127c38a607d9474c820c7f5044c18b4) (TextureImporter) -> (artifact id: '063703c9b5cb8dddbe1b293d91297352') in 0.000521149 seconds
Start importing Packages/com.unity.render-pipelines.universal/Textures/BlueNoise16/L/LDR_LLL1_2.png using Guid(1134690bf9216164dbc75050e35b7900) (TextureImporter) -> (artifact id: 'bde4f6b59089b041c05d3b404895a5de') in 0.000431678 seconds
Start importing Packages/com.unity.render-pipelines.core/Runtime/Sampling/Textures/SobolBlueNoise/ScramblingTile256SPP.png using Guid(11fcf3c83299e814cbb25c4d74cd045d) (TextureImporter) -> (artifact id: '4b53cea6d7bcf1251c10e5a53dae5b6d') in 0.001587773 seconds
Start importing Packages/com.unity.render-pipelines.universal/Textures/2D/Sparkle.png using Guid(119f93d0bcbf1e743bf5fcf237507d39) (TextureImporter) -> (artifact id: '789005e9dfc3913f36a36139523f2af2') in 0.002478004 seconds
Start importing Packages/com.unity.shadergraph/Editor/Resources/Icons/blackboard_dark.png using Guid(2162b791346804a7792168e6fc526ced) (TextureImporter) -> (artifact id: '70ede82855ae885ff4bd0d4d0aa59b33') in 0.000463119 seconds
Start importing Packages/com.unity.inputsystem/InputSystem/Editor/Icons/Interactive Binding.png using Guid(2196c18f03faf4184b1aeb2c61d5571d) (TextureImporter) -> (artifact id: '15c87495da5895c331c86cc96de3465d') in 0.000464974 seconds
Start importing Packages/com.unity.addressables/Editor/BuildReportVisualizer/BuildReport Resources/Icons/PlatformStadiaIcon@2x.png using Guid(21df0a1c085254641905e0eb1dca9806) (TextureImporter) -> (artifact id: '14dc756987b269353be3a54d7def0520') in 0.000533076 seconds
Start importing Packages/com.unity.shadergraph/Editor/Resources/Icons/settings_button.png using Guid(3140f217cba5a6f4ca8d41675ac44819) (TextureImporter) -> (artifact id: '1145e29ecd0b02f9e16bfd2797bf55b4') in 0.000610078 seconds
Start importing Packages/com.unity.render-pipelines.core/Editor/Icons/RenderGraphViewer/d_Global@2x.png using Guid(31d206dcb4d01ca4295149458ec19c38) (TextureImporter) -> (artifact id: 'd854de3bbb005659fc46bcc4b14107a7') in 0.000530605 seconds
Start importing Packages/com.unity.render-pipelines.core/Editor/Lighting/Icons/LightUnitIcons/Moonlight.png using Guid(41c40f1973262eb41a56a66faaf2154d) (TextureImporter) -> (artifact id: 'b06a1b711f4358b863ad058a7b4c707a') in 0.000500035 seconds
Start importing Packages/com.unity.ugui/Editor Resources/Textures/btn_AlignMiddle.psd using Guid(41b96614b2e6494ba995ddcd252d11ae) (TextureImporter) -> (artifact id: '489f907ef155ac0a651726355462c8e6') in 0.000588556 seconds
Start importing Packages/com.unity.inputsystem/InputSystem/Editor/Icons/d_Dpad@4x.png using Guid(41edf25d451a744e6ad1172a677603bd) (TextureImporter) -> (artifact id: '61ace3b099c4f93c3105c10caaf56c6e') in 0.000513829 seconds
Start importing Packages/com.unity.render-pipelines.core/Editor/Lighting/Icons/d_LightPlacement_Icon.png using Guid(518057398db7dd043928f01f4fbad1b9) (TextureImporter) -> (artifact id: '8150d6f97a32b69779510f7c05f7e0e9') in 0.000490696 seconds
Start importing Packages/com.unity.render-pipelines.universal/Textures/FilmGrain/Medium05.png using Guid(510a2f57334933e4a8dbabe4c30204e4) (TextureImporter) -> (artifact id: '93330f008fd61f0698c9c9ce467a6496') in 0.003082467 seconds
Start importing Packages/com.unity.render-pipelines.core/Editor/LookDev/Icons/Environment@2x.png using Guid(515b65dc95319f3409d6b0b5f866ac33) (TextureImporter) -> (artifact id: '682445a7f8e1072d67396700ce7004ad') in 0.000745046 seconds
Start importing Packages/com.unity.render-pipelines.universal/Textures/SMAA/SearchTex.tga using Guid(51eee22c2a633ef4aada830eed57c3fd) (TextureImporter) -> (artifact id: 'a07158d40bf159e7667af61f3a577592') in 0.000435386 seconds
Start importing Packages/com.unity.inputsystem/InputSystem/Editor/Icons/Keyboard@3x.png using Guid(6191a40940a3e46899ecf82fa8389d01) (TextureImporter) -> (artifact id: '905f28c4ea8def5a25f26e28000b0a30') in 0.000494408 seconds
Start importing Packages/com.unity.inputsystem/InputSystem/Editor/Icons/d_Mouse@3x.png using Guid(6164e492ad3164525ab8ecd9968c3a64) (TextureImporter) -> (artifact id: '1a193e438a57fc0be96f5e637100978e') in 0.000509581 seconds
Start importing Packages/com.unity.render-pipelines.core/Editor/Lighting/Icons/LightUnitIcons/Shade.png using Guid(7146ed2a10f80c340b4c181e2892c87a) (TextureImporter) -> (artifact id: '5ee78cbb4786d89ef6dfc182844b2b54') in 0.000489284 seconds
Start importing Packages/com.unity.shadergraph/Editor/Resources/Icons/sg_graph_icon_gray_dark.png using Guid(7129268cf102b2f45809905bcb27ce8b) (TextureImporter) -> (artifact id: '273fb825f7238cdf70a94e6a37552fb4') in 0.000491408 seconds
Start importing Packages/com.unity.render-pipelines.core/Editor/Lighting/Icons/LightUnitIcons/d_MoonlessNight.png using Guid(71cd3069e265067478f8e99589235fd6) (TextureImporter) -> (artifact id: 'ff580b645dc824488f1b96c1efce4687') in 0.000497909 seconds
Start importing Packages/com.unity.render-pipelines.universal/Textures/BlueNoise16/L/LDR_LLL1_0.png using Guid(81200413a40918d4d8702e94db29911c) (TextureImporter) -> (artifact id: 'feab3024127a523238ef13a76c1fc2c3') in 0.000418207 seconds
Start importing Packages/com.unity.render-pipelines.core/Editor/Lighting/Icons/LightUnitIcons/Fluorescent@2x.png using Guid(81321ffad3c324c42806d47efb84d4d1) (TextureImporter) -> (artifact id: 'a6aab180662cea91bfa5cb5671923945') in 0.000567171 seconds
Start importing Packages/com.unity.ugui/Editor Resources/Textures/btn_AlignCenter.psd using Guid(81ed8c76d2bc4a4c95d092c98af4e58f) (TextureImporter) -> (artifact id: '5ac55df3e584ca16f04ebeca4cfbf2c6') in 0.000583417 seconds
Start importing Packages/com.unity.shadergraph/GraphTemplates/default_normal.png using Guid(9154b3a500851e04494b08c0a363964a) (TextureImporter) -> (artifact id: 'b916eecc33051aa33f3faa6848e7f40a') in 0.000418817 seconds
Start importing Packages/com.unity.render-pipelines.core/Editor/Icons/MipLevels/VolumeProfile@16.png using Guid(9109dcac13c1b6a4cadf6e9e63be42f7) (TextureImporter) -> (artifact id: '86cc2e5f313f7737be9fd9bd43a67417') in 0.000431766 seconds
Start importing Packages/com.unity.render-pipelines.universal/Editor/Gizmos/Camera_PostProcessing.png using Guid(916f43e9d8e15c448a2c8a5d30b26dbd) (TextureImporter) -> (artifact id: 'e231f0f0cdc719a92f80511c16fa5733') in 0.001116192 seconds
Start importing Packages/com.unity.render-pipelines.core/Editor/LookDev/Icons/Duplicate@2x.png using Guid(91ffd37b0545bf6448f8d937736130a1) (TextureImporter) -> (artifact id: '0b7d0fb13a0c67b83cc2ab46f9f1325a') in 0.000672728 seconds
Start importing Packages/com.unity.inputsystem/InputSystem/Editor/Icons/d_Dpad@3x.png using Guid(a1b7d9ffed68a47128c5622c13ba4752) (TextureImporter) -> (artifact id: '698c98be171ba230b8f661a01c5936c3') in 0.000494044 seconds
Start importing Packages/com.unity.render-pipelines.core/Editor/LookDev/Icons/d_CenterLight@2x.png using Guid(a14e6ee680df42f4c99bf69bc3d6b9ca) (TextureImporter) -> (artifact id: '20dfb2f0820a62e3866d0126760fd706') in 0.000699947 seconds
Start importing Packages/com.unity.render-pipelines.universal/Editor/ShaderGraph/GraphTemplates/2D/2DSpriteUnlitTemplateThumbnail.png using Guid(a1be7992c1f7b0947bc2f9b045098f9e) (TextureImporter) -> (artifact id: '09c8e59abc7de70c8ab93c8f8ad09004') in 0.011710561 seconds
Start importing Packages/com.unity.render-pipelines.core/Editor/Lighting/Icons/UpSnatch.png using Guid(a1fe8ebe91e101d47af42adec440c3e5) (TextureImporter) -> (artifact id: '6976558e90aaba660215bfdd8616836c') in 0.00055605 seconds
Start importing Packages/com.unity.render-pipelines.core/Editor/Lighting/Icons/LightUnitIcons/d_InteriorLight@2x.png using Guid(b1a064fab2aa93e47bd8d558a6ca655b) (TextureImporter) -> (artifact id: '31227341992638d80c78fb113cf81e54') in 0.00058205 seconds
Start importing Packages/com.unity.shadergraph/Editor/Resources/Icons/SettingsIcons_hover@2x.png using Guid(b1b079d053c3d0c41952dadf32a89ffd) (TextureImporter) -> (artifact id: '640a2fdc958da401a4d8497e1fa751a6') in 0.00058874 seconds
Start importing Packages/com.unity.render-pipelines.core/Editor/Lighting/Icons/LightUnitIcons/d_MediumAreaLight.png using Guid(b1826d69c1fcad9488491937a1ef4d84) (TextureImporter) -> (artifact id: '4c0a8de445867c765e2a71bd58a56bba') in 0.000501856 seconds
Start importing Packages/com.unity.render-pipelines.core/Editor/Icons/MipLevels/Volume@256.png using Guid(b1737e8dd5ce0104ca1f1c05b481fad9) (TextureImporter) -> (artifact id: '097af8de0998765443da9785f01305f1') in 0.00082454 seconds
Start importing Packages/com.unity.render-pipelines.core/Editor/Icons/MipLevels/RenderPipelineResources@64.png using Guid(b1c49d259b9089743b6272150f77b8fe) (TextureImporter) -> (artifact id: 'c6d94499ad2a40cfbfc04f05358e94e6') in 0.000446304 seconds
Start importing Packages/com.unity.render-pipelines.core/Editor/Lighting/Icons/LightUnitIcons/SoftAreaLight@2x.png using Guid(b14c34aa843e4a14e957505ae407e8c3) (TextureImporter) -> (artifact id: 'fcebe381ca7d02518ca134f48264368d') in 0.000515204 seconds
Start importing Packages/com.unity.shadergraph/Editor/Resources/Icons/sg_graph_icon@2x.png using Guid(c1e1b751487e43d43923f055990214ea) (TextureImporter) -> (artifact id: '683729e47274c77727a0449b7d8e8fb6') in 0.000940239 seconds
Start importing Packages/com.unity.ai.navigation/EditorResources/Overlay/NavigationOverlay On.png using Guid(c136efa5cc6d99a4d9e7bad0209aea25) (TextureImporter) -> (artifact id: 'f12efaf3baae3054e86a3d4629bc91b7') in 0.000476582 seconds
Start importing Packages/com.unity.render-pipelines.core/Editor/Lighting/Icons/LightPlacement_Icon@128.png using Guid(c1c8308c6609eff48841494a187bfb72) (TextureImporter) -> (artifact id: 'e3536a64a3250a9aedc060f27e85b9c8') in 0.000928563 seconds
Start importing Packages/com.unity.render-pipelines.core/Editor/Lighting/Icons/Advanced_Pressed_mini.png using Guid(c1d870384c7ed3c49b30d01278bf3949) (TextureImporter) -> (artifact id: 'f6f4c571ddf325499fc0217a3b2936a8') in 0.000470959 seconds
Start importing Packages/com.unity.render-pipelines.core/Editor/Lighting/Icons/LightPlacement_Icon@2x.png using Guid(c179f13951d25f646887d38fa53e6e65) (TextureImporter) -> (artifact id: 'b41f3fdef2a7ad008daad170d0194088') in 0.000495636 seconds
Start importing Packages/com.unity.render-pipelines.universal/Textures/SMAA/AreaTex.tga using Guid(d1f1048909d55cd4fa1126ab998f617e) (TextureImporter) -> (artifact id: '9972770f330327c2aa8b62743019ae10') in 0.00074064 seconds
Start importing Packages/com.unity.render-pipelines.universal/Textures/BlueNoise16/L/LDR_LLL1_26.png using Guid(d18a24d7b4ed50f4387993566d9d3ae2) (TextureImporter) -> (artifact id: 'a58bf298a5c11a4b775c2012a9ad022f') in 0.000423962 seconds
Start importing Packages/com.unity.inputsystem/InputSystem/Editor/Icons/ChevronDown@4x.png using Guid(d1acbe0a708dc40dc80254764e67ecfa) (TextureImporter) -> (artifact id: '90dac6f398f2151390a7d575f20b8466') in 0.000481283 seconds
Start importing Packages/com.unity.render-pipelines.core/Editor/Lighting/Icons/LightUnitIcons/d_DecorativeLight@2x.png using Guid(e194061ed57dcf6478bc4a4079ac3998) (TextureImporter) -> (artifact id: '385d91aa842e94a215c2eef1845d1f82') in 0.000507877 seconds
Start importing Packages/com.unity.render-pipelines.core/Editor/LookDev/Icons/RightArrow@2x.png using Guid(e194270977977b24da0c6e1c962a5ce9) (TextureImporter) -> (artifact id: '1fa262ab3af8cbe364489975ae624c48') in 0.000643038 seconds
Start importing Packages/com.unity.inputsystem/InputSystem/Editor/Icons/d_Position@3x.png using Guid(e1da124f7cbda41a4925397406076a42) (TextureImporter) -> (artifact id: '4a65e686d916ccf75deae9f589b6602d') in 0.000488467 seconds
Start importing Packages/com.unity.render-pipelines.core/Editor/Lighting/Icons/LightUnitIcons/SoftAreaLight.png using Guid(e10d9c07adc061a448e00b3e33fad966) (TextureImporter) -> (artifact id: 'dd4c2507d8bde94fbc9220f4113da4a8') in 0.000469474 seconds
Start importing Packages/com.unity.render-pipelines.universal/Editor/2D/Resources/SceneViewIcons/PointLight.png using Guid(e1feb27120f96ae4ea48e922cbfd93da) (TextureImporter) -> (artifact id: 'bf02e6d07f348186ad8056f7dedd102f') in 0.001179321 seconds
Start importing Packages/com.unity.inputsystem/InputSystem/Editor/Icons/d_Keyboard@2x.png using Guid(f14e3a4027f834f16b235498ac15bb3f) (TextureImporter) -> (artifact id: '12c50062c21ac42d87443f6b83db87f1') in 0.000466191 seconds
Start importing Packages/com.unity.render-pipelines.universal/Editor/2D/Resources/LightCapDown.png using Guid(02232385c7b444348987d74db8dd7b2e) (TextureImporter) -> (artifact id: '50cdd4a7ca4547557623b28d187db561') in 0.000434956 seconds
Start importing Packages/com.unity.render-pipelines.core/Editor/Lighting/Icons/IESProfile.png using Guid(0283fe60f65159b4a86ebabf444e23f9) (TextureImporter) -> (artifact id: '91d9e33a2be56e8d98737e18c85f7dbc') in 0.00070162 seconds
Start importing Packages/com.unity.render-pipelines.core/Editor/LookDev/Icons/d_LayoutVertical.png using Guid(02c3588c32f640d47bb70ee3fa774fce) (TextureImporter) -> (artifact id: 'beb65038ba04d92cc3620cce4dcd64ef') in 0.000607873 seconds
Start importing Packages/com.unity.render-pipelines.core/Runtime/Debugging/Prefabs/Textures/White1px.png using Guid(127279d577f25ac4ea17dae3782e5074) (TextureImporter) -> (artifact id: '32599cb2bcfd5c7ed2c3ed212ace1862') in 0.000531593 seconds
Start importing Packages/com.unity.ugui/Editor Resources/Textures/btn_AlignLeft_Light.psd using Guid(12736c98af174f91827a26b66d2b01b9) (TextureImporter) -> (artifact id: '94893d001294a436cf2bf4465187d3d0') in 0.00057851 seconds
Start importing Packages/com.unity.inputsystem/InputSystem/Editor/Icons/d_Keyboard@4x.png using Guid(123b6218ad27a41af933311ee524dcdc) (TextureImporter) -> (artifact id: '16ebf62912ae9784bcb426d472011055') in 0.000500234 seconds
Start importing Packages/com.unity.render-pipelines.core/Editor/Icons/RenderGraphViewer/d_Texture@2x.png using Guid(126e291066d6c934e99b244ec88e813a) (TextureImporter) -> (artifact id: '81090b57312be088b5937dd195d73f68') in 0.000478474 seconds
Start importing Packages/com.unity.render-pipelines.core/Editor/Icons/MipLevels/d_Volume@256.png using Guid(32b23d5d74f3aee4f9364e34e2f59379) (TextureImporter) -> (artifact id: '0e8c77f4f0c32640ff609fc839a349f0') in 0.000816182 seconds
Start importing Packages/com.unity.shadergraph/GraphTemplates/BuiltIn/BuiltInLitBasicTemplateThumbnail.png using Guid(325e807a2af3f5f4691c7d9da76963f6) (TextureImporter) -> (artifact id: 'ade67cd149e6c5ddde1420a6bae0ce27') in 0.008988935 seconds
Start importing Packages/com.unity.render-pipelines.core/Editor/Icons/RenderGraphViewer/Buffer@2x.png using Guid(42f2be07082fcb641bfabb2ccd126ac0) (TextureImporter) -> (artifact id: '79d3ab48123d0f6ba1841d81d607034b') in 0.000546162 seconds
Start importing Packages/com.unity.render-pipelines.core/Editor/Lighting/Icons/LightUnitIcons/BlueSky@2x.png using Guid(42382485181c7b4429560828f54a2bae) (TextureImporter) -> (artifact id: 'a4edc016d429bc8b89d9b73589107041') in 0.000545659 seconds
Start importing Packages/com.unity.render-pipelines.universal/Editor/SceneTemplates/Standard/ReflectionProbe-0.exr using Guid(42c8d975867dbb34299217c9b3a62677) (TextureImporter)Starting cubemap convolution for '' (size 128)
...took 0.025 seconds
 -> (artifact id: '5d78fd658e82aeb6763063d77d11527d') in 0.125301263 seconds
Start importing Packages/com.unity.inputsystem/InputSystem/Editor/Icons/d_Orientation@3x.png using Guid(424bff4d3ea64400e9b384cb8bebfb96) (TextureImporter) -> (artifact id: 'ce962d4dca8d02bc2256bf801f72a733') in 0.059630525 seconds
Start importing Packages/com.unity.ai.navigation/EditorResources/d_NavigationWindowIcon.png using Guid(425f55e9ef81a5e48b87c5d6b1bbf35c) (TextureImporter) -> (artifact id: 'e09a806a7710786322b37c619c509b6f') in 0.000696004 seconds
Start importing Packages/com.unity.addressables/Editor/BuildReportVisualizer/BuildReport Resources/Icons/d_History.Forward.png using Guid(5252304aa623387469db31285ab55959) (TextureImporter) -> (artifact id: 'ab0e4b3ad3e6d615775a9cea9a63385c') in 0.000936741 seconds
Start importing Packages/com.unity.render-pipelines.core/Editor/LookDev/Icons/Camera1@2x.png using Guid(52b3ad4181ffbec4cad6eb26d07127f6) (TextureImporter) -> (artifact id: '051ade16b4c2835102601402b3c51118') in 0.000913615 seconds
Start importing Packages/com.unity.render-pipelines.core/Editor/Lighting/Icons/LightUnitIcons/Fluorescent.png using Guid(52dd14d6fa6ca2d46b942c8289a898eb) (TextureImporter) -> (artifact id: 'cc91bcaefd598fa698b6050e7d815b79') in 0.000533668 seconds
Start importing Packages/com.unity.inputsystem/InputSystem/Editor/Icons/Stick.png using Guid(6234dae5cf6f04acb9a51e04d448e444) (TextureImporter) -> (artifact id: '1379c6e6a44dbd4aad4245cf72571f83') in 0.000443913 seconds
Start importing Packages/com.unity.inputsystem/InputSystem/Editor/Icons/d_Axis@3x.png using Guid(62c846073cb844a2b926e4bbd3189647) (TextureImporter) -> (artifact id: '6e724b071e54efa8454437b7e67f249f') in 0.000515285 seconds
Start importing Packages/com.unity.inputsystem/InputSystem/Editor/Icons/Orientation@2x.png using Guid(62f8dda50382d487597224e197cbd34f) (TextureImporter) -> (artifact id: 'af4da2345269d98fcd8453a542fa35ff') in 0.000470354 seconds
Start importing Packages/com.unity.inputsystem/InputSystem/Editor/Icons/InputControl@2x.png using Guid(62ce957ca99fe4fcba573a5b141eb113) (TextureImporter) -> (artifact id: '5a854a9fa681e38ed20f02bca4b9565d') in 0.000506294 seconds
Start importing Packages/com.unity.render-pipelines.core/Editor/LookDev/Icons/Layout1@2x.png using Guid(8263f1f26524404498d51bfe0b819925) (TextureImporter) -> (artifact id: '27bf03fe4742c92285997d917abc2211') in 0.000705902 seconds
Start importing Packages/com.unity.shadergraph/Editor/Resources/Icons/sg_subgraph_icon_gray_light.png using Guid(82b6560ff26e58d48aa33e2869ad14e4) (TextureImporter) -> (artifact id: '5e4de81d3dba460dec1e49855ef70207') in 0.00067913 seconds
Start importing Packages/com.unity.inputsystem/InputSystem/Editor/Icons/Touch@2x.png using Guid(82073a8bfd6b8488a89b8796d500d12d) (TextureImporter) -> (artifact id: 'a666e4c81537520988a68941160233b8') in 0.00071117 seconds
Start importing Packages/com.unity.ugui/Editor Resources/Textures/btn_AlignJustified.psd using Guid(92027f7f8cfc4feaa477da0dc38d3d46) (TextureImporter) -> (artifact id: '6cce4a8e2cc782032b587b31e24b7d4c') in 0.000866702 seconds
Start importing Packages/com.unity.render-pipelines.core/Editor/Icons/MipLevels/RenderPipelineResources@16.png using Guid(9204b01f48caab948aca3a4531851d40) (TextureImporter) -> (artifact id: 'ed50ff1cd5f51ebd48e843f8630b1ee6') in 0.000626493 seconds
Start importing Packages/com.unity.ai.navigation/Gizmos/NavMeshLink Icon.png using Guid(92f4afa3e25264f5b964937ccea49ff2) (TextureImporter) -> (artifact id: '172770feabb596fdc38aa0615fc8ad15') in 0.001936874 seconds
Start importing Packages/com.unity.ugui/Editor Resources/Textures/btn_AlignLeft.psd using Guid(9288066c33474b94b6ee5465f4df1cc0) (TextureImporter) -> (artifact id: '8dac24571f7964890bb289621abf8f20') in 0.000592606 seconds
Start importing Packages/com.unity.ai.navigation/EditorResources/Overlay/d_NavigationOverlay On@2x.png using Guid(a206ff0ddc681e642a2e62fc57a7d51c) (TextureImporter) -> (artifact id: '747054d4b91318e292319f3847ea1014') in 0.000619461 seconds
Start importing Packages/com.unity.render-pipelines.core/Editor/Lighting/Icons/LightUnitIcons/d_IntenseAreaLight.png using Guid(a20ce10a62e5d924a84f1a723e96c07e) (TextureImporter) -> (artifact id: '97a851d2718ece9593c76274bd5b6cae') in 0.000614258 seconds
Start importing Packages/com.unity.render-pipelines.universal/Textures/BlueNoise16/L/LDR_LLL1_24.png using Guid(a2ec5cbf5a9b64345ad3fab0912ddf7b) (TextureImporter) -> (artifact id: 'be8a7819c4e84b1e6b7aff5f0df98762') in 0.000415214 seconds
Start importing Packages/com.unity.ugui/Editor Resources/Textures/btn_AlignMidLine.psd using Guid(c2f7f6a88b4c4f20a53deb72f3d9144c) (TextureImporter) -> (artifact id: 'e92d1650631675b3ab5320bae5f58f00') in 0.000569146 seconds
Start importing Packages/com.unity.inputsystem/InputSystem/Editor/Icons/Joystick.png using Guid(c28849deb3e3b45c98965e7efd26f7be) (TextureImporter) -> (artifact id: '978cf39ca874b48f11d9a67d1c01426a') in 0.000437058 seconds
Start importing Packages/com.unity.shadergraph/GraphTemplates/Cross Pipeline/UnlitSimpleTemplateThumbnail.png using Guid(c21eaaec4c8575e47a9b342ce260b9ed) (TextureImporter) -> (artifact id: '6649310f9b032a4146e7dc8677f09fdc') in 0.011333812 seconds
Start importing Packages/com.unity.inputsystem/InputSystem/Editor/Icons/d_InputControl@4x.png using Guid(e2078613efd9e410c8771cbd2717f4e7) (TextureImporter) -> (artifact id: '19275068de959d947729fdf0bd563414') in 0.000729225 seconds
Start importing Packages/com.unity.render-pipelines.core/Editor/Lighting/Icons/d_LightPlacement_Icon@64.png using Guid(e20f6d92d0ae13040bfcbe8ef57da036) (TextureImporter) -> (artifact id: '4cc35e2bed182d4adf85c73b3b8f6962') in 0.000591472 seconds
Start importing Packages/com.unity.render-pipelines.core/Runtime/Debugging/Prefabs/Textures/UIArrowDown.png using Guid(f224bfd122877a34aa49c63693fc317b) (TextureImporter) -> (artifact id: '05fadd7af5c458f6448398ce371c7d2f') in 0.000634943 seconds
Start importing Packages/com.unity.inputsystem/InputSystem/Editor/Icons/d_Stick@4x.png using Guid(f2fd4d7aa99c94a67a6a137fe979a760) (TextureImporter) -> (artifact id: 'fd1ffbcc4af450e8a97ff5e7db33c246') in 0.000548687 seconds
Start importing Packages/com.unity.inputsystem/InputSystem/Editor/Icons/d_Stick@3x.png using Guid(03c3559bb64164f7785cd1250e475250) (TextureImporter) -> (artifact id: 'e02b646da326888f35287fe9e6fdf013') in 0.000493647 seconds
Start importing Packages/com.unity.shadergraph/Editor/Resources/GraphView/Nodes/PreviewCollapse.png using Guid(03d3df9748467354ab39a973710a3a30) (TextureImporter) -> (artifact id: '1593c9f8ffc5a87f37b52bff56eeb4ad') in 0.000561388 seconds
Start importing Packages/com.unity.inputsystem/InputSystem/Editor/Icons/d_Button.png using Guid(0309256f03c114697813e2296f0a1f18) (TextureImporter) -> (artifact id: '035965355ce526474b3b434b4da8da4f') in 0.000428931 seconds
Start importing Packages/com.unity.render-pipelines.core/Editor/Lighting/Icons/LightUnitIcons/DirectSunlight@2x.png using Guid(03ea000956f47584c872d8b4df47f5ee) (TextureImporter) -> (artifact id: 'd79789ad0df6f7634aa37d47403d0d7f') in 0.000602248 seconds
Start importing Packages/com.unity.render-pipelines.core/Editor/Lighting/Icons/LightUnitIcons/d_Overcast@2x.png using Guid(036f58abb8f232d41b3928a31433cf81) (TextureImporter) -> (artifact id: '1c92693827771317887ff2df26d8b67c') in 0.000538196 seconds
Start importing Packages/com.unity.render-pipelines.core/Editor/Icons/MipLevels/VolumeProfile@128.png using Guid(13d6273ce5597af4f841001aa751c423) (TextureImporter) -> (artifact id: 'b36c3eabfc76c4e668d5f7b2059ed2a8') in 0.000560999 seconds
Start importing Packages/com.unity.inputsystem/InputSystem/Editor/Icons/Pen@2x.png using Guid(13fb345befe624412ac0bd0138d7bcf2) (TextureImporter) -> (artifact id: '8f79dcf4f515664dd928b412d232fd2e') in 0.000537473 seconds
Start importing Packages/com.unity.render-pipelines.core/Editor/Icons/RenderGraphViewer/Global@2x.png using Guid(13acc8e36620f0c499762b092afc9538) (TextureImporter) -> (artifact id: '563e854c5e7d357244fa38ad0285e9ea') in 0.000532116 seconds
Start importing Packages/com.unity.render-pipelines.core/Editor/LookDev/Icons/Camera1.png using Guid(2384eb5de05269b44a58f8dd1d83d725) (TextureImporter) -> (artifact id: '6766df96a6aa39d5c9dcd99853718105') in 0.000626155 seconds
Start importing Packages/com.unity.render-pipelines.core/Editor/Icons/RenderGraphViewer/Import@2x.png using Guid(23d6b8595de0e04429daf108638fe785) (TextureImporter) -> (artifact id: 'fd7d9ca3c13c1c5884e010065b61c706') in 0.000542676 seconds
Start importing Packages/com.unity.render-pipelines.universal/Textures/BlueNoise256/LDR_LLL1_5.png using Guid(3302065f671a8450b82c9ddf07426f3a) (TextureImporter) -> (artifact id: '34784fe388cd75cfdcbc354f7956f9a9') in 0.00142108 seconds
Start importing Packages/com.unity.inputsystem/InputSystem/Editor/AssetEditor/PackageResources/blue.png using Guid(33f32142c2c2d4662be5f5274db27158) (TextureImporter) -> (artifact id: '33e6b8e903636c0f957db811f1ca7f3f') in 0.000433691 seconds
Start importing Packages/com.unity.ai.navigation/EditorResources/Overlay/NavigationOverlay On@2x.png using Guid(334589c596cc053418f700189f91111c) (TextureImporter) -> (artifact id: '8b0171f69691c54610bf63b7b6011d9b') in 0.000487141 seconds
Start importing Packages/com.unity.render-pipelines.core/Editor/Lighting/Icons/LightUnitIcons/Candlelight@2x.png using Guid(3387986904fe97b4cb1a1b607d1e7039) (TextureImporter) -> (artifact id: '5ab62cec3f83ec5349dcf40855a21265') in 0.0005463 seconds
Start importing Packages/com.unity.render-pipelines.core/Editor/Icons/RenderGraphViewer/d_Import@2x.png using Guid(33191aa3ed97cff4aa04bf4719f713ed) (TextureImporter) -> (artifact id: 'd7666ce7908b82139b28a2babd7131a1') in 0.000483074 seconds
Start importing Packages/com.unity.render-pipelines.universal/Textures/BlueNoise256/LDR_LLL1_7.png using Guid(331c5658939a2461d8c7a0b3691eb7d5) (TextureImporter) -> (artifact id: '50699114a54fc41fbab69b330b805ddd') in 0.001443744 seconds
Start importing Packages/com.unity.render-pipelines.core/Editor/Icons/RenderGraphViewer/dash.png using Guid(33ff6e2aa12671544bb4df30e6443789) (TextureImporter) -> (artifact id: 'fbeed3578bad7697f30c0be1d27aeba2') in 0.000598182 seconds
Start importing Packages/com.unity.shadergraph/Editor/Resources/Icons/SettingsIcons.png using Guid(53bf71ace226b574d88c828e8b631aae) (TextureImporter) -> (artifact id: 'c8e8bcb434ff18ec479098598c013fc3') in 0.000568612 seconds
Start importing Packages/com.unity.ai.navigation/EditorResources/Overlay/NavigationOverlay@16.png using Guid(731522d95656bec42a5fc0bdc672ebe9) (TextureImporter) -> (artifact id: '3f7de804af7e760ab46dec48fa97df9b') in 0.000480421 seconds
Start importing Packages/com.unity.render-pipelines.core/Editor/Lighting/Icons/LightUnitIcons/d_DecorativeLight.png using Guid(73e9cf59769215c4892d0a8008f39737) (TextureImporter) -> (artifact id: '80479d2e6e88f0726ed21c5523557ab9') in 0.000471574 seconds
Start importing Packages/com.unity.render-pipelines.core/Runtime/Debug/ProbeVolumeNumbersDisplayTex.png using Guid(73fe53b428c5b3440b7e87ee830b608a) (TextureImporter) -> (artifact id: '08e8749bef741624fe29c2804e15f33c') in 0.001899991 seconds
Start importing Packages/com.unity.shadergraph/GraphTemplates/Cross Pipeline/DecalSimpleTemplateThumbnail.png using Guid(73df811908489f1408d1bec44aab3a80) (TextureImporter) -> (artifact id: '4e878032944fda13148097ea1a61dc30') in 0.012967699 seconds
Start importing Packages/com.unity.inputsystem/InputSystem/Editor/Icons/d_Gamepad@4x.png using Guid(83438053370c84456a73f7f95ef821fb) (TextureImporter) -> (artifact id: '1cebc953d8d4292427c8baa22b74a26c') in 0.000702171 seconds
Start importing Packages/com.unity.inputsystem/InputSystem/Editor/Icons/d_Keyboard.png using Guid(83382fb171da648c594229ca6fa7ad94) (TextureImporter) -> (artifact id: 'ba7abac18c64bf9883fb6be1389308c6') in 0.000461134 seconds
Start importing Packages/com.unity.render-pipelines.core/Editor/LookDev/Icons/d_LayoutHorizontal.png using Guid(83cbec96661199e408a744d4c3e586e2) (TextureImporter) -> (artifact id: '8a63056da002e7fdba37bb59a9e1954f') in 0.000640393 seconds
Start importing Packages/com.unity.inputsystem/InputSystem/Editor/Icons/Position@2x.png using Guid(a3fa73829479e4b41965e749fcca7c12) (TextureImporter) -> (artifact id: 'e1204e450d209018bd013146e990a7f0') in 0.000493397 seconds
Start importing Packages/com.unity.render-pipelines.core/Editor/Lighting/Icons/LightUnitIcons/ExteriorLight@2x.png using Guid(a3fe770bc25a98540958d57e10f2a5fd) (TextureImporter) -> (artifact id: '35db729a0f111681961e4fc217657c48') in 0.000584447 seconds
Start importing Packages/com.unity.render-pipelines.core/Runtime/Debugging/Prefabs/Textures/UICheckMark.png using Guid(b346b2a2df1d290438be3287b6419408) (TextureImporter) -> (artifact id: 'e490b113a6c19a56323fcfb87cc3840b') in 0.000569465 seconds
Start importing Packages/com.unity.render-pipelines.core/Editor/Lighting/Icons/Advanced_UnPressed_mini.png using Guid(b356b95f05b77cf49a1b8241134f44c4) (TextureImporter) -> (artifact id: '6c8130ad586be5a35f9c9062995b3562') in 0.000477469 seconds
Start importing Packages/com.unity.ai.navigation/EditorResources/Overlay/d_NavigationOverlay On@64.png using Guid(b3cd430fb0ffe164fa829262bb9e1d4b) (TextureImporter) -> (artifact id: '075cfc26ec2a13961b32231f7792e1fa') in 0.000540854 seconds
Start importing Packages/com.unity.addressables/Editor/Icons/AddressableAssetsIconY1756Basic.png using Guid(c33b04c403c19614395e83e691d3170a) (TextureImporter) -> (artifact id: '3973d27dee174a7e7b3e830d0a06a74c') in 0.000605407 seconds
Start importing Packages/com.unity.render-pipelines.core/Editor/Lighting/Icons/LightUnitIcons/CloudySky@2x.png using Guid(c30d00a81d6542c40ae1837621e3969e) (TextureImporter) -> (artifact id: 'd4476d3a65559a96194734dacf8926ac') in 0.000559116 seconds
Start importing Packages/com.unity.render-pipelines.core/Editor/Icons/MipLevels/Volume@32.png using Guid(d35462a3f88c67241b7b7cd6dc624ccb) (TextureImporter) -> (artifact id: 'fb55967d21ccc58d3ac590c47aabc1e9') in 0.000431964 seconds
Start importing Packages/com.unity.render-pipelines.universal/Textures/BlueNoise16/L/LDR_LLL1_18.png using Guid(d36f0fe53425e08499a2333cf423634c) (TextureImporter) -> (artifact id: 'bce0e916527903d930433167313cddbf') in 0.000417772 seconds
Start importing Packages/com.unity.ugui/Editor Resources/Textures/SectionHeader_Light.psd using Guid(e3b0f810fdea84e40ab4ba20f256f7e8) (TextureImporter) -> (artifact id: '0d48f42a12029d7c6d660d2fbb94f908') in 0.000578755 seconds
Start importing Packages/com.unity.ai.navigation/EditorResources/Overlay/NavigationOverlay.png using Guid(e3f0b16456276c94aab8bd6664208dc3) (TextureImporter) -> (artifact id: '4c15517df5f7ad0f6ad529659eadc782') in 0.000957413 seconds
Start importing Packages/com.unity.render-pipelines.universal/Textures/BlueNoise256/LDR_LLL1_4.png using Guid(e32226222ff144b24bf3a5a451de54bc) (TextureImporter) -> (artifact id: '3fb44f73214c91953337c465479a6281') in 0.00203767 seconds
Start importing Packages/com.unity.render-pipelines.universal/Textures/BlueNoise64/L/LDR_LLL1_0.png using Guid(e3d24661c1e055f45a7560c033dbb837) (TextureImporter) -> (artifact id: 'd7d4e4852be86c788d2c4afa56c87c02') in 0.000651895 seconds
Start importing Packages/com.unity.render-pipelines.universal/Editor/SceneTemplates/Indoors/ReflectionProbe-0.exr using Guid(e375ace14cc3b5b448ca85ba2455930c) (TextureImporter)Starting cubemap convolution for '' (size 128)
...took 0.022 seconds
 -> (artifact id: 'f23c0c9953a497594ef9d6027bcaefbb') in 0.109186818 seconds
Start importing Packages/com.unity.render-pipelines.universal/Editor/Gizmos/Camera_UI.png using Guid(e3c6759aa8004ae458959d7fe48d6a74) (TextureImporter) -> (artifact id: 'ac416ba506be1e96985f9fe02f7babfa') in 0.001201691 seconds
Start importing Packages/com.unity.searcher/Editor/Resources/FlatSkin/SearchSmallDownOn.png using Guid(f353e9d22eb9164499dd70cb41b00244) (TextureImporter) -> (artifact id: '73ee2eed88d7b518e485355062c2e0d3') in 0.0005783 seconds
Start importing Packages/com.unity.render-pipelines.core/Editor/LookDev/Icons/LayoutHorizontal@2x.png using Guid(f3fe1e478135ed34db9a1f6707f52c6a) (TextureImporter) -> (artifact id: 'e9966cbf9594642431a951b37166f33b') in 0.000711212 seconds
Start importing Packages/com.unity.render-pipelines.core/Editor/Lighting/Icons/LightUnitIcons/d_IntenseAreaLight@2x.png using Guid(0493fb4c3bbfd6a4396f7f221b5ce034) (TextureImporter) -> (artifact id: '7ad9a19f31aff1814649210bdb4724b3') in 0.000541354 seconds
Start importing Packages/com.unity.render-pipelines.core/Editor/Lighting/Icons/LightUnitIcons/BrightSky@2x.png using Guid(04c70b69874deb746a4c63f1a29f7715) (TextureImporter) -> (artifact id: '3ad33ceedca8dc5709d6bc9e0639d61f') in 0.000532513 seconds
Start importing Packages/com.unity.render-pipelines.core/Editor/LookDev/Icons/Remove@2x.png using Guid(049c8a7821177594692244298d82e4af) (TextureImporter) -> (artifact id: '481ed400096a33179fa60d4a1f26408b') in 0.000622926 seconds
Start importing Packages/com.unity.ai.navigation/EditorResources/Overlay/NavigationOverlay@256.png using Guid(1497075210b6dcd4c8f31ecfc6c5c79c) (TextureImporter) -> (artifact id: '7d029c00ab74dbb2d4d425a4c1becc29') in 0.001088765 seconds
Start importing Packages/com.unity.render-pipelines.universal/Textures/BlueNoise16/L/LDR_LLL1_17.png using Guid(14381521ff11cb74abe3fe65401c23be) (TextureImporter) -> (artifact id: '4bc8766f1b28d3ed8c72a4a23717bb51') in 0.000428149 seconds
Start importing Packages/com.unity.render-pipelines.universal/Editor/Gizmos/Camera_Base.png using Guid(24b1fe14c2b41d6489a7e7819483df6b) (TextureImporter) -> (artifact id: 'd4b275e8b13ed4509f0e15284a43b82f') in 0.000909547 seconds
Start importing Packages/com.unity.inputsystem/InputSystem/Editor/Icons/d_Axis.png using Guid(34f9452ba2ee14c0b9c976800caef571) (TextureImporter) -> (artifact id: 'bfafb7ec1e437ddfb9d38a5908f0d314') in 0.000422802 seconds
Start importing Packages/com.unity.ugui/Editor Resources/Textures/btn_AlignRight.psd using Guid(342a0f8aca7f4f0691338912faec0494) (TextureImporter) -> (artifact id: '8ddfc8f8faa8b0493bfff4eef72c9203') in 0.000572109 seconds
Start importing Packages/com.unity.ai.navigation/EditorResources/Overlay/NavigationOverlay On@128.png using Guid(44837f46c53a42246a6de7fa161e0d00) (TextureImporter) -> (artifact id: '61b3d8bd8718d61e580a917f4c649e4d') in 0.000770627 seconds
Start importing Packages/com.unity.render-pipelines.core/Editor/Lighting/Icons/d_LightPlacement_Icon On@256.png using Guid(4439e27e7ae7188468effbc23418e0e1) (TextureImporter) -> (artifact id: 'cf7b4a4197fcc912ba5d18649ccec57a') in 0.001245471 seconds
Start importing Packages/com.unity.inputsystem/InputSystem/Editor/Icons/d_Interactive Binding@3x.png using Guid(542599ad529004327a7b18f7b2a4aeb8) (TextureImporter) -> (artifact id: 'c1ab748ba963238a53026011d2637e96') in 0.000500496 seconds
Start importing Packages/com.unity.ugui/Editor Resources/Textures/btn_AlignFlush_Light.psd using Guid(64b9fad609434c489c32b1cdf2004a1c) (TextureImporter) -> (artifact id: 'a750f70a4d18a515793d3dff9491870f') in 0.00056212 seconds
Start importing Packages/com.unity.ai.navigation/EditorResources/Overlay/d_NavigationOverlay On@256.png using Guid(642f7453935154b44afc516c07b1d009) (TextureImporter) -> (artifact id: '7ddc900c6253393759ef6b0c0d204c5a') in 0.001043877 seconds
Start importing Packages/com.unity.addressables/Editor/BuildReportVisualizer/BuildReport Resources/Icons/PlatformAndroidIcon@2x.png using Guid(7421e9434772c1542ac5a39c1a9accc5) (TextureImporter) -> (artifact id: '8cd69380214ba43d903529a6153e0d38') in 0.000487608 seconds
Start importing Packages/com.unity.addressables/Editor/BuildReportVisualizer/BuildReport Resources/Icons/d_History.Forward@2x.png using Guid(741fd6a7eb857a74b939184269d01239) (TextureImporter) -> (artifact id: 'b4f1ba8d2e48bea6ba4af6fbc7a85123') in 0.000480555 seconds
Start importing Packages/com.unity.render-pipelines.core/Editor/Lighting/Icons/PresetFill_Left.png using Guid(84767f608f72f5a4090837fc328dd75f) (TextureImporter) -> (artifact id: '95c2975e1a7bb9def951b32426b6d88d') in 0.000622354 seconds
Start importing Packages/com.unity.render-pipelines.core/Editor/LookDev/Icons/d_LeftArrow.png using Guid(84189b4c7caeef3419b6b031b8812685) (TextureImporter) -> (artifact id: 'f303adc057da1484dd0c28e05b67b98f') in 0.000586056 seconds
Start importing Packages/com.unity.render-pipelines.universal/Editor/ShaderGraph/GraphTemplates/FullscreenBasicTemplateThumbnail.png using Guid(9410f8b043e30fe4da99295d950c470f) (TextureImporter) -> (artifact id: '472b1d2f4810329664b41ce89dd5d05d') in 0.0125241 seconds
Start importing Packages/com.unity.shadergraph/Editor/Resources/GraphView/Nodes/NodeChevronUp@2x.png using Guid(94c5e3f4e8affed4285a0c674a431b9e) (TextureImporter) -> (artifact id: 'a422469c8fb486f7b3c79340c9bdcde0') in 0.000629505 seconds
Start importing Packages/com.unity.render-pipelines.core/Editor/Lighting/Icons/LightUnitIcons/d_SoftAreaLight.png using Guid(940a20d919196f1408474a7b7057f4b9) (TextureImporter) -> (artifact id: '392d6b4ac9a723a27903353cfda33739') in 0.000510476 seconds
Start importing Packages/com.unity.inputsystem/InputSystem/Editor/Icons/d_Touch.png using Guid(94fa2e214a138425e8afbbe1329e0b55) (TextureImporter) -> (artifact id: '3541edb3ec1288a1b99c84dd6cb4f6b9') in 0.000439935 seconds
Start importing Packages/com.unity.render-pipelines.core/Editor/LookDev/Icons/d_Link.png using Guid(94ec4fdf9502c3747b5c0754ca18919e) (TextureImporter) -> (artifact id: 'e4f37b3142fc0409d2ed0d0e252de558') in 0.000614171 seconds
Start importing Packages/com.unity.inputsystem/InputSystem/Editor/AssetEditor/PackageResources/pro/actionTreeBackgroundWithoutBorder.png using Guid(943deaaee9c9347e0a455aa208526c42) (TextureImporter) -> (artifact id: 'f5e8fe25780d98dddba006e5cafd02c6') in 0.000438287 seconds
Start importing Packages/com.unity.inputsystem/InputSystem/Editor/Icons/Joystick@3x.png using Guid(a4610f64a5a4e4625b1ddbd44b04c5a6) (TextureImporter) -> (artifact id: '94a43252219537a8ce27736e86d765ac') in 0.000483695 seconds
Start importing Packages/com.unity.render-pipelines.core/Editor/LookDev/Icons/d_Environment@2x.png using Guid(a4638c6b8e07c0b49822ed7a91a96d0a) (TextureImporter) -> (artifact id: 'e95fe730eeaa4b67a0f1322813815e49') in 0.000648485 seconds
Start importing Packages/com.unity.inputsystem/InputSystem/Editor/Icons/TrackedPoseDriver.png using Guid(a4d5a38cb01e9c54aa75431f797059cb) (TextureImporter) -> (artifact id: '7b6d5255ab8172d1f09e15bac0357c82') in 0.000452519 seconds
Start importing Packages/com.unity.addressables/Editor/BuildReportVisualizer/BuildReport Resources/Icons/PlatformWSAPlayerIcon@2x.png using Guid(a4691412a8ea49a4796116d3d5f289cc) (TextureImporter) -> (artifact id: '9a939f0d54db33af0ac7a03d44323f7b') in 0.000469476 seconds
Start importing Packages/com.unity.inputsystem/InputSystem/Editor/Icons/d_Add Binding.png using Guid(a4bbff684804d4c84b61cd0256cd2360) (TextureImporter) -> (artifact id: '291cea4ce229ffb600f0925275cdba59') in 0.000432713 seconds
Start importing Packages/com.unity.inputsystem/InputSystem/Editor/Icons/Position@3x.png using Guid(a43c2c10c85c448b584c8f2840f86915) (TextureImporter) -> (artifact id: '4cc93ae23d4c3824180715966652c4d8') in 0.000466688 seconds
Start importing Packages/com.unity.inputsystem/InputSystem/Editor/Icons/Stick@3x.png using Guid(a4deca3e01bf64bfc9136f4cb3b41c9f) (TextureImporter) -> (artifact id: '83f341a2394e5f0e1f82fcba921741e5') in 0.000483659 seconds
Start importing Packages/com.unity.render-pipelines.core/Editor/Resources/Gizmos/ProbeVolume.png using Guid(a4aff83690b661e4fab719effabef2a9) (TextureImporter) -> (artifact id: 'd0c9b54523bac53436af9259dae2fdaf') in 0.001631019 seconds
Start importing Packages/com.unity.render-pipelines.universal/Textures/FilmGrain/Medium06.png using Guid(b4db8180660810945bf8d55ab44352ad) (TextureImporter) -> (artifact id: 'b17560e979571302e4ee093b85a62d07') in 0.003175966 seconds
Start importing Packages/com.unity.render-pipelines.universal/Editor/2D/Resources/LightCapTopRight.png using Guid(b42c95bdd7efefc43900dbbedc4a39f8) (TextureImporter) -> (artifact id: '43b9e0ec7cdfb4cc881eb37b31136b81') in 0.000498701 seconds
Start importing Packages/com.unity.inputsystem/InputSystem/Editor/Icons/d_InputControl@2x.png using Guid(c4235c4abfa134435bd4c8c1f8fd8c56) (TextureImporter) -> (artifact id: '3800e67a12325dc2aeae6ee31cc23685') in 0.000471674 seconds
Start importing Packages/com.unity.inputsystem/InputSystem/Editor/AssetEditor/PackageResources/pro/actionTreeBackground.png using Guid(c4b66e31395c54087a2fbc13ae7e0f3c) (TextureImporter) -> (artifact id: '5041772de529afb615c2d406ff9c664e') in 0.000430865 seconds
Start importing Packages/com.unity.inputsystem/InputSystem/Editor/Icons/ChevronUp@4x.png using Guid(c4f7551c56dfb47a7a105b6579646d2f) (TextureImporter) -> (artifact id: 'a71d6e0e7dbca385c715bb6ab17a8475') in 0.000477338 seconds
Start importing Packages/com.unity.render-pipelines.core/Editor/Lighting/Icons/d_LightPlacement_Icon@32.png using Guid(c4f74ec1885109d438846c229989bcf9) (TextureImporter) -> (artifact id: 'fdaaf641b702b348ef3be1113b6c9977') in 0.000543787 seconds
Start importing Packages/com.unity.render-pipelines.universal/Textures/BlueNoise16/L/LDR_LLL1_19.png using Guid(d4044ea2490d63b43aa1765f8efbf8a9) (TextureImporter) -> (artifact id: '5834fc7b163ec32b36eb4921d5e46f14') in 0.000413331 seconds
Start importing Packages/com.unity.render-pipelines.core/Editor/Icons/MipLevels/VolumeProfile@32.png using Guid(d437cf5f006f8e74eb25c84d04daa681) (TextureImporter) -> (artifact id: '249db90ce672ff754b51aadc9e05117c') in 0.000431573 seconds
Start importing Packages/com.unity.render-pipelines.core/Runtime/Debugging/Prefabs/Textures/UIElement8px.png using Guid(d49e78756811bfa4aafb8b6535417991) (TextureImporter) -> (artifact id: '0858201eb824202890e38fccbc56314d') in 0.00055298 seconds
Start importing Packages/com.unity.render-pipelines.core/Editor/Lighting/Icons/LightUnitIcons/IntenseAreaLight.png using Guid(d4df75c76c1661847b6902f889b44bcb) (TextureImporter) -> (artifact id: 'f0457bffc7ff5c527215edf1b1d04d7a') in 0.000511062 seconds
Start importing Packages/com.unity.render-pipelines.core/Editor/Lighting/Icons/LightUnitIcons/d_VeryBrightSun@2x.png using Guid(e4e685bec200b3c45a29e88e2eeb8ddb) (TextureImporter) -> (artifact id: '65bb97339bfd87d09ecb03d9a1b696ab') in 0.000524047 seconds
Start importing Packages/com.unity.ai.navigation/Gizmos/NavMeshSurface Icon.png using Guid(e4f97225bcfb64760a1c81f460837f01) (TextureImporter) -> (artifact id: '293f1c2a027db4d6d8501507e87d9d2d') in 0.001567399 seconds
Start importing Packages/com.unity.inputsystem/InputSystem/Editor/Icons/d_ChevronUp@4x.png using Guid(e46ad23216d074f828f3437b21912c64) (TextureImporter) -> (artifact id: 'a65c6b1d6d2ca8d302f73801621bfff6') in 0.000466991 seconds
Start importing Packages/com.unity.inputsystem/InputSystem/Editor/Icons/d_Interactive Binding@4x.png using Guid(f4e6ca70dd9734da1a812be882c6364e) (TextureImporter) -> (artifact id: 'd1d1d33db42dc9f4fabd377eabdf7cb7') in 0.000528105 seconds
Start importing Packages/com.unity.render-pipelines.universal/Editor/2D/Resources/LightCapTopLeft.png using Guid(f4f779c88fa8c514d970afbd68ff6b3f) (TextureImporter) -> (artifact id: '8601c835a6cdeeeed10415eb5efde459') in 0.000457549 seconds
Start importing Packages/com.unity.render-pipelines.core/Editor/Lighting/Icons/DownSnatch.png using Guid(f4efccbcc00042141b8f7f63392439b5) (TextureImporter) -> (artifact id: '0dda4bb50c34411ac86d72b8b6bf3a81') in 0.000497859 seconds
Start importing Packages/com.unity.inputsystem/InputSystem/Editor/Icons/Mouse@3x.png using Guid(05bbafd21bf3c4cca93cb8ddfbbd4070) (TextureImporter) -> (artifact id: 'fdc53abd539284cc648de87effc3fe7d') in 0.000481725 seconds
Start importing Packages/com.unity.ai.navigation/EditorResources/Overlay/NavigationOverlay On@64.png using Guid(151753cf3d5916d4fbf624668c268675) (TextureImporter) -> (artifact id: '8bd9b8bb6290abaee0a3ca6069946878') in 0.000554049 seconds
Start importing Packages/com.unity.inputsystem/InputSystem/Editor/Icons/ChevronDown@2x.png using Guid(153c8e15f7f6c452ca50f6795813ed39) (TextureImporter) -> (artifact id: '1819053ee98749c174f3bca2c0812095') in 0.000487874 seconds
Start importing Packages/com.unity.inputsystem/InputSystem/Editor/Icons/d_Position@2x.png using Guid(2552e303d22424da2ad62552efbd06e8) (TextureImporter) -> (artifact id: 'c47bb9b4c6f3bf14d901b934514c5008') in 0.0004553 seconds
Start importing Packages/com.unity.render-pipelines.core/Editor/Icons/RenderGraphViewer/FramebufferFetch@2x.png using Guid(35a75acf988224d4da424a5a42cdaaf9) (TextureImporter) -> (artifact id: 'ec35a3caf8855316f2c7c37a027c0962') in 0.000501152 seconds
Start importing Packages/com.unity.addressables/Editor/BuildReportVisualizer/BuildReport Resources/Icons/PlatformPS4Icon.png using Guid(351af98fa765ba1498bcad1e9100d610) (TextureImporter) -> (artifact id: '8349285c691048b00118216a9dc8bafd') in 0.00044545 seconds
Start importing Packages/com.unity.render-pipelines.core/Editor/LookDev/Icons/Layout2@2x.png using Guid(356caeb1305bf794e94ecd5161f8e6e3) (TextureImporter) -> (artifact id: '9fbf0f874c1ba6089b72713dc695bc83') in 0.000734117 seconds
Start importing Packages/com.unity.render-pipelines.core/Editor/LookDev/Icons/Duplicate.png using Guid(352dd7fc77ee28c479bf6504efe94f16) (TextureImporter) -> (artifact id: 'e7463c8a29667f39e5d68e1f21db7e0e') in 0.000611842 seconds
Start importing Packages/com.unity.ugui/Editor Resources/Textures/btn_AlignCenterGeo_Light.psd using Guid(35ff0937876540d3bd4b6a941df62a92) (TextureImporter) -> (artifact id: '166492cbb285a0772324dd61cf3ee594') in 0.000580291 seconds
Start importing Packages/com.unity.render-pipelines.core/Editor/LookDev/Icons/Link.png using Guid(45751a4124f67c443bf96ed1df7c550b) (TextureImporter) -> (artifact id: '618e8ca3aeaaf6055ec0b9041a9e7cf8') in 0.000574189 seconds
Start importing Packages/com.unity.inputsystem/InputSystem/Editor/Icons/d_Stick.png using Guid(55040e210fa9b426b861a26909ab4de7) (TextureImporter) -> (artifact id: 'af35151e635c086118db759873f6070c') in 0.000443433 seconds
Start importing Packages/com.unity.render-pipelines.universal/Textures/FilmGrain/Thin01.png using Guid(654c582f7f8a5a14dbd7d119cbde215d) (TextureImporter) -> (artifact id: '60883b4df47fb34b8288d75b4446744c') in 0.003146509 seconds
Start importing Packages/com.unity.inputsystem/InputSystem/Editor/Icons/Gamepad@4x.png using Guid(7543bb6341c2140f292c8c852e7a3bbf) (TextureImporter) -> (artifact id: '794744891557587aa61cce8d0b0627e0') in 0.000507733 seconds
Start importing Packages/com.unity.render-pipelines.core/Editor/LookDev/Icons/LookDev.png using Guid(85099cb723efe4444a23b08281d721c2) (TextureImporter) -> (artifact id: '5e5c50906152f0fec482d90f7e8d4e52') in 0.000618168 seconds
Start importing Packages/com.unity.shadergraph/Editor/Resources/GraphView/Nodes/NodeChevronRight.png using Guid(951848ba8b6205940a9bd1b8fdd4d796) (TextureImporter) -> (artifact id: 'eebe1662eaf404976c9d886a46218f3e') in 0.000560188 seconds
Start importing Packages/com.unity.inputsystem/InputSystem/Editor/Icons/Add Binding.png using Guid(958a10dec4f3a4764bb345b0aa03510b) (TextureImporter) -> (artifact id: '41ab5a2c1f1ce4c78937624e00adcb42') in 0.000430338 seconds
Start importing Packages/com.unity.shadergraph/Editor/Resources/Icons/blackboard.png using Guid(954de74b6fa234cfbb474898019e0acf) (TextureImporter) -> (artifact id: '4940a3ad32e8de2909950ed00e014864') in 0.000445511 seconds
Start importing Packages/com.unity.render-pipelines.core/Editor/Lighting/Icons/LightUnitIcons/d_BrightSky.png using Guid(a543c2d2147884347a1846e862efa72f) (TextureImporter) -> (artifact id: '34e82ef712a57af601472a410403c829') in 0.00048429 seconds
Start importing Packages/com.unity.render-pipelines.core/Editor/LookDev/Icons/Remove.png using Guid(a5c48bfebeb031a4b8d66da4be0e27b9) (TextureImporter) -> (artifact id: '93f18dc2516e9fce01990670b21c04c3') in 0.00057297 seconds
Start importing Packages/com.unity.render-pipelines.universal/Editor/2D/Resources/LightCapUp.png using Guid(a58fea03b14b2be4295b11f21a57a6f7) (TextureImporter) -> (artifact id: '382ec5d108ec1cd43c1787e872887493') in 0.000471967 seconds
Start importing Packages/com.unity.render-pipelines.core/Editor/Lighting/Icons/LightUnitIcons/d_InteriorLight.png using Guid(b5a2e773c2799aa42a4e99429158896e) (TextureImporter) -> (artifact id: '368447bd945f3f243e5e2db42eda2473') in 0.000479851 seconds
Start importing Packages/com.unity.searcher/Editor/Resources/FlatSkin/SearchSmallDownOn@2x.png using Guid(c5b36095078d8694ba9e3ae3fd867b2e) (TextureImporter) -> (artifact id: '85610e6662adcd086f4e1c0932f33100') in 0.00052022 seconds
Start importing Packages/com.unity.render-pipelines.core/Editor/Lighting/Icons/HorizontalGradient.png using Guid(c56daa0c35d8542449aea902efda87ce) (TextureImporter) -> (artifact id: '9a88eb954039fdf283c1ec586c9426a4') in 0.000586661 seconds
Start importing Packages/com.unity.inputsystem/InputSystem/Editor/Icons/d_Position.png using Guid(c5bdeae4dabac4bf19f7a1afcf5ca678) (TextureImporter) -> (artifact id: '74be6d0584f5050c3cfd4228345c00b2') in 0.000423121 seconds
Start importing Packages/com.unity.render-pipelines.universal/Textures/BlueNoise16/L/LDR_LLL1_13.png using Guid(d512512f4af60a442ab3458489412954) (TextureImporter) -> (artifact id: '2cad364a7dbe2edebc32a7f8dc419fbf') in 0.000407777 seconds
Start importing Packages/com.unity.render-pipelines.universal/Textures/BlueNoise16/L/LDR_LLL1_21.png using Guid(d5c9b274310e5524ebe32a4e4da3df1f) (TextureImporter) -> (artifact id: '174dc9ce7a7e50703b1ab69b7acef98d') in 0.000404901 seconds
Start importing Packages/com.unity.render-pipelines.core/Editor/Lighting/Icons/LightUnitIcons/d_MoonlessNight@2x.png using Guid(d56ac7ee03f65c7408f8f3d5aeecdb86) (TextureImporter) -> (artifact id: '38289c5d1acfbb80038302439d8f939a') in 0.000509408 seconds
Start importing Packages/com.unity.render-pipelines.universal/Textures/BlueNoise16/L/LDR_LLL1_1.png using Guid(d50c5e07c9911a74982bddf7f3075e7b) (TextureImporter) -> (artifact id: 'da6c0d06226dcd1032669f5aa5405298') in 0.000408987 seconds
Start importing Packages/com.unity.shadergraph/Editor/Resources/GraphView/Nodes/UITKShaderPreview-Texture.png using Guid(e5c0078b94743b5468d137f0728f414e) (TextureImporter) -> (artifact id: '5dd8b7a9a9db1f408534090b2ec456e8') in 0.004549341 seconds
Start importing Packages/com.unity.render-pipelines.core/Editor/Lighting/Icons/d_LightPlacement_Icon On@2x.png using Guid(e59f66416f4ecf3429053a0274b589a0) (TextureImporter) -> (artifact id: 'f22f04b287f7ebbac6ad1aa13360c1e0') in 0.000588478 seconds
Start importing Packages/com.unity.render-pipelines.core/Editor/Lighting/Icons/LightUnitIcons/d_Moonlight@2x.png using Guid(f520337c0c5dde34fa2d4207d953a31f) (TextureImporter) -> (artifact id: '621081aecd01e8befad05ec0fab96b88') in 0.000523058 seconds
Start importing Packages/com.unity.render-pipelines.core/Editor/Lighting/Icons/d_LightPlacement_Icon On@32.png using Guid(f5d08e5c109deb84a9fcf7b2365cb537) (TextureImporter) -> (artifact id: '0dcbe566db467fe140ad38ce19bb7738') in 0.000487481 seconds
Start importing Packages/com.unity.render-pipelines.core/Editor/Lighting/Icons/LightUnitIcons/MoonlessNight.png using Guid(f50a266376427a041b4e1b629d07611d) (TextureImporter) -> (artifact id: '29fa1bf2552d01dd7b4a1b3df88f76f4') in 0.000471396 seconds
Start importing Packages/com.unity.inputsystem/InputSystem/Editor/Icons/Joystick@4x.png using Guid(f58c918f135bd4b8abe5fdb06bda7f4d) (TextureImporter) -> (artifact id: '715cbbbb6b23ce8a5258d0fa418419d0') in 0.00052591 seconds
Start importing Packages/com.unity.inputsystem/InputSystem/Editor/Icons/Stick@4x.png using Guid(f5ace3d653812436a812bebfe7f9a242) (TextureImporter) -> (artifact id: '4a18ab376ad10fafd06e578e58963ecc') in 0.000535677 seconds
Start importing Packages/com.unity.ai.navigation/EditorResources/Overlay/d_NavigationOverlay@256.png using Guid(f5dd88efd8622424998bf5326c5421eb) (TextureImporter) -> (artifact id: 'c261e1e096f5be27f7c111cbe1769f9d') in 0.001095406 seconds
Start importing Packages/com.unity.render-pipelines.core/Editor/LookDev/Icons/d_LookDev.png using Guid(0615fe8910911be4299d5604a54db99a) (TextureImporter) -> (artifact id: '194c521c45a56486045a7d99583b764b') in 0.000612707 seconds
Start importing Packages/com.unity.ugui/Editor Resources/Textures/btn_AlignMiddle_Light.psd using Guid(066619c9c9c84f89acb1b48c11a7efe2) (TextureImporter) -> (artifact id: '0d6151782982a586e9e371ef9eddfedc') in 0.000604444 seconds
Start importing Packages/com.unity.inputsystem/InputSystem/Editor/Icons/d_ChevronDown.png using Guid(06ad495fb07444736b59782982d96250) (TextureImporter) -> (artifact id: '57cffb4e6f5e38fd1f701247295a154d') in 0.000446094 seconds
Start importing Packages/com.unity.addressables/Editor/BuildReportVisualizer/BuildReport Resources/Icons/Button_RightPanel_DarkTheme.png using Guid(1605c3ecde3c79740a38a7d320a3f234) (TextureImporter) -> (artifact id: '790f41c0fd6732f49450cf26543dfd08') in 0.000444863 seconds
Start importing Packages/com.unity.render-pipelines.core/Editor/LookDev/Icons/d_Add.png using Guid(160b197aba549514286b94426ceae589) (TextureImporter) -> (artifact id: 'f2a7c3410f8706ceeb5eae7fe01ffdf0') in 0.000565163 seconds
Start importing Packages/com.unity.render-pipelines.universal/Textures/DebugFont.tga using Guid(26a413214480ef144b2915d6ff4d0beb) (TextureImporter) -> (artifact id: '522fdbe8aa243561015f59ebaa1313de') in 0.000598116 seconds
Start importing Packages/com.unity.inputsystem/InputSystem/Editor/Icons/d_Mouse.png using Guid(264ffc05d7d2841d5a6065854b6282ca) (TextureImporter) -> (artifact id: '937b6fa7b011381c654dd67a5192023a') in 0.000431703 seconds
Start importing Packages/com.unity.render-pipelines.universal/Textures/BlueNoise256/LDR_LLL1_0.png using Guid(36f118343fc974119bee3d09e2111500) (TextureImporter) -> (artifact id: 'b6606cc00273c6c0a598b184efe8e950') in 0.001425042 seconds
Start importing Packages/com.unity.shadergraph/Editor/Resources/GraphView/Nodes/BlackboardFieldPillBackground.png using Guid(56603bbe7a2b54640bbd90104bea4981) (TextureImporter) -> (artifact id: '7905e983c06abf8b0b8937b0d164c096') in 0.000585926 seconds
Start importing Packages/com.unity.render-pipelines.core/Editor/LookDev/Icons/d_Camera1.png using Guid(56c35c86bb44b0e4e84a22db56968157) (TextureImporter) -> (artifact id: '6413c30ae8552ffc42cbae6e260892ec') in 0.000626868 seconds
Start importing Packages/com.unity.inputsystem/InputSystem/Editor/Icons/Position.png using Guid(5684eb521fa99491e9061de682d1622e) (TextureImporter) -> (artifact id: '172f4bde35a5e9223b2ea087568662f7') in 0.000442303 seconds
Start importing Packages/com.unity.addressables/Editor/BuildReportVisualizer/BuildReport Resources/Icons/PlatformLuminIcon@2x.png using Guid(566514eeee40fbb4095bb20d9ca5ef1b) (TextureImporter) -> (artifact id: '180eb014d629b35f09d1face8b086bb3') in 0.000480883 seconds
Start importing Packages/com.unity.shadergraph/GraphTemplates/Cross Pipeline/DecalMatProjTemplateThumbnail.png using Guid(5616b96dbeb625c498fdfe9517c1552b) (TextureImporter) -> (artifact id: '4572e01082119c37e57cd9cf0a5ea610') in 0.012810381 seconds
Start importing Packages/com.unity.render-pipelines.universal/Textures/BlueNoise256/LDR_LLL1_6.png using Guid(56a77a3e8d64f47b6afe9e3c95cb57d5) (TextureImporter) -> (artifact id: '9fefb560aed4ab0dedbba6d86148396d') in 0.002151144 seconds
Start importing Packages/com.unity.render-pipelines.universal/Runtime/2D/Data/Textures/FalloffLookupTexture.png using Guid(5688ab254e4c0634f8d6c8e0792331ca) (TextureImporter) -> (artifact id: '445335517fc79280f4373cfbdee8181d') in 0.005489027 seconds
Start importing Packages/com.unity.addressables/Editor/BuildReportVisualizer/BuildReport Resources/Icons/PlatformStandaloneWindowsIcon@2x.png using Guid(561dd5984fde32741a712b4a968324fd) (TextureImporter) -> (artifact id: '41460b0428c47f4fe7a179b5a44e0b01') in 0.000750744 seconds
Start importing Packages/com.unity.shadergraph/Editor/Resources/Icons/SettingsIcons@2x.png using Guid(66e0f20149bec7a4eaee2f2d8aec158a) (TextureImporter) -> (artifact id: '41db32bb54b9c8651e4a2215ba2d8b3b') in 0.000971073 seconds
Start importing Packages/com.unity.addressables/Editor/BuildReportVisualizer/BuildReport Resources/Icons/FileNoIcon@3x.png using Guid(66c2b738157840b43a4f923dc575193b) (TextureImporter) -> (artifact id: '0da9337a1111b724cde296b67f852c08') in 0.000889946 seconds
Start importing Packages/com.unity.addressables/Editor/BuildReportVisualizer/BuildReport Resources/Icons/PlatformStandaloneWindowsIcon.png using Guid(66e8376ba5f093047bc9ab5d3d61430b) (TextureImporter) -> (artifact id: 'd7c5372e223e414b79bcb8edbf4d2463') in 0.00051671 seconds
Start importing Packages/com.unity.render-pipelines.core/Editor/Lighting/Icons/LightUnitIcons/d_ClearSky.png using Guid(76c10465276fcb9498b1fd312e3f74ed) (TextureImporter) -> (artifact id: 'cbf35da50fa14b13e17a4197bcdcc5c1') in 0.000524148 seconds
Start importing Packages/com.unity.render-pipelines.core/Editor/Icons/MipLevels/d_RenderPipelineResources@256.png using Guid(76e81564bded5e442a18ce6964cdaef3) (TextureImporter) -> (artifact id: '29669d8e40a3e050e834a519f8688131') in 0.000736991 seconds
Start importing Packages/com.unity.inputsystem/InputSystem/Editor/Icons/d_Gamepad.png using Guid(76dc61ff6c2d84b24b0a2ce01dc2842d) (TextureImporter) -> (artifact id: 'b9c9f8b9567992b0d9347b8dc99a34a4') in 0.000429659 seconds
Start importing Packages/com.unity.addressables/Editor/BuildReportVisualizer/BuildReport Resources/Icons/PlatformWebGLIcon@2x.png using Guid(764d4b52473c57c43a471351bb59abe1) (TextureImporter) -> (artifact id: '7ae8453971933b3f7e65692ff90883d2') in 0.00047537 seconds
Start importing Packages/com.unity.render-pipelines.core/Editor/Lighting/Icons/LightUnitIcons/d_DirectSunlight.png using Guid(76bf11a78c4428b4eb6b567a160a0c83) (TextureImporter) -> (artifact id: '439f8a4d89b0dde2e2a48c83e9446a20') in 0.000494988 seconds
Start importing Packages/com.unity.inputsystem/InputSystem/Editor/Icons/Add Binding@4x.png using Guid(862c5ca31844d4a6d9aa804af982ce65) (TextureImporter) -> (artifact id: 'b328a3839f4dc05ca9373dc4473e64ac') in 0.00053715 seconds
Start importing Packages/com.unity.render-pipelines.core/Editor/Lighting/Icons/LightUnitIcons/DirectSunlight.png using Guid(863ef838c25e51b4790fd6ac881ba895) (TextureImporter) -> (artifact id: '1a414fd290fe077c49f10dfc04c9dcb8') in 0.000488439 seconds
Start importing Packages/com.unity.inputsystem/InputSystem/Editor/Icons/d_Pen@2x.png using Guid(96f7582a52a6843c09e0c71617e94f2d) (TextureImporter) -> (artifact id: 'df11f2c8a353723f5fae7aff97de4b61') in 0.000470197 seconds
Start importing Packages/com.unity.ai.navigation/EditorResources/Overlay/d_NavigationOverlay On@16.png using Guid(96c9a57d95a712d44978703ea9dd7f4e) (TextureImporter) -> (artifact id: '41df4e3a2376643a69b20209ea35d49e') in 0.00046709 seconds
Start importing Packages/com.unity.render-pipelines.universal/Textures/BlueNoise16/L/LDR_LLL1_10.png using Guid(96aaab9cc247d0b4c98132159688c1af) (TextureImporter) -> (artifact id: 'a57f283fa89a93f48e6756ee1fcf1b98') in 0.000419031 seconds
Start importing Packages/com.unity.render-pipelines.core/Runtime/Debugging/Prefabs/Textures/UIFoldoutOpened.png using Guid(a674720496c1ed248a5b7ea3e22a11fd) (TextureImporter) -> (artifact id: 'd304965834fdebb5ab39d7eed6992d13') in 0.000590901 seconds
Start importing Packages/com.unity.shadergraph/Editor/Resources/Icons/Settings_Flyout_9slice@2x.png using Guid(a6abafca3e442ca4d970a1f8a2c70b0a) (TextureImporter) -> (artifact id: '5e1ea342e443e6d8a86ce9fc906c5627') in 0.001111796 seconds
Start importing Packages/com.unity.collections/Unity.Collections.PerformanceTests/PerformanceTestFrameworkOutputListAdd.png using Guid(a6ecd2aa79759e64ba59ab5f51d661ac) (TextureImporter) -> (artifact id: '8c7dc09434b16309688fe24078d8ad29') in 0.005374914 seconds
Start importing Packages/com.unity.ai.navigation/Gizmos/NavMeshModifier Icon.png using Guid(b642c6bf23e624e23ad11b3e1d471932) (TextureImporter) -> (artifact id: '38212141a29827ec485b9e35ee63441f') in 0.001648704 seconds
Start importing Packages/com.unity.render-pipelines.core/Editor/Icons/MipLevels/RenderPipelineResources@256.png using Guid(b645d34d84db58a45ac9775bb9a9bc48) (TextureImporter) -> (artifact id: '502dfcf60d6daf1c3e53e8e71cfece7c') in 0.000811755 seconds
Start importing Packages/com.unity.inputsystem/InputSystem/Editor/Icons/d_Dpad.png using Guid(b60b9eb0384c345c89435d0982a6e4fd) (TextureImporter) -> (artifact id: '90d0fb6311031d41cbcbbeea8bd18f72') in 0.000450008 seconds
Start importing Packages/com.unity.shadergraph/GraphTemplates/BuiltIn/BuiltInUnlitBasicTemplateThumbnail.png using Guid(e6831b07772f59844b5c282e8a4aa736) (TextureImporter) -> (artifact id: 'aa468a765625404eed925f56095d35b2') in 0.010239959 seconds
Start importing Packages/com.unity.render-pipelines.universal/Textures/BlueNoise16/L/LDR_LLL1_5.png using Guid(e63eef8f54aa9dc4da9a5ac094b503b5) (TextureImporter) -> (artifact id: 'b50ef8f3c195e3c1580327df24bc41e3') in 0.000692649 seconds
Start importing Packages/com.unity.render-pipelines.core/Editor/Lighting/Icons/LightUnitIcons/d_Moonlight.png using Guid(f64528e1d51f6d74c9f7a1738deaa602) (TextureImporter) -> (artifact id: 'ea6f6a8ef80ff1c3e9c67e1e5504ad91') in 0.00111617 seconds
Start importing Packages/com.unity.render-pipelines.universal/Textures/BlueNoise16/L/LDR_LLL1_22.png using Guid(f69770e54f2823f43badf77916acad83) (TextureImporter) -> (artifact id: 'e091a06ed48eed40ec6145f39d87ae77') in 0.000977734 seconds
Start importing Packages/com.unity.render-pipelines.core/Editor/Lighting/Icons/DownSnatchFocused.png using Guid(f6ca176a623705248878abeaf560002a) (TextureImporter) -> (artifact id: '7841c99233cfaf7ce93c16d750c2b717') in 0.00166529 seconds
Start importing Packages/com.unity.render-pipelines.core/Editor/Icons/MipLevels/d_RenderPipelineResources@128.png using Guid(07d524f53c3f0a24b952dad4f0d95192) (TextureImporter) -> (artifact id: '407c336b12615b090de757a280158e66') in 0.001628445 seconds
Start importing Packages/com.unity.collections/Unity.Collections.PerformanceTests/PerformanceTestFrameworkOutputFixedSize.png using Guid(079c3d43b74823a41bb33198b8221c23) (TextureImporter) -> (artifact id: 'e0bceead8c4d66a2232c1aed7b484c85') in 0.008196217 seconds
Start importing Packages/com.unity.render-pipelines.universal/Textures/BlueNoise16/L/LDR_LLL1_9.png using Guid(071e954febf155243a6c81e48f452644) (TextureImporter) -> (artifact id: 'aaeff8c60dae169b8defd39012f92bc0') in 0.018347082 seconds
Start importing Packages/com.unity.inputsystem/InputSystem/Editor/Icons/d_Pen@3x.png using Guid(17b3fef87d666459d860ad88452862da) (TextureImporter) -> (artifact id: 'eee10f7034b57cc984e468c8d54ea160') in 0.000639204 seconds
Start importing Packages/com.unity.inputsystem/InputSystem/Editor/Icons/Gamepad.png using Guid(17c8753d0e5e24194b06404851be7f13) (TextureImporter) -> (artifact id: 'c389b89fce3387dc3f4c0b88aef00e3c') in 0.000457132 seconds
Start importing Packages/com.unity.shadergraph/Editor/Resources/Icons/sg_graph_icon.png using Guid(170afdc32bbba284e8d0740a464b9fbd) (TextureImporter) -> (artifact id: '4fae0278cff76cc90c8133cbe5c61504') in 0.000648552 seconds
Start importing Packages/com.unity.render-pipelines.core/Editor/Icons/MipLevels/RenderGraphViewer/d_PassInspector@16.png using Guid(179c26b8104e4a84bb9ba82aa6ec463b) (TextureImporter) -> (artifact id: '0ee598d1f0ac56f39f0adf9fec9ed7e5') in 0.000545441 seconds
Start importing Packages/com.unity.render-pipelines.universal/Textures/BlueNoise16/L/LDR_LLL1_31.png using Guid(179f794063d2a66478e6e726f84a65bc) (TextureImporter) -> (artifact id: 'b4477ac6e2133a799f7339d5fe8d4189') in 0.000445237 seconds
Start importing Packages/com.unity.inputsystem/InputSystem/Editor/Icons/d_Axis@2x.png using Guid(27163f3cda5b9431d928f2b33eeb5cf1) (TextureImporter) -> (artifact id: 'e9d7789c4f696828c323b9df7ae6ccdc') in 0.000475266 seconds
Start importing Packages/com.unity.inputsystem/InputSystem/Editor/Icons/d_Joystick@2x.png using Guid(27fa98be5deb54cbf9c11ffc540272b2) (TextureImporter) -> (artifact id: '6b0b9b1fa233de2120b464ec6da67802') in 0.000476694 seconds
Start importing Packages/com.unity.render-pipelines.core/Editor/Lighting/Icons/d_LightPlacement_Icon On@16.png using Guid(27ddd7fccc437254da38f2ffe1983567) (TextureImporter) -> (artifact id: 'bc4e65588229247a7ced806f49e2878e') in 0.000476672 seconds
Start importing Packages/com.unity.addressables/Editor/BuildReportVisualizer/BuildReport Resources/Icons/Button_RightPanel_LightTheme.png using Guid(37555d4cd39377746932ee0827a11c15) (TextureImporter) -> (artifact id: '26e2bba51e2e8fe5d264b84cb543e650') in 0.000464333 seconds
Start importing Packages/com.unity.render-pipelines.core/Editor/PostProcessing/LensFlareResource/CircleFlareThumbnail@2x.png using Guid(37e93113453ac0d46863acd4090899c8) (TextureImporter) -> (artifact id: '183f0a5c7107225b7c1fafb692d556eb') in 0.000873742 seconds
Start importing Packages/com.unity.render-pipelines.core/Editor/Lighting/Icons/LightUnitIcons/VeryBrightSun@2x.png using Guid(37ca6c7ad753f1648a24db2b740ba2ca) (TextureImporter) -> (artifact id: 'b28540c92d35c38d74a58ff00a615391') in 0.000521562 seconds
Start importing Packages/com.unity.addressables/Editor/BuildReportVisualizer/BuildReport Resources/Icons/PlatformStandaloneLinux64Icon.png using Guid(377dcfe91a2b68742aedc28e60d58544) (TextureImporter) -> (artifact id: '50232b3f3b275bb362434607b32b1ce3') in 0.000454319 seconds
Start importing Packages/com.unity.render-pipelines.universal/Textures/BlueNoise16/L/LDR_LLL1_14.png using Guid(47a45908f6db0cb44a0d5e961143afec) (TextureImporter) -> (artifact id: 'ab5846cd72246bb3e6bdb0d8a834b60a') in 0.000405896 seconds
Start importing Packages/com.unity.render-pipelines.core/Editor/LookDev/Icons/d_LayoutVertical@2x.png using Guid(472b4042959bbd844b8fd760bddd7a47) (TextureImporter) -> (artifact id: '4abfed6299d22048e8a74d9c736e8921') in 0.000669281 seconds
Start importing Packages/com.unity.inputsystem/InputSystem/Editor/AssetEditor/PackageResources/yellow.png using Guid(47cf506b4219343519083fe1c0b8fc9c) (TextureImporter) -> (artifact id: 'd2a0a6676a0c4e7ee2cc42c65128a258') in 0.000423566 seconds
Start importing Packages/com.unity.shadergraph/Editor/Resources/Icons/Settings_Flyout_9slice.png using Guid(57517c89a809f44458493cef0310e46f) (TextureImporter) -> (artifact id: 'be9d2fda509e395dedb3be85a90b9449') in 0.000710823 seconds
Start importing Packages/com.unity.inputsystem/InputSystem/Editor/Icons/ChevronUp@2x.png using Guid(57dfdce0eaf2f48a9bd9e60e920e446b) (TextureImporter) -> (artifact id: '7caad9ab0bfd726ce0a3f6f40c7d9e64') in 0.000489787 seconds
Start importing Packages/com.unity.render-pipelines.core/Editor/Icons/MipLevels/d_Volume@32.png using Guid(675ff9ea9d96a004a85fc91680242734) (TextureImporter) -> (artifact id: 'adcac158051f38afeb262aad199c842a') in 0.000424366 seconds
Start importing Packages/com.unity.addressables/Editor/BuildReportVisualizer/BuildReport Resources/Icons/PlatformXboxOneIcon@2x.png using Guid(770340dbd8f200e45b2bb9e820baa15e) (TextureImporter) -> (artifact id: '4177ddd2eaea749c0a0f6f8ab4fc6659') in 0.000484874 seconds
Start importing Packages/com.unity.render-pipelines.core/Editor/Lighting/Icons/LightPlacement_Icon.png using Guid(77f3e0d20577fcd4ebb29c14ff5d58c7) (TextureImporter) -> (artifact id: '8b52973a41932ee504c78a2b405f1721') in 0.000461399 seconds
Start importing Packages/com.unity.inputsystem/InputSystem/Editor/Icons/Keyboard@2x.png using Guid(87ae93efe5d3b4262995b0acdc987d88) (TextureImporter) -> (artifact id: '0bb2dd094d5915f8f2c82d6dc332ef3f') in 0.000456371 seconds
Start importing Packages/com.unity.inputsystem/InputSystem/Editor/Icons/Mouse@2x.png using Guid(9721efa02e520488d96c36460fe7e4a6) (TextureImporter) -> (artifact id: 'ab215c5d4e7ec014122bd1b259527193') in 0.00044271 seconds
Start importing Packages/com.unity.addressables/Editor/BuildReportVisualizer/BuildReport Resources/Icons/PlatformAndroidIcon.png using Guid(970a95875c9b7474ba926b947e8cc477) (TextureImporter) -> (artifact id: '339f7fc735ce617b690ad9a042de433d') in 0.000445042 seconds
Start importing Packages/com.unity.ugui/Editor Resources/Gizmos/TMP - Dropdown Icon.psd using Guid(a7ec9e7ad8b847b7ae4510af83c5d868) (TextureImporter) -> (artifact id: '44855fa574f625e149784d001310b8f1') in 0.000812943 seconds
Start importing Packages/com.unity.render-pipelines.core/Editor/LookDev/Icons/d_LayoutCustom@2x.png using Guid(b753c88a6aeb2674fa1d4f0a4c0a285a) (TextureImporter) -> (artifact id: 'c93dc0d9230b105e74fd3dc7075545d8') in 0.000651109 seconds
Start importing Packages/com.unity.ugui/Editor Resources/Textures/btn_AlignCenterGeo.psd using Guid(c76700ea0062413d9f69409b4e9e151b) (TextureImporter) -> (artifact id: '1f3110d50159e12497318a962977b774') in 0.000559457 seconds
Start importing Packages/com.unity.render-pipelines.core/Editor/Lighting/Icons/d_LightPlacement_Icon@128.png using Guid(c7cdaebf43bf99948bf392ce8f4088af) (TextureImporter) -> (artifact id: '65650a46f7282d2ff3bbe236b569cfcc') in 0.000685941 seconds
Start importing Packages/com.unity.inputsystem/InputSystem/Editor/AssetEditor/PackageResources/pink.png using Guid(d7b144323984d4298924c65ed071dea1) (TextureImporter) -> (artifact id: 'ea823079aa7f4607bc55e0e6e33d7b98') in 0.000421357 seconds
Start importing Packages/com.unity.render-pipelines.core/Editor/Icons/MipLevels/d_Volume@128.png using Guid(d765b90a4ccbfae4ba0b8512144b99f0) (TextureImporter) -> (artifact id: '80d09280513481347c0e71254f42fb8e') in 0.000526886 seconds
Start importing Packages/com.unity.inputsystem/InputSystem/Editor/Icons/Dpad@4x.png using Guid(d7073cfe15a1a48bfb7ff59225052484) (TextureImporter) -> (artifact id: '119c913fe1fd7a203ef6ed92072aea2c') in 0.000510334 seconds
Start importing Packages/com.unity.render-pipelines.core/Editor/PostProcessing/LensFlareResource/Flare128.png using Guid(d7b90718ad2a7af4aab8546a0897d5db) (TextureImporter) -> (artifact id: 'a118ee033ee4e2c0581e00f6432de4eb') in 0.000739394 seconds
Start importing Packages/com.unity.render-pipelines.core/Editor/Lighting/Icons/LightUnitIcons/d_SunriseSunset@2x.png using Guid(e737fd1dd31046c4da43e8ba94fdaf63) (TextureImporter) -> (artifact id: 'f2ffb9e363ef6723705b88e2397f28ef') in 0.000528394 seconds
Start importing Packages/com.unity.inputsystem/InputSystem/Editor/Icons/d_Touch@3x.png using Guid(e77ee65b5139048949dc0ac5614efeec) (TextureImporter) -> (artifact id: '63cb15ca7f9c77c34d1d350b43459929') in 0.000478334 seconds
Start importing Packages/com.unity.inputsystem/InputSystem/Editor/Icons/Dpad.png using Guid(e76f0489d4db34a2fbc3532e07f2848a) (TextureImporter) -> (artifact id: '958f7fa41ce63c0d02a4f0805d6ca560') in 0.000421421 seconds
Start importing Packages/com.unity.ai.navigation/EditorResources/Overlay/NavigationOverlay On@32.png using Guid(f7a3e2b3beab29040bc1a68f0ad0045c) (TextureImporter) -> (artifact id: '91a28fede59ea499c858268fcd25e781') in 0.000473654 seconds
Start importing Packages/com.unity.shadergraph/GraphTemplates/Cross Pipeline/TerrainSimpleTemplateThumbnail.png using Guid(f7b60a412d492fa4a96583e253626880) (TextureImporter) -> (artifact id: '5df716293d9de0828632c1e03a09d64d') in 0.015620501 seconds
Start importing Packages/com.unity.render-pipelines.core/Editor/Lighting/Icons/d_LightPlacement_Icon@16.png using Guid(f75902f05f887d847bd7573bdac61eca) (TextureImporter) -> (artifact id: '2029f0bfaae8b347972040aaf4fd43c1') in 0.000575107 seconds
Start importing Packages/com.unity.render-pipelines.core/Editor/Lighting/Icons/LightUnitIcons/d_CloudySky@2x.png using Guid(088373792f5db604fa5b045cb5dff9c9) (TextureImporter) -> (artifact id: '0c53122d5d3ed8f6c142fabbd5125779') in 0.000562318 seconds
Start importing Packages/com.unity.render-pipelines.core/Editor/Lighting/Icons/LightUnitIcons/d_VeryBrightSun.png using Guid(083778a134a402a4f82b55a98ac21530) (TextureImporter) -> (artifact id: 'fd38bffcc6520ffc6d6f7c3855ef6519') in 0.000465521 seconds
Start importing Packages/com.unity.inputsystem/InputSystem/Editor/Icons/InputControl@4x.png using Guid(08c99f7c2a7fa410d8567323e32ad5f5) (TextureImporter) -> (artifact id: 'f2e393e79aae0d67ad98bffd122d726b') in 0.000547468 seconds
Start importing Packages/com.unity.inputsystem/InputSystem/Editor/Icons/Joystick@2x.png using Guid(18e45e1f11fae429c80c200cca8e0b4c) (TextureImporter) -> (artifact id: 'b8103438dd625aa4fed82e551d1c3495') in 0.000483991 seconds
Start importing Packages/com.unity.shadergraph/Editor/Resources/Icons/sg_subgraph_icon_gray_dark.png using Guid(18c6490536702e840b89a326d93a92a1) (TextureImporter) -> (artifact id: 'ec94dc481b36b52d00a120bcb45a40bc') in 0.00046948 seconds
Start importing Packages/com.unity.ugui/Editor Resources/Textures/btn_AlignBaseLine_Light.psd using Guid(18775b51e3bd42299fd30bd036ea982f) (TextureImporter) -> (artifact id: '21f27b74fc1135ac5f307868dcc46c1d') in 0.000595573 seconds
Start importing Packages/com.unity.render-pipelines.core/Editor/LookDev/Icons/d_Camera2.png using Guid(281160d54742cbb44a88a61bf8ccfb16) (TextureImporter) -> (artifact id: '43fb5b07294fdce9720824fe82b47376') in 0.000645598 seconds
Start importing Packages/com.unity.render-pipelines.core/Editor/LookDev/Icons/Camera2@2x.png using Guid(28f2917353630ce4fa307eeceadcd26d) (TextureImporter) -> (artifact id: 'f98a0b0f9b589efdd39e5b30f29d086a') in 0.00066043 seconds
Start importing Packages/com.unity.render-pipelines.core/Editor/LookDev/Icons/d_RightArrow@2x.png using Guid(28d47cbaafc98254f8d4f6184dff22cd) (TextureImporter) -> (artifact id: '2a47dd4bff8740b3dd1d07c7ecab2767') in 0.000651153 seconds
Start importing Packages/com.unity.render-pipelines.core/Editor/Icons/MipLevels/d_VolumeProfile@64.png using Guid(2889bb1951831234789d947901bce53e) (TextureImporter) -> (artifact id: 'f4455659140961010c1c9ff8df4705ec') in 0.0004358 seconds
Start importing Packages/com.unity.render-pipelines.core/Editor/Icons/RenderGraphViewer/Texture@2x.png using Guid(38d7c20ac7a9de246a75479d66d518fd) (TextureImporter) -> (artifact id: '1778a9555649125a390c2493903252d8') in 0.000487325 seconds
Start importing Packages/com.unity.ugui/Editor Resources/Textures/btn_AlignTop.psd using Guid(48d034c499ee4697af9dd6e327110249) (TextureImporter) -> (artifact id: '2fc157c63e48610cb03d0306acf2c94c') in 0.000546831 seconds
Start importing Packages/com.unity.render-pipelines.core/Editor/Icons/MipLevels/RenderGraphViewer/PassInspector@16.png using Guid(48b566d9e8cf828409d6879b70fe00b5) (TextureImporter) -> (artifact id: 'aee11425804240656f4fbacae139fe05') in 0.00054845 seconds
Start importing Packages/com.unity.inputsystem/InputSystem/Editor/Icons/Touch.png using Guid(588041e6f0efb43489b38677e0aac58f) (TextureImporter) -> (artifact id: 'f86270d0b7dbc972a655595cc7c5216a') in 0.000425133 seconds
Start importing Packages/com.unity.inputsystem/InputSystem/Editor/Icons/Stick@2x.png using Guid(5881d226463a047cb8db57c9cb0ebc0f) (TextureImporter) -> (artifact id: 'f378f26b23153816377601189d54692c') in 0.000466854 seconds
Start importing Packages/com.unity.inputsystem/InputSystem/Editor/Icons/Dpad@2x.png using Guid(5806833d077654e5784b7cbf3e722f58) (TextureImporter) -> (artifact id: 'e595e9ca7373de7a842dff18eec49272') in 0.000443431 seconds
Start importing Packages/com.unity.ugui/Editor Resources/Textures/btn_AlignBottom_Light.psd using Guid(585b70cb75dd43efbfead809c30a1731) (TextureImporter) -> (artifact id: 'd1c50303b94b545b2996bb2f3d6cdbf0') in 0.00055992 seconds
Start importing Packages/com.unity.render-pipelines.universal/Editor/2D/Resources/InspectorIcons/FreeformLight.png using Guid(68e5bb6e60bebc046b26d3c3100a523b) (TextureImporter) -> (artifact id: '284d5dc4f111dcc571575671d39a6aa9') in 0.000562787 seconds
Start importing Packages/com.unity.render-pipelines.core/Editor/Icons/RenderGraphViewer/AccelerationStructure@2x.png using Guid(78c530431f09533469990aeb78f31210) (TextureImporter) -> (artifact id: 'af0fe4801b3540a1fcce2612c908e2c7') in 0.000492151 seconds
Start importing Packages/com.unity.shadergraph/GraphTemplates/default_vfx_msk.png using Guid(788b35e8fa5154559af342abaf8be483) (TextureImporter) -> (artifact id: 'ec377292360521a290a78923fd84d094') in 0.00044275 seconds
Start importing Packages/com.unity.render-pipelines.universal/Editor/2D/Resources/InspectorIcons/SpriteLight.png using Guid(8839c54710da3374f994e12f39b6d65f) (TextureImporter) -> (artifact id: 'acfec0025f24bead1e7c96feb19dfc74') in 0.000478333 seconds
Start importing Packages/com.unity.shadergraph/Editor/Resources/GraphView/Nodes/PreviewExpand@2x.png using Guid(88995b00867befb41adaada22f8abc21) (TextureImporter) -> (artifact id: '9f80d2427e2f3b07628d1fb214068129') in 0.000570367 seconds
Start importing Packages/com.unity.render-pipelines.core/Editor/Icons/RenderGraphViewer/PassInspector@2x.png using Guid(881eb9c95b9a018479a89b9218d61928) (TextureImporter) -> (artifact id: '54e01363dfa218465ed238f0be8324e5') in 0.00051601 seconds
Start importing Packages/com.unity.render-pipelines.core/Editor/Icons/MipLevels/d_VolumeProfile@128.png using Guid(98c28ecf0d815cc49b6868def3e52f49) (TextureImporter) -> (artifact id: '273b5275bbcdd35cd1601672239db5fa') in 0.000529548 seconds
Start importing Packages/com.unity.render-pipelines.core/Editor/Icons/RenderGraphViewer/d_FramebufferFetch@2x.png using Guid(986528338c7e82b42b466e23ac6fbb96) (TextureImporter) -> (artifact id: '78e09d02fcb87f5f6681258435e7e9df') in 0.000551696 seconds
Start importing Packages/com.unity.render-pipelines.core/Editor/LookDev/Icons/d_Layout2.png using Guid(98b5b3e7c51d32547b9b09232034b5d5) (TextureImporter) -> (artifact id: '10fb03e7585a7044adafd8fefac09e6f') in 0.000577331 seconds
Start importing Packages/com.unity.inputsystem/InputSystem/Editor/Icons/ChevronDown@3x.png using Guid(985cbca1705a64c80b370afdb30b3ee7) (TextureImporter) -> (artifact id: '3a15ea902b7f7ae57e867ced8d69b13b') in 0.000484462 seconds
Start importing Packages/com.unity.addressables/Editor/Icons/AddressableAssetsIconY1756Scene.png using Guid(988ed84773d02644cbc268043bbd8864) (TextureImporter) -> (artifact id: '59fb8fbb583896f5c53a0e2f45332ea4') in 0.000568818 seconds
Start importing Packages/com.unity.render-pipelines.core/Editor/LookDev/Icons/d_Environment.png using Guid(98cefb354c00bc44cb31fffd52dc4650) (TextureImporter) -> (artifact id: 'af29c0dd239e8044660c42f93027589b') in 0.00062477 seconds
Start importing Packages/com.unity.addressables/Editor/BuildReportVisualizer/BuildReport Resources/Icons/PlatformStandaloneOSXIcon.png using Guid(a8a8a51840bce43499129ca737ca10a7) (TextureImporter) -> (artifact id: '1cdffe0460b4f9353a23c9320dd05a23') in 0.000484275 seconds
Start importing Packages/com.unity.inputsystem/InputSystem/Editor/Icons/d_ChevronUp@2x.png using Guid(a89bfcdeffde84e7ebf930d44b695435) (TextureImporter) -> (artifact id: '0348a73dee86b8a124426e95aa277f2f') in 0.000460114 seconds
Start importing Packages/com.unity.ai.navigation/EditorResources/Overlay/d_NavigationOverlay On@32.png using Guid(b8a654e77ffbbcd4abdda7fdb70fbb9e) (TextureImporter) -> (artifact id: 'edadbf00706f5e6ef8b0d275915971e1') in 0.000471178 seconds
Start importing Packages/com.unity.render-pipelines.core/Editor/Icons/MipLevels/RenderGraphViewer/Resources@16.png using Guid(b8c995bb50a162c44b289f34d129328f) (TextureImporter) -> (artifact id: '0a49824336eae44f1a474049378be60f') in 0.000488964 seconds
Start importing Packages/com.unity.shadergraph/Editor/Resources/Icons/settingsbutton.png using Guid(c881a10bb6578f04ba6d52f6c3f0c9d6) (TextureImporter) -> (artifact id: '279b19784533de344e3065710f6d7988') in 0.000548866 seconds
Start importing Packages/com.unity.render-pipelines.core/Editor/Lighting/Icons/PresetFill_Right.png using Guid(c8e3d80f5ead8d4409a54da768cc431d) (TextureImporter) -> (artifact id: 'e35ae33ce8d5a32ff029a43d9c3772f1') in 0.000643344 seconds
Start importing Packages/com.unity.render-pipelines.universal/Editor/2D/Resources/SceneViewIcons/FreeformLight.png using Guid(c89564426827c76479d8772adb43e6e4) (TextureImporter) -> (artifact id: 'ba30da443b0c117e9e4e56a56efec5e9') in 0.001771224 seconds
Start importing Packages/com.unity.inputsystem/InputSystem/Editor/Icons/d_Joystick@4x.png using Guid(d88596134c72c47b99d7d55583f4c6bf) (TextureImporter) -> (artifact id: 'a4d24b33f3538add324933e52c612817') in 0.000532885 seconds
Start importing Packages/com.unity.render-pipelines.core/Editor/Lighting/Icons/LightUnitIcons/Moonlight@2x.png using Guid(d8bb1a60805d8d241acc12f74cd3b2d5) (TextureImporter) -> (artifact id: '8ce44dc359f6248c55df3b3340307d3b') in 0.000529179 seconds
Start importing Packages/com.unity.render-pipelines.core/Editor/Lighting/Icons/LightUnitIcons/SunriseSunset.png using Guid(d8ee4aa2fab810242a1ff465e662bc09) (TextureImporter) -> (artifact id: 'b0c47a867f6d0908aeb41bf86ada6e7f') in 0.000464575 seconds
Start importing Packages/com.unity.render-pipelines.core/Editor/Icons/RenderGraphViewer/d_MemorylessTexture@2x.png using Guid(e813aef83a70543b79d435ef65ec86ee) (TextureImporter) -> (artifact id: '696a745209b3d92e7d8f0f93f289c350') in 0.000480335 seconds
Start importing Packages/com.unity.render-pipelines.core/Editor/LookDev/Icons/Camera2.png using Guid(e89a31db98e403b40af1a8f0ef9ae1ef) (TextureImporter) -> (artifact id: '51131e847a28e001f655a6082b0b9e7f') in 0.000593255 seconds
Start importing Packages/com.unity.render-pipelines.core/Editor/Lighting/Icons/d_LightPlacement_Icon@256.png using Guid(e8daef37e2419284e8b319261203d5c3) (TextureImporter) -> (artifact id: 'f171859ff85dab1681bdce0c6b88d654') in 0.001145708 seconds
Start importing Packages/com.unity.inputsystem/InputSystem/Editor/Icons/d_Button@2x.png using Guid(0962795d1cafc460b9027de55b1c0a80) (TextureImporter) -> (artifact id: '4741240e691e75c1fe8dc662800375ec') in 0.000465438 seconds
Start importing Packages/com.unity.inputsystem/InputSystem/Editor/Icons/d_Mouse@4x.png using Guid(1918e7bff8ff44878a0003977ca03971) (TextureImporter) -> (artifact id: '749a0131fc0fd08715c0f3d700c93902') in 0.000513494 seconds
Start importing Packages/com.unity.render-pipelines.core/Editor/Lighting/Icons/LightPlacement_Icon@32.png using Guid(396033515c05b1441a3451ea18bb8e27) (TextureImporter) -> (artifact id: '0e40d90deaa356496c7877e616439e0b') in 0.000481229 seconds
Start importing Packages/com.unity.render-pipelines.core/Editor/Icons/MipLevels/RenderPipelineResources@32.png using Guid(39013bef60270164e94ccd21c1edb486) (TextureImporter) -> (artifact id: '52b903ee45b8c05ab1b64c46a64d6462') in 0.000430091 seconds
Start importing Packages/com.unity.render-pipelines.core/Editor/Lighting/Icons/LightUnitIcons/d_DirectSunlight@2x.png using Guid(392581b798d70d0408e104d352ffb20b) (TextureImporter) -> (artifact id: '488f4d8c5deab6040346bb910d4d87f2') in 0.00052323 seconds
Start importing Packages/com.unity.render-pipelines.universal/Textures/BlueNoise16/L/LDR_LLL1_6.png using Guid(39451254daebd6d40b52899c1f1c0c1b) (TextureImporter) -> (artifact id: 'c35bce2643df05adf08ea345b6865362') in 0.000430357 seconds
Start importing Packages/com.unity.inputsystem/InputSystem/Editor/Icons/d_InputControl.png using Guid(399cd90f4e31041e692a7d3a8b1aa4d0) (TextureImporter) -> (artifact id: '2b0827c4a3424ba5d6134e006f2755ce') in 0.000421486 seconds
Start importing Packages/com.unity.render-pipelines.core/Editor/Lighting/Icons/LightUnitIcons/d_Shade@2x.png using Guid(49e4a0929afd1ae4283e4657bc636f9e) (TextureImporter) -> (artifact id: '9562019be51c1ddaf6312abbc40fd193') in 0.000515618 seconds
Start importing Packages/com.unity.addressables/Editor/BuildReportVisualizer/BuildReport Resources/Icons/PlatformWebGLIcon.png using Guid(49850dfe65879f949bd15bb7738b7bdf) (TextureImporter) -> (artifact id: 'e31011d852e500f556243aa615344dc6') in 0.0004458 seconds
Start importing Packages/com.unity.ugui/Editor Resources/Textures/btn_AlignCapLine_Light.psd using Guid(49679f302ac6408697f6b9314a38985c) (TextureImporter) -> (artifact id: '927bd2b3c5074ea6ad2c10dc4368721e') in 0.000579042 seconds
Start importing Packages/com.unity.render-pipelines.universal/Editor/ShaderGraph/GraphTemplates/2D/2DSpriteLitTemplateThumbnail.png using Guid(494ba6900e1d9f34da743bb68ff82ddb) (TextureImporter) -> (artifact id: '2cedce45004b01907732047b35249329') in 0.012697469 seconds
Start importing Packages/com.unity.render-pipelines.core/Editor/Lighting/Icons/LightUnitIcons/d_ClearSky@2x.png using Guid(490d69b278eff784b85feca736d57389) (TextureImporter) -> (artifact id: '64d3e1f0a1274970202b580acf0baa26') in 0.000724189 seconds
Start importing Packages/com.unity.addressables/Editor/BuildReportVisualizer/BuildReport Resources/Icons/PlatformiOSIcon@2x.png using Guid(59549f72de25b4c46b48c01b3e64ec90) (TextureImporter) -> (artifact id: '35534e5a8ca16b78197cd75a9b3b7274') in 0.000543372 seconds
Start importing Packages/com.unity.shadergraph/Editor/Resources/GraphView/Nodes/NodeChevronUp.png using Guid(59e85404e1156534e84e3f06ad9d3bff) (TextureImporter) -> (artifact id: 'd72b9bde6c825b414579b4b9f6b69d8a') in 0.000568525 seconds
Start importing Packages/com.unity.addressables/Editor/BuildReportVisualizer/BuildReport Resources/Icons/PlatformXboxOneIcon.png using Guid(596c9ec38e3138046aff034674a6887c) (TextureImporter) -> (artifact id: '205da027c081faccbe5ec3cd2c7368c0') in 0.000463573 seconds
Start importing Packages/com.unity.render-pipelines.core/Editor/Icons/MipLevels/d_Volume@16.png using Guid(6941712a966fa924d92b6855f339379e) (TextureImporter) -> (artifact id: 'b54ef5e67ac706e93fea19be0ceb43ad') in 0.000439079 seconds
Start importing Packages/com.unity.ugui/Editor Resources/Textures/btn_AlignFlush.psd using Guid(691475c57a824010be0c6f474caeb7e1) (TextureImporter) -> (artifact id: 'b92be25014e6ac7ae543522a3150643b') in 0.000585466 seconds
Start importing Packages/com.unity.addressables/Editor/BuildReportVisualizer/BuildReport Resources/Icons/PlatformPS4Icon@2x.png using Guid(69eef738ab4fa5d4c82e3f424ea1a5cd) (TextureImporter) -> (artifact id: '459013a00ca923fdefac1ec3b8a6c9e7') in 0.00048152 seconds
Start importing Packages/com.unity.render-pipelines.core/Editor/Lighting/Icons/LightUnitIcons/d_MediumAreaLight@2x.png using Guid(79474406bb16ef9439655eb4b419b6a8) (TextureImporter) -> (artifact id: 'aa567d44a8c8d27bca2f42df31e69412') in 0.000523347 seconds
Start importing Packages/com.unity.render-pipelines.core/Editor/LookDev/Icons/Add@2x.png using Guid(79aba0b290c471c4ba3d3f818d4e9b15) (TextureImporter) -> (artifact id: 'b717eb084a80a6b8c0bc8a9fa67b4101') in 0.000700653 seconds
Start importing Packages/com.unity.render-pipelines.core/Editor/LookDev/Icons/RenderDoc@2x.png using Guid(89608b060fc7279479398a62e245a409) (TextureImporter) -> (artifact id: '22162ab7a8d7a183e24c00df28628cdf') in 0.00066858 seconds
Start importing Packages/com.unity.render-pipelines.core/Editor/Lighting/Icons/LightUnitIcons/d_BlueSky.png using Guid(8991eaef2ed56cc45b9a80b50fbca5e2) (TextureImporter) -> (artifact id: '42975fb39fa3d20480a90446d1c76686') in 0.000505755 seconds
Start importing Packages/com.unity.render-pipelines.core/Editor/Lighting/Icons/d_LightPlacement_Icon On@128.png using Guid(89282aabe914d244b839ba4652477f23) (TextureImporter) -> (artifact id: 'a77e5cef4d9b5a8f2335d12a1bdc8469') in 0.000722349 seconds
Start importing Packages/com.unity.shadergraph/Editor/Resources/Icons/sg_subgraph_icon@2x.png using Guid(890b62dea83f90749a7d048c0e5c298b) (TextureImporter) -> (artifact id: '5439fb5d847045b8f939888d49465ee5') in 0.000846843 seconds
Start importing Packages/com.unity.render-pipelines.universal/Textures/BlueNoise16/L/LDR_LLL1_30.png using Guid(896d9004736809c4fb5973b7c12eb8b9) (TextureImporter) -> (artifact id: '0f4e355617a3618eb59671d7fd280557') in 0.000435672 seconds
Start importing Packages/com.unity.render-pipelines.universal/Textures/FilmGrain/Medium03.png using Guid(9930fb4528622b34687b00bbe6883de7) (TextureImporter) -> (artifact id: '2daa493e8e0583311dd6c4b353a5cffb') in 0.00336882 seconds
Start importing Packages/com.unity.render-pipelines.universal/Editor/Gizmos/Camera_Offscreen.png using Guid(99c1f1ec31ff9924e9a75aff82e6b986) (TextureImporter) -> (artifact id: '5ab6afb6cd1c21fc8d735c4b401a3932') in 0.00108088 seconds
Start importing Packages/com.unity.render-pipelines.core/Editor/LookDev/Icons/d_RightArrow.png using Guid(99e5d180080c96940a65c6d906ff9131) (TextureImporter) -> (artifact id: '430ca9b9c4eb72b96e72b68d632ea96b') in 0.00061665 seconds
Start importing Packages/com.unity.render-pipelines.core/Editor/LookDev/Icons/d_Camera2@2x.png using Guid(99d7e777338ab8f4ba890cc738794dba) (TextureImporter) -> (artifact id: '6f8802e0963586bebbd48b8dd04284af') in 0.000666694 seconds
Start importing Packages/com.unity.inputsystem/InputSystem/Editor/Icons/Axis@4x.png using Guid(a940917cc397643afb071010cb2143d9) (TextureImporter) -> (artifact id: 'cc5809684e2a68b5636798a879aed725') in 0.000523824 seconds
Start importing Packages/com.unity.inputsystem/InputSystem/Editor/Icons/ChevronUp.png using Guid(a9fe7c3d19af4432b9ae2a5172f4ea72) (TextureImporter) -> (artifact id: '313e916f01b3720f299047b3cc6c4519') in 0.000473962 seconds
Start importing Packages/com.unity.render-pipelines.core/Editor/Lighting/Icons/LightUnitIcons/d_Fluorescent.png using Guid(b95665ddb99de4945b528a188a1c41c7) (TextureImporter) -> (artifact id: '2ccf014316176f6ceb637b701a5b7af1') in 0.000493604 seconds
Start importing Packages/com.unity.render-pipelines.core/Editor/Lighting/Icons/LightUnitIcons/BrightSky.png using Guid(b93b6450b9bd1f44da176ac4a821c3e8) (TextureImporter) -> (artifact id: 'a679de2ef0970d173a0d693b1fb92c99') in 0.000605272 seconds
Start importing Packages/com.unity.render-pipelines.core/Editor/Icons/MipLevels/RenderGraphViewer/PassInspector@32.png using Guid(b9ac6ad13d9312941912fc855a3bcc41) (TextureImporter) -> (artifact id: '996643269360d547fd574962ec4975db') in 0.000543833 seconds
Start importing Packages/com.unity.render-pipelines.core/Editor/Icons/MipLevels/RenderGraphViewer/d_PassInspector@32.png using Guid(b98f3689f42be914d9c9db64ff280951) (TextureImporter) -> (artifact id: 'fceb8f0710547496db90b6576020ec98') in 0.000508963 seconds
Start importing Packages/com.unity.shadergraph/Editor/Resources/GraphView/Nodes/NodeChevronDown@2x.png using Guid(c951fed1cf039c7439a755e2ca108e4a) (TextureImporter) -> (artifact id: '5fb4ddfe8ca5c0aaec3ad54a7dcd2379') in 0.000680057 seconds
Start importing Packages/com.unity.inputsystem/InputSystem/Editor/Icons/d_Orientation.png using Guid(c933c2bcad7ef46309fde7c1cf11b39a) (TextureImporter) -> (artifact id: '83c91bf31d176a1903473b6872384870') in 0.000437606 seconds
Start importing Packages/com.unity.inputsystem/InputSystem/Editor/Icons/Position@4x.png using Guid(c998b283038914e699477f514ecb31ac) (TextureImporter) -> (artifact id: 'df208eec54c8c72ff17fcc5aac86feae') in 0.000507251 seconds
Start importing Packages/com.unity.render-pipelines.universal/Textures/BlueNoise16/L/LDR_LLL1_27.png using Guid(c989e1ed85cf7154caa922fec53e6af6) (TextureImporter) -> (artifact id: '2a1b8fd8fddcc28aee9b0ec1a92448d2') in 0.000418886 seconds
Start importing Packages/com.unity.render-pipelines.universal/Textures/BlueNoise16/L/LDR_LLL1_7.png using Guid(c94ad916058dff743b0f1c969ddbe660) (TextureImporter) -> (artifact id: '643c54f8dc0ce5df50527aaea7dc9d30') in 0.000401938 seconds
Start importing Packages/com.unity.render-pipelines.universal/Textures/BlueNoise16/L/LDR_LLL1_20.png using Guid(c9bd74624d8070f429e3f46d161f9204) (TextureImporter) -> (artifact id: '756c3e87eb527b942d34b00f9d9ef2d1') in 0.000416245 seconds
Start importing Packages/com.unity.render-pipelines.core/Editor/LookDev/Icons/Layout2.png using Guid(d9658be087f390f46bfefa8cb32bbaa6) (TextureImporter) -> (artifact id: '8c9e048d5cb5e19afba10e66ffccde44') in 0.000567391 seconds
Start importing Packages/com.unity.render-pipelines.universal/Editor/2D/Resources/InspectorIcons/ParametricLight.png using Guid(e957854850ccb7140a538f7a93f8761b) (TextureImporter) -> (artifact id: 'cebd28a47a8899f68e3786cafa35f7ca') in 0.000490514 seconds
Start importing Packages/com.unity.render-pipelines.core/Editor/Icons/MipLevels/d_VolumeProfile@256.png using Guid(e9cd351a12d48ed4caa2d4ed2d8f02b8) (TextureImporter) -> (artifact id: '0a67144969e3a90af47ec3c7dee7f6bb') in 0.000800684 seconds
Start importing Packages/com.unity.render-pipelines.core/Editor/LookDev/Icons/Rotation@2x.png using Guid(e9af78578671a3345b8cbf82f1f030b5) (TextureImporter) -> (artifact id: 'e61455bd312ae583c10c2f1f12d71580') in 0.000681773 seconds
Start importing Packages/com.unity.render-pipelines.core/Editor/PostProcessing/LensFlareResource/Flare.png using Guid(f92291bf6b5265641ab4f39a5d41fbf4) (TextureImporter) -> (artifact id: 'eff76a689d5be56a29ef0cf652b8c85c') in 0.000721083 seconds
Start importing Packages/com.unity.ai.navigation/EditorResources/Overlay/NavigationOverlay@32.png using Guid(f9a2f623ba32a844da6de770f5ccf17f) (TextureImporter) -> (artifact id: '6c787fb184b3fa1a9ac47922d158edfc') in 0.000475055 seconds
Start importing Packages/com.unity.render-pipelines.universal/Textures/BayerMatrix.png using Guid(f9ee4ed84c1d10c49aabb9b210b0fc44) (TextureImporter) -> (artifact id: '0319fd31053d2aebf4047ac3ce3859b0') in 0.00044713 seconds
Start importing Packages/com.unity.inputsystem/InputSystem/Editor/Icons/d_Pen@4x.png using Guid(0aec7c7bf99354f66bc2a1d18bd0b4d2) (TextureImporter) -> (artifact id: 'c14174de813f0a35cc725d4a1fa1ee0c') in 0.000504996 seconds
Start importing Packages/com.unity.render-pipelines.core/Editor/Lighting/Icons/LightUnitIcons/SunriseSunset@2x.png using Guid(1ade1fa63a0a72f46be69e4ae5e83314) (TextureImporter) -> (artifact id: 'cb04866444528b1cc9818e0e83d3afaa') in 0.000508693 seconds
Start importing Packages/com.unity.render-pipelines.core/Editor/Lighting/Icons/LightUnitIcons/d_Candlelight@2x.png using Guid(2ae1ad1a228a66a479d96cae55499c4a) (TextureImporter) -> (artifact id: '949bd8795877d790044b9fd8c9dd8f47') in 0.000507457 seconds
Start importing Packages/com.unity.addressables/Editor/Icons/white_help@2x.png using Guid(2a1c92f384e631d4c95ab63b4d466677) (TextureImporter) -> (artifact id: '11abb7dc85a2cd2434d1129c408dda4a') in 0.000468823 seconds
Start importing Packages/com.unity.inputsystem/InputSystem/Editor/Icons/Button.png using Guid(2a5d0a7febdc741039abf135883517e5) (TextureImporter) -> (artifact id: '7deb45a260042870bff5a89622c0afd8') in 0.000423557 seconds
Start importing Packages/com.unity.addressables/Editor/BuildReportVisualizer/BuildReport Resources/Icons/Button_LeftPanel_DarkTheme.png using Guid(3a0ce64154675d64ba2a3fdcb3e92949) (TextureImporter) -> (artifact id: '4e6a79a5418ba32bf91b3a5147f457d6') in 0.000452258 seconds
Start importing Packages/com.unity.inputsystem/InputSystem/Editor/Icons/Gamepad@3x.png using Guid(4ae0b2f68c2464272b1b10105262b09b) (TextureImporter) -> (artifact id: '6b48244a63828da6d42e9ae078eb459f') in 0.000597034 seconds
Start importing Packages/com.unity.render-pipelines.universal/Editor/2D/Resources/Sparkle.png using Guid(4a0aca3a5f2effb41b43cc0a1661d845) (TextureImporter) -> (artifact id: '3eefe76ffc94da7a2ccd857632ef8c86') in 0.002400848 seconds
Start importing Packages/com.unity.inputsystem/InputSystem/Editor/Icons/d_Add Binding@4x.png using Guid(4a0ce0eda6ee74c669b13104649e1313) (TextureImporter) -> (artifact id: '7e73ef40980c7b501a7392f4e545e724') in 0.000539658 seconds
Start importing Packages/com.unity.addressables/Editor/BuildReportVisualizer/BuildReport Resources/Icons/PlatformSwitchIcon.png using Guid(5a5529cb00c9319488699e8367ff0f96) (TextureImporter) -> (artifact id: 'cc7e621f5450652c08725e13ca1d078d') in 0.000459925 seconds
Start importing Packages/com.unity.inputsystem/InputSystem/Editor/AssetEditor/PackageResources/personal/foldoutBackground.png using Guid(5ab69704aa4984b49bc426da72fabbed) (TextureImporter) -> (artifact id: '4043f47558ec164ef0b96b0d888bb17a') in 0.000430867 seconds
Start importing Packages/com.unity.inputsystem/InputSystem/Editor/Icons/Keyboard.png using Guid(5a5b9538c3aaa4587856e68a93a92a51) (TextureImporter) -> (artifact id: '73c15910c80829d3fd2c1be322cde565') in 0.000421124 seconds
Start importing Packages/com.unity.inputsystem/InputSystem/Editor/Icons/MultiplayerEventSystem@64.png using Guid(6a237171e2346e3458db37eb0f90d42b) (TextureImporter) -> (artifact id: '7a8fc42cf68721261d5e230808f67f1c') in 0.000542898 seconds
Start importing Packages/com.unity.render-pipelines.core/Editor/Lighting/Icons/LightUnitIcons/d_SunriseSunset.png using Guid(6ac733bfd834f4b4bab06306c63496f2) (TextureImporter) -> (artifact id: '311107cb80eefcf9f6f0298ca8eb88c2') in 0.000484036 seconds
Start importing Packages/com.unity.ai.navigation/EditorResources/Overlay/d_NavigationOverlay.png using Guid(6a986a181c9bc6043b057a3d15edbaad) (TextureImporter) -> (artifact id: '92bdef04227208c3646a4f36cf4cacfb') in 0.003114454 seconds
Start importing Packages/com.unity.render-pipelines.core/Editor/LookDev/Icons/LayoutVertical.png using Guid(6a9d49ac254f03c48bf5b6590f4d2a24) (TextureImporter) -> (artifact id: '861f1a8b6e0fcb895881ee2a6310bafe') in 0.000800725 seconds
Start importing Packages/com.unity.render-pipelines.core/Editor/Lighting/Icons/LightUnitIcons/IntenseAreaLight@2x.png using Guid(6abd010e1fd246f4585f513da25bcede) (TextureImporter) -> (artifact id: 'bee09c8546bc563471bc58d0dc40ee52') in 0.000561342 seconds
Start importing Packages/com.unity.ugui/Editor Resources/Textures/btn_AlignCenter_Light.psd using Guid(6ace62d30f494c948b71d5594afce11d) (TextureImporter) -> (artifact id: 'b1dde63e7e3b616301343d01d64ab0cd') in 0.000585873 seconds
Start importing Packages/com.unity.render-pipelines.core/Runtime/Debugging/Prefabs/Textures/UIFoldoutClosed.png using Guid(7a0568d5e3330b84687e307992be3030) (TextureImporter) -> (artifact id: '99f1e05675583f00525427fa03fe51cd') in 0.000662338 seconds
Start importing Packages/com.unity.render-pipelines.core/Editor/Lighting/Icons/UpSnatchFocused.png using Guid(8a35aa5922ce5b746a734edf7de25ab4) (TextureImporter) -> (artifact id: 'f74d6e15ca4d03fae1748c4d5993e6f5') in 0.004099927 seconds
Start importing Packages/com.unity.render-pipelines.core/Editor/Icons/MipLevels/RenderPipelineResources@128.png using Guid(8a682daa78f03b64597ad91aefef3dab) (TextureImporter) -> (artifact id: '2c209b50ab176ad669821702fb4865b1') in 0.000527906 seconds
Start importing Packages/com.unity.addressables/Editor/BuildReportVisualizer/BuildReport Resources/Icons/PlatformiOSIcon.png using Guid(8a5c9b2d5cfd7b94caca42edabdf243f) (TextureImporter) -> (artifact id: '73d86e011ccc271aefe5e748fd33a1c7') in 0.005387325 seconds
Start importing Packages/com.unity.render-pipelines.core/Editor/LookDev/Icons/Environment.png using Guid(8accc003516bedf4b94c9c8a86b2b6a1) (TextureImporter) -> (artifact id: '14c17c177f3da5203c3b8da49a74191a') in 0.002301259 seconds
Start importing Packages/com.unity.render-pipelines.core/Editor/LookDev/Icons/Layout1.png using Guid(9a3173335e5741d438e81064b518bd80) (TextureImporter) -> (artifact id: '140350c72877a72ffd77ee7370e61346') in 0.003196041 seconds
Start importing Packages/com.unity.render-pipelines.core/Editor/LookDev/Icons/Link@2x.png using Guid(9a235474413e1f349b010b461c76efac) (TextureImporter) -> (artifact id: '8be75200dce34d5f4fe287bbc6a36fc8') in 0.034116144 seconds
Start importing Packages/com.unity.inputsystem/InputSystem/Editor/Icons/Touch@3x.png using Guid(9ad5d5b6a25b749e78b4950eae0a8ec2) (TextureImporter) -> (artifact id: '71cba58d85b9bf1db2baeb17549f39e0') in 0.000660743 seconds
Start importing Packages/com.unity.render-pipelines.core/Editor/Lighting/Icons/LightUnitIcons/d_BrightSky@2x.png using Guid(9a278b70c427e8e4caa47a45a5d59de8) (TextureImporter) -> (artifact id: '67eb3452aab03ce432e6d8aaa9d8043d') in 0.000603538 seconds
Start importing Packages/com.unity.inputsystem/InputSystem/Editor/Icons/Button@4x.png using Guid(aa356632480554016ab8f4200032981b) (TextureImporter) -> (artifact id: '59f3775b58db53675729d6ae41f9915c') in 0.000510054 seconds
Start importing Packages/com.unity.shadergraph/Editor/Resources/Icons/blackboard_dark@2x.png using Guid(aa09d480b04b3437db2ba9c9cdbc77be) (TextureImporter) -> (artifact id: 'c7d99c5402b6d6a0b15f6f3f272f8c9c') in 0.00047578 seconds
Start importing Packages/com.unity.inputsystem/InputSystem/Editor/AssetEditor/PackageResources/personal/propertiesBackground.png using Guid(aa4c2360f910d46f497f75b4b6677358) (TextureImporter) -> (artifact id: '082fe9d2d865cb6d35cda3803ad36fe5') in 0.000433118 seconds
Start importing Packages/com.unity.render-pipelines.core/Editor/LookDev/Icons/SunPosition.png using Guid(aa1dfcb67e8bf664d8d8a1821c118281) (TextureImporter) -> (artifact id: 'e0a38a3bb4356396e5e9f928c127cc3b') in 0.000581893 seconds
Start importing Packages/com.unity.inputsystem/InputSystem/Editor/Icons/ChevronDown.png using Guid(ba304f5556a3a4fac98d126883083e7e) (TextureImporter) -> (artifact id: '4914bd5f17cf2729b09b17b25a89b106') in 0.000459396 seconds
Start importing Packages/com.unity.render-pipelines.core/Editor/Lighting/Icons/LightUnitIcons/ExteriorLight.png using Guid(baa2eadff75899140ac64277e3f60453) (TextureImporter) -> (artifact id: '84aabb6a9a053f87a75ca4643836cfcf') in 0.000482136 seconds
Start importing Packages/com.unity.render-pipelines.core/Editor/LookDev/Icons/d_SunPosition@2x.png using Guid(ba2d3d7d05fd3e046b6d413365e9b11e) (TextureImporter) -> (artifact id: '73eb36d33cc16f07f0f7cf582dbc5b38') in 0.000683502 seconds
Start importing Packages/com.unity.ugui/Editor Resources/Textures/btn_AlignBottom.psd using Guid(ca51b19024094d1b87f3e07edb0a75fb) (TextureImporter) -> (artifact id: '670baf3402a63b2dce1bc0bc5393f0c2') in 0.000554551 seconds
Start importing Packages/com.unity.render-pipelines.core/Editor/Icons/MipLevels/VolumeProfile@64.png using Guid(ca82ccfbb5485754191e3778316b1424) (TextureImporter) -> (artifact id: '3d3852c58b35ec5f3f612aff3740f702') in 0.000442982 seconds
Start importing Packages/com.unity.inputsystem/InputSystem/Editor/Icons/d_Add Binding@3x.png using Guid(ca933a91c81734ddd88b17c8481ec1e9) (TextureImporter) -> (artifact id: '98a3d93900c2fb91d6e2304f4cb4ab25') in 0.000492915 seconds
Start importing Packages/com.unity.inputsystem/InputSystem/Editor/Icons/Interactive Binding@3x.png using Guid(cac8742b1b72b44699fd1663287ca47d) (TextureImporter) -> (artifact id: '05e56b32b612a7ca99bf35a102e6c017') in 0.000485713 seconds
Start importing Packages/com.unity.inputsystem/InputSystem/Editor/Icons/d_Orientation@2x.png using Guid(cae83450c8b18499c8c0239edf8bcc31) (TextureImporter) -> (artifact id: '703d9022df6f0b004d399b7e155b45cc') in 0.000441794 seconds
Start importing Packages/com.unity.render-pipelines.core/Editor/LookDev/Icons/d_Add@2x.png using Guid(daa49a1f06460a04b9827dd6f0bace08) (TextureImporter) -> (artifact id: '224c82cb0e879753bbf076622d8ea428') in 0.000641646 seconds
Start importing Packages/com.unity.render-pipelines.core/Editor/LookDev/Icons/d_Layout1.png using Guid(da974c4d40533154a83d57ca90e34bb8) (TextureImporter) -> (artifact id: '0fb4402fc48b6961de1b324f94e4b824') in 0.000558616 seconds
Start importing Packages/com.unity.inputsystem/InputSystem/Editor/Icons/d_Mouse@2x.png using Guid(daa9ba527d8a34b218224b8287ce11d3) (TextureImporter) -> (artifact id: '5aedd400cb32a15524f015b72afebe6b') in 0.000444584 seconds
Start importing Packages/com.unity.inputsystem/InputSystem/Editor/Icons/Pen.png using Guid(ea8b7319643924985a9ee4ca18b8db59) (TextureImporter) -> (artifact id: '2d475ae63202e7203adbba5cd2f4adbc') in 0.000409354 seconds
Start importing Packages/com.unity.render-pipelines.universal/Textures/BlueNoise16/L/LDR_LLL1_29.png using Guid(fa042edbfc40fbd4bad0ab9d505b1223) (TextureImporter) -> (artifact id: 'fbe5919f11ed8f1a922167eb145329a3') in 0.000404286 seconds
Start importing Packages/com.unity.ugui/Editor Resources/Textures/btn_AlignJustified_Light.psd using Guid(fa6bd40a216346b783a4cce741d277a5) (TextureImporter) -> (artifact id: 'bcfc28e97f4ec6359c944c1d19299913') in 0.000546407 seconds
Start importing Packages/com.unity.render-pipelines.core/Editor/Lighting/Icons/LightUnitIcons/d_BlueSky@2x.png using Guid(0b39f97ea330aac459e3fbb440f4b0d0) (TextureImporter) -> (artifact id: 'dc608a28328154dd1911494a7d809817') in 0.000498752 seconds
Start importing Packages/com.unity.render-pipelines.core/Editor/Lighting/Icons/LightUnitIcons/InteriorLight@2x.png using Guid(1bb3da4ea375c37498c93327420e6a01) (TextureImporter) -> (artifact id: '2bd7e97700ec51f3b3db8cef41b205e8') in 0.000518864 seconds
Start importing Packages/com.unity.inputsystem/InputSystem/Editor/Icons/Pen@3x.png using Guid(1bf9cdd4bc492489c8c7c6190785fc48) (TextureImporter) -> (artifact id: 'c67c9b049fcd311641df5678b1bf27b3') in 0.000471183 seconds
Start importing Packages/com.unity.ai.navigation/EditorResources/Overlay/NavigationOverlay@128.png using Guid(1b6bf0e7b03fea94987a73d0cb14781b) (TextureImporter) -> (artifact id: '778e44224d809f635de18dc7bc42d017') in 0.000709602 seconds
Start importing Packages/com.unity.render-pipelines.core/Editor/Icons/RenderGraphViewer/ScriptLink@2x.png using Guid(2b2147ee427aa3a468912c85ba64c256) (TextureImporter) -> (artifact id: '44d63840df5f6770af115cad6e5027ca') in 0.00062045 seconds
Start importing Packages/com.unity.render-pipelines.universal/Shaders/FullscreenInvertColorsTemplate.png using Guid(2bf17b1d7445af843ad939d7527d8938) (TextureImporter) -> (artifact id: '57e3914140e27749aba5ad06d625cae9') in 0.011874154 seconds
Start importing Packages/com.unity.render-pipelines.core/Editor/LookDev/Icons/d_Link@2x.png using Guid(2b06c35710693f640babb3dcf747d06a) (TextureImporter) -> (artifact id: 'de34431a43ac16e787e75bfd69aacd9a') in 0.000760996 seconds
Start importing Packages/com.unity.addressables/Editor/BuildReportVisualizer/BuildReport Resources/Icons/FileNoIcon.png using Guid(3b40c3dceab2ff14cb0e00e989fd8b27) (TextureImporter) -> (artifact id: '5367d1c8bc9c4565315f62e8aaa6a787') in 0.000481787 seconds
Start importing Packages/com.unity.inputsystem/InputSystem/Editor/Icons/d_Interactive Binding@2x.png using Guid(3b78dc1763429489c9a1c70faf4f9a0e) (TextureImporter) -> (artifact id: '0037c77680ecf42e9b78827b8158cac9') in 0.00047281 seconds
Start importing Packages/com.unity.cloud.gltfast/Editor/UI/gltf-icon-bug.png using Guid(3b6a1cb26d29941f2a3cc902680e2e03) (TextureImporter) -> (artifact id: '38762f2b9c3a19968aef8e2893bf503a') in 0.001245159 seconds
Start importing Packages/com.unity.addressables/Editor/BuildReportVisualizer/BuildReport Resources/Icons/PlatformSwitchIcon@2x.png using Guid(3beb0fb679dee7f4ca526692b1702fc4) (TextureImporter) -> (artifact id: 'e3eff7d1bd1229c347c940bb97b2f4ee') in 0.000529208 seconds
Start importing Packages/com.unity.render-pipelines.universal/Textures/BlueNoise256/LDR_LLL1_1.png using Guid(4b7b083e6b6734e8bb2838b0b50a0bc8) (TextureImporter) -> (artifact id: 'f56e47a525aaef4ee775c6a49b02a64a') in 0.001391859 seconds
Start importing Packages/com.unity.render-pipelines.core/Editor/Icons/RenderGraphViewer/d_Buffer@2x.png using Guid(5b418afba2ea4e542bbc80b91d784d20) (TextureImporter) -> (artifact id: 'c11396e039aac7562a6fb1733d33453b') in 0.000495228 seconds
Start importing Packages/com.unity.ai.navigation/EditorResources/Overlay/d_NavigationOverlay On@128.png using Guid(5b2a8a1e265e99b4fb8d77061490f397) (TextureImporter) -> (artifact id: '177eb273eecc20ac1bcc15decd10d73b') in 0.000665856 seconds
Start importing Packages/com.unity.render-pipelines.core/Editor/LookDev/Icons/LayoutVertical@2x.png using Guid(6b8067336fda8f040bb1f6d336ac08c5) (TextureImporter) -> (artifact id: '768b0e795664ad974cbd9b9a8f87715b') in 0.000626292 seconds
Start importing Packages/com.unity.shadergraph/Editor/Resources/Icons/SettingsIcons_hover.png using Guid(6bfd5f3c15e1ee7498657be747544985) (TextureImporter) -> (artifact id: 'f3e4d0771819d7b2751be5e8718004b4') in 0.00054937 seconds
Start importing Packages/com.unity.inputsystem/InputSystem/Editor/Icons/TrackedPoseDriver@4x.png using Guid(7b8bfaee8f8631c4789ac62373cbc2d4) (TextureImporter) -> (artifact id: '8e0145504ba61b7c06f1482dee6d5a58') in 0.000548513 seconds
Start importing Packages/com.unity.inputsystem/InputSystem/Editor/Icons/Add Binding@3x.png using Guid(8be1fbf4b24de44c99840805bdae9e40) (TextureImporter) -> (artifact id: 'fdd222c812b2f4781e115bd9670434e3') in 0.000514631 seconds
Start importing Packages/com.unity.ugui/Editor Resources/Textures/btn_AlignBaseLine.psd using Guid(8bc445bb79654bf496c92d0407840a92) (TextureImporter) -> (artifact id: '4072ef87cee1f89114346ff922c77b1b') in 0.000561155 seconds
Start importing Packages/com.unity.render-pipelines.core/Editor/Lighting/Icons/PresetHair.png using Guid(9b18a8aa7da659344b2fce408beb09c3) (TextureImporter) -> (artifact id: 'f789446d75e721ce2ab18f7b4493045a') in 0.000598571 seconds
Start importing Packages/com.unity.render-pipelines.universal/Editor/Decal/Resources/DecalGizmo.png using Guid(9ba98ca4f0fc0754caca09e38af0cc0a) (TextureImporter) -> (artifact id: '75725876b28ee4a1a3c1a1164010d1d7') in 0.000855383 seconds
Start importing Packages/com.unity.render-pipelines.core/Editor/LookDev/Icons/d_Rotation.png using Guid(abc6ce87642c5c1478a4b107d1c5688a) (TextureImporter) -> (artifact id: '732335d5052346b81246d06e27fbf861') in 0.000574684 seconds
Start importing Packages/com.unity.render-pipelines.core/Editor/LookDev/Icons/LeftArrow.png using Guid(aba72f93e9005054dba8cb368c0bf724) (TextureImporter) -> (artifact id: '88c55a120145887731dade9198ca5cbd') in 0.000586595 seconds
Start importing Packages/com.unity.inputsystem/InputSystem/Editor/Icons/d_Dpad@2x.png using Guid(ab9b5824ece1d443aa1f3a5672d9da86) (TextureImporter) -> (artifact id: 'c92c894c9f82cd13d1f740a3d7f74b26') in 0.000456935 seconds
Start importing Packages/com.unity.ugui/Editor Resources/Textures/btn_AlignMidline_Light.psd using Guid(bb42b2d967d6427983c901a4ffc8ecd9) (TextureImporter) -> (artifact id: '693ce663aed4a86c49a65a11655475ff') in 0.000554936 seconds
Start importing Packages/com.unity.inputsystem/InputSystem/Editor/Icons/d_Pen.png using Guid(bb42fb9342e9d4e68b6cf39a2e071d9b) (TextureImporter) -> (artifact id: '9a64ad4c938cce65efe17945baffe9f1') in 0.000416472 seconds
Start importing Packages/com.unity.render-pipelines.core/Editor/Lighting/Icons/LightUnitIcons/CloudySky.png using Guid(bb2cc982d8ff1aa4a9ce5ee5fdb29023) (TextureImporter) -> (artifact id: '35088fa2db5cc97fba0d59636c882c49') in 0.000462526 seconds
Start importing Packages/com.unity.render-pipelines.core/Editor/Lighting/Icons/PresetKick_Left.png using Guid(bb3de0f2ada94114cbb7cc74829de16d) (TextureImporter) -> (artifact id: 'abcfc9c3769db367b2a9cc80c7d39b91') in 0.000592808 seconds
Start importing Packages/com.unity.inputsystem/InputSystem/Editor/Icons/Add Binding@2x.png using Guid(bb5fa99d6e9434c9ebf101c956021ee1) (TextureImporter) -> (artifact id: '5721fa901496abb17ee9f8c1136aa642') in 0.000470883 seconds
Start importing Packages/com.unity.render-pipelines.universal/Textures/BlueNoise256/LDR_LLL1_3.png using Guid(cb76dd40fa7654f9587f6a344f125c9a) (TextureImporter) -> (artifact id: 'f5ceec19e5e77402820814b9defa2d13') in 0.001388482 seconds
Start importing Packages/com.unity.render-pipelines.core/Editor/LookDev/Icons/d_renderdoc.png using Guid(cbe929948d88af7409a05054bc8187c7) (TextureImporter) -> (artifact id: '751cdad7477f4be8c3bbf9921cec092f') in 0.000604074 seconds
Start importing Packages/com.unity.render-pipelines.core/Editor/LookDev/Icons/Add.png using Guid(cbaeed03e5416aa4bae23110b63a0c7d) (TextureImporter) -> (artifact id: 'c58a2b4c042538560f51e356fa98f4c2') in 0.00055168 seconds
Start importing Packages/com.unity.render-pipelines.core/Editor/Lighting/Icons/LightUnitIcons/ClearSky.png using Guid(db0321d865208c648ae843f39ab69004) (TextureImporter) -> (artifact id: 'a5760092531d9fed660bab3a9aefde14') in 0.000481046 seconds
Start importing Packages/com.unity.render-pipelines.core/Editor/LookDev/Icons/d_Rotation@2x.png using Guid(db7aaa162a1a5a54b826d15b5b20fb06) (TextureImporter) -> (artifact id: 'eda13060ba522f9d5ba5cf7741c630e5') in 0.00067278 seconds
Start importing Packages/com.unity.inputsystem/InputSystem/Editor/Icons/d_Button@4x.png using Guid(db3dc7a02ac6d4e90bbe905a44ac265b) (TextureImporter) -> (artifact id: 'b131b4a5f6422e61e517a59d08dd5ef6') in 0.000579614 seconds
Start importing Packages/com.unity.inputsystem/InputSystem/Editor/Icons/d_Interactive Binding.png using Guid(eb28fd64eacfa495c97193108f1cdf03) (TextureImporter) -> (artifact id: '39680f473e172e0b91aafd76492c3e58') in 0.000446041 seconds
Start importing Packages/com.unity.render-pipelines.core/Editor/Lighting/Icons/LightUnitIcons/d_Shade.png using Guid(fbe2a78a665b37a4c9ec6623f42feb59) (TextureImporter) -> (artifact id: '187e1aa816744cc8680959761a1f1022') in 0.000560468 seconds
Start importing Packages/com.unity.ugui/Editor Resources/Textures/SectionHeader_Dark.psd using Guid(fb5730e24283d0c489e5c7d0bee023d9) (TextureImporter) -> (artifact id: 'fcace5ebaf24a82defee44c6030ea29b') in 0.00056474 seconds
Start importing Packages/com.unity.shadergraph/Editor/Resources/GraphView/Nodes/NodeChevronLeft.png using Guid(fb2ebd29216e958449e2ce6f37fde61d) (TextureImporter) -> (artifact id: '469e237bb00271b2cc2d0cd9bb4d8361') in 0.000555717 seconds
Start importing Packages/com.unity.render-pipelines.universal/Editor/2D/Resources/LightCapBottomLeft.png using Guid(fb7e2c1cde476854fb7067dcca74511a) (TextureImporter) -> (artifact id: 'f4b67761a1528978f970c0dcde9bf162') in 0.000698864 seconds
Start importing Packages/com.unity.render-pipelines.core/Editor/Lighting/Icons/d_LightPlacement_Icon@2x.png using Guid(fbee1c54ecff3d24e8f34e2bbd19390f) (TextureImporter) -> (artifact id: 'e2910b4f5c1039d10313fc8dca52d660') in 0.000894532 seconds
Start importing Packages/com.unity.render-pipelines.core/Editor/Lighting/Icons/LightUnitIcons/d_CloudySky.png using Guid(0c24a3ead3381ee4cb4574c5be266d87) (TextureImporter) -> (artifact id: 'e5518bf2cc1a87c217381450dc313cdd') in 0.00107007 seconds
Start importing Packages/com.unity.render-pipelines.core/Editor/Lighting/Icons/LightUnitIcons/d_ExteriorLight@2x.png using Guid(0cd6ad04e58c5e1478f2925fa64f5b57) (TextureImporter) -> (artifact id: 'c4ce60a9396a5d8a89fa6cf73a9ada6a') in 0.000865503 seconds
Start importing Packages/com.unity.searcher/Editor/Resources/FlatSkin/SearchSmallDownOff@2x.png using Guid(0c2aa48d028b3134dbbb5ceb57bff5ac) (TextureImporter) -> (artifact id: '42d00ea30def590cde91ad27eefd36e9') in 0.000817252 seconds
Start importing Packages/com.unity.render-pipelines.core/Editor/Lighting/Icons/PresetBounce_Left.png using Guid(1c7013643e4df944492a5801199df62a) (TextureImporter) -> (artifact id: '5c2432e2650b0ea885cff10550473447') in 0.000934243 seconds
Start importing Packages/com.unity.addressables/Editor/BuildReportVisualizer/BuildReport Resources/Icons/PlatformLuminIcon.png using Guid(1ca1e1e405efb114fa23798a8d0c4c56) (TextureImporter) -> (artifact id: '952f2fa309201be31dadeeddbcd5a971') in 0.001087337 seconds
Start importing Packages/com.unity.render-pipelines.core/Editor/LookDev/Icons/LayoutCustom.png using Guid(1cc4a70085896c04bbfbf60669963fc8) (TextureImporter) -> (artifact id: '9e71af9a5b78cacf0bd073cf47dba0fd') in 0.001127719 seconds
Start importing Packages/com.unity.inputsystem/InputSystem/Editor/Icons/Orientation@4x.png using Guid(1c751eb104ad5407992e614361d5f81e) (TextureImporter) -> (artifact id: '305e4a77294efd6cc71d122771990846') in 0.00084894 seconds
Start importing Packages/com.unity.inputsystem/InputSystem/Editor/Icons/Button@2x.png using Guid(1c37f00575bd6494ea726be5afee89b9) (TextureImporter) -> (artifact id: '8f4c55297c331a7a57755365c3c606c0') in 0.000709753 seconds
Start importing Packages/com.unity.ai.navigation/EditorResources/Overlay/NavigationOverlay On@16.png using Guid(1c89fbe185cd30b4584ab3d5476807eb) (TextureImporter) -> (artifact id: '3989c9adfa9e003f8988ad9e3d9d2baf') in 0.000904333 seconds
Start importing Packages/com.unity.render-pipelines.universal/Textures/BlueNoise16/L/LDR_LLL1_25.png using Guid(1c3c6d69a645b804fa232004b96b7ad3) (TextureImporter) -> (artifact id: '9ab8face9ee4d479765d1d84709d6b4d') in 0.000650652 seconds
Start importing Packages/com.unity.render-pipelines.core/Editor/Icons/MipLevels/RenderGraphViewer/d_Resources@16.png using Guid(2c62c65904d676c489198d40c731befe) (TextureImporter) -> (artifact id: '73dabf5781211e59b4df6f0abcb9d682') in 0.001099743 seconds
Start importing Packages/com.unity.render-pipelines.universal/Textures/BlueNoise16/L/LDR_LLL1_4.png using Guid(2ca97df9d1801e84a8a8f2c53cb744f0) (TextureImporter) -> (artifact id: 'de95529e55baa2538bc7490550f30568') in 0.000667958 seconds
Start importing Packages/com.unity.render-pipelines.core/Editor/Icons/MipLevels/d_RenderPipelineResources@32.png using Guid(4c30e5cf9793c0044a32b7aadd4f6f5e) (TextureImporter) -> (artifact id: '2729b329264a692810a20d561758caaa') in 0.000617491 seconds
Start importing Packages/com.unity.shadergraph/Editor/Resources/GraphView/Nodes/NodeChevronDown.png using Guid(4c07dcabd0a45844eb0889811a49b9bf) (TextureImporter) -> (artifact id: '8c87b7e81de67dfba9545cc6bd2d8ef1') in 0.000780222 seconds
Start importing Packages/com.unity.ai.navigation/EditorResources/Overlay/d_NavigationOverlay On.png using Guid(5c5ac68c1bc4e104f9e987b9d1da4556) (TextureImporter) -> (artifact id: '7083a16242a62307ef910c57f42f36bc') in 0.001010807 seconds
Start importing Packages/com.unity.render-pipelines.universal/Textures/FilmGrain/Large02.png using Guid(5cdee82a77d13994f83b8fdabed7c301) (TextureImporter) -> (artifact id: '6404cc7f9e4e643b4d54a3c067c454ea') in 0.005121347 seconds
Start importing Packages/com.unity.inputsystem/InputSystem/Editor/Icons/Dpad@3x.png using Guid(6c1147159d9dc42948601b29dfc9a40c) (TextureImporter) -> (artifact id: '4da18d5c89deaf26d75128758e749761') in 0.035123771 seconds
Start importing Packages/com.unity.render-pipelines.core/Editor/Lighting/Icons/PresetRim_Left.png using Guid(6cec6e582e857c24bb9432ed7ff629f8) (TextureImporter) -> (artifact id: 'e8a90af59dfab69a40507cc05273d5b5') in 0.001508657 seconds
Start importing Packages/com.unity.render-pipelines.universal/Textures/BlueNoise16/L/LDR_LLL1_3.png using Guid(7ce2118f74614a94aa8a0cdf2e6062c3) (TextureImporter) -> (artifact id: '27418914da10eb61e44407ec2d16dd05') in 0.000589156 seconds
Start importing Packages/com.unity.render-pipelines.universal/Editor/2D/Resources/PixelPerfectCamera.png using Guid(7cba34d70552e144586a4d3ce4a33de5) (TextureImporter) -> (artifact id: '5f66d7e7d8b53f5c0fa7d4286193e168') in 0.001292305 seconds
Start importing Packages/com.unity.render-pipelines.core/Editor/Icons/MipLevels/RenderGraphViewer/Resources@32.png using Guid(8c00ff63cd786b34685fe28d9d37c2b9) (TextureImporter) -> (artifact id: '2a128da2317a6f3cdafe862eea8c61ee') in 0.000838681 seconds
Start importing Packages/com.unity.render-pipelines.core/Editor/LookDev/Icons/d_Duplicate@2x.png using Guid(8ca869dd944d5f54e9ec614b26f10dcb) (TextureImporter) -> (artifact id: 'f8f8e6e20ebbc4eb127c6c3d675d4c10') in 0.00158193 seconds
Start importing Packages/com.unity.render-pipelines.core/Editor/LookDev/Icons/d_LayoutCustom.png using Guid(8c3a606a4a147a34c952b98bf038c662) (TextureImporter) -> (artifact id: '837c8ccb8b9a2ebd1153e29f46570cf1') in 0.001106266 seconds
Start importing Packages/com.unity.render-pipelines.core/Editor/LookDev/Icons/LayoutHorizontal.png using Guid(8ccec084228b3b74a898f38126eb142f) (TextureImporter) -> (artifact id: 'e5ac8a327327c0b4c6fc40cb70faa84c') in 0.001256932 seconds
Start importing Packages/com.unity.render-pipelines.core/Editor/LookDev/Icons/d_RenderDoc@2x.png using Guid(9c63b51755ec8c845b857cc73a35d606) (TextureImporter) -> (artifact id: 'd68b629ad6639cce8f3e052259425bf9') in 0.000950283 seconds
Start importing Packages/com.unity.render-pipelines.core/Editor/LookDev/Icons/d_LayoutHorizontal@2x.png using Guid(9cad92999ddfa304495b735a55c78329) (TextureImporter) -> (artifact id: '5300fdf055a8531a05b42a499139e3e9') in 0.00094889 seconds
Start importing Packages/com.unity.inputsystem/InputSystem/Editor/Icons/Pen@4x.png using Guid(acf10446fff184bb98db6350c2c43148) (TextureImporter) -> (artifact id: '8cf23a4954002a84518142c2f4d96165') in 0.000754909 seconds
Start importing Packages/com.unity.addressables/Editor/BuildReportVisualizer/BuildReport Resources/Icons/Button_LeftPanel_LightTheme@2x.png using Guid(acf11b360a699d34383fb6a9d78eed8f) (TextureImporter) -> (artifact id: 'a5b45332b40439355846d171e106f851') in 0.000752725 seconds
Start importing Packages/com.unity.render-pipelines.core/Editor/Icons/MipLevels/d_Volume@64.png using Guid(aca45e74fd5117e499180b8f31d39395) (TextureImporter) -> (artifact id: 'b84d8695eded5207b603b8be0c658e23') in 0.000649243 seconds
Start importing Packages/com.unity.render-pipelines.core/Editor/Lighting/Icons/LightUnitIcons/d_ExteriorLight.png using Guid(acd8a3fb93bb04b4db467ca2090011ae) (TextureImporter) -> (artifact id: '065b13c2fdd93f2b9af9e0761360db33') in 0.001035842 seconds
Start importing Packages/com.unity.render-pipelines.core/Editor/Lighting/Icons/LightUnitIcons/DecorativeLight@2x.png using Guid(ac6bd7230f54da84b8ad3a0e2b14b3d9) (TextureImporter) -> (artifact id: 'bf752c93f15643e5b2806de6fc923ec2') in 0.000717447 seconds
Start importing Packages/com.unity.inputsystem/InputSystem/Editor/Icons/d_Position@4x.png using Guid(ac4c5ccb2785f4460b2dcfe47010c688) (TextureImporter) -> (artifact id: 'eedfa55ac8a2e918529b598470431765') in 0.000749094 seconds
Start importing Packages/com.unity.render-pipelines.core/Editor/Icons/MipLevels/Volume@128.png using Guid(bcac3edca050cd043be3942131c59be3) (TextureImporter) -> (artifact id: '4fb9e408af619304b4734489594ef933') in 0.00078492 seconds
Start importing Packages/com.unity.render-pipelines.core/Editor/LookDev/Icons/d_Remove@2x.png using Guid(cc27e95868ab32345b74b8338c01ebed) (TextureImporter) -> (artifact id: 'e8626585a34703450a6e7b84d2d00339') in 0.001185861 seconds
Start importing Packages/com.unity.render-pipelines.core/Editor/LookDev/Icons/d_SunPosition.png using Guid(cc99218b39d91f84e9a26fac406c07e7) (TextureImporter) -> (artifact id: 'b23fcd451e2672893df4440069ee8c1d') in 0.001083554 seconds
Start importing Packages/com.unity.ai.navigation/Gizmos/NavMeshModifierVolume Icon.png using Guid(cc7b9475dbddf4f9088d327d6e10ab77) (TextureImporter) -> (artifact id: '1e780f18abe88d6ef9ce4468e7b0b474') in 0.001884264 seconds
Start importing Packages/com.unity.addressables/Editor/BuildReportVisualizer/BuildReport Resources/Icons/Button_RightPanel_LightTheme@2x.png using Guid(dc63b9e976cf2234597ec4cef20023b4) (TextureImporter) -> (artifact id: '9a40c6f9624d65b335129ca5965a355e') in 0.00062588 seconds
Start importing Packages/com.unity.addressables/Editor/BuildReportVisualizer/BuildReport Resources/Icons/PlatformWSAPlayerIcon.png using Guid(ece4fc36f044b2544aa5ce4f5cd12422) (TextureImporter) -> (artifact id: 'b12d436844e4aa9aecae193ebe64de0c') in 0.000458047 seconds
Start importing Packages/com.unity.inputsystem/InputSystem/Editor/Icons/InputControl.png using Guid(ec85de66fa5b64dd984fdcc82f8f92b3) (TextureImporter) -> (artifact id: '097ecd91759a559f6a7c38044164c1e0') in 0.000444785 seconds
Start importing Packages/com.unity.render-pipelines.core/Editor/Icons/RenderGraphViewer/MemorylessTexture@2x.png using Guid(ec3a3173916c141d8962a4466c366be6) (TextureImporter) -> (artifact id: '93b242ea506082b84f8435ffb703562d') in 0.00049019 seconds
Start importing Packages/com.unity.ugui/Editor Resources/Gizmos/TMP - Sprite Asset Icon.psd using Guid(ec7c645d93308c04d8840982af12101e) (TextureImporter) -> (artifact id: '59f8b2c42a4f2d830a90edeef2efbb27') in 0.000899897 seconds
Start importing Packages/com.unity.render-pipelines.universal/Editor/2D/Resources/Cinemachine.png using Guid(ec2f01df0bb1bfe459b5562a9e71c8d4) (TextureImporter) -> (artifact id: 'd82d1e936993391c0241fef7e4dd19f5') in 0.001925321 seconds
Start importing Packages/com.unity.render-pipelines.core/Editor/LookDev/Icons/d_CenterLight.png using Guid(fca3bc21b4600e04faaddb69c5fad81e) (TextureImporter) -> (artifact id: '8328aef17c45744fce12dafa678db017') in 0.000617271 seconds
Start importing Packages/com.unity.ai.navigation/EditorResources/Overlay/NavigationOverlay@64.png using Guid(fc46fceb4d1516544b7f503337211f65) (TextureImporter) -> (artifact id: 'e69f06f9fd871a661af8d091ba6ad367') in 0.000575031 seconds
Start importing Packages/com.unity.inputsystem/InputSystem/Editor/Icons/d_Joystick@3x.png using Guid(fcaa0d99df7c74f52afaa17a375dd393) (TextureImporter) -> (artifact id: 'ecadc65261fd10858e6f17b5ed0b5489') in 0.000542508 seconds
Start importing Packages/com.unity.render-pipelines.universal/Textures/BlueNoise16/L/LDR_LLL1_11.png using Guid(fc3fa8f108657e14486697c9a84ccfc5) (TextureImporter) -> (artifact id: '0278a53768221c5afe28ad9f604d3a1d') in 0.000449415 seconds
Start importing Packages/com.unity.render-pipelines.core/Editor/LookDev/Icons/d_Duplicate.png using Guid(0d692588b1d40e9429620400bd5efe63) (TextureImporter) -> (artifact id: '1a9dd57babe545ab7452615152de048b') in 0.000633802 seconds
Start importing Packages/com.unity.inputsystem/InputSystem/Editor/Icons/d_ChevronDown@4x.png using Guid(0de917098a5b848b1a371e570928ce10) (TextureImporter) -> (artifact id: 'b3355bf7d105d03c08987dea8e9bdd2a') in 0.000505679 seconds
Start importing Packages/com.unity.ugui/Editor Resources/Textures/btn_AlignCapLine.psd using Guid(0d9a36012a224080966c7b55896aa0f9) (TextureImporter) -> (artifact id: '221b4fa5d36edc4bd4a92f9e518da4c0') in 0.000599614 seconds
Start importing Packages/com.unity.render-pipelines.core/Editor/Lighting/Icons/d_LightPlacement_Icon On.png using Guid(1d70e8f2a6df91f46a8e5b4f2378c8bc) (TextureImporter) -> (artifact id: 'e3b825f3adae61bbd532b4ceac02b3c1') in 0.00049782 seconds
Start importing Packages/com.unity.addressables/Editor/BuildReportVisualizer/BuildReport Resources/Icons/Button_LeftPanel_LightTheme.png using Guid(1d77c469320df374f98081de5d7673be) (TextureImporter) -> (artifact id: 'e4feaaf2135529683e121ad81607dcd7') in 0.000484455 seconds
Start importing Packages/com.unity.render-pipelines.core/Editor/Lighting/Icons/LightUnitIcons/MediumAreaLight@2x.png using Guid(1dea3362fb2f72d46b7e3351a7e12ccf) (TextureImporter) -> (artifact id: 'fbae50c6b3cc38b18d0809c3d783f6b1') in 0.000530863 seconds
Start importing Packages/com.unity.render-pipelines.core/Editor/Lighting/Icons/PresetRim_Right.png using Guid(1deb07c84dc414b4388bf2970d0c9aef) (TextureImporter) -> (artifact id: '79c3a81232cb9896016684c3644fdb95') in 0.000643775 seconds
Start importing Packages/com.unity.ai.navigation/EditorResources/Overlay/d_NavigationOverlay@64.png using Guid(1dacc9e843ef1444fad71e40913ef05c) (TextureImporter) -> (artifact id: '8abdeaddf8979bcb9ad6e3176897739f') in 0.000581012 seconds
Start importing Packages/com.unity.render-pipelines.universal/Editor/ShaderGraph/GraphTemplates/UITKFullTemplate.png using Guid(3d3db9f7026a8344cbbc2353827bbbc0) (TextureImporter) -> (artifact id: '556d4819283f0a327b964a348d3a8c3d') in 0.039545686 seconds
Start importing Packages/com.unity.inputsystem/InputSystem/Editor/Icons/d_Add Binding@2x.png using Guid(3d7dc8d6b9a96490b9aa433645712fdf) (TextureImporter) -> (artifact id: 'b8c4d41d2bfcfc628f1adb2d8fdc5322') in 0.002689941 seconds
Start importing Packages/com.unity.addressables/Editor/BuildReportVisualizer/BuildReport Resources/Icons/PlatformStandaloneOSXIcon@2x.png using Guid(4d343c92fcbf4c34eae9cee8dc8107b7) (TextureImporter) -> (artifact id: '400cd16555c2942d892226cd2d6133ff') in 0.000860267 seconds
Start importing Packages/com.unity.render-pipelines.core/Editor/LookDev/Icons/d_Layout1@2x.png using Guid(4de5e4f3717b2c548bd8b90b6c628b2f) (TextureImporter) -> (artifact id: 'c051f4b6d6f7e67e907c8d1e26eea297') in 0.002131664 seconds
Start importing Packages/com.unity.render-pipelines.core/Editor/Lighting/Icons/PresetBounce_Right.png using Guid(4dac1eeb02c481340801b3ac458b2976) (TextureImporter) -> (artifact id: '7c98d29e157c896efbba8875341caf42') in 0.001357008 seconds
Start importing Packages/com.unity.render-pipelines.universal/Textures/BlueNoise16/L/LDR_LLL1_15.png using Guid(4dcc0502f8586f941b5c4a66717205e8) (TextureImporter) -> (artifact id: '14244578eed4570bd3d705a8cef4f25f') in 0.00143079 seconds
Start importing Packages/com.unity.inputsystem/InputSystem/Editor/Icons/Gamepad@2x.png using Guid(4defb5292901c41f29313d9c9c87a7eb) (TextureImporter) -> (artifact id: '5b6ab0981366be41ad9c8e06bfc0debb') in 0.001724115 seconds
Start importing Packages/com.unity.inputsystem/InputSystem/Editor/Icons/d_ChevronDown@3x.png using Guid(5d96795fd770f47d69d997b053532730) (TextureImporter) -> (artifact id: 'd332183fab2a51f0b9ee5f48a1846f98') in 0.002155537 seconds
Start importing Packages/com.unity.render-pipelines.core/Editor/Icons/MipLevels/VolumeProfile@256.png using Guid(5d574cebaf0c0a34aa93a406ad65a61b) (TextureImporter) -> (artifact id: '1fd58ebe4ceedc41bdbf4ab7d71a932e') in 0.002419698 seconds
Start importing Packages/com.unity.render-pipelines.core/Editor/Lighting/Icons/LightUnitIcons/Overcast@2x.png using Guid(5db8233d631a83f429153aaeb8f8333a) (TextureImporter) -> (artifact id: '016200f34f068d8b30b16952a643b065') in 0.001064391 seconds
Start importing Packages/com.unity.inputsystem/InputSystem/Editor/Icons/d_Stick@2x.png using Guid(5d0b11389336d4b16b96f147c9f912e2) (TextureImporter) -> (artifact id: '3f08ace0e9d64c86a20cd5f99e59d394') in 0.005743524 seconds
Start importing Packages/com.unity.inputsystem/InputSystem/Editor/Icons/d_Touch@4x.png using Guid(6db042035460c4167a6ab8d1ac3c2681) (TextureImporter) -> (artifact id: '885add44229bc9254e805fa88d562b4d') in 0.002500281 seconds
Start importing Packages/com.unity.shadergraph/Editor/Resources/Icons/sg_graph_icon_gray_light.png using Guid(7d62654fc399cc349a1ed7e0eab44ff0) (TextureImporter) -> (artifact id: '5219ac5fa937ba2b194f0515a557829d') in 0.001470102 seconds
Start importing Packages/com.unity.inputsystem/InputSystem/Editor/Icons/d_Joystick.png using Guid(7d4638131127c4f4382fb36cf16c52fe) (TextureImporter) -> (artifact id: 'a30c232bbdfc719449d5b7b7c1d2e597') in 0.001538865 seconds
Start importing Packages/com.unity.ai.navigation/EditorResources/Overlay/d_NavigationOverlay@2x.png using Guid(7d5867654fa2bf448b06f384143ceca7) (TextureImporter) -> (artifact id: '3e546c49821a6c21845870cd0aea4b62') in 0.026560821 seconds
Start importing Packages/com.unity.shadergraph/Editor/Resources/GraphView/Nodes/PreviewExpand.png using Guid(8df757582ef08984bb6c3510e3a9fd1e) (TextureImporter) -> (artifact id: 'aeb31d739341a813b49d83f6cbc8ba73') in 0.002223475 seconds
Start importing Packages/com.unity.render-pipelines.core/Runtime/Sampling/Textures/SobolBlueNoise/SobolOwenScrambled256.png using Guid(8d786511913a2cb4aacb1f9a188652b4) (TextureImporter) -> (artifact id: 'f748f73f1300c84a24141efa4d413bd2') in 0.014884442 seconds
Start importing Packages/com.unity.ai.navigation/EditorResources/Overlay/d_NavigationOverlay@16.png using Guid(8d8d1929f2279804e8a744d3da25e23b) (TextureImporter) -> (artifact id: '1bcfef837029d1a13bd457a3271bb62a') in 0.000713446 seconds
Start importing Packages/com.unity.render-pipelines.universal/Textures/BlueNoise16/L/LDR_LLL1_16.png using Guid(9d92991794bb5864c8085468b97aa067) (TextureImporter) -> (artifact id: 'ec5188ae846680bb03d0c41e139a8290') in 0.000462239 seconds
Start importing Packages/com.unity.ai.navigation/EditorResources/Overlay/NavigationOverlay@2x.png using Guid(9d244ceb235342e4c8f308aa1f71be7e) (TextureImporter) -> (artifact id: '8932e1178d8ade10b6e725212406e8de') in 0.000528481 seconds
Start importing Packages/com.unity.render-pipelines.core/Editor/Lighting/Icons/LightPlacement_Icon@256.png using Guid(9d1f3c50fbb907f4fba5095da15f23dc) (TextureImporter) -> (artifact id: 'f46119d819bf0993ea4a52ef754a611f') in 0.001327177 seconds
Start importing Packages/com.unity.render-pipelines.core/Runtime/Sampling/Textures/SobolBlueNoise/RankingTile256SPP.png using Guid(adf003e8db5aef64fa57c155f2e599be) (TextureImporter) -> (artifact id: '1df99e778f661853c568be5484b1d8fe') in 0.001849152 seconds
Start importing Packages/com.unity.render-pipelines.core/Editor/Icons/MipLevels/d_RenderPipelineResources@16.png using Guid(adc1ce28e3842cd46b0a08e5ac86a647) (TextureImporter) -> (artifact id: '80243f98cd57e75789662ba03815b147') in 0.000440735 seconds
Start importing Packages/com.unity.render-pipelines.core/Editor/Resources/Gizmos/ProbeTouchupVolume.png using Guid(adc48c15b6dfb444b865f111178f02ec) (TextureImporter) -> (artifact id: 'a61c97fca27e8127e85c8c14a49a5bc2') in 0.001393861 seconds
Start importing Packages/com.unity.shadergraph/Editor/Resources/GraphView/Nodes/PreviewCollapse@2x.png using Guid(adc5cc7a4034e1b41b9341fa124ef43d) (TextureImporter) -> (artifact id: 'ff079a9ed566bbeb6a66e924bf4de59f') in 0.000638802 seconds
Start importing Packages/com.unity.render-pipelines.core/Editor/Lighting/Icons/PresetKick_Right.png using Guid(bdb354565d2d91e48a7ffe02442fe226) (TextureImporter) -> (artifact id: '841807f8a80ef057a4c0fdf84401070b') in 0.00065057 seconds
Start importing Packages/com.unity.render-pipelines.core/Editor/LookDev/Icons/LookDev@2x.png using Guid(bd76726ffb1eb94429fb8143429bd978) (TextureImporter) -> (artifact id: 'df9196b45e79c94ee38edee53f7cf78b') in 0.001115512 seconds
Start importing Packages/com.unity.render-pipelines.core/Editor/Lighting/Icons/LightUnitIcons/VeryBrightSun.png using Guid(bdc9b1177bc1ad84e8532eec9f2dcc13) (TextureImporter) -> (artifact id: '8ba3b4d2da412d5bd8371188d311ba2a') in 0.000533714 seconds
Start importing Packages/com.unity.render-pipelines.universal/Textures/FilmGrain/Medium04.png using Guid(bd9e8c758250ef449a4b4bfaad7a2133) (TextureImporter) -> (artifact id: '855e34fbf4bda47c6de16ff9140ec685') in 0.003731264 seconds
Start importing Packages/com.unity.render-pipelines.core/Editor/Icons/RenderGraphViewer/MultipleUsage.png using Guid(cd47f6d5edd2c7541a0baf3774a54fdd) (TextureImporter) -> (artifact id: 'dedc0ca158885428f48cadb08e96fbff') in 0.00081 seconds
Start importing Packages/com.unity.render-pipelines.universal/Textures/FilmGrain/Thin02.png using Guid(dd77ffd079630404e879388999033049) (TextureImporter) -> (artifact id: '9dc11ea1b70b08340ef090cb82005b7b') in 0.003157424 seconds
Start importing Packages/com.unity.render-pipelines.core/Editor/Lighting/Icons/LightUnitIcons/InteriorLight.png using Guid(ddbb35633e84dde4a93c6662f696ae4c) (TextureImporter) -> (artifact id: 'f24673316b410b5d7fba5afcd6620ff0') in 0.000589114 seconds
Start importing Packages/com.unity.shadergraph/GraphTemplates/default_masks.png using Guid(dd2e21fb358baa649a7ad7d1d6e722f5) (TextureImporter) -> (artifact id: '4b468ee458ee1e6001b1cfe5eced6ba1') in 0.000442386 seconds
Start importing Packages/com.unity.render-pipelines.core/Editor/Lighting/Icons/LightUnitIcons/Candlelight.png using Guid(eda062bf16e02ef44a7bf24336ddac6c) (TextureImporter) -> (artifact id: '275203c58df58c8cfd4dbc828bdbeafc') in 0.000548612 seconds
Start importing Packages/com.unity.ugui/Editor Resources/Textures/btn_AlignTop_Light.psd using Guid(ed041e68439749a69d0efa0e3d896c2e) (TextureImporter) -> (artifact id: '7e4f3426388163db0c26d3aec6f7c0cc') in 0.0008233 seconds
Start importing Packages/com.unity.render-pipelines.core/Editor/Icons/RenderGraphViewer/d_AccelerationStructure@2x.png using Guid(ed7bb161ec84da2458e0b8730958a76a) (TextureImporter) -> (artifact id: '2c41e212739c3329920220bfb6df7aaa') in 0.000822232 seconds
Start importing Packages/com.unity.render-pipelines.universal/Textures/BlueNoise16/L/LDR_LLL1_8.png using Guid(ed5ea7ce59ca8ec4f9f14bf470a30f35) (TextureImporter) -> (artifact id: '5b6f5c1c1788d3ea54f7873351db9165') in 0.000461428 seconds
Start importing Packages/com.unity.addressables/Editor/BuildReportVisualizer/BuildReport Resources/Icons/d_icon dropdown@2x.png using Guid(fd53d86c6d81efc45bd1caf873084af4) (TextureImporter) -> (artifact id: 'c5e23d0b4f2f38fdaacbe9c2e6c0f68f') in 0.000863433 seconds
Start importing Packages/com.unity.render-pipelines.universal/Textures/FilmGrain/Large01.png using Guid(fd2fd78b392986e42a12df2177d3b89c) (TextureImporter) -> (artifact id: '8ce4bf161a916857b925566a4bdeae04') in 0.003723332 seconds
Start importing Packages/com.unity.inputsystem/InputSystem/Editor/Icons/d_ChevronUp@3x.png using Guid(0efecba65ae4341a385cd5d39a2af765) (TextureImporter) -> (artifact id: '08b3d6c34e7484c7f30069dba47d5477') in 0.000597939 seconds
Start importing Packages/com.unity.render-pipelines.core/Editor/Lighting/Icons/LightUnitIcons/MediumAreaLight.png using Guid(1eb691390c444f14bac0868bd61fd451) (TextureImporter) -> (artifact id: 'd49b47db6bc78a7aaefe16286555660a') in 0.005372585 seconds
Start importing Packages/com.unity.render-pipelines.core/Editor/Lighting/Icons/LightUnitIcons/DecorativeLight.png using Guid(1e2ae1a12a2a1ff498cab6444b9cd394) (TextureImporter) -> (artifact id: 'bd396f8853865de770ab4ffda12f30c4') in 0.000529015 seconds
Start importing Packages/com.unity.shadergraph/Editor/Resources/GraphView/Nodes/BlackboardFieldExposed.png using Guid(2e8113252e9a1b245a81dc384ae86446) (TextureImporter) -> (artifact id: 'f5dcd038458fa66180c34ff1d3598a98') in 0.000551628 seconds
Start importing Packages/com.unity.render-pipelines.core/Editor/LookDev/Icons/Rotation.png using Guid(2ee66e81975377745aaa59fe11ad374d) (TextureImporter) -> (artifact id: 'd4edc2880990e76d01735794a6575625') in 0.000675069 seconds
Start importing Packages/com.unity.inputsystem/InputSystem/Editor/Icons/Axis@3x.png using Guid(2e27a82b5cc4e4ef98cbef2d0b324aed) (TextureImporter) -> (artifact id: 'dc6fef2e5ed43255d90842a4164a6085') in 0.000621249 seconds
Start importing Packages/com.unity.render-pipelines.core/Editor/Icons/MipLevels/d_VolumeProfile@16.png using Guid(2e6a4056f58607f4cb9a7430cffd3cf0) (TextureImporter) -> (artifact id: '98f6367f4a614ee92c6830159a8ac1c5') in 0.000450992 seconds
Start importing Packages/com.unity.render-pipelines.core/Editor/Icons/MipLevels/Volume@64.png using Guid(3e1119a71344058429824f48f89db02a) (TextureImporter) -> (artifact id: '4197225facdc62d9a41e27836cd0a287') in 0.000491627 seconds
Start importing Packages/com.unity.ugui/Editor Resources/Gizmos/TMP - Input Field Icon.psd using Guid(3ee40aa79cd242a5b53b0b0ca4f13f0f) (TextureImporter) -> (artifact id: '42deb8903589c47f44d73a3253d4778d') in 0.000953831 seconds
Start importing Packages/com.unity.addressables/Editor/BuildReportVisualizer/BuildReport Resources/Icons/Button_LeftPanel_DarkTheme@2x.png using Guid(3e28d3bd17b418141b01b3d1f7cfd2c2) (TextureImporter) -> (artifact id: 'b0eed82e03aaf0e05e59881a863fc9ca') in 0.000571661 seconds
Start importing Packages/com.unity.render-pipelines.core/Editor/Icons/MipLevels/Volume@16.png using Guid(3e0af3c90ea2a304c8c241c8fbdce6e5) (TextureImporter) -> (artifact id: '90d79f2a8821f6d69bc8d9d11526b687') in 0.000411979 seconds
Start importing Packages/com.unity.render-pipelines.core/Editor/Icons/RenderGraphViewer/d_PassInspector@2x.png using Guid(4e0d4fae0554052489fc6918c357d43c) (TextureImporter) -> (artifact id: '11b8eb65e8423b25cd404f4d6159624d') in 0.000502425 seconds
Start importing Packages/com.unity.render-pipelines.core/Editor/Icons/RenderGraphViewer/d_ScriptLink@2x.png using Guid(5e032f76278407d46a6a3dc6ff0bdc36) (TextureImporter) -> (artifact id: '6d46f6f311656de17278e5486136bbe9') in 0.00068194 seconds
Start importing Packages/com.unity.shadergraph/GraphTemplates/Cross Pipeline/TerrainStandardTemplateThumbnail.png using Guid(6e413e07ed366984daa954acc11e85e9) (TextureImporter) -> (artifact id: '9615b5313ded6bf3120f83ee21e32e09') in 0.016720849 seconds
Start importing Packages/com.unity.inputsystem/InputSystem/Editor/Icons/Touch@4x.png using Guid(6e9283a12f5b74afbba696cbb82f5e7f) (TextureImporter) -> (artifact id: '0029613e3a704212fb553a7b14c0486b') in 0.000694225 seconds
Start importing Packages/com.unity.render-pipelines.core/Editor/Icons/RenderGraphViewer/d_Resources@2x.png using Guid(6eb2e156a8a1f8149b02f135509f10ea) (TextureImporter) -> (artifact id: 'c495d8a07106bc7e09baded4b329bd31') in 0.000640781 seconds
Start importing Packages/com.unity.render-pipelines.core/Editor/Lighting/Icons/LightUnitIcons/MoonlessNight@2x.png using Guid(6e5a98aaa576d99408eeba30eb91eaba) (TextureImporter) -> (artifact id: 'defc922153d57ef55350362f5854fb88') in 0.000610414 seconds
Start importing Packages/com.unity.render-pipelines.universal/Editor/2D/Resources/InspectorIcons/PointLight.png using Guid(6eaa9958d83ec43499e946a21edba283) (TextureImporter) -> (artifact id: '28bb430db03c0af012da7bb79e608587') in 0.0011069 seconds
Start importing Packages/com.unity.render-pipelines.core/Editor/PostProcessing/LensFlareResource/Flare@2x.png using Guid(6e8cc863e4120a341b5e87a5235120c4) (TextureImporter) -> (artifact id: 'd09736add38b0b40ba73b739f65934b0') in 0.001346946 seconds
Start importing Packages/com.unity.render-pipelines.core/Editor/Icons/MipLevels/d_RenderPipelineResources@64.png using Guid(7ef0eb993d6c43645b45ffcf1c0a91f0) (TextureImporter) -> (artifact id: '287c6cf8dd8a94bc47fe1f38a3b713c8') in 0.000494759 seconds
Start importing Packages/com.unity.inputsystem/InputSystem/Editor/Icons/Axis.png using Guid(7e853779c8fed4ebf917a0de21c79602) (TextureImporter) -> (artifact id: '2710a3612a764f168d5e6133966a82a3') in 0.000650088 seconds
Start importing Packages/com.unity.shadergraph/Editor/Resources/GraphView/Nodes/NodeChevronLeft@2x.png using Guid(7e575e166832cb7478f6d674d896b778) (TextureImporter) -> (artifact id: '589b447f192f3138ba8b0f5af4f9e552') in 0.000608924 seconds
Start importing Packages/com.unity.inputsystem/InputSystem/Editor/Icons/Mouse.png using Guid(9eb2b64988cb1443cab6da5dc5300d1c) (TextureImporter) -> (artifact id: '647e85284e06b55fec7bbf5f8acf1796') in 0.000437281 seconds
Start importing Packages/com.unity.inputsystem/InputSystem/Editor/Icons/d_Keyboard@3x.png using Guid(9ec4e316700da46b88741a8153b33963) (TextureImporter) -> (artifact id: 'f16ff397fd7e7fa2bb241a9584bb787b') in 0.00055386 seconds
Start importing Packages/com.unity.render-pipelines.core/Editor/Lighting/Icons/LightUnitIcons/d_Fluorescent@2x.png using Guid(9ed59abbb45e72140ae72a33b30ea19e) (TextureImporter) -> (artifact id: '01601c828fe0d5b1842000e4e2db157b') in 0.000578031 seconds
Start importing Packages/com.unity.inputsystem/InputSystem/Editor/Icons/d_Gamepad@3x.png using Guid(9e882b58df0964f5b90ff99cb481ee79) (TextureImporter) -> (artifact id: '6abb750e1affb961ebfaf56561a8f73b') in 0.00051665 seconds
Start importing Packages/com.unity.inputsystem/InputSystem/Editor/Icons/Interactive Binding@4x.png using Guid(9e6c9e992a2ee4327bce1d6a8189cedb) (TextureImporter) -> (artifact id: '4c616563fe317e87f0d8ee5400cfc61b') in 0.000566332 seconds
Start importing Packages/com.unity.shadergraph/Editor/Resources/Icons/blackboard@2x.png using Guid(aed2175e23cfe426e8678485b004714e) (TextureImporter) -> (artifact id: '83f7ec1f2f30bb1bcb7d2d534195a16e') in 0.000494447 seconds
Start importing Packages/com.unity.inputsystem/InputSystem/Editor/Icons/d_Gamepad@2x.png using Guid(bed935caee9524e6780614c2055bfd35) (TextureImporter) -> (artifact id: '371eeb019447c42f36a6ce9eeeb118e9') in 0.000483886 seconds
Start importing Packages/com.unity.render-pipelines.core/Editor/Lighting/Icons/LightPlacement_Icon@64.png using Guid(ce171bd6b515f1647a9a2c608ff705bb) (TextureImporter) -> (artifact id: '03084ef607eb1a10eaf555d2c19ea573') in 0.000568367 seconds
Start importing Packages/com.unity.inputsystem/InputSystem/Editor/Icons/d_Touch@2x.png using Guid(ceaa885da02f84da195f87de12535da6) (TextureImporter) -> (artifact id: '82b583a34779eecdb9ff6b558db4d926') in 0.000474827 seconds
Start importing Packages/com.unity.inputsystem/InputSystem/Editor/AssetEditor/PackageResources/personal/actionTreeBackground.png using Guid(ce5f11cd993284c4f9c54f854bdc8c9c) (TextureImporter) -> (artifact id: '556d57bcee8b688bef8b500e93b5f92e') in 0.000569047 seconds
Start importing Packages/com.unity.inputsystem/InputSystem/Editor/Icons/d_Orientation@4x.png using Guid(de98baf415a2c4d7dbe0de74cb6e171c) (TextureImporter) -> (artifact id: 'c11a09ef78159afd7dffe37ed0aa3aa7') in 0.000566223 seconds
Start importing Packages/com.unity.render-pipelines.universal/Editor/Gizmos/Camera_Overlay.png using Guid(de8dba0dc20209d4086c0dd93ddf0dd4) (TextureImporter) -> (artifact id: '449a25da94c7f9c64884c9fce5a0af1a') in 0.001173515 seconds
Start importing Packages/com.unity.ugui/Editor Resources/Gizmos/TMP - Font Asset Icon.psd using Guid(ee148e281f3c41c5b4ff5f8a5afe5a6c) (TextureImporter) -> (artifact id: '1af9ea7711ac4f908a2c9b2f4a35afc6') in 0.000938754 seconds
Start importing Packages/com.unity.shadergraph/GraphTemplates/Cross Pipeline/LitParticleTemplateThumbnail.png using Guid(0f0c228bd0a3835428c403a8d1568ef5) (TextureImporter) -> (artifact id: 'c24ea03417c6947279f3a61bfa418f5c') in 0.067083016 seconds
Start importing Packages/com.unity.render-pipelines.core/Editor/Lighting/Icons/LightUnitIcons/Shade@2x.png using Guid(1f20ae185bcb2254a844ed304955beb3) (TextureImporter) -> (artifact id: '630632a594fdaea6c37e251602ef339e') in 0.000825459 seconds
Start importing Packages/com.unity.shadergraph/GraphTemplates/Subgraphs/SmallNoiseMask.tga using Guid(2fe31a8312ab8524ebd8601be367f0c8) (TextureImporter) -> (artifact id: '40b54211177a886c05c16df904422d93') in 0.000521923 seconds
Start importing Packages/com.unity.render-pipelines.core/Editor/LookDev/Icons/SunPosition@2x.png using Guid(2f75c34a5bc525545916fb8367422dd0) (TextureImporter) -> (artifact id: '0d64310629006a17462bd19698d3699b') in 0.001021468 seconds
Start importing Packages/com.unity.ugui/Editor Resources/Gizmos/TMP - Text Component Icon.psd using Guid(2fd6421f253b4ef1a19526541f9ffc0c) (TextureImporter) -> (artifact id: '24e3af91608def0814d51b97159b9df3') in 0.000985708 seconds
Start importing Packages/com.unity.shadergraph/Editor/Resources/Icons/sg_subgraph_icon.png using Guid(2f2e2190c36a7b54295d734e567b3e44) (TextureImporter) -> (artifact id: 'ed9f2abb0d82a10472f16930dd46ddde') in 0.000643912 seconds
Start importing Packages/com.unity.render-pipelines.core/Editor/LookDev/Icons/LayoutCustom@2x.png using Guid(2fffe801f98fb314484382ea4affcf94) (TextureImporter) -> (artifact id: 'f55a403eb8ab35825235a39a2ac5e410') in 0.000730766 seconds
Start importing Packages/com.unity.addressables/Editor/BuildReportVisualizer/BuildReport Resources/Icons/PlatformtvOSIcon.png using Guid(3fd787210f08d364186b9df36062df04) (TextureImporter) -> (artifact id: 'a4b8e6d31e1cf5eb7cc02576b280c18a') in 0.000629445 seconds
Start importing Packages/com.unity.render-pipelines.core/Editor/Lighting/Icons/LightUnitIcons/d_Candlelight.png using Guid(3f9a63faecec9a34c9ffbfedd9ac5c3b) (TextureImporter) -> (artifact id: '8bce73f3d409072ed9db35869ed98cd3') in 0.00053073 seconds
Start importing Packages/com.unity.render-pipelines.core/Editor/LookDev/Icons/d_Remove.png using Guid(4ff71d806d58fd041be6e55d1d1ca70e) (TextureImporter) -> (artifact id: '13c5a9ab40c54f0209fe956d93d747b4') in 0.000637589 seconds
Start importing Packages/com.unity.inputsystem/InputSystem/Editor/Icons/Orientation@3x.png using Guid(5f09d534eb1414449a2758696bd4dd11) (TextureImporter) -> (artifact id: 'fff8cd3f3b063a32cedd73597ca9c7e9') in 0.000642993 seconds
Start importing Packages/com.unity.ai.navigation/EditorResources/Overlay/d_NavigationOverlay@32.png using Guid(6f3c566cd9f63c9408d201ea50b51444) (TextureImporter) -> (artifact id: '992580799336b2de4c383ff372184999') in 0.000874787 seconds
Start importing Packages/com.unity.addressables/Editor/BuildReportVisualizer/BuildReport Resources/Icons/PlatformStandaloneLinux64Icon@2x.png using Guid(7f70c9363a9fe92448d66c32c55352e9) (TextureImporter) -> (artifact id: '28ddaea13b93c34c5366a95ba9636cf6') in 0.000526183 seconds
Start importing Packages/com.unity.inputsystem/InputSystem/Editor/Icons/Keyboard@4x.png using Guid(7fc0926499f7a4500b152d45397c44a4) (TextureImporter) -> (artifact id: '9f9dc4f9616bd93fe56dc1568985db34') in 0.00056418 seconds
Start importing Packages/com.unity.render-pipelines.universal/Editor/2D/Resources/SceneViewIcons/GlobalLight.png using Guid(7f923c32ff8dfab40b5673135ddb6cd4) (TextureImporter) -> (artifact id: '0ddf4d34f20895e2e4bbe9a680132ca3') in 0.001991972 seconds
Start importing Packages/com.unity.addressables/Editor/BuildReportVisualizer/BuildReport Resources/Icons/PlatformtvOSIcon@2x.png using Guid(7f9793fab7c5a2d49a99acdc614bf45d) (TextureImporter) -> (artifact id: '924df722c7b312537c6d011ecdf76e83') in 0.000540767 seconds
Start importing Packages/com.unity.inputsystem/InputSystem/Editor/Icons/Orientation.png using Guid(7fb7b46a8c63948d2b28dc394281bf5a) (TextureImporter) -> (artifact id: 'e5e03ed943af8249afac0e121e1beae0') in 0.000462053 seconds
Start importing Packages/com.unity.inputsystem/InputSystem/Editor/Icons/d_ChevronUp.png using Guid(7fad89501bb5c408e956934bf2eb8ae3) (TextureImporter) -> (artifact id: '6bf87ee7bd4149cec801407e6b7c8788') in 0.000769549 seconds
Start importing Packages/com.unity.render-pipelines.universal/Editor/2D/Resources/InspectorIcons/GlobalLight.png using Guid(8f5dd14b314efbe4684329d8a14bbe38) (TextureImporter) -> (artifact id: '65dd7e083280e3d1f0d924c67a03a673') in 0.000681708 seconds
Start importing Packages/com.unity.addressables/Editor/BuildReportVisualizer/BuildReport Resources/Icons/PlatformStadiaIcon.png using Guid(af91525c769cf6847bb9b9e32c74db73) (TextureImporter) -> (artifact id: 'd408613ff295038a93d49cb3022b9ea2') in 0.000602012 seconds
Start importing Packages/com.unity.render-pipelines.universal/Textures/BlueNoise16/L/LDR_LLL1_12.png using Guid(bfed3e498947fcb4890b7f40f54d85b9) (TextureImporter) -> (artifact id: '519a7bf5778a64ed20baf38a1a448635') in 0.000428829 seconds
Start importing Packages/com.unity.render-pipelines.core/Editor/LookDev/Icons/renderdoc.png using Guid(cf13fb90f91d2a545a00591d75b43bd8) (TextureImporter) -> (artifact id: 'ae5e04c44144dcfe2b7d36577a344fb3') in 0.000622928 seconds
Start importing Packages/com.unity.inputsystem/InputSystem/Editor/AssetEditor/PackageResources/personal/actionTreeBackgroundWithoutBorder.png using Guid(cf632ed80bf1f46c980de6b1b8b903ef) (TextureImporter) -> (artifact id: '9638d5946369d46d8fdd0756e40dfefc') in 0.000563645 seconds
Start importing Packages/com.unity.render-pipelines.core/Editor/Lighting/Icons/LightAnchor_Icon.png using Guid(df491817340312f439c32f95902ddee7) (TextureImporter) -> (artifact id: '1fa642e169341544f97023a92b8abcdf') in 0.000735819 seconds
Start importing Packages/com.unity.render-pipelines.core/Editor/LookDev/Icons/RightArrow.png using Guid(df4dc708bd8692446a6d5c3531ac377b) (TextureImporter) -> (artifact id: '344d349e24094dcc18970b46192acee8') in 0.001533841 seconds
Start importing Packages/com.unity.cloud.gltfast/Editor/UI/gltf-logo.png using Guid(dfde62efb4ba642ea968adab4e674d01) (TextureImporter) -> (artifact id: '56e84a44fb843214cb57bb721ef4edfd') in 0.001917445 seconds
Start importing Packages/com.unity.render-pipelines.core/Editor/Lighting/Icons/LightPlacement_Icon@16.png using Guid(ef06ba4eb3daf484f8b1a9e1ac266945) (TextureImporter) -> (artifact id: '6ebe993eaea68217a097256e18ec9cca') in 0.00081452 seconds
Start importing Packages/com.unity.inputsystem/InputSystem/Editor/Icons/TrackedPoseDriver@2x.png using Guid(ff8479815905ce84e9ef610d926f28c8) (TextureImporter) -> (artifact id: '8baddbf6bbbdba7f3ff3db62dc631d48') in 0.000509236 seconds
Start importing Packages/com.unity.render-pipelines.universal/Textures/BlueNoise16/L/LDR_LLL1_28.png using Guid(ff47e5a0f105eb34883b973e51f4db62) (TextureImporter) -> (artifact id: 'd85a866ba3dd8d45da71e4b3f67d2330') in 0.000527319 seconds
Start importing Packages/com.unity.inputsystem/InputSystem/Editor/AssetEditor/PackageResources/green.png using Guid(ffeba93637e654de6a5906b48520dc94) (TextureImporter) -> (artifact id: '365935bead98e031eed2770de6d8431f') in 0.000448865 seconds
Start importing Packages/com.unity.render-pipelines.core/Editor/LookDev/Icons/d_LookDev@2x.png using Guid(ffdf80dc342e69344b2dccafe04c30ee) (TextureImporter) -> (artifact id: '14d55aea40ef912d2661790750d55541') in 0.000712828 seconds
Start importing Packages/com.unity.render-pipelines.core/Runtime/GPUDriven/OcclusionCullingDebugShaderVariables.cs.hlsl using Guid(00f96d87bb315084d89b58bd90c5304a) (ShaderIncludeImporter) -> (artifact id: '200b9e60b9d1347961ff2f9d0d5909f1') in 0.001005436 seconds
Start importing Packages/com.unity.render-pipelines.core/Runtime/GPUDriven/OcclusionTestCommon.hlsl using Guid(1024f2cfcd9723443be47989a040394e) (ShaderIncludeImporter) -> (artifact id: '4fbd482f007b8daccf1511048446913b') in 0.000287728 seconds
Start importing Packages/com.unity.render-pipelines.universal/ShaderLibrary/NormalReconstruction.hlsl using Guid(20013f01a8cbaef4c9545926c27b8d73) (ShaderIncludeImporter) -> (artifact id: '9f4a81eccee92a059d041ae960bd07f1') in 0.000273026 seconds
Start importing Packages/com.unity.render-pipelines.universal/Editor/ShaderGraph/Includes/Varyings.hlsl using Guid(2085a40153652db43a116297c1924476) (ShaderIncludeImporter) -> (artifact id: 'd0003ba4e16dd5dc29a9a311023b8ca1') in 0.000269684 seconds
Start importing Packages/com.unity.cloud.gltfast/Runtime/Shader/Includes/Normal.cginc using Guid(30d0f0e3f526585408342f8854723a88) (ShaderIncludeImporter) -> (artifact id: 'e82871f3563694942e518e4bd32982d0') in 0.000244781 seconds
Start importing Packages/com.unity.render-pipelines.core/ShaderLibrary/API/Validate.hlsl using Guid(30ba55673585a6e4f9afd796eb8b170e) (ShaderIncludeImporter) -> (artifact id: '7ff7c9773558a7df2eae3c89b7be433f') in 0.005116023 seconds
Start importing Packages/com.unity.render-pipelines.core/Runtime/ShaderLibrary/Sampling/Hammersley.cs.hlsl using Guid(5060b04656b69294cb1c5d9dc7185ad2) (ShaderIncludeImporter) -> (artifact id: '19f208623878e4987fae8626ec1df2db') in 0.001309409 seconds
Start importing Packages/com.unity.shadergraph/Editor/Generation/Targets/BuiltIn/ShaderLibrary/DeclareDepthTexture.hlsl using Guid(5080cbd4eecd4a74b849da7f9b53632b) (ShaderIncludeImporter) -> (artifact id: '707058c823c0f5060dca12b2828c9ba1') in 0.001332859 seconds
Start importing Packages/com.unity.shadergraph/Editor/Generation/Targets/BuiltIn/Editor/ShaderGraph/Includes/UnlitPass.hlsl using Guid(50370b309724a0440808e87f08aed757) (ShaderIncludeImporter) -> (artifact id: 'a902870d79012a924e376fe6a959101c') in 0.035119198 seconds
Start importing Packages/com.unity.render-pipelines.core/Runtime/UnifiedRayTracing/Compute/RadeonRays/kernels/aabb.hlsl using Guid(6065e50fcb17cf247938a4f5ed300176) (ShaderIncludeImporter) -> (artifact id: 'de4cb0bac77e1dc33d5153fc181888ca') in 0.002191071 seconds
Start importing Packages/com.unity.render-pipelines.core/Runtime/GPUDriven/InstanceOcclusionCullerShaderVariables.cs.hlsl using Guid(60581e86aa47d834785ca132fc385273) (ShaderIncludeImporter) -> (artifact id: 'ba711ec29549438de294187ede08dd2c') in 0.000796068 seconds
Start importing Packages/com.unity.render-pipelines.universal/Shaders/BakedLitForwardPass.hlsl using Guid(70003ec87ea6481a920369a377c1b623) (ShaderIncludeImporter) -> (artifact id: '43fd09ad54edddb1fb3da29c39dc660e') in 0.003702847 seconds
Start importing Packages/com.unity.shadergraph/ShaderGraphLibrary/ShaderVariablesFunctions.hlsl using Guid(7084c0669cdb2af4ab8c669b3139e0df) (ShaderIncludeImporter) -> (artifact id: '99b6d4961571c1f382558e570b862e11') in 0.006277491 seconds
Start importing Packages/com.unity.render-pipelines.universal/Runtime/RendererFeatures/SurfaceCacheGI/SurfaceCacheCore/PatchUtil.hlsl using Guid(804415e4b1bf68147a30546faefeeb0b) (ShaderIncludeImporter) -> (artifact id: '3409782ff82f50f9dca1350510d6f207') in 0.000819444 seconds
Start importing Packages/com.unity.render-pipelines.core/Runtime/UnifiedRayTracing/FetchGeometry.hlsl using Guid(8089a70b4819c714295530d5e01d5d36) (ShaderIncludeImporter) -> (artifact id: 'f2d72e8002ea7f79091a66ed7472a26b') in 0.001230155 seconds
Start importing Packages/com.unity.render-pipelines.universal/ShaderLibrary/DBuffer.hlsl using Guid(9041fd6e0797cf74a8f08340e6157c0d) (ShaderIncludeImporter) -> (artifact id: 'b029d5fd438e295b17378139da4d3437') in 0.009971196 seconds
Start importing Packages/com.unity.shadergraph/Editor/Generation/Targets/BuiltIn/ShaderLibrary/ShaderTypes.cs.hlsl using Guid(90c38a95e899f254f984aef093366e94) (ShaderIncludeImporter) -> (artifact id: '7b1037aa0564bb1c4f8c1e8b0e0135e3') in 0.000822711 seconds
Start importing Packages/com.unity.render-pipelines.core/ShaderLibrary/Debug.hlsl using Guid(90f3145f58b7eb44cb4252ac2a3ab258) (ShaderIncludeImporter) -> (artifact id: 'f5b988e0707d4b932ffda7e1ccaea7b5') in 0.00400061 seconds
Start importing Packages/com.unity.render-pipelines.core/ShaderLibrary/HDROutput.hlsl using Guid(b06473c622f844540bd141fc0efae169) (ShaderIncludeImporter) -> (artifact id: 'a35aac64096c91582a6e290b0cceb13b') in 0.068929217 seconds
Start importing Packages/com.unity.cloud.gltfast/Runtime/Shader/Includes/Emission.cginc using Guid(b07ab7368cb744626bd2239241a24105) (ShaderIncludeImporter) -> (artifact id: 'be034118f0418d96aa68d7773fba47b0') in 0.000371471 seconds
Start importing Packages/com.unity.render-pipelines.universal/Shaders/Particles/ParticlesSimpleLitForwardPass.hlsl using Guid(d0ccc42c5a0934462a0ff237772dceff) (ShaderIncludeImporter) -> (artifact id: 'dac9702cdf65791bfb6764afa8e18713') in 0.000302819 seconds
Start importing Packages/com.unity.render-pipelines.universal/Shaders/Terrain/TerrainLitMetaPass.hlsl using Guid(d00e32bd7638d40538d108b4e2581147) (ShaderIncludeImporter) -> (artifact id: '51a6e1daa4a4233f6b3f8fad6c694116') in 0.00026254 seconds
Start importing Packages/com.unity.render-pipelines.core/ShaderLibrary/API/WebGPU.hlsl using Guid(e0badbba7ccb42748817520dc250e720) (ShaderIncludeImporter) -> (artifact id: 'd88fb2f2d9e2be463ba910494a604db1') in 0.000251576 seconds
Start importing Packages/com.unity.shadergraph/Editor/Generation/Targets/BuiltIn/ShaderLibrary/Core.hlsl using Guid(e01bb373f731e2946bb996c6b980c1ab) (ShaderIncludeImporter) -> (artifact id: '2f1c7a85fdc1aafb620ae74c7404aef3') in 0.000242793 seconds
Start importing Packages/com.unity.render-pipelines.universal/Shaders/Utils/FogDeferred.hlsl using Guid(0172f7cbd9e44e8b844a485dbd8e8349) (ShaderIncludeImporter) -> (artifact id: 'd0300505a4d2770e052cc4c51fc8ffc6') in 0.000231905 seconds
Start importing Packages/com.unity.render-pipelines.core/ShaderLibrary/Sampling/SampleUVMappingInternal.hlsl using Guid(01b8f0e33ff01164da19412b5fbdc7d4) (ShaderIncludeImporter) -> (artifact id: 'b3db4251ee50bf482427683d81dfdcec') in 0.000372525 seconds
Start importing Packages/com.unity.render-pipelines.universal/Shaders/Particles/ParticlesSimpleLitInput.hlsl using Guid(01fa3f8c89aa44160b9a735fc22362d0) (ShaderIncludeImporter) -> (artifact id: '2f8c803136dd9b49e9b2aaefa0f69b6f') in 0.000287601 seconds
Start importing Packages/com.unity.render-pipelines.core/ShaderLibrary/Random.hlsl using Guid(11914c30949383848ab39385375eff34) (ShaderIncludeImporter) -> (artifact id: '782f9f9e5b2e03acb2bb674d2417edcd') in 0.000262998 seconds
Start importing Packages/com.unity.render-pipelines.universal/Shaders/LitForwardPass.hlsl using Guid(116bd973269b9f741b7177c8523b9e50) (ShaderIncludeImporter) -> (artifact id: 'db0dd0e8869b68637c022675d96e785e') in 0.000248939 seconds
Start importing Packages/com.unity.render-pipelines.core/Runtime/STP/StpCommon.hlsl using Guid(11eb6b38eb2cd494cb1ccc8742453265) (ShaderIncludeImporter) -> (artifact id: '2b728a7dd8c203a8fca3242b5b3867c2') in 0.00026028 seconds
Start importing Packages/com.unity.shadergraph/Editor/Generation/Targets/BuiltIn/ShaderLibrary/SurfaceInput.hlsl using Guid(114d56cbf65e5a94ca8aaf64e35d43a9) (ShaderIncludeImporter) -> (artifact id: 'cd9e08cfcc4b5a5a8d39f4c542f7831e') in 0.000248565 seconds
Start importing Packages/com.unity.render-pipelines.universal/ShaderLibrary/Fog.hlsl using Guid(31a96610f8f1dce418026fb1dec1be06) (ShaderIncludeImporter) -> (artifact id: 'e5054d761a88c0a8df13c10c09922c6c') in 0.000247684 seconds
Start importing Packages/com.unity.render-pipelines.universal/Shaders/2D/Include/ShapeLightShared.hlsl using Guid(4151cfb2494f10243a255c8a553306e3) (ShaderIncludeImporter) -> (artifact id: '142d7ee5133d1abc9674f8626acd9469') in 0.00022579 seconds
Start importing Packages/com.unity.render-pipelines.universal/ShaderLibrary/ProbeVolumeVariants.hlsl using Guid(4156fde60711cfd4c9cc05a737bd013e) (ShaderIncludeImporter) -> (artifact id: 'b10cf71e97bf2606cc882f73c0903caf') in 0.000389183 seconds
Start importing Packages/com.unity.render-pipelines.universal/ShaderLibrary/VisualEffectVertex.hlsl using Guid(41a9ae1971520f84c89225b0e84299ec) (ShaderIncludeImporter) -> (artifact id: 'bb53964fb9d20a2f4c01189c020a3adb') in 0.000281648 seconds
Start importing Packages/com.unity.render-pipelines.core/Runtime/PostProcessing/HDROutputDefines.cs.hlsl using Guid(413c288ef05043d4285cf0407f8188b9) (ShaderIncludeImporter) -> (artifact id: '627e8592984465763508acb45f33b07a') in 0.000260381 seconds
Start importing Packages/com.unity.render-pipelines.universal/Shaders/Nature/SpeedTree7Input.hlsl using Guid(519469e5f151ddb40a650b66f48175cb) (ShaderIncludeImporter) -> (artifact id: '3bae4d32591754dcf53381557daeef5b') in 0.000240122 seconds
Start importing Packages/com.unity.render-pipelines.universal/ShaderLibrary/Shadows.deprecated.hlsl using Guid(51fae96488b3f402a8abcda4217b37e1) (ShaderIncludeImporter) -> (artifact id: 'b293d4e8ee14b25b7c1dd0bd5a68ba08') in 0.000226672 seconds
Start importing Packages/com.unity.shadergraph/Editor/Generation/Targets/BuiltIn/ShaderLibrary/MetaInput.hlsl using Guid(51db4cfe7bc15d249a840d3643e41b7a) (ShaderIncludeImporter) -> (artifact id: 'e117fe6074bf7eefa199014ec97dddb3') in 0.00023727 seconds
Start importing Packages/com.unity.render-pipelines.core/ShaderLibrary/ThreadingSM6Impl.hlsl using Guid(517e6b6a28d958f4d957127836465b2e) (ShaderIncludeImporter) -> (artifact id: 'cb520658b743619e44daa91015a5f0dc') in 0.000257391 seconds
Start importing Packages/com.unity.render-pipelines.core/ShaderLibrary/Refraction.hlsl using Guid(61125f624d229884d8cff04fc0fceab7) (ShaderIncludeImporter) -> (artifact id: 'ec51dc7961a914dbb702f56003c51c6d') in 0.000221286 seconds
Start importing Packages/com.unity.render-pipelines.universal/ShaderLibrary/DOTS.hlsl using Guid(71338c4661f9c40249e1fdb27df62e92) (ShaderIncludeImporter) -> (artifact id: 'fb071ccf5881156df1b413098a64ede7') in 0.000229813 seconds
Start importing Packages/com.unity.render-pipelines.core/Runtime/UnifiedRayTracing/Compute/ComputeRaygenShader.hlsl using Guid(7176b7aa19c704f439cdab57ccf4bceb) (ShaderIncludeImporter) -> (artifact id: '3b8b03abc6020eb91950649506995728') in 0.000256511 seconds
Start importing Packages/com.unity.render-pipelines.universal/Editor/ShaderGraph/Includes/Terrain/PBRForwardPass.hlsl using Guid(713d6952dfc661f44b856f1bfc9a4880) (ShaderIncludeImporter) -> (artifact id: '7529ed13cdd73ff6b73b931959ce436e') in 0.000265483 seconds
Start importing Packages/com.unity.render-pipelines.core/Runtime/PostProcessing/LensFlareOcclusionPermutation.cs.hlsl using Guid(81fe9e8731660404b8d68e384d6c03a9) (ShaderIncludeImporter) -> (artifact id: '117c192bc1ebf39adffd68d625745dae') in 0.000234639 seconds
Start importing Packages/com.unity.render-pipelines.core/Runtime/Sampling/Common.hlsl using Guid(91796a9618276ff42930ee05801207aa) (ShaderIncludeImporter) -> (artifact id: 'b85205fcbe0b78e3391fab41ffc501a8') in 0.000233956 seconds
Start importing Packages/com.unity.cloud.gltfast/Runtime/Shader/Built-In/glTFIncludes/glTFUnityStandardCoreForward.cginc using Guid(919a7c90a60cf42689edaf61f0243ea9) (ShaderIncludeImporter) -> (artifact id: '90aad8a18a97b400b91eaf880c60fb35') in 0.000258086 seconds
Start importing Packages/com.unity.render-pipelines.universal/ShaderLibrary/UniversalDOTSInstancing.hlsl using Guid(91bd1404255c4cb28a6c81f20300308f) (ShaderIncludeImporter) -> (artifact id: 'cbc46a1be732a58c87f4106e707f2bc0') in 0.00021932 seconds
Start importing Packages/com.unity.render-pipelines.core/ShaderLibrary/AmbientProbe.hlsl using Guid(a1a94b80a0038af4484e8122c5df419e) (ShaderIncludeImporter) -> (artifact id: 'cb8f629343b1a24ab991c72e064c4fc1') in 0.051465104 seconds
Start importing Packages/com.unity.render-pipelines.core/ShaderLibrary/VertexCubeSlicing.hlsl using Guid(b19e52fd23b5c7549b05da06be1b1614) (ShaderIncludeImporter) -> (artifact id: 'd3c11a4c2f9c2d7930f38a990c273b6c') in 0.00036856 seconds
Start importing Packages/com.unity.shadergraph/Editor/Generation/Targets/Fullscreen/Includes/FullscreenBlit.hlsl using Guid(c1931467a12255f489f3c72e4aa99ade) (ShaderIncludeImporter) -> (artifact id: '3dcd8326fa90636cf818d82c46fb1928') in 0.000269309 seconds
Start importing Packages/com.unity.shadergraph/Editor/Generation/Targets/BuiltIn/Editor/ShaderGraph/Templates/SharedCode.template.hlsl using Guid(d1c01b917a304614daf4994f4ca27e6d) (ShaderIncludeImporter) -> (artifact id: '0bf7a13027de60fa871fdd0015ba89db') in 0.000255896 seconds
Start importing Packages/com.unity.render-pipelines.core/ShaderLibrary/UnityInstancing.hlsl using Guid(e1cfc5ca61db3d448825f316ff92cb0b) (ShaderIncludeImporter) -> (artifact id: 'a8fb22e0b3f07d881a64078d4b66a813') in 0.000243216 seconds
Start importing Packages/com.unity.shadergraph/Editor/Generation/Targets/BuiltIn/Editor/ShaderGraph/Includes/BuildInputData.hlsl using Guid(f1a1da3eef3aa834d9c94eb0a5c04358) (ShaderIncludeImporter) -> (artifact id: '45864237a931476765752a829de100f1') in 0.000257409 seconds
Start importing Packages/com.unity.render-pipelines.core/Runtime/UnifiedRayTracing/Common.hlsl using Guid(f1fa02d2f89398244bd06abebd7e1840) (ShaderIncludeImporter) -> (artifact id: '2e6cc6c1656d9ea9b857a522cc1348b1') in 0.000232579 seconds
Start importing Packages/com.unity.render-pipelines.core/ShaderLibrary/DynamicScaling.hlsl using Guid(024209fcf73c38243ae3b71c8955f187) (ShaderIncludeImporter) -> (artifact id: '3d8dedb1f92ea079235990bbf993a3e9') in 0.000239524 seconds
Start importing Packages/com.unity.shadergraph/Editor/Generation/Targets/BuiltIn/Editor/ShaderGraph/Includes/PBRDeferredPass.hlsl using Guid(12263a5b80a209c44ae6188994252ecd) (ShaderIncludeImporter) -> (artifact id: '39906155d6c2a3d344fac87d9b8adc28') in 0.000242136 seconds
Start importing Packages/com.unity.cloud.gltfast/Runtime/Shader/Built-In/glTFIncludes/glTFUnityStandardInput.cginc using Guid(22fcb7fc782bb4f8eaf2525eb63660b6) (ShaderIncludeImporter) -> (artifact id: '14f6c660313e849a10a8dfc85a01884b') in 0.000239391 seconds
Start importing Packages/com.unity.shadergraph/Editor/Generation/Targets/BuiltIn/ShaderLibrary/SSAO.hlsl using Guid(225d6e653df7a2440a907ddd6d2dd1fc) (ShaderIncludeImporter) -> (artifact id: 'e8da4dc2e3583508d48729630af05f67') in 0.000245499 seconds
Start importing Packages/com.unity.shadergraph/Editor/Generation/Targets/BuiltIn/Editor/ShaderGraph/Includes/PBRForwardAddPass.hlsl using Guid(32b23321ec58ddc4e88879d693256c3a) (ShaderIncludeImporter) -> (artifact id: '78fa21cd7e095dd1e39b74c0b280a710') in 0.000259402 seconds
Start importing Packages/com.unity.render-pipelines.core/ShaderLibrary/SDF2D.hlsl using Guid(325b1a823e35d84478e89669f808ecb9) (ShaderIncludeImporter) -> (artifact id: '8e7abacd98b635045657d550b80af0ac') in 0.000228767 seconds
Start importing Packages/com.unity.render-pipelines.universal/ShaderLibrary/Debug/DebuggingFullscreen.hlsl using Guid(4203f0a40f114a18a614d8fa38c29be9) (ShaderIncludeImporter) -> (artifact id: 'a7952aa8b25986bd598716f03f5f9ffc') in 0.0002331 seconds
Start importing Packages/com.unity.shadergraph/Editor/Generation/Targets/BuiltIn/ShaderLibrary/Particles.hlsl using Guid(4273cde13e0f6f9428ee53ed68036d6a) (ShaderIncludeImporter) -> (artifact id: '07c80900ea7d55a752cc8555ea18a8a2') in 0.000233705 seconds
Start importing Packages/com.unity.render-pipelines.universal/Editor/2D/ShaderGraph/Includes/MeshNormalPass.hlsl using Guid(523042f52a938dd469d367936b00da21) (ShaderIncludeImporter) -> (artifact id: '8938139760ce25804f666acbb6178698') in 0.000236509 seconds
Start importing Packages/com.unity.shadergraph/ShaderGraphLibrary/LODDitheringTransition.hlsl using Guid(5248225944112fb418a213fa587fe10d) (ShaderIncludeImporter) -> (artifact id: '5a7c107ad0e8807ef6c3b8f56123a85b') in 0.000238293 seconds
Start importing Packages/com.unity.render-pipelines.core/Runtime/STP/STP.cs.hlsl using Guid(62ccbd1f548f598418c8662d9f7da3ee) (ShaderIncludeImporter) -> (artifact id: 'df9c346b77d143586b9418f3d074489d') in 0.000238622 seconds
Start importing Packages/com.unity.render-pipelines.universal/ShaderLibrary/UnityGBuffer.deprecated.hlsl using Guid(726f208616c14aa6a29cfa28e9f028dd) (ShaderIncludeImporter) -> (artifact id: 'acb87652b4d5b36c1b3ed85c6c49acaa') in 0.00023642 seconds
Start importing Packages/com.unity.render-pipelines.universal/ShaderLibrary/Unlit.hlsl using Guid(823e07282e194f119e8032f1555676ee) (ShaderIncludeImporter) -> (artifact id: '4492947ff33d0fb8f3d0ee416f791683') in 0.000294468 seconds
Start importing Packages/com.unity.render-pipelines.universal/Shaders/LitGBufferPass.hlsl using Guid(92673cbb58cac8e4d8b5d044ce912dd8) (ShaderIncludeImporter) -> (artifact id: 'da94a980b7f0a979d657269f6769b25b') in 0.000312514 seconds
Start importing Packages/com.unity.render-pipelines.universal/ShaderLibrary/DeclareNormalsTexture.hlsl using Guid(92a8a2733f9d18a44aad998449c6ee51) (ShaderIncludeImporter) -> (artifact id: '330219838c2d22ff78774201555f24c4') in 0.000350526 seconds
Start importing Packages/com.unity.render-pipelines.universal/ShaderLibrary/MotionVectorsCommon.hlsl using Guid(a20568904d9c412459181938be987e12) (ShaderIncludeImporter) -> (artifact id: '3d88cfd1699bf9bfb464e46fbf1a64da') in 0.000268446 seconds
Start importing Packages/com.unity.render-pipelines.core/Runtime/PostProcessing/Shaders/LensFlareCommon.hlsl using Guid(a279154a65cb87e46a9922aeaf9b7bc4) (ShaderIncludeImporter) -> (artifact id: '3226eacfd8eda349d090cc16516b9082') in 0.000259241 seconds
Start importing Packages/com.unity.render-pipelines.universal/ShaderLibrary/Input.hlsl using Guid(b2555155ead696140913bef1ec93adf0) (ShaderIncludeImporter) -> (artifact id: 'f7d99524e37c67feebc9894512a9553d') in 0.000237549 seconds
Start importing Packages/com.unity.render-pipelines.universal/Shaders/Nature/SpeedTreeUtility.hlsl using Guid(c245162389fbe944dbc0d721bee26fe0) (ShaderIncludeImporter) -> (artifact id: '7e9da17f72b50f17948a72ff0169c1a4') in 0.000242284 seconds
Start importing Packages/com.unity.render-pipelines.core/Runtime/GPUDriven/InstanceData/InstanceWindDataUpdateDefs.cs.hlsl using Guid(f267e53cd6dfdee4c820be8c35548ffe) (ShaderIncludeImporter) -> (artifact id: '425137d45b59e7a8d86cb555cc1d7e5c') in 0.000230986 seconds
Start importing Packages/com.unity.render-pipelines.core/Runtime/UnifiedRayTracing/Compute/RadeonRays/kernels/intersect_structures.hlsl using Guid(f20cb86c2d6c414d9ff78df5fc04cd1d) (ShaderIncludeImporter) -> (artifact id: 'fe354a97d7673ddb942b5c5a66941454') in 0.000234247 seconds
Start importing Packages/com.unity.render-pipelines.core/ShaderLibrary/EntityLighting.hlsl using Guid(0303be75670325342b4bf5697686e77b) (ShaderIncludeImporter) -> (artifact id: 'b1dae7f1bd7ca9dcb96bd9220d49564d') in 0.000223518 seconds
Start importing Packages/com.unity.render-pipelines.universal/Editor/Terrain/TerrainBaseMapGenPass.hlsl using Guid(038de1c4d210733429acda9d6f95d183) (ShaderIncludeImporter) -> (artifact id: '2bc6ef567f3ba5599a1096f0dc394936') in 0.000219977 seconds
Start importing Packages/com.unity.render-pipelines.core/Runtime/GPUDriven/OcclusionCullingCommon.hlsl using Guid(13f1cda4ab8412041ac157181fa6e421) (ShaderIncludeImporter) -> (artifact id: '9508e71b0e339780597973dd9a9582a6') in 0.00022564 seconds
Start importing Packages/com.unity.render-pipelines.universal/Shaders/UnlitMetaPass.hlsl using Guid(138efaf7fb432134da44d5a4981a62ad) (ShaderIncludeImporter) -> (artifact id: '27c03322e925e28021de970d5d5008c2') in 0.000233271 seconds
Start importing Packages/com.unity.render-pipelines.universal/Editor/ShaderGraph/Includes/ShaderPassDecal.hlsl using Guid(131f64991fbd3cb4286f7fbc05dcf29e) (ShaderIncludeImporter) -> (artifact id: '0cd75daeb71a568e565cf195bc4e71c1') in 0.000231244 seconds
Start importing Packages/com.unity.cloud.gltfast/Runtime/Shader/Built-In/glTFIncludes/glTFUnityStandardMeta.cginc using Guid(23e02a8538d6f478793725d6e1194956) (ShaderIncludeImporter) -> (artifact id: '73774f7eb0b06765595f32b5dab607df') in 0.000219522 seconds
Start importing Packages/com.unity.render-pipelines.core/ShaderLibrary/Color.hlsl using Guid(23284bbc36146a94995a8a08e61f4e73) (ShaderIncludeImporter) -> (artifact id: '015cd738248042058fd6ee734aee60b0') in 0.000239429 seconds
Start importing Packages/com.unity.render-pipelines.core/Runtime/Vrs/Shaders/VrsTileSize.hlsl using Guid(234c0613ab6043a7852e6ab1a268352a) (ShaderIncludeImporter) -> (artifact id: 'e099b766c6a28593e25302ed78116b05') in 0.00022924 seconds
Start importing Packages/com.unity.render-pipelines.core/ShaderLibrary/TextureXR.hlsl using Guid(33098eef498723540b0b7705cf69a338) (ShaderIncludeImporter) -> (artifact id: '02f327cfded0cf12eb10ca5c2b88e256') in 0.00022252 seconds
Start importing Packages/com.unity.shadergraph/ShaderGraphLibrary/Nature/SpeedTreeCommon.hlsl using Guid(33eafb83c6bce0842b6887eebaf95436) (ShaderIncludeImporter) -> (artifact id: '0c90e2270419636f447db87e4559bb7c') in 0.000221138 seconds
Start importing Packages/com.unity.shadergraph/Editor/Generation/Templates/BuildVertexDescriptionInputs.template.hlsl using Guid(430a733c64a5c474787ac95203c2056b) (ShaderIncludeImporter) -> (artifact id: '632e7b0be9eb0285bfb6ca5e144f6648') in 0.000233886 seconds
Start importing Packages/com.unity.render-pipelines.core/ShaderLibrary/ScreenCoordOverride.hlsl using Guid(435c74ddc7b1fd744b934a196d6d3d82) (ShaderIncludeImporter) -> (artifact id: '3c801ef6f5a5fc5018b9d8ba96c9a3fb') in 0.000228718 seconds
Start importing Packages/com.unity.render-pipelines.core/Editor/Lighting/ProbeVolume/ProbePlacement.cs.hlsl using Guid(53a7b15acf3ceaf41b7f56dbca27f6c8) (ShaderIncludeImporter) -> (artifact id: '08db22b4bfa26ac4b7a01b4502685e2b') in 0.000221384 seconds
Start importing Packages/com.unity.render-pipelines.universal/ShaderLibrary/Core.hlsl using Guid(53686bf58189656459fca4c6ab04ebe5) (ShaderIncludeImporter) -> (artifact id: 'c2a256c307b5782ec860ef8f8ca4dcd6') in 0.000216408 seconds
Start importing Packages/com.unity.render-pipelines.core/ShaderLibrary/Macros.hlsl using Guid(6300b0e79f5d15e499b9d6b5d23ca01b) (ShaderIncludeImporter) -> (artifact id: '89c1ea0ea21c7eca6fbf3a2fdd2209c1') in 0.000234383 seconds
Start importing Packages/com.unity.render-pipelines.core/ShaderLibrary/Sampling/Fibonacci.hlsl using Guid(63275e6ba7e477f43a376217dc2e147f) (ShaderIncludeImporter) -> (artifact id: '67b0d854f445c108f2686ff5563325a2') in 0.000227039 seconds
Start importing Packages/com.unity.render-pipelines.universal/Shaders/Particles/ParticlesDepthNormalsPass.hlsl using Guid(637c27b6fe6224a06b2b066769d0a6e6) (ShaderIncludeImporter) -> (artifact id: 'ce3976ce067acbfa6db18e48d95f1f27') in 0.000229463 seconds
Start importing Packages/com.unity.render-pipelines.core/ShaderLibrary/MostRepresentativePoint.hlsl using Guid(73b08ea164ce48f382a510231156102f) (ShaderIncludeImporter) -> (artifact id: 'c27c07d654ffbc3e8d081c64ce49b649') in 0.000222711 seconds
Start importing Packages/com.unity.render-pipelines.universal/Editor/ShaderGraph/Includes/UnlitGBufferPass.hlsl using Guid(73b8a22390b7d43f7803cb609e674fe6) (ShaderIncludeImporter) -> (artifact id: '6212ed7d88f11bc2cada00cb4474faf9') in 0.000232919 seconds
Start importing Packages/com.unity.render-pipelines.universal/Runtime/VFXGraph/Shaders/VFXDefines.hlsl using Guid(730c9c8a21ae0a64aba043694dfacca7) (ShaderIncludeImporter) -> (artifact id: 'd7e5c7930f9b3f2a8524a57c28e40bf1') in 0.000230725 seconds
Start importing Packages/com.unity.render-pipelines.universal/Shaders/Utils/StencilDeferred.hlsl using Guid(83384e2d6206c8649ba879ec271c4254) (ShaderIncludeImporter) -> (artifact id: 'c1741e4057de1bf64c03aadb353fa034') in 0.00025061 seconds
Start importing Packages/com.unity.render-pipelines.core/Runtime/UnifiedRayTracing/Common/GeometryPool/GeometryPool.hlsl using Guid(839bff092489da0498be737d665c0665) (ShaderIncludeImporter) -> (artifact id: '0f747fb3b49abea30d27dae0e425e445') in 0.000264363 seconds
Start importing Packages/com.unity.render-pipelines.universal/Editor/Terrain/BuildTerrainVertexDescriptionInputs.template.hlsl using Guid(93d037989b854c24d8f2a8284a46acf3) (ShaderIncludeImporter) -> (artifact id: 'fff04758706545f29a29e6aa3b4f29ae') in 0.000432861 seconds
Start importing Packages/com.unity.render-pipelines.universal/ShaderLibrary/SSAO.hlsl using Guid(930a5f40803cb414b84db9a1889f890c) (ShaderIncludeImporter) -> (artifact id: '07aa601dd1b5fa522ae19095c9ec731b') in 0.000233695 seconds
Start importing Packages/com.unity.render-pipelines.core/ShaderLibrary/CommonLighting.hlsl using Guid(93bbf250faa37d446990b9501e7fb7e8) (ShaderIncludeImporter) -> (artifact id: '456184ffa1aac50844df96c27470d6f5') in 0.000257685 seconds
Start importing Packages/com.unity.render-pipelines.universal/Shaders/2D/Include/LightingUtility.hlsl using Guid(931e5ffca47cea54783e99bf989216b5) (ShaderIncludeImporter) -> (artifact id: 'de11e4cf930f153bed4eb851bdd12e74') in 0.000229786 seconds
Start importing Packages/com.unity.render-pipelines.universal/Shaders/Particles/ParticlesUnlitForwardPass.hlsl using Guid(a361552991159403bbd785132d5cb812) (ShaderIncludeImporter) -> (artifact id: '52a85ab96af1c284fa587292ab9c5139') in 0.000227338 seconds
Start importing Packages/com.unity.render-pipelines.universal/Shaders/Particles/ParticlesLitInput.hlsl using Guid(a3129e299d0744bb7bd42c2cea7cea2b) (ShaderIncludeImporter) -> (artifact id: '07cd3142f6a328b4dd50dca631586f08') in 0.000225681 seconds
Start importing Packages/com.unity.render-pipelines.universal/Runtime/RendererFeatures/SurfaceCacheGI/SurfaceCacheCore/PathTracing.hlsl using Guid(a30369464edbd71488d5d8fdb678695f) (ShaderIncludeImporter) -> (artifact id: 'f7ebf7be920621d9b1a23202f85aceea') in 0.000228514 seconds
Start importing Packages/com.unity.render-pipelines.core/ShaderLibrary/FoveatedRenderingKeywords.hlsl using Guid(c32bc6ee3c5a47b5829b4db408c79d3b) (ShaderIncludeImporter) -> (artifact id: '3636aebe82927ae6c83865486e890237') in 0.000233799 seconds
Start importing Packages/com.unity.render-pipelines.core/Runtime/Sampling/PathTracingSampler.hlsl using Guid(d330e4a95eccc4eb9bb75e79bc736ce7) (ShaderIncludeImporter) -> (artifact id: '07ed77f5cb47022daf0b7b3903f04cef') in 0.000228114 seconds
Start importing Packages/com.unity.shadergraph/Editor/Generation/Templates/BuildSurfaceDescriptionInputs.template.hlsl using Guid(d3b47ff860a51904395688d633cb1018) (ShaderIncludeImporter) -> (artifact id: '7b9ae673321c46b5d652b213150448c3') in 0.00022961 seconds
Start importing Packages/com.unity.render-pipelines.core/Runtime/PostProcessing/Shaders/ffx/ffx_a.hlsl using Guid(e3711cae0eaec834eb4ae197be7dd569) (ShaderIncludeImporter) -> (artifact id: '5b2d0e34acc18bb27ea8115aac26ccf0') in 0.000272566 seconds
Start importing Packages/com.unity.render-pipelines.universal/ShaderLibrary/BRDF.hlsl using Guid(e325eaafb90d419598a94581ba3335a4) (ShaderIncludeImporter) -> (artifact id: '64658394d846b3e15fbc50a1c8b404f2') in 0.000237323 seconds
Start importing Packages/com.unity.render-pipelines.core/ShaderLibrary/Sampling/SampleUVMapping.hlsl using Guid(f3e4d64dcf820e040a738f576d8d1f79) (ShaderIncludeImporter) -> (artifact id: '5f21f15e095bbfcfbbc9a03fb99f9c84') in 0.000226962 seconds
Start importing Packages/com.unity.render-pipelines.universal/Shaders/Nature/SpeedTree7Passes.hlsl using Guid(f3f941933e171854386001194281536f) (ShaderIncludeImporter) -> (artifact id: '2ccf47dc516883e7023e9e85554447d0') in 0.000224878 seconds
Start importing Packages/com.unity.render-pipelines.universal/Shaders/BakedLitMetaPass.hlsl using Guid(f31bf343921b848fa8e5cde15f1dbaab) (ShaderIncludeImporter) -> (artifact id: '0b1fdd55f93155bd1a35dadc29a47b5e') in 0.000224563 seconds
Start importing Packages/com.unity.render-pipelines.core/ShaderLibrary/FoveatedRendering.hlsl using Guid(f36f5598be293c04db2a21f9e7463518) (ShaderIncludeImporter) -> (artifact id: '2bf3bec41aed5f0138582dd0cd46c47b') in 0.00023646 seconds
Start importing Packages/com.unity.render-pipelines.core/Runtime/UnifiedRayTracing/Bindings.hlsl using Guid(047623a35563f0e45bbfce747454416c) (ShaderIncludeImporter) -> (artifact id: 'd6dcf6cadb62096fa0d104f4fe471e03') in 0.000231472 seconds
Start importing Packages/com.unity.render-pipelines.universal/Runtime/VFXGraph/Shaders/VFXLit.hlsl using Guid(045a06f7c76196a43a929d2a916c7d95) (ShaderIncludeImporter) -> (artifact id: 'a62bcb0fc43aff1f72f08bdee603d4d7') in 0.000234417 seconds
Start importing Packages/com.unity.render-pipelines.core/ShaderLibrary/API/GLES3.hlsl using Guid(14a46e0dac04a0245b3f95359167b663) (ShaderIncludeImporter) -> (artifact id: '242e3876f0e365494e69183dc91034c2') in 0.000221555 seconds
Start importing Packages/com.unity.shadergraph/Editor/Generation/Targets/BuiltIn/ShaderLibrary/Lighting.hlsl using Guid(14bcae32932007341a82b552c24738fd) (ShaderIncludeImporter) -> (artifact id: '2afdc64e829e49fb80339ef9779adc96') in 0.000243551 seconds
Start importing Packages/com.unity.render-pipelines.universal/ShaderLibrary/Debug/DebugViewEnums.cs.hlsl using Guid(448811f26ae38ae4cbb2edb0d2b9186c) (ShaderIncludeImporter) -> (artifact id: '74c95890c202779f329cf6bb5229bca2') in 0.00023219 seconds
Start importing Packages/com.unity.render-pipelines.core/ShaderLibrary/CommonMaterial.hlsl using Guid(540178d5ddc29e74da771e38536aee22) (ShaderIncludeImporter) -> (artifact id: '465a2d9ca56f9557477c6a98f7ba65ad') in 0.000227416 seconds
Start importing Packages/com.unity.shadergraph/Editor/Generation/Targets/BuiltIn/Editor/ShaderGraph/Includes/LegacySurfaceVertex.hlsl using Guid(5461cde96a0881146aed77bccd1c72ec) (ShaderIncludeImporter) -> (artifact id: 'f89c2729cfa7c8f942d4ef3738c784b5') in 0.000221093 seconds
Start importing Packages/com.unity.shadergraph/Editor/Generation/Targets/Fullscreen/Includes/FullscreenCommon.hlsl using Guid(54f14acd1960c2a459a0fcd6c959938d) (ShaderIncludeImporter) -> (artifact id: '4703562ff5bd660eeb6a579fc33512e9') in 0.000233322 seconds
Start importing Packages/com.unity.render-pipelines.core/ShaderLibrary/Filtering.hlsl using Guid(54ca0b3b7814f804aac1450b38477c74) (ShaderIncludeImporter) -> (artifact id: '9b44bad3b320edabad789b8a955d3ae6') in 0.000240679 seconds
Start importing Packages/com.unity.render-pipelines.universal/ShaderLibrary/SurfaceInput.hlsl using Guid(546b9685ee7cc0941afd734baa08db2a) (ShaderIncludeImporter) -> (artifact id: 'e01ecd216b69a380356a94dfa1bd697a') in 0.000229902 seconds
Start importing Packages/com.unity.render-pipelines.universal/Editor/ShaderGraph/Includes/DecalMeshBiasTypeEnum.cs.hlsl using Guid(6483447b285419e4b89f8a853712e1ab) (ShaderIncludeImporter) -> (artifact id: '13788609ee3e530eb7e386fe3a5522e2') in 0.000258633 seconds
Start importing Packages/com.unity.render-pipelines.core/ShaderLibrary/ShaderDebugPrint.hlsl using Guid(6487e82b005541789deacb92eaa88bed) (ShaderIncludeImporter) -> (artifact id: '9df46d4723211796452a6ff53f434039') in 0.000247963 seconds
Start importing Packages/com.unity.render-pipelines.universal/Shaders/Terrain/TerrainDetailLitPasses.hlsl using Guid(749e1c2d203942319da1fdb1d94c5f2a) (ShaderIncludeImporter) -> (artifact id: 'b6111819b6b00b4ce7c3a41816d653d7') in 0.000241479 seconds
Start importing Packages/com.unity.render-pipelines.universal/Runtime/RendererFeatures/SurfaceCacheGI/SurfaceCacheCore/PathTracingMaterials.hlsl using Guid(8441f2d912ff46d418f324f16d4540c1) (ShaderIncludeImporter) -> (artifact id: 'a60375c41e2fe300bde942c4ca6e875d') in 0.000261058 seconds
Start importing Packages/com.unity.render-pipelines.core/Runtime/Sampling/SamplingResources.hlsl using Guid(a4f17041120a6f24c8d78d484c813aec) (ShaderIncludeImporter) -> (artifact id: '11c2293da77393bb0ff38da578dad87b') in 0.000259567 seconds
Start importing Packages/com.unity.render-pipelines.universal/ShaderLibrary/Debug/DebuggingCommon.hlsl using Guid(a419d344c87843af8e1ce2e8c571fcb6) (ShaderIncludeImporter) -> (artifact id: 'cbdbce475911215b7ad04a065144a717') in 0.000243755 seconds
Start importing Packages/com.unity.render-pipelines.universal/Shaders/Terrain/WavingGrassPasses.hlsl using Guid(b4bc78a1364154f15b718a412e9710b6) (ShaderIncludeImporter) -> (artifact id: '059c9cdb36269e647e1851718c299aeb') in 0.000245773 seconds
Start importing Packages/com.unity.render-pipelines.universal/Shaders/LitInput.hlsl using Guid(c46f85bf266d7496d9b3659acfbdc711) (ShaderIncludeImporter) -> (artifact id: '79d9d667344da248ee273844adaeb685') in 0.000225441 seconds
Start importing Packages/com.unity.render-pipelines.universal/Runtime/RendererFeatures/SurfaceCacheGI/SurfaceCacheCore/VectorLogic.hlsl using Guid(d4da391a9b2648a980105cdee7aba311) (ShaderIncludeImporter) -> (artifact id: '6e649a2e8a9f823321447110317b2ead') in 0.000228007 seconds
Start importing Packages/com.unity.render-pipelines.core/Runtime/Lighting/ProbeVolume/ProbeVolumeBlendStates.hlsl using Guid(e478f7f7b57c7ab46a2933b408f63161) (ShaderIncludeImporter) -> (artifact id: '826b28742c9d4e4aa3b575afc0abd720') in 0.000235288 seconds
Start importing Packages/com.unity.render-pipelines.core/ShaderLibrary/API/Metal.hlsl using Guid(f4d51e77f119d4dc8899ff02b46bb621) (ShaderIncludeImporter) -> (artifact id: 'a7452f5faa5f394b0cbc174e56ed4abf') in 0.000234719 seconds
Start importing Packages/com.unity.render-pipelines.core/ShaderLibrary/Sampling/Sampling.hlsl using Guid(f4c850bea2c5d45449ba8e228333c82c) (ShaderIncludeImporter) -> (artifact id: 'c6f22666467a1913aa7a5ee000d91863') in 0.000233336 seconds
Start importing Packages/com.unity.render-pipelines.core/ShaderLibrary/API/Vulkan.hlsl using Guid(05a00b34d7740a643a8a6de19c6d9aa6) (ShaderIncludeImporter) -> (artifact id: 'cf4a9f0ea85774ab6ef81e18e330be34') in 0.000226705 seconds
Start importing Packages/com.unity.render-pipelines.universal/Shaders/2D/Include/InputData2D.hlsl using Guid(15c09e9f82634f5881e6676d62f25bcb) (ShaderIncludeImporter) -> (artifact id: '161e1a2c6929b3c12a52882f37b2aba7') in 0.00021432 seconds
Start importing Packages/com.unity.render-pipelines.core/ShaderLibrary/PhysicalCamera.hlsl using Guid(259e4e1d42f9302459819d218966a11c) (ShaderIncludeImporter) -> (artifact id: '58657bcef39ca300673eb76a02080f96') in 0.000219373 seconds
Start importing Packages/com.unity.shadergraph/Editor/Generation/Targets/BuiltIn/Editor/ShaderGraph/Includes/ShadowCasterPass.hlsl using Guid(35c8158e574671d43b32c60a61df1b0f) (ShaderIncludeImporter) -> (artifact id: '8b917fc134770d558a385ec32822a173') in 0.000230442 seconds
Start importing Packages/com.unity.render-pipelines.core/Runtime/UnifiedRayTracing/Compute/RadeonRays/kernels/bvh2il.hlsl using Guid(4541f1bb75b10ac4597809e3016f3026) (ShaderIncludeImporter) -> (artifact id: '22fe95e476e1e01e84b9ff3148fcf0e1') in 0.000414117 seconds
Start importing Packages/com.unity.render-pipelines.universal/Shaders/Nature/SpeedTree7CommonInput.hlsl using Guid(55e6929e00a20d64eadff49d59e097db) (ShaderIncludeImporter) -> (artifact id: '9cdca858a44dc82e77a68cb26686201b') in 0.000254617 seconds
Start importing Packages/com.unity.shadergraph/Editor/Generation/Targets/BuiltIn/Editor/ShaderGraph/Includes/ShaderPass.hlsl using Guid(65e35b38e39fde248977f1e9a8ec2e10) (ShaderIncludeImporter) -> (artifact id: 'ced89eb0a1e8cb8214937d7b8bef88ac') in 0.000231902 seconds
Start importing Packages/com.unity.render-pipelines.universal/ShaderLibrary/UnityInput.hlsl using Guid(6564342aa7c6ca44a86b97323a311d74) (ShaderIncludeImporter) -> (artifact id: '4beb49bad9e4a7b77fccd4f5f2959f2d') in 0.000233446 seconds
Start importing Packages/com.unity.render-pipelines.core/Editor/Lighting/ProbeVolume/VoxelizeScene.hlsl using Guid(7530ec596e48f41e2bc1cc954be9b805) (ShaderIncludeImporter) -> (artifact id: '78635e517d88ad23ae60c4c31f083bfd') in 0.000238505 seconds
Start importing Packages/com.unity.render-pipelines.universal/Shaders/Nature/SpeedTree7CommonPasses.hlsl using Guid(85f7860cf76171b438c51eb5fcd238ce) (ShaderIncludeImporter) -> (artifact id: '92b982b93debc4638ec9e430cb9e430e') in 0.000226635 seconds
Start importing Packages/com.unity.shadergraph/Editor/Generation/Targets/BuiltIn/ShaderLibrary/UnityGBuffer.hlsl using Guid(951755fce4d8bae4ca6cfbe7908e1149) (ShaderIncludeImporter) -> (artifact id: '459df165b451296ddff8c058b9a6e419') in 0.000227613 seconds
Start importing Packages/com.unity.render-pipelines.universal-config/Runtime/ShaderConfig.cs.hlsl using Guid(956ff25f08f5e1d4a9ffc96f5803d5a1) (ShaderIncludeImporter) -> (artifact id: 'eb27e6ad7306f78a0c98f9bc6ba90697') in 0.000245069 seconds
Start importing Packages/com.unity.render-pipelines.core/Runtime/GPUDriven/OcclusionCullingCommonShaderVariables.cs.hlsl using Guid(a5ea6c3e82289ce4d8ea0b60a96b1ee2) (ShaderIncludeImporter) -> (artifact id: 'a112cb6144114d3626072cc17f68ef36') in 0.000240227 seconds
Start importing Packages/com.unity.render-pipelines.core/ShaderLibrary/Common.hlsl using Guid(a57f9f83ea626ae45b402953fe637268) (ShaderIncludeImporter) -> (artifact id: 'cd3174d94281f8cd36f910f78ba427f4') in 0.000230626 seconds
Start importing Packages/com.unity.render-pipelines.core/ShaderLibrary/ACES.hlsl using Guid(b52d68e305b98a94bac88855d8ea5936) (ShaderIncludeImporter) -> (artifact id: '176191ae28163d3f27e89e384a1a2175') in 0.000242429 seconds
Start importing Packages/com.unity.render-pipelines.core/ShaderLibrary/GraniteShaderLibBase.hlsl using Guid(c5520328ccc5d6c4e8a923677cbb21cf) (ShaderIncludeImporter) -> (artifact id: '77ad9bcb2cac851a8bc6fa599cac3bdc') in 0.000249296 seconds
Start importing Packages/com.unity.cloud.gltfast/Runtime/Shader/Built-In/glTFIncludes/glTFUnityStandardCoreForwardSimple.cginc using Guid(c57490bb2a74e4ed89522038739cc471) (ShaderIncludeImporter) -> (artifact id: '5be2429095cfd01c714436f95fd25501') in 0.000231687 seconds
Start importing Packages/com.unity.render-pipelines.core/Runtime/Utilities/Blit.hlsl using Guid(d55706914cfa84431bb4f9277ebd1054) (ShaderIncludeImporter) -> (artifact id: '180c9211917b736bb830a0291e538622') in 0.000227979 seconds
Start importing Packages/com.unity.render-pipelines.universal/ShaderLibrary/SixWayLighting.hlsl using Guid(d5c9d8a733254102b894def0429c24c4) (ShaderIncludeImporter) -> (artifact id: 'ee38984d55f64f406d0e83a9ffa0fc91') in 0.000228886 seconds
Start importing Packages/com.unity.render-pipelines.universal/Editor/ShaderGraph/Includes/PBRGBufferPass.hlsl using Guid(f562fc45f8fc5434a96065e20892eff9) (ShaderIncludeImporter) -> (artifact id: '9bb6c226b3dce4afa3131cc130b894c9') in 0.000223166 seconds
Start importing Packages/com.unity.render-pipelines.core/ShaderLibrary/SpaceFillingCurves.hlsl using Guid(063144fddd2c1be41b9d09dec6314fc7) (ShaderIncludeImporter) -> (artifact id: '1004bb81984830596d8a0d55d3c9d2f0') in 0.00023468 seconds
Start importing Packages/com.unity.render-pipelines.universal/Shaders/Nature/SpeedTree8Passes.hlsl using Guid(0613a5abac2db2247bdcd7380e98bba1) (ShaderIncludeImporter) -> (artifact id: 'f01dfdecdba3b147a5f99358b7c7410a') in 0.000234008 seconds
Start importing Packages/com.unity.render-pipelines.universal/Editor/ShaderGraph/Includes/CanvasPass.hlsl using Guid(0618e9bb046736646afe2346a3813db4) (ShaderIncludeImporter) -> (artifact id: '65f0473640811a64b01f1649ca38074d') in 0.000234476 seconds
Start importing Packages/com.unity.shadergraph/Editor/Generation/Targets/BuiltIn/ShaderLibrary/Shim/InputsShim.hlsl using Guid(160030f5e9c5e9b43bfd7646d5712b8a) (ShaderIncludeImporter) -> (artifact id: 'e38ec1e66ac41dcddb426c539467f8bf') in 0.000224108 seconds
Start importing Packages/com.unity.shadergraph/Editor/Generation/Targets/Fullscreen/Templates/SharedCode.template.hlsl using Guid(16201fed0715efa48a8908fedb361bf0) (ShaderIncludeImporter) -> (artifact id: '39ae7fb5e44edae5c7e1f09fd31f5f2d') in 0.000219117 seconds
Start importing Packages/com.unity.shadergraph/ShaderGraphLibrary/PreviewVaryings.hlsl using Guid(1634e4cba986f4a4aabc82c280e09d13) (ShaderIncludeImporter) -> (artifact id: '517b420a32138be80a6e1c29cd3e2712') in 0.000225024 seconds
Start importing Packages/com.unity.render-pipelines.universal/Runtime/RendererFeatures/SurfaceCacheGI/SurfaceCacheCore/PathTracingCommon.hlsl using Guid(26c202ba0499aad4387888eff3a31187) (ShaderIncludeImporter) -> (artifact id: '05c5871e32fe28834855ff1eaadf3961') in 0.000229934 seconds
Start importing Packages/com.unity.render-pipelines.core/Runtime/Lighting/ProbeVolume/ProbeReferenceVolume.Streaming.cs.hlsl using Guid(2675e3c7f72788145b4a5bc872a75211) (ShaderIncludeImporter) -> (artifact id: 'c6e477d10269b138a098bd1a257da760') in 0.000223856 seconds
Start importing Packages/com.unity.render-pipelines.core/ShaderLibrary/DebugMipmapStreaming.hlsl using Guid(369a40fd4db19d048ad2cf161cc89fcd) (ShaderIncludeImporter) -> (artifact id: '9347a9d4488ea9c341dfbc0a4ec9c80e') in 0.000232973 seconds
Start importing Packages/com.unity.render-pipelines.universal/Shaders/BakedLitInput.hlsl using Guid(463a8185744c2459f8e621f4e4eb74d3) (ShaderIncludeImporter) -> (artifact id: 'a3214aec7f08536da6900203e44668cb') in 0.000229411 seconds
Start importing Packages/com.unity.render-pipelines.core/Runtime/Sampling/SobolBluenoiseSampling.hlsl using Guid(563a0665ce2f07e419c80acd1ad6e1f0) (ShaderIncludeImporter) -> (artifact id: '67fbdf27158d955fe6bd3935d3f13bf0') in 0.000221597 seconds
Start importing Packages/com.unity.render-pipelines.core/Runtime/Utilities/GPUPrefixSum/GPUPrefixSum.Data.cs.hlsl using Guid(56dcfb5655d6cc74cb661e531de4bbdf) (ShaderIncludeImporter) -> (artifact id: '7b4cd810376705b9c6f3462f803389e4') in 0.000227584 seconds
Start importing Packages/com.unity.render-pipelines.universal/Runtime/RendererFeatures/SurfaceCacheGI/SurfaceCacheCore/RestirEstimation.hlsl using Guid(66f41beb195ccdf408b955566b037e9d) (ShaderIncludeImporter) -> (artifact id: '142cc5be793a105686b8d4e49387a668') in 0.000226667 seconds
Start importing Packages/com.unity.render-pipelines.core/Runtime/Lighting/ProbeVolume/DecodeSH.hlsl using Guid(6646f462aeb8278489c25fda24fd2db8) (ShaderIncludeImporter) -> (artifact id: 'e26a71bb6ee3037948c69b64e5154cc4') in 0.000229254 seconds
Start importing Packages/com.unity.render-pipelines.core/Runtime/UnifiedRayTracing/Compute/RadeonRays/kernels/triangle_mesh.hlsl using Guid(76757b5514dd6404dafc9fbe2566522d) (ShaderIncludeImporter) -> (artifact id: 'bba26e1a14001342016a3a6b62be9a97') in 0.000228175 seconds
Start importing Packages/com.unity.shadergraph/ShaderGraphLibrary/Functions.hlsl using Guid(76c5c0b7561134f0ca526e50f239a4a2) (ShaderIncludeImporter) -> (artifact id: 'fb9f2e7280bcbc323bec5c790618b27b') in 0.000223508 seconds
Start importing Packages/com.unity.render-pipelines.core/ShaderLibrary/VolumeRendering.hlsl using Guid(76b6dbce57ad3e647a01b5ad36f737a5) (ShaderIncludeImporter) -> (artifact id: 'f4c05a7ccb57a236c85a94925f7babe2') in 0.000228515 seconds
Start importing Packages/com.unity.render-pipelines.universal/ShaderLibrary/Lighting.hlsl using Guid(762f0a4829f44584ba01e2f0661150d9) (ShaderIncludeImporter) -> (artifact id: '6c63dfe35c19474719b92ec91d194832') in 0.000222992 seconds
Start importing Packages/com.unity.render-pipelines.universal/Shaders/BakedLitDepthNormalsPass.hlsl using Guid(9604e389528d04ae39fe05a7b4212172) (ShaderIncludeImporter) -> (artifact id: 'f008c16ae36e3177446511a4cbfe4522') in 0.000225089 seconds
Start importing Packages/com.unity.shadergraph/Editor/Generation/Targets/CustomRenderTexture/CustomTextureGraph.hlsl using Guid(96a8b300b2dfb474bb4fd8118749fdec) (ShaderIncludeImporter) -> (artifact id: '044b3165fda609191102d2a1ba89c728') in 0.000225796 seconds
Start importing Packages/com.unity.render-pipelines.core/ShaderLibrary/Version.hlsl using Guid(96eb0e7285e8ec64b9b711f1e6b78dea) (ShaderIncludeImporter) -> (artifact id: '433b9e977a90d01e871a0133898c81c4') in 0.000227272 seconds
Start importing Packages/com.unity.render-pipelines.universal/Shaders/SimpleLitDepthNormalsPass.hlsl using Guid(a63ccbef6bed14464a35b8a62ee9b775) (ShaderIncludeImporter) -> (artifact id: '7875d8d6c72e46e2bf55e059e7d3fa9a') in 0.000230587 seconds
Start importing Packages/com.unity.render-pipelines.core/ShaderLibrary/NormalSurfaceGradient.hlsl using Guid(b6ff088bebec9f941ae19a0086e4f097) (ShaderIncludeImporter) -> (artifact id: 'd006626f4b3a9fd9eb807ca6957e945e') in 0.000247717 seconds
Start importing Packages/com.unity.render-pipelines.core/ShaderLibrary/ParallaxMapping.hlsl using Guid(c6976b17260ed7d4ca3810ae8488f67f) (ShaderIncludeImporter) -> (artifact id: '4df7e0a7a01c4de0060eacf032a77323') in 0.000227646 seconds
Start importing Packages/com.unity.render-pipelines.universal/Shaders/LitDepthNormalsPass.hlsl using Guid(d6641dcdedd1f422aa58ffec746e5342) (ShaderIncludeImporter) -> (artifact id: 'f2c5341c5662c090bdac34f72cda4f2c') in 0.000232645 seconds
Start importing Packages/com.unity.render-pipelines.core/Runtime/Lighting/ProbeVolume/ProbeReferenceVolume.Debug.cs.hlsl using Guid(f6e06ceb4cc6a38458f4b614e8000dc8) (ShaderIncludeImporter) -> (artifact id: '86ecbcc56dc6ecc8002d61715141c556') in 0.000225076 seconds
Start importing Packages/com.unity.render-pipelines.universal/Runtime/RendererFeatures/SurfaceCacheGI/SurfaceCacheCore/RingBuffer.hlsl using Guid(f6915963f3bd8724b9def69a1ecdd73d) (ShaderIncludeImporter) -> (artifact id: '3985b6105dd117fe1b8811a24902927c') in 0.000218769 seconds
Start importing Packages/com.unity.render-pipelines.core/ShaderLibrary/SpaceTransforms.hlsl using Guid(07d22e3065efb5a489e5e2644df19bc7) (ShaderIncludeImporter) -> (artifact id: '62e85ed44f808449abeb8d83da45b386') in 0.000220412 seconds
Start importing Packages/com.unity.shadergraph/ShaderGraphLibrary/GeometricTools.hlsl using Guid(07d3f5482ecfe425f91b12cd32be4cbe) (ShaderIncludeImporter) -> (artifact id: 'f7dae6aa20f4d2735b653bbd8d01a834') in 0.000220512 seconds
Start importing Packages/com.unity.render-pipelines.universal/Editor/ShaderGraph/Includes/UnlitPass.hlsl using Guid(07da8e9cacb587246ade02755c273666) (ShaderIncludeImporter) -> (artifact id: 'aa34c9e08173dc9f65f41d6ed27a3652') in 0.000215488 seconds
Start importing Packages/com.unity.render-pipelines.core/ShaderLibrary/API/GLCore.hlsl using Guid(17e9ff94ac9e8aa4e81b23222a4dc205) (ShaderIncludeImporter) -> (artifact id: '30e6a1f4e483a770bcddf68b66356f67') in 0.000452913 seconds
Start importing Packages/com.unity.render-pipelines.universal/Editor/2D/ShaderGraph/Includes/SpriteUnlitPass.hlsl using Guid(172e304acf14e434e967133e7ee67273) (ShaderIncludeImporter) -> (artifact id: '138301af7ca03afdaff24b6fd89eb6f9') in 0.000243574 seconds
Start importing Packages/com.unity.render-pipelines.universal/Editor/ShaderGraph/Includes/PBRForwardPass.hlsl using Guid(2774e65a956f7428a9ba09fe1098e1eb) (ShaderIncludeImporter) -> (artifact id: 'd9f575aa5db2e3a8ac267f74a31c8ba3') in 0.000226219 seconds
Start importing Packages/com.unity.render-pipelines.core/ShaderLibrary/BC6H.hlsl using Guid(27d419a4917d0ea49978c236e058d464) (ShaderIncludeImporter) -> (artifact id: 'b175b05405675d4c79fefa46f7c8c385') in 0.000246381 seconds
Start importing Packages/com.unity.render-pipelines.core/ShaderLibrary/API/Switch2.hlsl using Guid(27b804a87c546b2429017809b12cd1c9) (ShaderIncludeImporter) -> (artifact id: '51b06e7383592489e5e1ce3e433c1888') in 0.000244525 seconds
Start importing Packages/com.unity.render-pipelines.core/Runtime/Sampling/PseudoRandom.hlsl using Guid(270be7a3bca5b4e038d7e90c1ca0f18c) (ShaderIncludeImporter) -> (artifact id: '5f053e747597ed078b37d9983fa9481f') in 0.000225694 seconds
Start importing Packages/com.unity.render-pipelines.core/ShaderLibrary/GlobalSamplers.hlsl using Guid(47ecc1e1971024be4a44aa322690660e) (ShaderIncludeImporter) -> (artifact id: '2b7d4275608c06d377e802691a801385') in 0.000219621 seconds
Start importing Packages/com.unity.render-pipelines.universal/Shaders/UnlitForwardPass.hlsl using Guid(574332cc54d34b3b96cd214f5febe833) (ShaderIncludeImporter) -> (artifact id: 'e2cf2bb16ada96214aa61ae8779b6a99') in 0.000226808 seconds
Start importing Packages/com.unity.render-pipelines.universal/ShaderLibrary/UniversalMetaPass.hlsl using Guid(573542356fb54fe4583ff78639189cf8) (ShaderIncludeImporter) -> (artifact id: '055eed10ded5189fad8e37cb5f71138d') in 0.000215332 seconds
Start importing Packages/com.unity.render-pipelines.universal/Shaders/Utils/Universal2D.hlsl using Guid(67e3e0cfa0204244683a6c506307f311) (ShaderIncludeImporter) -> (artifact id: '27910d759c79e21b1086472e8168fe91') in 0.000227555 seconds
Start importing Packages/com.unity.render-pipelines.universal/ShaderLibrary/ShaderVariablesFunctions.deprecated.hlsl using Guid(77a6d2810aa974e0bad8b56aec6e87f4) (ShaderIncludeImporter) -> (artifact id: '42db13cb2bc5fdfdf6c2cc63243c279d') in 0.000222815 seconds
Start importing Packages/com.unity.render-pipelines.universal/ShaderLibrary/GBufferOutputFormat.hlsl using Guid(87322610c9b88a64e8bce40c056d8116) (ShaderIncludeImporter) -> (artifact id: '1b24a2ef63c47cec4ce5844d25b21eb2') in 0.000226401 seconds
Start importing Packages/com.unity.shadergraph/Editor/Generation/Targets/BuiltIn/ShaderLibrary/Shadows.hlsl using Guid(87c2af44d69c0194687e11c33c85f6c2) (ShaderIncludeImporter) -> (artifact id: 'ffb46551ea43c0d8ebcca6f556893ff9') in 0.000234603 seconds
Start importing Packages/com.unity.render-pipelines.universal/Runtime/RendererFeatures/SurfaceCacheGI/SurfaceCacheCore/UniformEstimation.hlsl using Guid(87f25dcc02b54e84ab16e783d04d72d8) (ShaderIncludeImporter) -> (artifact id: 'a756107819a89a5065c22ef9a18e994b') in 0.000227307 seconds
Start importing Packages/com.unity.render-pipelines.universal/Shaders/2D/Include/ShadowProjectVertex.hlsl using Guid(97832dc646b4fb4498bf5aa61e366c13) (ShaderIncludeImporter) -> (artifact id: '459f1430ddf09488d8dc88d6cacc66ac') in 0.00023326 seconds
Start importing Packages/com.unity.render-pipelines.universal/Shaders/Utils/CopyDepthPass.hlsl using Guid(971e7c84ed6bc40fc95bdbb2e008013f) (ShaderIncludeImporter) -> (artifact id: 'de0a052fb66c901b2d52dc2b8f7a35b7') in 0.000230204 seconds
Start importing Packages/com.unity.render-pipelines.universal/Shaders/Terrain/WavingGrassDepthNormalsPass.hlsl using Guid(97ce72d5527034cbca1d95b53d583472) (ShaderIncludeImporter) -> (artifact id: 'e78287aad14f526aa0813ae0b335a763') in 0.000225676 seconds
Start importing Packages/com.unity.render-pipelines.universal/ShaderLibrary/LightCookie/LightCookieInput.hlsl using Guid(a70b6c101edaa442a80370b0d514fb3c) (ShaderIncludeImporter) -> (artifact id: '353d2f218d28b217bf609620cc16ba98') in 0.000216889 seconds
Start importing Packages/com.unity.render-pipelines.core/Runtime/GPUDriven/InstanceOcclusionCuller.cs.hlsl using Guid(a71fe447aa3034341b4a16245852e2f5) (ShaderIncludeImporter) -> (artifact id: 'ae6d0ccdd602a3e984bbc027db9920c8') in 0.000219039 seconds
Start importing Packages/com.unity.render-pipelines.universal/Shaders/Particles/ParticlesEditorPass.hlsl using Guid(b75058dfffdae7a41bf0373f3d2f264c) (ShaderIncludeImporter) -> (artifact id: '73354632a7b762bdb1c9bc491c24ccf3') in 0.000224514 seconds
Start importing Packages/com.unity.render-pipelines.universal/Shaders/DepthNormalsPass.hlsl using Guid(b76d45ea333b2a049bc45c5328ef3e7c) (ShaderIncludeImporter) -> (artifact id: '434a8f2cc616b035f762404cbdf64bcd') in 0.000216194 seconds
Start importing Packages/com.unity.render-pipelines.universal/ShaderLibrary/ParticlesInstancing.hlsl using Guid(c70398529f54bc44ca6a3ed0211e039f) (ShaderIncludeImporter) -> (artifact id: 'f2c6f48416aa0fb3a17f2cb8dc3911ff') in 0.000220654 seconds
Start importing Packages/com.unity.shadergraph/Editor/Generation/Targets/BuiltIn/Editor/ShaderGraph/Includes/BuiltInCanvasPass.hlsl using Guid(c79cdcb9c21d4339a577df76710eafd5) (ShaderIncludeImporter) -> (artifact id: 'ddc469c07568d2f8bc73e51f059d5722') in 0.000234121 seconds
Start importing Packages/com.unity.render-pipelines.core/Runtime/GPUDriven/InstanceData/InstanceTransformUpdateDefs.cs.hlsl using Guid(d73035ddef2bea3469c6784cf7f2e865) (ShaderIncludeImporter) -> (artifact id: '7180160fa486d9297f406d93ab6c562f') in 0.000224197 seconds
Start importing Packages/com.unity.render-pipelines.core/ShaderLibrary/MetaPass.hlsl using Guid(d7414e735eb09cd40855d8142a1c2e18) (ShaderIncludeImporter) -> (artifact id: 'ccf81b0c96107306ceaf5e8a8130d3ec') in 0.000216444 seconds
Start importing Packages/com.unity.render-pipelines.universal/Shaders/2D/Include/2DCommon.hlsl using Guid(e707208f874722b45a81cf2f59f81458) (ShaderIncludeImporter) -> (artifact id: 'af421ba3779dc22cbb1fcd7c75ee6bfe') in 0.00022011 seconds
Start importing Packages/com.unity.render-pipelines.core/ShaderLibrary/SphericalHarmonics.hlsl using Guid(e7990b191f2f28e4884a439c088c4fe0) (ShaderIncludeImporter) -> (artifact id: '1f77ab63705fcaa53a92eddd0fbed2fc') in 0.00022171 seconds
Start importing Packages/com.unity.render-pipelines.universal/Runtime/RendererFeatures/SurfaceCacheGI/SurfaceCacheCore/RestirCandidateTemporal.hlsl using Guid(e78ab4c515da1e442a19a4905ed03844) (ShaderIncludeImporter) -> (artifact id: '11fc3476bcaa23f79c206ce3b78329d1') in 0.00022258 seconds
Start importing Packages/com.unity.render-pipelines.universal/Shaders/UnlitInput.hlsl using Guid(e7ba75cc852b14b7f934978b5697bf1b) (ShaderIncludeImporter) -> (artifact id: '65bcba20103aa1eef9f02fa0531e0706') in 0.000232471 seconds
Start importing Packages/com.unity.shadergraph/Editor/Generation/Targets/BuiltIn/ShaderLibrary/ShaderGraphFunctions.hlsl using Guid(e74b0f1b5e52c5642a66b47b7fc87799) (ShaderIncludeImporter) -> (artifact id: 'cedc005a6f9016efa19b90ca196354f8') in 0.000242472 seconds
Start importing Packages/com.unity.render-pipelines.universal/Shaders/2D/Include/CombinedShapeLightShared.hlsl using Guid(e7ee44e4db2311b428e6f789318838f8) (ShaderIncludeImporter) -> (artifact id: '901ae6325472d5b24ab84042ba63ceef') in 0.000225385 seconds
Start importing Packages/com.unity.render-pipelines.universal/Editor/Terrain/TerrainPassUtils.hlsl using Guid(08f4bc71ad275bc4b90168fda29f36b5) (ShaderIncludeImporter) -> (artifact id: 'a89468ce7502d2657aab55fbdb73ca5b') in 0.00021885 seconds
Start importing Packages/com.unity.shadergraph/Editor/Generation/Targets/BuiltIn/ShaderLibrary/Shim/UIShim.hlsl using Guid(0807df336df54b879e1b97aa9306c0da) (ShaderIncludeImporter) -> (artifact id: '9668ecd58101c9bb3c930e4adbfba771') in 0.000215708 seconds
Start importing Packages/com.unity.render-pipelines.core/Runtime/Vrs/Shaders/VrsMainTex.hlsl using Guid(08b9525dab8d497cb640174e593275d1) (ShaderIncludeImporter) -> (artifact id: 'b23941fcd6468d20d32d8b51af6bea7e') in 0.00023047 seconds
Start importing Packages/com.unity.render-pipelines.universal/ShaderLibrary/SurfaceData.hlsl using Guid(181b211e2007bd4478d853b8964457ab) (ShaderIncludeImporter) -> (artifact id: '4928f064fafbcb6a0a4c7b33795105d2') in 0.000221401 seconds
Start importing Packages/com.unity.render-pipelines.universal/Shaders/2D/Include/SurfaceData2D.hlsl using Guid(2861459260b14a2481f8f8e7f6637d8f) (ShaderIncludeImporter) -> (artifact id: '95037b5ee209f753458e26780603f1ea') in 0.000217149 seconds
Start importing Packages/com.unity.render-pipelines.universal/Shaders/UnlitGBufferPass.hlsl using Guid(28fcbf208a4c04495b93bb6d554908e0) (ShaderIncludeImporter) -> (artifact id: '237bb0529b6e41ac413c5ec0c5ffbb6f') in 0.000209234 seconds
Start importing Packages/com.unity.render-pipelines.universal/Runtime/VFXGraph/Shaders/VFXCommon.hlsl using Guid(385bc181e02fb7549a92fc001133ad46) (ShaderIncludeImporter) -> (artifact id: '026338b7c786d277ed5cd87f00f42141') in 0.000228731 seconds
Start importing Packages/com.unity.shadergraph/Editor/Generation/Targets/BuiltIn/Editor/ShaderGraph/Includes/Varyings.hlsl using Guid(48ba7a8ce29978c4690d3d53549a5a4c) (ShaderIncludeImporter) -> (artifact id: '1cb66669934fced0d9d6f3f14c16059f') in 0.000206792 seconds
Start importing Packages/com.unity.render-pipelines.universal/ShaderLibrary/Particles.hlsl using Guid(58997c4bd657ad848919e91029ee01eb) (ShaderIncludeImporter) -> (artifact id: '587a5a8772c68e570548f6b6e0189cb2') in 0.000203404 seconds
Start importing Packages/com.unity.render-pipelines.core/Runtime/Lighting/ProbeVolume/ProbeVolume.hlsl using Guid(688129ab15b222340a2c7fa427269889) (ShaderIncludeImporter) -> (artifact id: '285f9beafc2d2e596de0dd87d5bce0d2') in 0.000240927 seconds
Start importing Packages/com.unity.render-pipelines.universal/ShaderLibrary/UnityGBuffer.hlsl using Guid(688ed6f8ef8246529e7fdd721e43d639) (ShaderIncludeImporter) -> (artifact id: 'd628a2a222c8401e8640fd94c8d0eef3') in 0.000215409 seconds
Start importing Packages/com.unity.render-pipelines.universal/Editor/ShaderGraph/Includes/Terrain/DepthNormalsOnlyPass.hlsl using Guid(78121747aa974234f94f7fda667dbbe1) (ShaderIncludeImporter) -> (artifact id: '2126eba93685ac21e3223f098a9654a8') in 0.000220778 seconds
Start importing Packages/com.unity.shadergraph/Editor/Generation/Targets/BuiltIn/ShaderLibrary/SurfaceData.hlsl using Guid(88329a10539cce1418e6aa8c8b62c896) (ShaderIncludeImporter) -> (artifact id: '422b404fe6880f18e30978b2b7a8475a') in 0.000212138 seconds
Start importing Packages/com.unity.render-pipelines.universal/ShaderLibrary/LightCookie/LightCookie.hlsl using Guid(8878828335bd847b493e10211fcbf825) (ShaderIncludeImporter) -> (artifact id: '8386f0f52bfe2f88bbdb4ef48b3d2d80') in 0.000227909 seconds
Start importing Packages/com.unity.render-pipelines.universal/Shaders/2D/Include/Core2D.hlsl using Guid(882f88039036f6c49a8df5ce3d214444) (ShaderIncludeImporter) -> (artifact id: 'c1f3a6afaad2f1b10b83fa39bfb77795') in 0.000230488 seconds
Start importing Packages/com.unity.render-pipelines.universal/ShaderLibrary/Deprecated.hlsl using Guid(9802e36ef1c38064d9bcd7bf2e01cccb) (ShaderIncludeImporter) -> (artifact id: 'a2dbff075d600e0c8c86aeb0006f6c93') in 0.00022864 seconds
Start importing Packages/com.unity.render-pipelines.universal/Shaders/Particles/ParticlesLitForwardPass.hlsl using Guid(a8d5c97876fe84413b2f630e2debf75b) (ShaderIncludeImporter) -> (artifact id: 'c186d5fa8e308c171c0ae7cbc2ba05a5') in 0.000231639 seconds
Start importing Packages/com.unity.render-pipelines.universal/Shaders/Terrain/TerrainLitInput.hlsl using Guid(a817cb90496894b368593402e13b040c) (ShaderIncludeImporter) -> (artifact id: '1d1df1164648d3a52340f5783c1c404b') in 0.000226193 seconds
Start importing Packages/com.unity.render-pipelines.universal/ShaderLibrary/ShaderVariablesFunctions.hlsl using Guid(a8db2eae5ac4548a683f17e8c528c05c) (ShaderIncludeImporter) -> (artifact id: '8a218ea6749e5251f3e3be7f1352b822') in 0.000209629 seconds
Start importing Packages/com.unity.render-pipelines.core/ShaderLibrary/CommonShadow.hlsl using Guid(a85db80be6def144e938df4cbf0d1aa6) (ShaderIncludeImporter) -> (artifact id: '21f3864ee28d3beb7f4f0f95f04e534f') in 0.000214019 seconds
Start importing Packages/com.unity.render-pipelines.core/Runtime/UnifiedRayTracing/TraceRay.hlsl using Guid(d89584fc78a387b4b89d50da624e2695) (ShaderIncludeImporter) -> (artifact id: 'b5d835f9178e3b10893ac9cc25706194') in 0.000219462 seconds
Start importing Packages/com.unity.render-pipelines.universal/Editor/ShaderGraph/Includes/MotionVectorPass.hlsl using Guid(d8b8f4c97d2074ea9a54a1d0dbefb62c) (ShaderIncludeImporter) -> (artifact id: '6427f194c201df6beec740b13b78285f') in 0.000227083 seconds
Start importing Packages/com.unity.shadergraph/Editor/Generation/Targets/Terrain/Includes/TerrainTextureVariables.hlsl using Guid(d85c65f9f4934f44bfa653df1ef8875c) (ShaderIncludeImporter) -> (artifact id: '10e7c612f28d8fac67bece28c50cc108') in 0.000219878 seconds
Start importing Packages/com.unity.render-pipelines.universal/ShaderLibrary/Debug/Debugging3D.hlsl using Guid(d8ae717b647341719f2a89f20faaf51b) (ShaderIncludeImporter) -> (artifact id: 'b250aaa4b46afdd33101915572e06a31') in 0.000216105 seconds
Start importing Packages/com.unity.render-pipelines.core/ShaderLibrary/API/Switch.hlsl using Guid(e81335bf0a3c45c4fa81ed2fe67eeba0) (ShaderIncludeImporter) -> (artifact id: '099ffeeb79a282bb7b3b465dfabae3ba') in 0.000220803 seconds
Start importing Packages/com.unity.render-pipelines.core/ShaderLibrary/API/FoveatedRendering_Metal.hlsl using Guid(e885d2d1e5bc4382b9f742451fef9b1f) (ShaderIncludeImporter) -> (artifact id: 'b41dc7b3b492d9a58f635740d346e0d9') in 0.00022642 seconds
Start importing Packages/com.unity.render-pipelines.core/ShaderLibrary/DebugMipmapStreamingMacros.hlsl using Guid(0986d558af63ed0418f7eb24eeaa2308) (ShaderIncludeImporter) -> (artifact id: '58c8883caf2dceff7aad099d56cbfbc3') in 0.000218525 seconds
Start importing Packages/com.unity.render-pipelines.core/ShaderLibrary/ThreadingEmuImpl.hlsl using Guid(093f86242d8d4e64187076599c7f708e) (ShaderIncludeImporter) -> (artifact id: 'ddf7373b89c73c9984e46f7ab5f5f6d1') in 0.000222769 seconds
Start importing Packages/com.unity.render-pipelines.universal/Editor/2D/ShaderGraph/Includes/Mesh2DLitPass.hlsl using Guid(19a7eabf161c29846b42f73a2965d39b) (ShaderIncludeImporter) -> (artifact id: 'd8edf7ef35f963fcd12f4c9aab0d2071') in 0.000228404 seconds
Start importing Packages/com.unity.render-pipelines.universal/ShaderLibrary/DeclareOpaqueTexture.hlsl using Guid(29619926ce55c944aa978fe5e07cc3db) (ShaderIncludeImporter) -> (artifact id: '19efa1e356eb1829e5f13d63d96fa3d8') in 0.000219017 seconds
Start importing Packages/com.unity.render-pipelines.universal/ShaderLibrary/LightCookie/LightCookieTypes.hlsl using Guid(394c5e9a352f74e998cb797d7aa461d4) (ShaderIncludeImporter) -> (artifact id: '2a84f2e6c5da24832eb2e00745c488ad') in 0.000212425 seconds
Start importing Packages/com.unity.shadergraph/Editor/Generation/Targets/BuiltIn/Editor/ShaderGraph/Includes/LightingMetaPass.hlsl using Guid(395ef430db5747842b555e50b3c7b330) (ShaderIncludeImporter) -> (artifact id: 'f05d1e1dffbff550d2ac2fb193b69f73') in 0.000220476 seconds
Start importing Packages/com.unity.render-pipelines.universal/Editor/2D/ShaderGraph/Includes/SpriteNormalPass.hlsl using Guid(39ce338156d9f6b40b4702eb2d26d40d) (ShaderIncludeImporter) -> (artifact id: '2504f78fe2be176a3622cac90a5dbae4') in 0.000217417 seconds
Start importing Packages/com.unity.render-pipelines.core/ShaderLibrary/DynamicScalingClamping.hlsl using Guid(49883cc3d16fa0241a1c9114ce9a1f64) (ShaderIncludeImporter) -> (artifact id: 'ea16145742966e9fadde08c89d0148f7') in 0.000219118 seconds
Start importing Packages/com.unity.render-pipelines.universal/Editor/ShaderGraph/Includes/Terrain/PBRGBufferPass.hlsl using Guid(6970aba7f3c314f4fa5d5b93188b6de3) (ShaderIncludeImporter) -> (artifact id: '3a035531728d55069700e785b4f2b4e5') in 0.000208252 seconds
Start importing Packages/com.unity.render-pipelines.universal/Shaders/Nature/SpeedTree7BillboardInput.hlsl using Guid(693515911c7346d448c10a3cfc4acf45) (ShaderIncludeImporter) -> (artifact id: '4a3c5298593c0d9080bde6762c9b571e') in 0.000224476 seconds
Start importing Packages/com.unity.render-pipelines.universal/Shaders/PostProcessing/FXAA3_11.hlsl using Guid(691e950f7acb24df5be4c31303d0991a) (ShaderIncludeImporter) -> (artifact id: 'e39da946d857f0bd1081c434ce05ae39') in 0.000244125 seconds
Start importing Packages/com.unity.render-pipelines.universal/Shaders/2D/Include/Normals2DCommon.hlsl using Guid(694e01e6361351641bfb5cc5fc69f087) (ShaderIncludeImporter) -> (artifact id: '975ea5731aa68088ae3e537fd312a094') in 0.000218194 seconds
Start importing Packages/com.unity.render-pipelines.core/ShaderLibrary/TextureStack.hlsl using Guid(79641ba14fe04324b8905bafbf3e82ed) (ShaderIncludeImporter) -> (artifact id: '6d8e8fd32d6eb517e11c5fcd81c412bd') in 0.000219572 seconds
Start importing Packages/com.unity.render-pipelines.core/ShaderLibrary/Texture.hlsl using Guid(79062f3c36657da4e9a366000411cf78) (ShaderIncludeImporter) -> (artifact id: '4ed13b885b612beff99adfda35180eec') in 0.000239319 seconds
Start importing Packages/com.unity.render-pipelines.core/ShaderLibrary/UnityDOTSInstancing.hlsl using Guid(89aebf2868d41e34abc02aae1d41b4cd) (ShaderIncludeImporter) -> (artifact id: '206ef8e74915f45ad1928a06851633c0') in 0.00023075 seconds
Start importing Packages/com.unity.shadergraph/Editor/Generation/Targets/BuiltIn/ShaderLibrary/ParticlesInstancing.hlsl using Guid(9989d64681f299941b8d598b04007e82) (ShaderIncludeImporter) -> (artifact id: '9515c287c90104789ff90bb331019f0f') in 0.00020821 seconds
Start importing Packages/com.unity.render-pipelines.universal/Shaders/2D/Include/NormalsRenderingShared.hlsl using Guid(b9c3f97797bd9374cb2607614554fe54) (ShaderIncludeImporter) -> (artifact id: '964108ef758d3bb5c3cbf05a728ac841') in 0.000223971 seconds
Start importing Packages/com.unity.render-pipelines.universal/Shaders/2D/Include/SpriteMaskShared.hlsl using Guid(c9ac51d204bc24b118ec6bc5ab6c29c6) (ShaderIncludeImporter) -> (artifact id: '85cda7298d7b113dad2ac3211911a190') in 0.000286926 seconds
Start importing Packages/com.unity.render-pipelines.universal/Shaders/Particles/ParticlesDepthOnlyPass.hlsl using Guid(e9795406c7fc049d2b125cce47405fa9) (ShaderIncludeImporter) -> (artifact id: 'd3aac80a75ed727432a6382af10d94b9') in 0.00023762 seconds
Start importing Packages/com.unity.render-pipelines.universal/Shaders/Nature/SpeedTree8Input.hlsl using Guid(e9fc1df17be32ac41a7186d571c669d5) (ShaderIncludeImporter) -> (artifact id: '9b55297ed0b55f74375e138f8f8e8fbb') in 0.000235141 seconds
Start importing Packages/com.unity.render-pipelines.core/ShaderLibrary/Sampling/SampleUVMappingNormalInternal.hlsl using Guid(f941b2119184e624a8ecd126735c5ed0) (ShaderIncludeImporter) -> (artifact id: '0739d0bfe6dceb4f097db5a8bda17840') in 0.00022942 seconds
Start importing Packages/com.unity.render-pipelines.core/ShaderLibrary/PerPixelDisplacement.hlsl using Guid(0a40799d368cbbd4982d2f423cdd8595) (ShaderIncludeImporter) -> (artifact id: '070e3623439d682ef60d77206dc8b3be') in 0.000223137 seconds
Start importing Packages/com.unity.render-pipelines.universal/Shaders/DepthOnlyPass.hlsl using Guid(0acd4fdbcf0cf654a9cdf3e9ccc2edce) (ShaderIncludeImporter) -> (artifact id: 'b280b4b5e8cc228db0b137874f5e30df') in 0.000232618 seconds
Start importing Packages/com.unity.render-pipelines.core/Runtime/UnifiedRayTracing/Hardware/HardwareRaygenShader.hlsl using Guid(1ad0a9c8f99bbe642b782fd45551c0a1) (ShaderIncludeImporter) -> (artifact id: '958da1402d9052569a7b5cdad7b73cef') in 0.000225837 seconds
Start importing Packages/com.unity.render-pipelines.core/ShaderLibrary/SixWayLighting.hlsl using Guid(1a3c09fe584943f9ba43ae5a5cf0700d) (ShaderIncludeImporter) -> (artifact id: '1e62a34d33fe0a11938ea3dad0d8b0d1') in 0.000283482 seconds
Start importing Packages/com.unity.render-pipelines.universal/Shaders/Particles/ParticlesInput.hlsl using Guid(1acd75ff24dbc43cca235408192130b7) (ShaderIncludeImporter) -> (artifact id: 'dad2be42c763cbe716144c7d30add102') in 0.000231692 seconds
Start importing Packages/com.unity.shadergraph/Editor/Generation/Targets/BuiltIn/ShaderLibrary/Input.hlsl using Guid(1a6eb37d2c834244cbdd9d92ce6a52ed) (ShaderIncludeImporter) -> (artifact id: '2b7a5b869fc43cf27c6cd6ba6ee3f1bb') in 0.000217857 seconds
Start importing Packages/com.unity.render-pipelines.core/ShaderLibrary/AreaLighting.hlsl using Guid(2af09bb13e6547242913c40dfb0e50f9) (ShaderIncludeImporter) -> (artifact id: 'ac99518b93f15ed63264b0ff1c90f73e') in 0.000220307 seconds
Start importing Packages/com.unity.render-pipelines.core/Runtime/PostProcessing/Shaders/ffx/ffx_fsr1.hlsl using Guid(2a92c8c54bb0f63458be93b670c77c3b) (ShaderIncludeImporter) -> (artifact id: '6989396144e5a5d744b1c88aa7e6a263') in 0.000229049 seconds
Start importing Packages/com.unity.render-pipelines.core/Runtime/PostProcessing/Shaders/ffx/ffx_cas.hlsl using Guid(2a9d148fab2695346824a766e925a31f) (ShaderIncludeImporter) -> (artifact id: 'ef91aba14c4f3df843890077e5064398') in 0.000238615 seconds
Start importing Packages/com.unity.render-pipelines.universal/Editor/ShaderGraph/Includes/Terrain/TerrainVert.hlsl using Guid(3a737aafdc720423fac5e90590a0f05f) (ShaderIncludeImporter) -> (artifact id: '72ea5de27719a9f2ab689bed22b57242') in 0.000229801 seconds
Start importing Packages/com.unity.shadergraph/Editor/Generation/Targets/BuiltIn/ShaderLibrary/Shim/SurfaceShaderProxy.hlsl using Guid(3a5c1c06341ec0448a21f4659568cf1b) (ShaderIncludeImporter) -> (artifact id: 'c0340d6e3180b98956b32f3931d1a312') in 0.000216815 seconds
Start importing Packages/com.unity.render-pipelines.universal/Editor/2D/ShaderGraph/Includes/SpriteForwardPass.hlsl using Guid(4ad8b54817d9f5441910014b5ceb8583) (ShaderIncludeImporter) -> (artifact id: 'e106572f87333e5dab431eada03c1082') in 0.000219797 seconds
Start importing Packages/com.unity.render-pipelines.core/Editor/Lighting/ProbeVolume/ProbeGIBaking.Dilate.cs.hlsl using Guid(5a1695d093636284ca9487c8124775c5) (ShaderIncludeImporter) -> (artifact id: '707395630ce0061195951be162d9164e') in 0.000225532 seconds
Start importing Packages/com.unity.render-pipelines.universal/Shaders/Terrain/TerrainDetailLitInput.hlsl using Guid(6aa45ba0b4524671ae57fb74652592f3) (ShaderIncludeImporter) -> (artifact id: 'ebccc54c5cf2f3e92dd0d50a993c2ed5') in 0.000221427 seconds
Start importing Packages/com.unity.shadergraph/GraphTemplates/Cross Pipeline/GetSceneNormal.hlsl using Guid(7a885bf8770318b4f97d51502ba92b06) (ShaderIncludeImporter) -> (artifact id: 'e5bc4ed74fec9cda4bc199258189653e') in 0.000214642 seconds
Start importing Packages/com.unity.render-pipelines.core/Runtime/GPUDriven/GeometryUtilities.hlsl using Guid(8ae16c27ed16096458605a6fc56994c8) (ShaderIncludeImporter) -> (artifact id: 'b6db79811fb5f4fc65f2227cf811591c') in 0.000213603 seconds
Start importing Packages/com.unity.render-pipelines.core/Runtime/Sampling/SobolSampling.hlsl using Guid(8a9360b3acf7c304cbcb5a54b9b89409) (ShaderIncludeImporter) -> (artifact id: '9fec6968a90cfd86257e6ad74b8a32fd') in 0.000237038 seconds
Start importing Packages/com.unity.shadergraph/Editor/Generation/Targets/BuiltIn/ShaderLibrary/Deprecated.hlsl using Guid(8ac4c7f9b9937b64885ce949fc6d6525) (ShaderIncludeImporter) -> (artifact id: '5db671767109b4023286e16313efabb7') in 0.000211625 seconds
Start importing Packages/com.unity.render-pipelines.core/Runtime/UnifiedRayTracing/Compute/RadeonRays/kernels/math.hlsl using Guid(8a988affc98dd434aadd71fe6be1061f) (ShaderIncludeImporter) -> (artifact id: 'c3b14f68cfb9d29208f0eaf0bdbcda15') in 0.000223546 seconds
Start importing Packages/com.unity.render-pipelines.universal/Shaders/ShadowCasterPass.hlsl using Guid(9a48a2987a0e11645adf07fe4a8d5ec9) (ShaderIncludeImporter) -> (artifact id: '4914621493ad915d73763580e02abf8d') in 0.000204978 seconds
Start importing Packages/com.unity.render-pipelines.universal/ShaderLibrary/ShaderGraphFunctions.hlsl using Guid(9adc879d74aec4400bbdce89ff664a05) (ShaderIncludeImporter) -> (artifact id: '6c5d6959ff3faafad850ffe164f65a06') in 0.000210917 seconds
Start importing Packages/com.unity.render-pipelines.universal/Shaders/Terrain/TerrainTextureNode.hlsl using Guid(aa602bf7da734370bdb394a751f56555) (ShaderIncludeImporter) -> (artifact id: '774cfd93fbc62b5d8e48f7820d9cc3e1') in 0.000212613 seconds
Start importing Packages/com.unity.render-pipelines.universal/Editor/ShaderGraph/Includes/ShaderVariablesDecal.hlsl using Guid(aa80e1eae2080d849a7ab1ccfbd6953c) (ShaderIncludeImporter) -> (artifact id: '94825bbab25d398be20f2a374049f2d2') in 0.000210528 seconds
Start importing Packages/com.unity.render-pipelines.core/ShaderLibrary/Sampling/Hammersley.hlsl using Guid(aa5e319c8b8499f4fba1c3ecdd133545) (ShaderIncludeImporter) -> (artifact id: '6a1709bbfb29ed7eabf912afe0389cf2') in 0.000224545 seconds
Start importing Packages/com.unity.render-pipelines.core/Runtime/Sampling/Hashes.hlsl using Guid(ba9242b5d88ccf2489a51d94185a1300) (ShaderIncludeImporter) -> (artifact id: '31f5c40bfb69a442f9ab5488d9928265') in 0.000225868 seconds
Start importing Packages/com.unity.render-pipelines.universal/Editor/ShaderGraph/Includes/ShaderPass.hlsl using Guid(ba78d2682f9fed14fb0827a24fb5a1f0) (ShaderIncludeImporter) -> (artifact id: '25de83565803fe2a60273b7d4cb12ab0') in 0.000230977 seconds
Start importing Packages/com.unity.render-pipelines.universal/Shaders/Terrain/WavingGrassInput.hlsl using Guid(ca55f7593a02f4c1ab1bdbc03282d7af) (ShaderIncludeImporter) -> (artifact id: '8e989f84f4bc3b00186ca23ff34101e6') in 0.000515278 seconds
Start importing Packages/com.unity.render-pipelines.core/ShaderLibrary/CommonDeprecated.hlsl using Guid(ca3a5025616550a40816a5272a4f7631) (ShaderIncludeImporter) -> (artifact id: '881ac63173bade2af9d980430fb92aa7') in 0.00025239 seconds
Start importing Packages/com.unity.render-pipelines.universal/Shaders/Particles/ParticlesSimpleLitGBufferPass.hlsl using Guid(ca0e14e5bf6ac934086f42ca329f4ef1) (ShaderIncludeImporter) -> (artifact id: '7476a5a6593dc97da5711399448dd067') in 0.000643676 seconds
Start importing Packages/com.unity.render-pipelines.universal/Editor/ShaderGraph/Includes/SixWayForwardPass.hlsl using Guid(ea5e0c2b753f4b5287a5a23f0e61407e) (ShaderIncludeImporter) -> (artifact id: '0b74420d2f281cc4ff600a691116e309') in 0.000237928 seconds
Start importing Packages/com.unity.render-pipelines.universal/Shaders/PostProcessing/Common.hlsl using Guid(eaaf2a45502c59c4e907088b5f034c0c) (ShaderIncludeImporter) -> (artifact id: '3305029b37f535b8f3646a049e0b7ffc') in 0.000216162 seconds
Start importing Packages/com.unity.shadergraph/Editor/Generation/Targets/Fullscreen/Includes/FullscreenDrawProcedural.hlsl using Guid(fa5319f2d61c4df44b77220af2406147) (ShaderIncludeImporter) -> (artifact id: '211238989735b95e21be8f156fc7047d') in 0.000225196 seconds
Start importing Packages/com.unity.shadergraph/Editor/Generation/Targets/BuiltIn/ShaderLibrary/Shim/Shims.hlsl using Guid(fa48edec2a3839b41a62407f4a233b81) (ShaderIncludeImporter) -> (artifact id: '14622bf70258c6a94665c2a21de29ffc') in 0.000242639 seconds
Start importing Packages/com.unity.shadergraph/Editor/Generation/Targets/Fullscreen/Includes/FullscreenShaderPass.cs.hlsl using Guid(fa6980c25ec2f164ba4a6fcb040eb870) (ShaderIncludeImporter) -> (artifact id: '405d5b02fcc0a37f940e2aad662910ee') in 0.000218276 seconds
Start importing Packages/com.unity.render-pipelines.core/ShaderLibrary/Hashes.hlsl using Guid(0bf6c7395c05c624d92ebdff0dcc1a61) (ShaderIncludeImporter) -> (artifact id: '0b03e84146c06948d7fc5c819dacd6cc') in 0.000206885 seconds
Start importing Packages/com.unity.render-pipelines.universal/ShaderLibrary/GlobalIllumination.hlsl using Guid(1be91b057dbe43239a838d9e45a42a32) (ShaderIncludeImporter) -> (artifact id: '2c3a82360d822c7ba5a1a46618c5decc') in 0.000223125 seconds
Start importing Packages/com.unity.render-pipelines.universal/ShaderLibrary/GBufferInput.hlsl using Guid(2b30f99b47dd40adaf41fd8e6573daa4) (ShaderIncludeImporter) -> (artifact id: 'eb297eaaf004492137af85c7cbc9e98e') in 0.000232077 seconds
Start importing Packages/com.unity.shadergraph/ShaderGraphLibrary/ShaderVariables.hlsl using Guid(2bc64066748469e48861ed835a8b806d) (ShaderIncludeImporter) -> (artifact id: '8c2d056e439d9efee6956df966f74eb5') in 0.00044407 seconds
Start importing Packages/com.unity.render-pipelines.universal/Editor/Terrain/TerrainPassDefine.template.hlsl using Guid(3b77405e9fadb4c408bbf830f615ce99) (ShaderIncludeImporter) -> (artifact id: '5a4363b6464fde387f3d12ea89221e42') in 0.000220823 seconds
Start importing Packages/com.unity.render-pipelines.universal/Editor/ShaderGraph/Includes/ShadowCasterPass.hlsl using Guid(3beb91c1958c67d47bb580c465e22f29) (ShaderIncludeImporter) -> (artifact id: '051fcc12ffda9ba1e413f152b0cdf778') in 0.000235383 seconds
Start importing Packages/com.unity.render-pipelines.universal/Shaders/2D/Include/Lit2DCommon.hlsl using Guid(4b0b97f5510f6a34681068f902b725d5) (ShaderIncludeImporter) -> (artifact id: '1dcdf719b116eae4e2b5c84f815de6bb') in 0.000243323 seconds
Start importing Packages/com.unity.render-pipelines.universal/ShaderLibrary/ShaderTypes.cs.hlsl using Guid(6be8cfeb6b34eca43b000cb7bad7255e) (ShaderIncludeImporter) -> (artifact id: '7546dd7a9dd0cb06b6058e81f97c4b57') in 0.000222272 seconds
Start importing Packages/com.unity.render-pipelines.universal/Shaders/Terrain/TerrainLitDepthNormalsPass.hlsl using Guid(7b6328a4b0ed14a9ea5e0629d7c7966c) (ShaderIncludeImporter) -> (artifact id: '887bf77b7942e666e8cb20ec929963f3') in 0.000238234 seconds
Start importing Packages/com.unity.render-pipelines.universal/Runtime/RendererFeatures/SurfaceCacheGI/SurfaceCacheCore/IrradianceCompression.hlsl using Guid(7be701552a7670148a7c948d2b363156) (ShaderIncludeImporter) -> (artifact id: 'e90cb52cee3c7ffdb2f23afc61786d9f') in 0.000244733 seconds
Start importing Packages/com.unity.render-pipelines.core/Runtime/UnifiedRayTracing/Compute/RadeonRays/kernels/transform.hlsl using Guid(7b4dd253adea58d49a8347c5bcc08904) (ShaderIncludeImporter) -> (artifact id: 'c8bf28ac88e10a525eb9c7610fd1b4a8') in 0.000368124 seconds
Start importing Packages/com.unity.render-pipelines.core/Runtime/Debug/ProbeVolumeDebugFunctions.hlsl using Guid(7b7fb68bec939a04791463e4b8734f38) (ShaderIncludeImporter) -> (artifact id: '8e27f3d824c988d69bac8a283fd1d5e4') in 0.000254736 seconds
Start importing Packages/com.unity.render-pipelines.core/Runtime/PostProcessing/Shaders/ffx/ffx_lpm.hlsl using Guid(8b2264ffe26ac3e42b4077bfbc35941b) (ShaderIncludeImporter) -> (artifact id: 'd42535a58c7decfd10eed5f81499ac98') in 0.0003288 seconds
Start importing Packages/com.unity.render-pipelines.universal/Shaders/Nature/SpeedTree7BillboardPasses.hlsl using Guid(8ba36b6596e931145bbad992032afb1a) (ShaderIncludeImporter) -> (artifact id: '05994983ef5a2c10f3e64b979c2eaccb') in 0.000303976 seconds
Start importing Packages/com.unity.shadergraph/ShaderGraphLibrary/Nature/SpeedTree8Wind.hlsl using Guid(8b4aa8c48881d4142b1c30e408b503d8) (ShaderIncludeImporter) -> (artifact id: 'b6af647fc11f1a0d184d72822288c6cf') in 0.00026545 seconds
Start importing Packages/com.unity.shadergraph/Editor/Generation/Targets/BuiltIn/ShaderLibrary/ShaderVariablesFunctions.hlsl using Guid(9b185d0244daaf94894ec0689c057a42) (ShaderIncludeImporter) -> (artifact id: 'eb71e81c066192cc09d26b5191ca254c') in 0.000247627 seconds
Start importing Packages/com.unity.render-pipelines.universal/Editor/ShaderGraph/Includes/LightingMetaPass.hlsl using Guid(9b897418a23a04642a054cf9daa3bf54) (ShaderIncludeImporter) -> (artifact id: '7b147c10677afb4e4c3f65d440636eba') in 0.000213939 seconds
Start importing Packages/com.unity.render-pipelines.universal/Runtime/RendererFeatures/SurfaceCacheGI/SurfaceCacheCore/Common.hlsl using Guid(9bdf70d328f46724a8d2a29eacb6e8d7) (ShaderIncludeImporter) -> (artifact id: '12e3d072b256b2c9613a225f0a08822d') in 0.000286316 seconds
Start importing Packages/com.unity.ugui/Editor Resources/Shaders/TMP_SDF_SSD.cginc using Guid(abe6991365a27d341a10580f3b7c0f44) (ShaderIncludeImporter) -> (artifact id: '6210c9b75bcff879a66d3acd3c6dd96f') in 0.000244352 seconds
Start importing Packages/com.unity.render-pipelines.core/Runtime/UnifiedRayTracing/Compute/RadeonRays/kernels/trace_ray.hlsl using Guid(ab8d793352dffca4f9b91b50e2421b57) (ShaderIncludeImporter) -> (artifact id: 'caeae22ed9ff8274932cc2b49262ce0e') in 0.000246356 seconds
Start importing Packages/com.unity.shadergraph/ShaderGraphLibrary/Nature/SpeedTree9Wind.hlsl using Guid(dbd0aaccbcc575f468323e8991e68e98) (ShaderIncludeImporter) -> (artifact id: '2d751aec6b0ead0b483cd048f59b2991') in 0.000244271 seconds
Start importing Packages/com.unity.render-pipelines.universal/ShaderLibrary/GBufferOutput.hlsl using Guid(db51e39af1b3c01449a3e6b1ce782a48) (ShaderIncludeImporter) -> (artifact id: 'b14a8b4af31163ffd134d279fd9df06f') in 0.000235502 seconds
Start importing Packages/com.unity.cloud.gltfast/Runtime/Shader/Built-In/glTFIncludes/glTF.cginc using Guid(db55034c1cd3e48e6a5964befa1f0f0b) (ShaderIncludeImporter) -> (artifact id: 'f7c96f533f2242c767d4e07f9b7d273a') in 0.000238584 seconds
Start importing Packages/com.unity.render-pipelines.core/Runtime/Vrs/Shaders/VrsShadingRates.hlsl using Guid(dbb73cb4c1954036a32ce1ade17ac0fd) (ShaderIncludeImporter) -> (artifact id: 'd3a75696d03a5648a51816ce82f2729b') in 0.00024228 seconds
Start importing Packages/com.unity.shadergraph/GraphTemplates/Subgraphs/CanvasLinearSpaceConversion.hlsl using Guid(ebc2de0dabf4215478451d72641762ff) (ShaderIncludeImporter) -> (artifact id: 'c690503dede8f8c969a8324dd18eabc9') in 0.00037104 seconds
Start importing Packages/com.unity.render-pipelines.core/Runtime/Lighting/ProbeVolume/ProbeVolumeUploadDataCommon.hlsl using Guid(fb1453f13b855f444a8034b2db10ca61) (ShaderIncludeImporter) -> (artifact id: 'ef9bfe867865f568f9645c9290fa7ebb') in 0.000237043 seconds
Start importing Packages/com.unity.render-pipelines.universal/Shaders/PostProcessing/SubpixelMorphologicalAntialiasingBridge.hlsl using Guid(0c5832a72145a5b49a1b64a21a609bb4) (ShaderIncludeImporter) -> (artifact id: 'a69cd26a5b71b0f5439ecd24543c3fe6') in 0.000250683 seconds
Start importing Packages/com.unity.render-pipelines.core/Runtime/Debug/ProbeVolumeDebugBase.hlsl using Guid(0c0fc89bf58dc6d4590d0db55a62679e) (ShaderIncludeImporter) -> (artifact id: 'ce01fada4b1bcf355640e5d1e25fd789') in 0.000246315 seconds
Start importing Packages/com.unity.render-pipelines.universal/ShaderLibrary/AmbientOcclusion.hlsl using Guid(1c0cb2353d9a4debbc61e650002843f4) (ShaderIncludeImporter) -> (artifact id: 'd413f326bb01aaa85da7121a5c9b63b7') in 0.000245519 seconds
Start importing Packages/com.unity.shadergraph/Editor/Generation/Targets/BuiltIn/ShaderLibrary/UnityInput.hlsl using Guid(1c7ec01faf22529498d9ebac04dfafd4) (ShaderIncludeImporter) -> (artifact id: 'e78a0635bfeba66e0c5607532f0d02d8') in 0.00023188 seconds
Start importing Packages/com.unity.shadergraph/ShaderGraphLibrary/ShaderConfig.cs.hlsl using Guid(2c6472a689b6ae34e806881d3066cfb3) (ShaderIncludeImporter) -> (artifact id: '577cbf0a8465c76f07bb9fb420f351f4') in 0.000222357 seconds
Start importing Packages/com.unity.render-pipelines.universal/Editor/2D/ShaderGraph/Includes/SpriteLitPass.hlsl using Guid(3ce18356597793947bd0f671f7363559) (ShaderIncludeImporter) -> (artifact id: 'cb664f728743a81c9be68b9a8df97caf') in 0.000234968 seconds
Start importing Packages/com.unity.render-pipelines.core/Runtime/Vrs/Shaders/VrsImage.hlsl using Guid(3cc7957ff84646bbbb849b88919e2109) (ShaderIncludeImporter) -> (artifact id: '31e3be685c98ef196fbc7a43b81094be') in 0.00023136 seconds
Start importing Packages/com.unity.render-pipelines.universal/Editor/ShaderGraph/Includes/PBR2DPass.hlsl using Guid(3cb98c83fcab8434296397682201b369) (ShaderIncludeImporter) -> (artifact id: 'cb02bdb0d5cbad1bb00a99f44e84a55e') in 0.000224365 seconds
Start importing Packages/com.unity.ugui/Editor Resources/Shaders/TMP_Properties.cginc using Guid(3c6c403084eacec478a1129ce20061ea) (ShaderIncludeImporter) -> (artifact id: '0b6510a7584c4ccb00079dbc08b3b282') in 0.000456283 seconds
Start importing Packages/com.unity.render-pipelines.core/Runtime/UnifiedRayTracing/Compute/RayQuerySoftware.hlsl using Guid(3cae67c457a2ad24495f86529619c102) (ShaderIncludeImporter) -> (artifact id: '8378f0306c5a3b367052338f4cfb226a') in 0.000410343 seconds
Start importing Packages/com.unity.render-pipelines.universal/ShaderLibrary/Clustering.hlsl using Guid(5c52f3d26791c415b9e887442bfc817c) (ShaderIncludeImporter) -> (artifact id: '9203bacd6cc4ec754f0a6b52c2fbb18c') in 0.000377904 seconds
Start importing Packages/com.unity.render-pipelines.universal/ShaderLibrary/Shadows.hlsl using Guid(5cb845b7decdb4db6a7fcc676b127b6d) (ShaderIncludeImporter) -> (artifact id: 'f7d219d047f4515df2c6607adcccc848') in 0.000290365 seconds
Start importing Packages/com.unity.render-pipelines.universal/Shaders/2D/Include/ShapeLightVariables.hlsl using Guid(5ce9e51bf709e4e459da190b3cf4d110) (ShaderIncludeImporter) -> (artifact id: '6ba50cdd56895471936c0e993b1a772d') in 0.000276885 seconds
Start importing Packages/com.unity.render-pipelines.core/Runtime/GPUDriven/OccluderDepthPyramidConstants.cs.hlsl using Guid(5cbc804d3cb252947a62ba74b9e72d08) (ShaderIncludeImporter) -> (artifact id: '0f0b371ae39df8b047fe7a9342120111') in 0.000277176 seconds
Start importing Packages/com.unity.cloud.gltfast/Runtime/Shader/Built-In/glTFIncludes/glTFUnityStandardCore.cginc using Guid(6c21434ebcc3b45d19826a76a50323b1) (ShaderIncludeImporter) -> (artifact id: '5c6e4d167a3af756b49086492313710a') in 0.000287991 seconds
Start importing Packages/com.unity.render-pipelines.universal/ShaderLibrary/MetaInput.hlsl using Guid(6c9c9877e9a3dff4fbc73fd447c653d8) (ShaderIncludeImporter) -> (artifact id: 'd0706f5645459d4323d1b509cac6dc2b') in 0.000277226 seconds
Start importing Packages/com.unity.shadergraph/Editor/Generation/Targets/BuiltIn/ShaderLibrary/Shim/HLSLSupportShim.hlsl using Guid(7c33a2e733f9c2a4185a4a03d7ed39ca) (ShaderIncludeImporter) -> (artifact id: 'c82bde28cd3bee7807e574464d274913') in 0.00029868 seconds
Start importing Packages/com.unity.shadergraph/Editor/Generation/Targets/BuiltIn/Editor/ShaderGraph/Includes/SpriteUnlitPass.hlsl using Guid(7c499715fdb4d7c479dcd3fd13abe0d0) (ShaderIncludeImporter) -> (artifact id: '829b213e2193ce55dabfdce6a2381473') in 0.000241827 seconds
Start importing Packages/com.unity.render-pipelines.core/ShaderLibrary/API/D3D11.hlsl using Guid(9c7140d7b956a4547bb71f8ed0dd9049) (ShaderIncludeImporter) -> (artifact id: '4a1d4001e329db98d9cad022f0101c36') in 0.000336037 seconds
Start importing Packages/com.unity.render-pipelines.universal/Runtime/VFXGraph/Shaders/VFXLitPixelOutput.hlsl using Guid(ac160f8e04d8868418f09da1757e85ac) (ShaderIncludeImporter) -> (artifact id: 'e00b5aa4c6579fe41e53c674d77cd90e') in 0.000265906 seconds
Start importing Packages/com.unity.render-pipelines.universal/Editor/2D/ShaderGraph/Includes/MeshUnlitPass.hlsl using Guid(bce3f62f3aca0994599f5113432c9136) (ShaderIncludeImporter) -> (artifact id: '67f3fdc1d3c8e4ffb60172e7d9116874') in 0.000258073 seconds
Start importing Packages/com.unity.render-pipelines.universal/ShaderLibrary/RenderingLayers.hlsl using Guid(bcd650cf6823f4f7fb62fe0eccae07b0) (ShaderIncludeImporter) -> (artifact id: 'da114a899ba25ac3d7abb32701aa9097') in 0.000273262 seconds
Start importing Packages/com.unity.render-pipelines.universal/ShaderLibrary/GBufferCommon.hlsl using Guid(bc7fdf95b149455c88d444108d74601c) (ShaderIncludeImporter) -> (artifact id: 'd14f9fe412b934f40ba3d2dce3501691') in 0.000249917 seconds
Start importing Packages/com.unity.render-pipelines.universal/Shaders/Particles/ParticlesLitGbufferPass.hlsl using Guid(cc421706a0b598946982fee0c0d4bf51) (ShaderIncludeImporter) -> (artifact id: '79e967ec0f327af7b3804122998e8767') in 0.000263293 seconds
Start importing Packages/com.unity.render-pipelines.core/ShaderLibrary/Threading.hlsl using Guid(cc0d8451b1d348689c76bbac2a797aaa) (ShaderIncludeImporter) -> (artifact id: '0dc3ce99f87669354bb9a6f078c69ad8') in 0.00041589 seconds
Start importing Packages/com.unity.render-pipelines.universal/Shaders/LitMetaPass.hlsl using Guid(dcf4e762d48204e33b575f8007e3d563) (ShaderIncludeImporter) -> (artifact id: '926298f223db4279249a6603084fdbbb') in 0.000261858 seconds
Start importing Packages/com.unity.render-pipelines.core/Runtime/Lighting/ProbeVolume/ShaderVariablesProbeVolumes.cs.hlsl using Guid(dcbd446e83bc87d40b82dd90f8814c3c) (ShaderIncludeImporter) -> (artifact id: 'c9f52fcb492cc37f5c3b11f0f14a99ba') in 0.000252159 seconds
Start importing Packages/com.unity.render-pipelines.core/Runtime/UnifiedRayTracing/Common/GeometryPool/GeometryPoolDefs.cs.hlsl using Guid(eca78e9f751408043bef5b9d52db9d39) (ShaderIncludeImporter) -> (artifact id: 'ce677dd2f022ab648ffd105b9e10292b') in 0.000272532 seconds
Start importing Packages/com.unity.shadergraph/ShaderGraphLibrary/ShaderVariablesMatrixDefsLegacyUnity.hlsl using Guid(0d85288be460c884bba7ec9ef5c6684d) (ShaderIncludeImporter) -> (artifact id: 'e606f14d3149e7eb8d4fc5bc52b2e67a') in 0.000237812 seconds
Start importing Packages/com.unity.shadergraph/ShaderGraphLibrary/PreviewPass.hlsl using Guid(0db5a27336918594d860a43da98f2b47) (ShaderIncludeImporter) -> (artifact id: '666813f87a1313739dd449b22fd488bd') in 0.000230735 seconds
Start importing Packages/com.unity.shadergraph/Editor/Generation/Targets/Fullscreen/Includes/CustomRenderTexture.hlsl using Guid(0de8792ff52727f44925b54be00b9f18) (ShaderIncludeImporter) -> (artifact id: 'c9becd7229e9d580bf422b49b0951d1f') in 0.000441251 seconds
Start importing Packages/com.unity.render-pipelines.universal/Shaders/Particles/ParticlesUnlitInput.hlsl using Guid(0ddf9719bc9ff43e1a017712e21bb5e6) (ShaderIncludeImporter) -> (artifact id: 'fd9bbe7623fc1ebd0d0bdbd9aa62420a') in 0.000422878 seconds
Start importing Packages/com.unity.render-pipelines.core/Runtime/UnifiedRayTracing/Compute/RadeonRays/kernels/intersector_common.hlsl using Guid(1d3d4991676b46b4dbcffa10bf77e786) (ShaderIncludeImporter) -> (artifact id: '115bea84610bbe23bca33a21a735a8c5') in 0.000309491 seconds
Start importing Packages/com.unity.render-pipelines.universal/Shaders/PostProcessing/TemporalAA.hlsl using Guid(2d9f6a569c0b340a388b3e7c0428548c) (ShaderIncludeImporter) -> (artifact id: 'ab6a049028f695d48487f12e4e22be70') in 0.00026636 seconds
Start importing Packages/com.unity.render-pipelines.universal/Editor/ShaderGraph/Includes/SelectionPickingPass.hlsl using Guid(3d28e6c5572c3d8479d70ecfdc954692) (ShaderIncludeImporter) -> (artifact id: '1650ec8386f0cbcabd59a15fd490ad62') in 0.000258752 seconds
Start importing Packages/com.unity.render-pipelines.universal/Runtime/RendererFeatures/SurfaceCacheGI/SurfaceCacheCore/TemporalFiltering.hlsl using Guid(3d6e9bbc38b5ff841a484d47af117c33) (ShaderIncludeImporter) -> (artifact id: '7c072168839235e9ea9ff591f82a42dc') in 0.000280499 seconds
Start importing Packages/com.unity.render-pipelines.universal/ShaderLibrary/ObjectMotionVectors.hlsl using Guid(6d239a0044031854a817ab72a66ce766) (ShaderIncludeImporter) -> (artifact id: '6f5569706893c51e611c88915967ba1a') in 0.000273514 seconds
Start importing Packages/com.unity.render-pipelines.universal/Runtime/RendererFeatures/SurfaceCacheGI/SurfaceCacheCore/Estimation.hlsl using Guid(6d141c681d76ebf4a954f3cbee57173c) (ShaderIncludeImporter) -> (artifact id: '2db5478c3261f60676cf80187b4aa9b2') in 0.000256663 seconds
Start importing Packages/com.unity.render-pipelines.core/Runtime/Sampling/QuasiRandom.hlsl using Guid(6dd45a9bd35347a45b6cb0047cab846f) (ShaderIncludeImporter) -> (artifact id: 'c194614d1c4f307244a06826c4c345d4') in 0.000267545 seconds
Start importing Packages/com.unity.render-pipelines.universal/ShaderLibrary/DeclareRenderingLayerTexture.hlsl using Guid(6db8433897838284fa5c7571f3088db8) (ShaderIncludeImporter) -> (artifact id: 'c1245cb58f23490f63f2734c405bf9e2') in 0.000262995 seconds
Start importing Packages/com.unity.render-pipelines.core/Runtime/UnifiedRayTracing/CommonStructs.hlsl using Guid(7d31f2834b1e0db45bc5e8596c3908cf) (ShaderIncludeImporter) -> (artifact id: '668c875b6a5f266ed9d69b7b95535e75') in 0.000252932 seconds
Start importing Packages/com.unity.render-pipelines.universal/ShaderLibrary/UnityTypes.hlsl using Guid(8d0dd75f99f9243d584a08489c8498b8) (ShaderIncludeImporter) -> (artifact id: '2111fc9206623c13384da65877920bf0') in 0.000243445 seconds
Start importing Packages/com.unity.render-pipelines.core/ShaderLibrary/Packing.hlsl using Guid(ad629edbad34c1c45afea3021c1553c8) (ShaderIncludeImporter) -> (artifact id: 'ba74eacbfa46763b1864dc2670841374') in 0.000235473 seconds
Start importing Packages/com.unity.render-pipelines.universal/Shaders/Terrain/TerrainLitPasses.hlsl using Guid(ad25529ea2516421ab5f1a2440bee139) (ShaderIncludeImporter) -> (artifact id: '2bff25c038a3d0c9ca0a091abcb381d4') in 0.000236609 seconds
Start importing Packages/com.unity.render-pipelines.universal/Shaders/SimpleLitInput.hlsl using Guid(ad863d097888f42c6bcf419efb2946c5) (ShaderIncludeImporter) -> (artifact id: '3d78ddef99e6d66556ef478252cedb7e') in 0.000238925 seconds
Start importing Packages/com.unity.render-pipelines.core/Runtime/Utilities/BlitColorAndDepth.hlsl using Guid(cdea49463de0449b48cacd6a3925dcf7) (ShaderIncludeImporter) -> (artifact id: '3440b8bba9098dd290535310ac52f8ef') in 0.000234032 seconds
Start importing Packages/com.unity.shadergraph/Editor/Generation/Targets/BuiltIn/Editor/ShaderGraph/Includes/DepthOnlyPass.hlsl using Guid(cd9e404a0c5b4bb4787c63d916f217a2) (ShaderIncludeImporter) -> (artifact id: '139727572911e86f9d9f9523ffea850e') in 0.000224259 seconds
Start importing Packages/com.unity.render-pipelines.universal/Editor/ShaderGraph/Templates/SharedCode.template.hlsl using Guid(ed33028ae86f863468162a7c6b0ae962) (ShaderIncludeImporter) -> (artifact id: 'c6caf7c418c1bf6f4fd3ca2cbccbf34d') in 0.000233723 seconds
Start importing Packages/com.unity.render-pipelines.core/Runtime/STP/Stp.hlsl using Guid(edf9bcadab79ea842850b55b8d3a60d4) (ShaderIncludeImporter) -> (artifact id: '9e8a361e81764add024bcfbb6f608386') in 0.000331447 seconds
Start importing Packages/com.unity.render-pipelines.universal/Shaders/XR/XRMirrorView.hlsl using Guid(0eac51a8dfc8fa341a5f8c6450bc0f84) (ShaderIncludeImporter) -> (artifact id: '64a05444781017beb0e464101d0cc97a') in 0.000234787 seconds
Start importing Packages/com.unity.render-pipelines.core/ShaderLibrary/Tessellation.hlsl using Guid(1ea56bc9911bbad4191075872a46cc89) (ShaderIncludeImporter) -> (artifact id: '463e34bdd171d46e93039ee18377df9d') in 0.000232702 seconds
Start importing Packages/com.unity.render-pipelines.core/Runtime/GPUDriven/OcclusionCullingCommon.cs.hlsl using Guid(1ed97a1fe4775544caa75b92f1d8e9ae) (ShaderIncludeImporter) -> (artifact id: '5fc5d4dee754c25d7975ff1126a0a676') in 0.000246985 seconds
Start importing Packages/com.unity.shadergraph/Editor/Generation/Targets/BuiltIn/Editor/ShaderGraph/Includes/PBRGBufferPass.hlsl using Guid(3ed09dfc4bb69694ca13ae03dbab44df) (ShaderIncludeImporter) -> (artifact id: '10e3c6010f277b6971a235b4c75db5f4') in 0.000232893 seconds
Start importing Packages/com.unity.render-pipelines.universal/ShaderLibrary/DecalInput.hlsl using Guid(3e4be2c2c37a850478a159473b68a63f) (ShaderIncludeImporter) -> (artifact id: '591e4ae08f291fc6e567152c688dc867') in 0.000234273 seconds
Start importing Packages/com.unity.render-pipelines.universal/ShaderLibrary/Debug/Debugging2D.hlsl using Guid(4ee4501622ea4008903e313980a6b1b2) (ShaderIncludeImporter) -> (artifact id: 'a76504b1508bfc7cda56b26d80e1d2dd') in 0.000230307 seconds
Start importing Packages/com.unity.render-pipelines.universal/ShaderLibrary/RealtimeLights.hlsl using Guid(4e8e2a4c57cb4eb6bf8653ab88069a9c) (ShaderIncludeImporter) -> (artifact id: '52adbd4a27b414f9db8430d17a772f8c') in 0.000253253 seconds
Start importing Packages/com.unity.shadergraph/Editor/Generation/Targets/BuiltIn/Editor/ShaderGraph/Includes/LegacyBuilding.hlsl using Guid(5ef47fafdf6082a4ca29b49f85810af3) (ShaderIncludeImporter) -> (artifact id: 'dd2fb6d762f121363759d2cc144ca8e5') in 0.000230681 seconds
Start importing Packages/com.unity.render-pipelines.core/ShaderLibrary/BSDF.hlsl using Guid(5eb5e8e99ae281342bae5c7b296b3ae3) (ShaderIncludeImporter) -> (artifact id: '66c4c4bd4eddb8d4a9af2fbd74af874c') in 0.00023557 seconds
Start importing Packages/com.unity.render-pipelines.universal/ShaderLibrary/ForwardPlusKeyword.deprecated.hlsl using Guid(7e363e809b854c74b30d5945820534d4) (ShaderIncludeImporter) -> (artifact id: 'd21c5b11ebdb9531968fb63b55a25b55') in 0.000250691 seconds
Start importing Packages/com.unity.shadergraph/Editor/Generation/Targets/BuiltIn/ShaderLibrary/DeclareNormalsTexture.hlsl using Guid(8e70e91938193854da65cb4c9d09b99b) (ShaderIncludeImporter) -> (artifact id: '388c93dae625480b0d20de2903579d09') in 0.00022521 seconds
Start importing Packages/com.unity.render-pipelines.core/Runtime/PostProcessing/LensFlareDataSRP.cs.hlsl using Guid(9ee7f7178a92d554fa636bc513594ded) (ShaderIncludeImporter) -> (artifact id: '358bd8e35b085dc5f1e025bf22d073ee') in 0.000225532 seconds
Start importing Packages/com.unity.render-pipelines.universal/Editor/ShaderGraph/Includes/DepthNormalsOnlyPass.hlsl using Guid(9ebb19659794b47c59986fcc45692a0d) (ShaderIncludeImporter) -> (artifact id: '49647c646324a853ef25fa01f8f11679') in 0.000211597 seconds
Start importing Packages/com.unity.render-pipelines.core/ShaderLibrary/ImageBasedLighting.hlsl using Guid(ae4dc0bfd9fc0b544a109513ba841d30) (ShaderIncludeImporter) -> (artifact id: 'ab57355ca60f4e28b7478d0354670d12') in 0.000263693 seconds
Start importing Packages/com.unity.render-pipelines.universal/Shaders/UnlitDepthNormalsPass.hlsl using Guid(ce8b43269e26f4263ac0da53665264b9) (ShaderIncludeImporter) -> (artifact id: 'c884442c87502e1556e493687cb9736a') in 0.00023599 seconds
Start importing Packages/com.unity.render-pipelines.universal/Shaders/XR/XRVisibilityMeshHelper.hlsl using Guid(ded32ce19f1afce42a36cb8e415e3aca) (ShaderIncludeImporter) -> (artifact id: '83bebadc84e361e33fde99ef765568b3') in 0.000231841 seconds
Start importing Packages/com.unity.render-pipelines.core/Runtime/PostProcessing/Shaders/FSRCommon.hlsl using Guid(ee30e890854422d4c85fb895d34e2a53) (ShaderIncludeImporter) -> (artifact id: 'aac571db7b2a8209a230c9a815ac1d71') in 0.000241792 seconds
Start importing Packages/com.unity.render-pipelines.universal/Shaders/SimpleLitForwardPass.hlsl using Guid(ee447e65526c7db45a978c16b28827a9) (ShaderIncludeImporter) -> (artifact id: 'b581cc848b5538b67c43230c620a2f30') in 0.000234612 seconds
Start importing Packages/com.unity.render-pipelines.core/ShaderLibrary/GeometricTools.hlsl using Guid(eebfba22df48acf4b978d98000cb10e6) (ShaderIncludeImporter) -> (artifact id: '123fa68d11c09a96704461d4ad995721') in 0.000218896 seconds
Start importing Packages/com.unity.render-pipelines.universal/Runtime/RendererFeatures/SurfaceCacheGI/SurfaceCacheCore/RisEstimation.hlsl using Guid(3fdd957f94ad7874198e756569ec013e) (ShaderIncludeImporter) -> (artifact id: '564228b4a3a4bfbfeafb712bbd8324ab') in 0.000230786 seconds
Start importing Packages/com.unity.render-pipelines.universal/Shaders/PostProcessing/SubpixelMorphologicalAntialiasing.hlsl using Guid(3f1f7ec9e0c852a48826fe085f257d80) (ShaderIncludeImporter) -> (artifact id: '3425ed5456f8e24f5c42ebfbdc188aaa') in 0.00024625 seconds
Start importing Packages/com.unity.render-pipelines.universal/Editor/ShaderGraph/Includes/UITKPass.hlsl using Guid(4f183ca0bce4b844b8b2b26d1a18159c) (ShaderIncludeImporter) -> (artifact id: '42ff260dc2e44034f96f7582843657f0') in 0.000220546 seconds
Start importing Packages/com.unity.render-pipelines.universal/Shaders/SimpleLitGBufferPass.hlsl using Guid(5f8cea4f4fce7414ab78bcbf51dca71c) (ShaderIncludeImporter) -> (artifact id: '0e956db20aa57587f9178d0475de9aa2') in 0.000249197 seconds
Start importing Packages/com.unity.render-pipelines.core/ShaderLibrary/VirtualTexturing.hlsl using Guid(6f22d4e29906d3c47892e0c92874b752) (ShaderIncludeImporter) -> (artifact id: 'bbdf0f499a8902c7e3722fc3d6e916f3') in 0.000246805 seconds
Start importing Packages/com.unity.render-pipelines.core/ShaderLibrary/Shadow/ShadowSamplingTent.hlsl using Guid(6ff912bb23fcd5b468dd2e5c37addac3) (ShaderIncludeImporter) -> (artifact id: 'c20981142c9a838cafb9adc000524ab4') in 0.000236892 seconds
Start importing Packages/com.unity.shadergraph/Editor/Generation/Targets/BuiltIn/Editor/ShaderGraph/Includes/PBRForwardPass.hlsl using Guid(6fca0a7fb5d1b8648a17c83915199f6e) (ShaderIncludeImporter) -> (artifact id: '90f450d0ff14f21e8349a6e9889eefa8') in 0.000215791 seconds
Start importing Packages/com.unity.shadergraph/Editor/Generation/Targets/CustomRenderTexture/CustomTexture.hlsl using Guid(8f43a880cf1819049aa196a7696ee562) (ShaderIncludeImporter) -> (artifact id: 'f5c19f283b7af0abed5f345a89662200') in 0.000243663 seconds
Start importing Packages/com.unity.shadergraph/Editor/Generation/Targets/BuiltIn/ShaderLibrary/DeclareOpaqueTexture.hlsl using Guid(8f04f9a51bb7cae408ba6b74194f84f7) (ShaderIncludeImporter) -> (artifact id: '27505b85b0b8124cc6b83db3e31cc56d') in 0.000223325 seconds
Start importing Packages/com.unity.render-pipelines.universal/Editor/ShaderGraph/Includes/DepthOnlyPass.hlsl using Guid(8f266648f26372548b2ae696d6db739e) (ShaderIncludeImporter) -> (artifact id: 'e8375760a8ee57584da7255018ca55e2') in 0.000214161 seconds
Start importing Packages/com.unity.shadergraph/Editor/Generation/Targets/BuiltIn/ShaderLibrary/Shim/UIShimPreview.hlsl using Guid(9f12249d09c77224c8a6d6fad6e252b5) (ShaderIncludeImporter) -> (artifact id: '1e07011e00233adc2722c4cf5882b78b') in 0.000224423 seconds
Start importing Packages/com.unity.render-pipelines.core/ShaderLibrary/Coverage.hlsl using Guid(9fede799a67b40b2a294892639a80b13) (ShaderIncludeImporter) -> (artifact id: 'b6011bf3dd5c5249b584dbeed1717413') in 0.0002588 seconds
Start importing Packages/com.unity.render-pipelines.core/Runtime/PostProcessing/Shaders/LensFlareScreenSpaceCommon.hlsl using Guid(afe55daff42455e4eb6a40e34678a418) (ShaderIncludeImporter) -> (artifact id: '9e328715ce2de1213ec2d37d3180a877') in 0.000239423 seconds
Start importing Packages/com.unity.render-pipelines.universal/Shaders/Utils/ClusterDeferred.hlsl using Guid(affb8a852369435f8e6a36bf7893715f) (ShaderIncludeImporter) -> (artifact id: 'c6f7c2626864e17cb207f0d356c95ab2') in 0.000228054 seconds
Start importing Packages/com.unity.shadergraph/Editor/Generation/Targets/BuiltIn/ShaderLibrary/ShaderVariablesFunctions.deprecated.hlsl using Guid(bfc4f24aa6eda10499234c714f82c6f2) (ShaderIncludeImporter) -> (artifact id: '6ae50d92a9fe223db2348f293f0ebfc9') in 0.000214574 seconds
Start importing Packages/com.unity.render-pipelines.universal/Editor/Terrain/BuildTerrainSurfaceDescriptionInputs.template.hlsl using Guid(ef136de7def056a4d8aa337fa0bcd989) (ShaderIncludeImporter) -> (artifact id: '206794abd3290ef4a16e1a2638c9c2f8') in 0.00024086 seconds
Start importing Packages/com.unity.render-pipelines.universal/ShaderLibrary/LODCrossFade.hlsl using Guid(ef46fb1e00bf67142ae3548411a562b6) (ShaderIncludeImporter) -> (artifact id: 'fc9a846299a81682cdd28d30b120c622') in 0.000229396 seconds
Start importing Packages/com.unity.render-pipelines.universal/ShaderLibrary/DeclareDepthTexture.hlsl using Guid(ff20ba0133cd2904ebf470aedb16e9a2) (ShaderIncludeImporter) -> (artifact id: 'b8c9d85732820ce1ed4df0cb85658a7c') in 0.000212238 seconds
Start importing Packages/com.unity.render-pipelines.core/Runtime/UnifiedRayTracing/TraceRayAndQueryHit.hlsl using Guid(ff541650e0d7c3146a62582a0bd48d30) (ShaderIncludeImporter) -> (artifact id: '70355ef265c56c1df4e6bb955c900cd3') in 0.000239242 seconds
Start importing Packages/com.unity.render-pipelines.universal/Shaders/SimpleLitMetaPass.hlsl using Guid(ffc632d1e38ef4682807a89afb2b966f) (ShaderIncludeImporter) -> (artifact id: '6a39cff5ca8a5321a087cb9a0121f7bb') in 0.000235392 seconds
Start importing Packages/com.unity.shadergraph/Editor/Resources/Shaders/BlitNoAlpha.shader using Guid(50b406436c6214c49aaaa6011b71dde8) (ShaderImporter)Launched and connected shader compiler UnityShaderCompiler after 0.01 seconds
 -> (artifact id: '2557c53943f732786d43b8d8d048a60a') in 0.020055264 seconds
Start importing Packages/com.unity.render-pipelines.universal/Shaders/SpatialMappingOcclusion.shader using Guid(60e10855641b4d84da68ec72e6f6eeb8) (ShaderImporter) -> (artifact id: '1ffa2dc46b23082ce86c45a3a8bb86b9') in 0.005152435 seconds
Start importing Packages/com.unity.render-pipelines.universal/Tests/Editor/CustomDepthBlit.shader using Guid(7057bb795f794bc44a4e34ca79be6e54) (ShaderImporter) -> (artifact id: '71265e5662ad076b7176957615d2af1d') in 0.004423717 seconds
Start importing Packages/com.unity.render-pipelines.universal/Shaders/PostProcessing/LensFlareScreenSpace.shader using Guid(701880fecb344ea4c9cd0db3407ab287) (ShaderImporter) -> (artifact id: '5ebf2cdc36c068ec6418de7e6f73cc8b') in 0.007255909 seconds
Start importing Packages/com.unity.render-pipelines.universal/Runtime/Decal/DBuffer/DBufferClear.shader using Guid(f056d8bd2a1c7e44e9729144b4c70395) (ShaderImporter) -> (artifact id: 'eaea874d55348d95d81857ddb9f54e93') in 0.003189157 seconds
Start importing Packages/com.unity.render-pipelines.universal/Shaders/PostProcessing/StopNaN.shader using Guid(1121bb4e615ca3c48b214e79e841e823) (ShaderImporter) -> (artifact id: '0be3b0994bb2ec2fcb3268de0b06e636') in 0.002720578 seconds
Start importing Packages/com.unity.render-pipelines.universal/Shaders/Terrain/TerrainLitBase.shader using Guid(21322c8b137c66e49b86085d3c8161f6) (ShaderImporter) -> (artifact id: '509acda184737b2fa8273cea6bc9bfad') in 0.017476072 seconds
Start importing Packages/com.unity.render-pipelines.core/Tests/Editor/ShaderStripping/DummyPipelineShader.shader using Guid(61e53729ad706d049b12a441f328fe34) (ShaderImporter) -> (artifact id: '058dec09781e065373a9530c60a3e460') in 0.001557509 seconds
Start importing Packages/com.unity.render-pipelines.core/Runtime/Lighting/ProbeVolume/ProbeVolumeUploadDataL2.compute using Guid(6196f34ed825db14b81fb3eb0ea8d931) (ComputeShaderImporter) -> (artifact id: '729ecf17e3ce5069e043f57507448dce') in 0.002222016 seconds
Start importing Packages/com.unity.render-pipelines.core/Editor/LookDev/CubeToLatlong.shader using Guid(a16365e8c873daa4c94919438490b905) (ShaderImporter) -> (artifact id: 'c878b0543a9f1d6d395ce7347f464557') in 0.001683109 seconds
Start importing Packages/com.unity.render-pipelines.universal/Runtime/RendererFeatures/SurfaceCacheGI/SurfaceCacheCore/Defrag.compute using Guid(a183a2d0b1da4904fb3bd71c6111ebb1) (ComputeShaderImporter) -> (artifact id: '9bc0fd937dcac089b0589caf4b325861') in 0.001774838 seconds
Start importing Packages/com.unity.render-pipelines.universal/Tests/Editor/PostProcessDataTests/1.shader using Guid(a176945d0e562084691bce8e11084c6a) (ShaderImporter) -> (artifact id: 'ae798474ea53903d570dfc8f42c07d9c') in 0.112430755 seconds
Start importing Packages/com.unity.render-pipelines.universal/Shaders/PostProcessing/PaniniProjection.shader using Guid(a15b78cf8ca26ca4fb2090293153c62c) (ShaderImporter) -> (artifact id: '0cdbeeb149b8acfa3621e201fc8b9d72') in 0.003931651 seconds
Start importing Packages/com.unity.render-pipelines.universal/Shaders/Utils/Blit.shader using Guid(c17132b1f77d20942aa75f8429c0f8bc) (ShaderImporter) -> (artifact id: 'd4da6d8f7602143a05dc5f84dcc29851') in 0.003544312 seconds
Start importing Packages/com.unity.render-pipelines.universal/Shaders/Utils/CoreBlitColorAndDepth.shader using Guid(d104b2fc1ca6445babb8e90b0758136b) (ShaderImporter) -> (artifact id: 'a71ca320fc290243030b410387f47ba2') in 0.003501894 seconds
Start importing Packages/com.unity.render-pipelines.core/Shaders/CoreCopy.shader using Guid(12dc59547ea167a4ab435097dd0f9add) (ShaderImporter) -> (artifact id: '4d7c9d70c6505c79efbff82c08f40f76') in 0.0023119 seconds
Start importing Packages/com.unity.render-pipelines.core/Tests/Editor/SimpleDots.shader using Guid(120ea264a7bdc294f86074ea0303c88f) (ShaderImporter) -> (artifact id: 'bff678de54e97fe44967e096a65bb11c') in 0.00172253 seconds
Start importing Packages/com.unity.cloud.gltfast/Runtime/Shader/Export/glTFExportNormal.shader using Guid(223792947f6cb461c93ef4d8df7b859c) (ShaderImporter) -> (artifact id: '30387e264695029d5794713d2f7fb1db') in 0.00130869 seconds
Start importing Packages/com.unity.render-pipelines.universal/Shaders/Utils/ClusterDeferred.shader using Guid(222cce62363a44a380c36bf03b392608) (ShaderImporter) -> (artifact id: 'beba9c5d6414d1169477222368ed57af') in 0.007457531 seconds
Start importing Packages/com.unity.render-pipelines.universal/Runtime/RendererFeatures/SurfaceCacheGI/FallbackMaterial.shader using Guid(421501d8e4bd2014dbd1dbe80ec2bb5a) (ShaderImporter) -> (artifact id: '5553d759154bb50cdb2d9a904111d097') in 0.002200963 seconds
Start importing Packages/com.unity.render-pipelines.core/Runtime/Vrs/Shaders/VrsVisualization.shader using Guid(620b55b8040a88d468e94abe55bed5ba) (ShaderImporter) -> (artifact id: '554b02eb5cd8eec8824f5d80b72ebd09') in 0.002204246 seconds
Start importing Packages/com.unity.render-pipelines.core/Runtime/UnifiedRayTracing/Compute/RadeonRays/kernels/scatter.compute using Guid(a2eaeefdac4637a44b734e85b7be9186) (ComputeShaderImporter) -> (artifact id: 'b5ee35bbcd2fd739825cb46bc355da05') in 0.001110176 seconds
Start importing Packages/com.unity.cloud.gltfast/Runtime/Shader/Export/glTFExportMetalGloss.shader using Guid(b2339366be04e4cf197c6cf4bd5a84dc) (ShaderImporter) -> (artifact id: 'a5f89327ddb4d146882d8b8a485c350c') in 0.001406994 seconds
Start importing Packages/com.unity.render-pipelines.core/Runtime/RenderPipelineResources/GPUDriven/OcclusionCullingDebug.compute using Guid(b23e766bcf50ca4438ef186b174557df) (ComputeShaderImporter) -> (artifact id: 'c11e7539597ec7711f1198fb71dd73b0') in 0.001903125 seconds
Start importing Packages/com.unity.render-pipelines.universal/Runtime/RendererFeatures/SurfaceCacheGI/SurfaceCacheCore/TemporalFiltering.compute using Guid(c23523f04780d754f927b9daf4f975b9) (ComputeShaderImporter) -> (artifact id: '1489fd0f8eda69ba246218e5fd0e15ab') in 0.000938572 seconds
Start importing Packages/com.unity.render-pipelines.universal/Shaders/2D/Sprite-Lit-Default.shader using Guid(e260cfa7296ee7642b167f1eb5be5023) (ShaderImporter) -> (artifact id: '02a796e1aa6d1a3a08afb94c683d0f7e') in 0.008555264 seconds
Start importing Packages/com.unity.render-pipelines.universal/Shaders/2D/Sprite-Unlit-Default.shader using Guid(13c02b14c4d048fa9653293d54f6e0e1) (ShaderImporter) -> (artifact id: '042411234990c4e805ad18512397493b') in 0.005839589 seconds
Start importing Packages/com.unity.render-pipelines.universal/Runtime/RendererFeatures/SurfaceCacheGI/FlatNormalResolution.compute using Guid(134e9451a58aaba43ba713adbd103d92) (ComputeShaderImporter) -> (artifact id: 'c890437c1c94be5cfd98ea67a58d1577') in 0.002657108 seconds
Start importing Packages/com.unity.render-pipelines.core/Runtime/STP/StpSetup.compute using Guid(33be2e9a5506b2843bdb2bdff9cad5e1) (ComputeShaderImporter) -> (artifact id: '202f22806214be79414425d85e144942') in 0.018477394 seconds
Start importing Packages/com.unity.cloud.gltfast/Runtime/Shader/Built-In/glTFUnlit.shader using Guid(4340a3cf1cde6416d957808a6ac79eed) (ShaderImporter) -> (artifact id: '7539af0655eb284d857b2caffa862d47') in 0.011359689 seconds
Start importing Packages/com.unity.render-pipelines.core/Editor/LookDev/Compositor.shader using Guid(4386e57b23a56004c93e1d57d2bbcb4f) (ShaderImporter) -> (artifact id: '664ad816857be9b58a2e9fe8a4ae431e') in 0.038043227 seconds
Start importing Packages/com.unity.render-pipelines.universal/Shaders/Debug/ProbeVolumeSamplingDebugPositionNormal.compute using Guid(53626a513ea68ce47b59dc1299fe3959) (ComputeShaderImporter) -> (artifact id: 'ddf34c430e548d32fd6c0e7d12833693') in 0.002872328 seconds
Start importing Packages/com.unity.render-pipelines.core/Runtime/RenderPipelineResources/GPUDriven/InstanceDataBufferUploadKernels.compute using Guid(53864816eb00f2343b60e1a2c5a262ef) (ComputeShaderImporter) -> (artifact id: '8c6bc7072fea2fb81bdad1ed37e33e9a') in 0.000555421 seconds
Start importing Packages/com.unity.render-pipelines.universal/Runtime/RendererFeatures/SurfaceCacheGI/SurfaceCacheCore/SpatialFiltering.compute using Guid(63e59de460463bb4c9d64bc58051d12c) (ComputeShaderImporter) -> (artifact id: 'de138c4c4f36a4db7f36e0b257b48883') in 0.001053569 seconds
Start importing Packages/com.unity.render-pipelines.universal/Shaders/PostProcessing/SubpixelMorphologicalAntialiasing.shader using Guid(63eaba0ebfb82cc43bde059b4a8c65f6) (ShaderImporter) -> (artifact id: 'ade23f695ea17cba8815a30ab9bf9461') in 0.004899494 seconds
Start importing Packages/com.unity.render-pipelines.universal/Shaders/Utils/CoreBlit.shader using Guid(93446b5c5339d4f00b85c159e1159b7c) (ShaderImporter) -> (artifact id: 'd9bf6e97a0a1738045150c5666b3fea0') in 0.022399894 seconds
Start importing Packages/com.unity.render-pipelines.universal/Shaders/Lit.shader using Guid(933532a4fcc9baf4fa0491de14d08ed7) (ShaderImporter) -> (artifact id: '5e39ebdff5c6f00d6d82c82fabc2ed6c') in 0.01706443 seconds
Start importing Packages/com.unity.render-pipelines.core/Runtime/Lighting/ProbeVolume/ProbeVolumeBlendStates.compute using Guid(a3f7b8c99de28a94684cb1daebeccf5d) (ComputeShaderImporter) -> (artifact id: '7c43ca9431e8cafe0cec32baceb888b4') in 0.002562836 seconds
Start importing Packages/com.unity.cloud.gltfast/Runtime/Shader/Export/glTFExportSmoothness.shader using Guid(b325a765e406c458f88111b5ba9b2ce1) (ShaderImporter) -> (artifact id: '6795505c0b831356581c978b476ed341') in 0.00175692 seconds
Start importing Packages/com.unity.render-pipelines.core/Runtime/RenderPipelineResources/GPUDriven/DebugOccluder.shader using Guid(b3c92426a88625841ab15ca6a7917248) (ShaderImporter) -> (artifact id: '78ccbf9bd32958aa538f0ed1c5cbf485') in 0.001545546 seconds
Start importing Packages/com.unity.render-pipelines.core/Runtime/RenderPipelineResources/GPUDriven/DebugOcclusionTest.shader using Guid(d3f0849180c2d0944bc71060693df100) (ShaderImporter) -> (artifact id: '57e703b6fc1468b61b99943525dee8ec') in 0.002884131 seconds
Start importing Packages/com.unity.render-pipelines.universal/Shaders/2D/Sprite-Mask.shader using Guid(e39bd598ce13f44ba8af997d3e42cd18) (ShaderImporter) -> (artifact id: 'de1d853d4042523148dce7fef5604b48') in 0.003818263 seconds
Start importing Packages/com.unity.render-pipelines.universal/Shaders/Utils/Sampling.shader using Guid(04c410c9937594faa893a11dceb85f7e) (ShaderImporter) -> (artifact id: 'fecc1f1a338005ce1ce2394b17411905') in 0.002709972 seconds
Start importing Packages/com.unity.render-pipelines.universal/Shaders/Particles/ParticlesUnlit.shader using Guid(0406db5a14f94604a8c57ccfbc9f3b46) (ShaderImporter) -> (artifact id: '33cd44b745461e1e6d359ea13d72f089') in 0.013153442 seconds
Start importing Packages/com.unity.render-pipelines.universal/Shaders/XR/XROcclusionMesh.shader using Guid(4431b1f1f743fbf4eb310a967890cbea) (ShaderImporter) -> (artifact id: '4506ec4aebe6456723c254674d135110') in 0.003247585 seconds
Start importing Packages/com.unity.render-pipelines.universal/Shaders/2D/Shadow2D-Shadow-Sprite.shader using Guid(44fc62292b65ab04eabcf310e799ccf6) (ShaderImporter) -> (artifact id: '501091393ab87d0ed402801381a3d88e') in 0.002575175 seconds
Start importing Packages/com.unity.cloud.gltfast/Runtime/Shader/Export/glTFExportOcclusion.shader using Guid(5415cfa8493204ba5ae288a245ca7616) (ShaderImporter) -> (artifact id: '17404d6323e88da7cb0509ad05643772') in 0.00163776 seconds
Start importing Packages/com.unity.render-pipelines.universal/Shaders/BRGPicking.shader using Guid(74b1585886a85614aa34e2c8e303c77a) (ShaderImporter) -> (artifact id: '5224451371ba71fe5eb8171d368c2c63') in 0.00367874 seconds
Start importing Packages/com.unity.render-pipelines.universal/Shaders/2D/RenderAs2D-Flattening.shader using Guid(74659692f6350ba46b88180d9c826630) (ShaderImporter) -> (artifact id: '972df9b120831c1bd699c9121231ee45') in 0.003902005 seconds
Start importing Packages/com.unity.render-pipelines.universal/Shaders/PostProcessing/FinalPost.shader using Guid(c49e63ed1bbcb334780a3bd19dfed403) (ShaderImporter) -> (artifact id: '2282a23cce99c6b90e41f40612a65054') in 0.009761205 seconds
Start importing Packages/com.unity.render-pipelines.universal/Shaders/Unlit.shader using Guid(650dd9526735d5b46b79224bc6e94025) (ShaderImporter) -> (artifact id: '05b544a4a8f0edf56dfa3e17679e4abf') in 0.012527859 seconds
Start importing Packages/com.unity.render-pipelines.universal/Shaders/PostProcessing/LutBuilderLdr.shader using Guid(65df88701913c224d95fc554db28381a) (ShaderImporter) -> (artifact id: '66459d7d349204e6d595c29beab38d78') in 0.003157638 seconds
Start importing Packages/com.unity.render-pipelines.universal/Shaders/Particles/ParticlesSimpleLit.shader using Guid(8516d7a69675844a7a0b7095af7c46af) (ShaderImporter) -> (artifact id: 'e320cedcbc042063fea989f1607079b0') in 0.016915232 seconds
Start importing Packages/com.unity.render-pipelines.universal/Editor/Overrides/Shaders/ShadowsMidtonesHighlightsCurves.shader using Guid(95e15a77195eb574ab82aaac18b1c796) (ShaderImporter) -> (artifact id: '4229cc5e5c2a4f766838e8af12708ebe') in 0.002132257 seconds
Start importing Packages/com.unity.render-pipelines.universal/Runtime/RendererFeatures/SurfaceCacheGI/SurfaceCacheCore/RestirEstimation.compute using Guid(b5dbdcea251f42c4a9b8721877f436bf) (ComputeShaderImporter) -> (artifact id: '22bfede52ccb57f2a2611ff76ca7ae34') in 0.000813729 seconds
Start importing Packages/com.unity.render-pipelines.universal/Shaders/CameraMotionVectors.shader using Guid(c56b7e0d4c7cb484e959caeeedae9bbf) (ShaderImporter) -> (artifact id: '0986a8b46cc72e17e66e1f76dd951644') in 0.005278991 seconds
Start importing Packages/com.unity.render-pipelines.universal/Shaders/XR/XRMirrorView.shader using Guid(d5a307c014552314b9f560906d708772) (ShaderImporter) -> (artifact id: '5a23a22a4f7e265aaa1e3156c97bde6f') in 0.004080969 seconds
Start importing Packages/com.unity.render-pipelines.universal/Shaders/Terrain/WavingGrass.shader using Guid(e507fdfead5ca47e8b9a768b51c291a1) (ShaderImporter) -> (artifact id: '0702b4fce6442ad7e72cfa1bb6e31091') in 0.010444191 seconds
Start importing Packages/com.unity.render-pipelines.core/Runtime/RenderPipelineResources/FallbackShader.shader using Guid(36e335017ad71d54fbb10842863188ae) (ShaderImporter) -> (artifact id: 'a8f254e71c2e00124ff29f3b945a2015') in 0.001248157 seconds
Start importing Packages/com.unity.render-pipelines.core/Runtime/UnifiedRayTracing/Compute/RadeonRays/kernels/restructure_bvh.compute using Guid(56641cb88dcb31a4398a4997ef7a7a8c) (ComputeShaderImporter) -> (artifact id: '1ff6081b5ff6291326ad09525c8dbc34') in 0.00118258 seconds
Start importing Packages/com.unity.render-pipelines.universal/Shaders/PostProcessing/EdgeAdaptiveSpatialUpsampling.shader using Guid(562b7ae4f629f144aa97780546fce7c6) (ShaderImporter) -> (artifact id: 'eab6250e0bb9e78dd5d0b642512dfbf5') in 0.003570492 seconds
Start importing Packages/com.unity.render-pipelines.core/Tests/Editor/CopyDepthToBuffer.compute using Guid(6666e5f03ff07054dbb7a7ac6e6aaee0) (ComputeShaderImporter) -> (artifact id: '62ff40f49da93bbf023e67a5d1d08b5c') in 0.000659232 seconds
Start importing Packages/com.unity.render-pipelines.core/Runtime/UnifiedRayTracing/Compute/RadeonRays/kernels/bit_histogram.compute using Guid(8670f7ce4b60cef43bed36148aa1b0a2) (ComputeShaderImporter) -> (artifact id: '0d61fbc9ccf32faf99c6ce7a9e6d6fe4') in 0.000602804 seconds
Start importing Packages/com.unity.render-pipelines.core/Runtime/STP/StpPreTaa.compute using Guid(a679dba8ec4d9ce45884a270b0e22dda) (ComputeShaderImporter) -> (artifact id: '46f2f77f46b3958c79380eafca9d8a74') in 0.001797428 seconds
Start importing Packages/com.unity.render-pipelines.universal/Shaders/Utils/CopyDepth.shader using Guid(d6dae50ee9e1bfa4db75f19f99355220) (ShaderImporter) -> (artifact id: '2d9036e47d76856818de384fad54f181') in 0.002992019 seconds
Start importing Packages/com.unity.render-pipelines.universal/Shaders/Utils/FallbackError.shader using Guid(e6e9a19c3678ded42a3bc431ebef7dbd) (ShaderImporter) -> (artifact id: 'be1d6df169fe141a6cae5183629e3c44') in 0.006912169 seconds
Start importing Packages/com.unity.render-pipelines.core/Runtime/RenderPipelineResources/GPUDriven/InstanceOcclusionCullingKernels.compute using Guid(f6d223acabc2f974795a5a7864b50e6c) (ComputeShaderImporter) -> (artifact id: '462f1a3cf7a21cc02e91d0c8d79d5208') in 0.002246997 seconds
Start importing Packages/com.unity.render-pipelines.universal/Shaders/Terrain/TerrainDetailLit.shader using Guid(f6783ab646d374f94b199774402a5144) (ShaderImporter) -> (artifact id: '2a956ac110bd1ba886a8938aa4ef0d6c') in 0.011770231 seconds
Start importing Packages/com.unity.render-pipelines.universal/Runtime/RendererFeatures/SurfaceCacheGI/SurfaceCacheCore/Scrolling.compute using Guid(47bbc3edf61978b498603cc2a1b87eea) (ComputeShaderImporter) -> (artifact id: '6f9223d2fcfdae8bbbfb310536649056') in 0.001578127 seconds
Start importing Packages/com.unity.render-pipelines.universal/Shaders/Debug/HDRDebugView.shader using Guid(573620ae32aec764abd4d728906d2587) (ShaderImporter) -> (artifact id: '9e8ff94ae8942e8d3d4e1e9b8fa4e724') in 0.005378555 seconds
Start importing Packages/com.unity.render-pipelines.core/Tests/Runtime/Threading/FunctionTestsGroup.compute using Guid(77f6c3e00d2daf84ba7b57e205d5dd64) (ComputeShaderImporter) -> (artifact id: '7941a84319382555f086942ff9aff3ac') in 0.002836916 seconds
Start importing Packages/com.unity.render-pipelines.universal/Shaders/2D/Shadow2D-Unshadow-Geometry.shader using Guid(77774d9009bb81447b048c907d4c6273) (ShaderImporter) -> (artifact id: 'dd2548d6a87b9ac064951f1b3882639a') in 0.002875343 seconds
Start importing Packages/com.unity.render-pipelines.universal/Editor/Overrides/Shaders/TrackballEditor.shader using Guid(77cfa04f893eb8745b6a454a3d51b43c) (ShaderImporter) -> (artifact id: '69923c6b1a5d2eaed653c6500d110421') in 0.001840084 seconds
Start importing Packages/com.unity.render-pipelines.core/Editor/PostProcessing/LensFlareResource/LensFlareDataDriven.shader using Guid(a796fe586e0ddba4cae031b0ab585286) (ShaderImporter) -> (artifact id: '4e8c19c4b3fdaf00414b9099a815135c') in 0.003370732 seconds
Start importing Packages/com.unity.render-pipelines.universal/Shaders/Particles/ParticlesLit.shader using Guid(b7839dad95683814aa64166edc107ae2) (ShaderImporter) -> (artifact id: '401420c64a202671fa785963336ff9e3') in 0.024341182 seconds
Start importing Packages/com.unity.test-framework.performance/Editor/TestReportGraph/TestReportShader.shader using Guid(c7715b638c6f5c849a6ec12234ae264c) (ShaderImporter) -> (artifact id: 'ec2edf9f672d0c0fcebb61034f01323a') in 0.002291805 seconds
Start importing Packages/com.unity.render-pipelines.universal/Shaders/PostProcessing/UberPost.shader using Guid(e7857e9d0c934dc4f83f270f8447b006) (ShaderImporter) -> (artifact id: '4baf34dee9703008482e6920d6938069') in 0.012514227 seconds
Start importing Packages/com.unity.render-pipelines.core/Runtime/RenderPipelineResources/GPUDriven/OccluderDepthPyramidKernels.compute using Guid(08b2b5fb307b0d249860612774a987da) (ComputeShaderImporter) -> (artifact id: '63efe06df444ead1d4a9c6f293398640') in 0.002032298 seconds
Start importing Packages/com.unity.render-pipelines.universal/Shaders/Utils/ScreenSpaceAmbientOcclusion.shader using Guid(0849e84e3d62649e8882e9d6f056a017) (ShaderImporter) -> (artifact id: 'af746508dbca43afefd3fe7f468f7dd8') in 0.013448005 seconds
Start importing Packages/com.unity.render-pipelines.core/Runtime/UnifiedRayTracing/Common/GeometryPool/GeometryPoolKernels.compute using Guid(98e3d58cae7210c4786f67f504c9e899) (ComputeShaderImporter) -> (artifact id: 'e9fff554ba226ede62fa3214bfe9acc4') in 0.000838949 seconds
Start importing Packages/com.unity.render-pipelines.universal/Shaders/Utils/BlitHDROverlay.shader using Guid(a89bee29cffa951418fc1e2da94d1959) (ShaderImporter) -> (artifact id: '034a322a27e775c5d54595203a062310') in 0.004608462 seconds
Start importing Packages/com.unity.render-pipelines.core/Editor/Lighting/ProbeVolume/VoxelizeScene.shader using Guid(c8b6a681c7b4e2e4785ffab093907f9e) (ShaderImporter) -> (artifact id: 'd5bf92f8f656d76bb1dc5a11b31f7cb6') in 0.002850227 seconds
Start importing Packages/com.unity.render-pipelines.universal/Shaders/SpatialMappingWireframe.shader using Guid(e8b802ac01d87144b91f12f40c1f2659) (ShaderImporter) -> (artifact id: '4d1d4a207aa820901e45ca92a010cd64') in 0.003135454 seconds
Start importing Packages/com.unity.render-pipelines.universal/Shaders/PostProcessing/ScalingSetup.shader using Guid(e8ee25143a34b8c4388709ea947055d1) (ShaderImporter) -> (artifact id: '1f0b1f5193732594b1168c8c4e6f5333') in 0.00370254 seconds
Start importing Packages/com.unity.cloud.gltfast/Runtime/Shader/Built-In/glTFPbrSpecularGlossiness.shader using Guid(f853aafa0bc764a138f572608a37a73c) (ShaderImporter) -> (artifact id: '28f328ae791e1dfd9fa1fd24aa61d920') in 0.013069045 seconds
Start importing Packages/com.unity.render-pipelines.universal/Shaders/XR/XRMotionVector.shader using Guid(f89aac1e4f84468418fe30e611dff395) (ShaderImporter) -> (artifact id: 'd79f91d69e08d1dc1634a7fc550840a3') in 0.004519347 seconds
Start importing Packages/com.unity.render-pipelines.core/Runtime/Lighting/ProbeVolume/ProbeVolumeUploadData.compute using Guid(0951de5992461754fa73650732c4954c) (ComputeShaderImporter) -> (artifact id: '0ccc9d6e92f2fc4943b88942ae0df1f2') in 0.002811053 seconds
Start importing Packages/com.unity.render-pipelines.universal/Shaders/2D/Shadow2D-Shadow-Geometry.shader using Guid(19349a0f9a7ed4c48a27445bcf92e5e1) (ShaderImporter) -> (artifact id: '819ce24b2ef745b5771ede014b2f955e') in 0.002692774 seconds
Start importing Packages/com.unity.render-pipelines.core/Editor/PostProcessing/LensFlareResource/LensFlareDataDrivenPreview.shader using Guid(19dfbb09098c9584a83c956fbd6c5d79) (ShaderImporter) -> (artifact id: '13ba91f5832f1fead6897f3cabcaf743') in 0.00345863 seconds
Start importing Packages/com.unity.render-pipelines.universal/Shaders/Terrain/WavingGrassBillboard.shader using Guid(29868e73b638e48ca99a19ea58c48d90) (ShaderImporter) -> (artifact id: '7a00496d51330fb23af9820b5f6ac92f') in 0.010786231 seconds
Start importing Packages/com.unity.render-pipelines.core/Runtime/STP/StpTaa.compute using Guid(3923900e2b41b5e47bc25bfdcbcdc9e6) (ComputeShaderImporter) -> (artifact id: '8e28e082b08656412bf1a15f14ac67b3') in 0.002510342 seconds
Start importing Packages/com.unity.render-pipelines.universal/Shaders/Terrain/TerrainLit.shader using Guid(69c1f799e772cb6438f56c23efccb782) (ShaderImporter)Shader 'Universal Render Pipeline/Terrain/Lit': dependency 'AddPassShader' shader 'Hidden/Universal Render Pipeline/Terrain/Lit (Add Pass)' not found
Shader 'Universal Render Pipeline/Terrain/Lit': dependency 'BaseMapShader' shader 'Hidden/Universal Render Pipeline/Terrain/Lit (Base Pass)' not found
Shader 'Universal Render Pipeline/Terrain/Lit': dependency 'BaseMapGenShader' shader 'Hidden/Universal Render Pipeline/Terrain/Lit (Basemap Gen)' not found
Shader 'Universal Render Pipeline/Terrain/Lit': dependency 'AddPassShader' shader 'Hidden/Universal Render Pipeline/Terrain/Lit (Add Pass)' not found
Shader 'Universal Render Pipeline/Terrain/Lit': dependency 'BaseMapShader' shader 'Hidden/Universal Render Pipeline/Terrain/Lit (Base Pass)' not found
Shader 'Universal Render Pipeline/Terrain/Lit': dependency 'BaseMapGenShader' shader 'Hidden/Universal Render Pipeline/Terrain/Lit (Basemap Gen)' not found
 -> (artifact id: 'ecb1b411d678d1d75260bf85af212de6') in 0.016784186 seconds
Start importing Packages/com.unity.render-pipelines.universal/Shaders/Nature/SpeedTree8.shader using Guid(99134b1f0c27d54469a840832a28fadf) (ShaderImporter) -> (artifact id: '26b3040bdc8c716edde2f153468ef8ef') in 0.017428696 seconds
Start importing Packages/com.unity.cloud.gltfast/Runtime/Shader/Built-In/glTFPbrMetallicRoughness.shader using Guid(99fa998bbbed3408aafa652b466d261d) (ShaderImporter) -> (artifact id: '95a235936c20fce64247624f55eb7aba') in 0.009576442 seconds
Start importing Packages/com.unity.render-pipelines.universal/Runtime/RendererFeatures/SurfaceCacheGI/SurfaceCacheCore/Eviction.compute using Guid(c9f2aeed6ef396f4d9134e4da1edfe19) (ComputeShaderImporter) -> (artifact id: '59236b3fb9e8795d37aa8734912fce2d') in 0.001088875 seconds
Start importing Packages/com.unity.render-pipelines.universal/Shaders/Utils/StencilDeferred.shader using Guid(e9155b26e1bc55942a41e518703fe304) (ShaderImporter) -> (artifact id: 'bf39b420d45045194f51bde27a148279') in 0.013550479 seconds
Start importing Packages/com.unity.render-pipelines.core/Runtime/RenderPipelineResources/GPUDriven/InstanceDataBufferCopyKernels.compute using Guid(f984aeb540ded8b4fbb8a2047ab5b2e2) (ComputeShaderImporter) -> (artifact id: '326f5ff12f096a2fdf95fbd53678e67b') in 0.001751737 seconds
Start importing Packages/com.unity.render-pipelines.universal/Shaders/Terrain/TerrainLitAdd.shader using Guid(0a7e590f3cf1d4ee8a8fab5b6eff09ef) (ShaderImporter) -> (artifact id: 'e64e4c14936b7bac8d7dfe36c5e5468c') in 0.00837039 seconds
Start importing Packages/com.unity.render-pipelines.core/Runtime/UnifiedRayTracing/Compute/RadeonRays/kernels/CopyPositions.compute using Guid(1ad53a96b58d3c3488dde4f14db1aaeb) (ComputeShaderImporter) -> (artifact id: '3a342e502e5494488e4896ea690a81ba') in 0.001012535 seconds
Start importing Packages/com.unity.render-pipelines.core/Runtime/RenderPipelineResources/GPUDriven/InstanceTransformUpdateKernels.compute using Guid(2a567b9b2733f8d47a700c3c85bed75b) (ComputeShaderImporter) -> (artifact id: 'fcedc377bd6b5a90a47b6b4330d4cb39') in 0.001772409 seconds
Start importing Packages/com.unity.render-pipelines.universal/Shaders/PostProcessing/BokehDepthOfField.shader using Guid(2aed67ad60045d54ba3a00c91e2d2631) (ShaderImporter) -> (artifact id: '3cf89ae645b2a28ec7c399a64221d8ba') in 0.013192246 seconds
Start importing Packages/com.unity.render-pipelines.core/Runtime/Debug/ProbeVolumeFragmentationDebug.shader using Guid(3a80877c579b9144ebdcc6d923bca303) (ShaderImporter) -> (artifact id: 'c0443b58f51076ea63dbbb109252a13e') in 0.002712883 seconds
Start importing Packages/com.unity.render-pipelines.core/Runtime/Vrs/Shaders/VrsTexture.compute using Guid(cacb30de6c40c7444bbc78cb0a81fd2a) (ComputeShaderImporter) -> (artifact id: '788403b99a963e33700f21f92a493853') in 0.001962434 seconds
Start importing Packages/com.unity.shadergraph/Editor/Resources/Shaders/FallbackError.shader using Guid(da07703fcc09f8d4799221050659bd55) (ShaderImporter) -> (artifact id: '25a231f4748abcbf3dae4f4ea27facf9') in 0.001725005 seconds
Start importing Packages/com.unity.render-pipelines.core/Runtime/UnifiedRayTracing/Common/Utilities/CopyBuffer.compute using Guid(1b95b5dcf48d1914c9e1e7405c7660e3) (ComputeShaderImporter) -> (artifact id: '4ff49282be39d445a6677564ab2a3bfe') in 0.000953019 seconds
Start importing Packages/com.unity.render-pipelines.core/Tests/Editor/SimpleSpeedTreeDots.shader using Guid(2b06b6233ca86cd4886e99d0e9d1124e) (ShaderImporter) -> (artifact id: 'c44b89c6e0bf9f7c450f88a1a274ddd4') in 0.001868692 seconds
Start importing Packages/com.unity.render-pipelines.core/Runtime/Debug/ProbeVolumeDebug.shader using Guid(3b21275fd12d65f49babb5286f040f2d) (ShaderImporter) -> (artifact id: '47de7d315c08019cfd8e1a32cd4053be') in 0.003463162 seconds
Start importing Packages/com.unity.render-pipelines.core/Editor/Lighting/ProbeVolume/ProbeVolumeCellDilation.compute using Guid(6bb382f7de370af41b775f54182e491d) (ComputeShaderImporter) -> (artifact id: '6173b248b85c57dc3e6265b979ba7848') in 0.001609441 seconds
Start importing Packages/com.unity.render-pipelines.universal/Shaders/ObjectMotionVectorFallback.shader using Guid(7b3ede40266cd49a395def176e1bc486) (ShaderImporter) -> (artifact id: 'baa50019cf3c523442384b13638ad68c') in 0.003604035 seconds
Start importing Packages/com.unity.cloud.gltfast/Runtime/Shader/Export/glTFExportColor.shader using Guid(8b605e834d6d2408a9e781775006555e) (ShaderImporter) -> (artifact id: '58d470c356d75bd3f1f1e92cb727ff39') in 0.001545043 seconds
Start importing Packages/com.unity.render-pipelines.core/Tests/Editor/BufferCopyTest.compute using Guid(8ba6ac699baf35242857feaf27c9cc2a) (ComputeShaderImporter) -> (artifact id: '3fa65c8b7b72c619aa92dfc9e849c2ab') in 0.00066285 seconds
Start importing Packages/com.unity.render-pipelines.universal/Runtime/RendererFeatures/SurfaceCacheGI/SurfaceCacheCore/RestirSpatial.compute using Guid(8bf708594b6a9224b9a0915f3db08c5d) (ComputeShaderImporter) -> (artifact id: 'ca11ee39385e898ad35918b1f19593cd') in 0.002550622 seconds
Start importing Packages/com.unity.render-pipelines.core/Editor/Lighting/ProbeVolume/ProbeVolumeSubdivide.compute using Guid(bb86f1f0af829fd45b2ebddda1245c22) (ComputeShaderImporter) -> (artifact id: '4e77caeee9b368a3b0a9220a35fe0d09') in 0.001670332 seconds
Start importing Packages/com.unity.render-pipelines.core/Runtime/Debug/ProbeVolumeOffsetDebug.shader using Guid(db8bd7436dc2c5f4c92655307d198381) (ShaderImporter) -> (artifact id: '64c504ed4cd1d5f6f8bfdae664be1ea0') in 0.002439649 seconds
Start importing Packages/com.unity.render-pipelines.universal/Shaders/BakedLit.shader using Guid(0ca6dca7396eb48e5849247ffd444914) (ShaderImporter) -> (artifact id: '0d5481001b52b970d65967255fd35d7e') in 0.013636415 seconds
Start importing Packages/com.unity.shadergraph/Editor/Resources/Shaders/Checkerboard.shader using Guid(5caf62d8bd7c44596ace77ef9eb8ea31) (ShaderImporter) -> (artifact id: '3f046e410924ece290a5c548340a798a') in 0.001387893 seconds
Start importing Packages/com.unity.render-pipelines.universal/Shaders/PostProcessing/LensFlareDataDriven.shader using Guid(6cda457ac28612740adb23da5d39ea92) (ShaderImporter) -> (artifact id: '7ae4590e43aae392dfe1bfdacde48696') in 0.0069428 seconds
Start importing Packages/com.unity.render-pipelines.universal/Runtime/RendererFeatures/SurfaceCacheGI/ScreenResolveUpsampling.compute using Guid(7c302ee1d7410a6458981a5f329520b4) (ComputeShaderImporter) -> (artifact id: '878526a8a50daa95c8a629224b7554e2') in 0.041435665 seconds
Start importing Packages/com.unity.render-pipelines.core/Tests/Runtime/Threading/FunctionTestsWave.compute using Guid(7cce01e3b2c07a34b8a6cfa8dcd99d0b) (ComputeShaderImporter) -> (artifact id: '2cff5c47ba4d70d344e4241b1ddc69ae') in 0.004292475 seconds
Start importing Packages/com.unity.render-pipelines.universal/Shaders/2D/Mesh2D-Unlit-Default.shader using Guid(8c3bb6de0c0e7c047b65c077249507e5) (ShaderImporter) -> (artifact id: '92de6347245f98cbe0133153301772ea') in 0.008790332 seconds
Start importing Packages/com.unity.render-pipelines.universal/Shaders/Utils/StencilDitherMaskSeed.shader using Guid(8c3ee818f2efa514c889881ccb2e95a2) (ShaderImporter) -> (artifact id: 'e60bb2411c6547a195382764175f0142') in 0.0072906 seconds
Start importing Packages/com.unity.render-pipelines.universal/Shaders/PostProcessing/TemporalAA.shader using Guid(9c70c1a35ff15f340b38ea84842358bf) (ShaderImporter) -> (artifact id: '619c5455a81ff6c37e9c9a85d43c63d6') in 0.009531485 seconds
Start importing Packages/com.unity.ugui/Editor Resources/Shaders/TMP_SDF Internal Editor.shader using Guid(9c442dc870b456e48b615cd8add0e9ef) (ShaderImporter) -> (artifact id: '1d84de99b17eddc779fc1f69810430fa') in 0.002293354 seconds
Start importing Packages/com.unity.render-pipelines.universal/Tests/Editor/PostProcessDataTests/2.shader using Guid(ace59f7f124432f4f923bd3bfa93e0ad) (ShaderImporter) -> (artifact id: 'eb4f3a53f24a1a841c2b8c0a7c33c69b') in 0.121845509 seconds
Start importing Packages/com.unity.render-pipelines.universal/Shaders/PostProcessing/LutBuilderHdr.shader using Guid(ec9fec698a3456d4fb18cf8bacb7a2bc) (ShaderImporter) -> (artifact id: 'ca49c4403d43ccdaed8b166d5214e499') in 0.005718761 seconds
Start importing Packages/com.unity.render-pipelines.universal/Editor/Overrides/Shaders/CurveBackground.shader using Guid(0d0f817524897904ba47a6a1d55e7668) (ShaderImporter) -> (artifact id: 'ba7197557037013178d63ef1d6ca9aee') in 0.002544282 seconds
Start importing Packages/com.unity.render-pipelines.core/Runtime/UnifiedRayTracing/Compute/RadeonRays/kernels/build_hlbvh.compute using Guid(2d70cd6be91bd7843a39a54b51c15b13) (ComputeShaderImporter) -> (artifact id: 'f3e09d53e31fbc1f545b7a0c7d9649d1') in 0.001467908 seconds
Start importing Packages/com.unity.render-pipelines.core/Editor/Gizmo/UnlitGizmo.shader using Guid(2df96b66b5510f94b98df2ac6f926ef4) (ShaderImporter) -> (artifact id: '4620019507508561fcefbdd259605290') in 0.001135891 seconds
Start importing Packages/com.unity.render-pipelines.universal/Runtime/RendererFeatures/SurfaceCacheGI/PatchAllocation.compute using Guid(3d9fc4c0ae8e22f49a8ebefad82718d9) (ComputeShaderImporter) -> (artifact id: '0ae128a3b7edfb5ed1810994e732da59') in 0.003783494 seconds
Start importing Packages/com.unity.render-pipelines.universal/Runtime/RendererFeatures/SurfaceCacheGI/Debug.compute using Guid(4d40202dfa5473d44bcdc97e00d74703) (ComputeShaderImporter) -> (artifact id: '40e532e238aed81b5aeab589e093192c') in 0.003735211 seconds
Start importing Packages/com.unity.render-pipelines.universal/Runtime/RendererFeatures/SurfaceCacheGI/ScreenResolveLookup.compute using Guid(4d271c06564c6784392d81f949558e5c) (ComputeShaderImporter) -> (artifact id: '1f068cbc9c9095cce98474af28d154c6') in 0.0040658 seconds
Start importing Packages/com.unity.render-pipelines.core/Runtime/UnifiedRayTracing/Compute/RadeonRays/kernels/block_scan.compute using Guid(4d6d5de35fa45ef4a92119397a045cc9) (ComputeShaderImporter) -> (artifact id: 'e48768ac28aacd481c50c6df5f33d80b') in 0.001054525 seconds
Start importing Packages/com.unity.render-pipelines.universal/Shaders/SimpleLit.shader using Guid(8d2bb70cbf9db8d4da26e15b26e74248) (ShaderImporter) -> (artifact id: 'da0bb386a0b627d7c6e4d2e9e0630ba3') in 0.021216761 seconds
Start importing Packages/com.unity.render-pipelines.core/Runtime/RenderPipelineResources/GPUDriven/InstanceWindDataUpdateKernels.compute using Guid(fde76746e4fd0ed418c224f6b4084114) (ComputeShaderImporter) -> (artifact id: '97b588818119d9e72c049311838c53e6') in 0.002267763 seconds
Start importing Packages/com.unity.render-pipelines.universal/Shaders/PostProcessing/CameraMotionBlur.shader using Guid(1edcd131364091c46a17cbff0b1de97a) (ShaderImporter) -> (artifact id: '6805cc198d2b1fa9ed4b516d85afe112') in 0.01212359 seconds
Start importing Packages/com.unity.render-pipelines.universal/Shaders/2D/Mesh2D-Lit-Default.shader using Guid(4e90a8289da1f3943885176e4f83e35c) (ShaderImporter) -> (artifact id: '3e59f2adffc2731d1afc3fe3055e5771') in 0.007143049 seconds
Start importing Packages/com.unity.render-pipelines.core/Runtime/UnifiedRayTracing/Compute/RadeonRays/kernels/block_reduce_part.compute using Guid(4e034cc8ea2635c4e9f063e5ddc7ea7a) (ComputeShaderImporter) -> (artifact id: '2b7a40bbef371189815eb694b0ba8f53') in 0.001037904 seconds
Start importing Packages/com.unity.cloud.gltfast/Runtime/Shader/Export/glTFExportMaskMap.shader using Guid(4eb7e251dc88045e9b33e3f643084108) (ShaderImporter) -> (artifact id: '4ec74246299a17876962f80cdc38220e') in 0.001765384 seconds
Start importing Packages/com.unity.render-pipelines.universal/Shaders/PostProcessing/GaussianDepthOfField.shader using Guid(5e7134d6e63e0bc47a1dd2669cedb379) (ShaderImporter) -> (artifact id: '5f8e18a0831d38681b577f997b59445d') in 0.010963422 seconds
Start importing Packages/com.unity.render-pipelines.universal/Shaders/Nature/SpeedTree7Billboard.shader using Guid(5ec81c81908db34429b4f6ddecadd3bd) (ShaderImporter) -> (artifact id: '3d491a9a583b3100e5a38a7cd5301d37') in 0.018862415 seconds
Start importing Packages/com.unity.render-pipelines.universal/Shaders/2D/Shadow2D-Projected.shader using Guid(ce09d4a80b88c5a4eb9768fab4f1ee00) (ShaderImporter) -> (artifact id: 'e71f73a4bfb956595451ee88b5cab07d') in 0.005270266 seconds
Start importing Packages/com.unity.render-pipelines.universal/Shaders/2D/Shadow2D-Unshadow-Sprite.shader using Guid(de02b375720b5c445afe83cd483bedf3) (ShaderImporter) -> (artifact id: '2c359e6c4f4953fb6bb182fc581ba04f') in 0.004793769 seconds
Start importing Packages/com.unity.render-pipelines.universal/Shaders/ComplexLit.shader using Guid(ee7e4c9a5f6364b688a332c67fc32cca) (ShaderImporter) -> (artifact id: 'b4a81895fb1a2d481393e6aa208ca592') in 0.026351363 seconds
Start importing Packages/com.unity.render-pipelines.universal/Runtime/RendererFeatures/OnTileUberPost.shader using Guid(fe4f13c1004a07d4ea1e30bfd0326d9e) (ShaderImporter) -> (artifact id: 'a8806fa2bd99ab2ac190ff2f01e28f08') in 0.015930262 seconds
Start importing Packages/com.unity.render-pipelines.universal/Shaders/Nature/SpeedTree7.shader using Guid(0f4122b9a743b744abe2fb6a0a88868b) (ShaderImporter)Shader 'Universal Render Pipeline/Nature/SpeedTree7': dependency 'BillboardShader' shader 'Universal Render Pipeline/Nature/SpeedTree7 Billboard' not found
Shader 'Universal Render Pipeline/Nature/SpeedTree7': dependency 'BillboardShader' shader 'Universal Render Pipeline/Nature/SpeedTree7 Billboard' not found
 -> (artifact id: 'eced5a0f3a6ff1e103ac2171bf131513') in 0.019058902 seconds
Start importing Packages/com.unity.render-pipelines.universal/Shaders/Utils/ScreenSpaceShadows.shader using Guid(0f854b35a0cf61a429bd5dcfea30eddd) (ShaderImporter) -> (artifact id: '371ff8812055971729cdcfc0fea67296') in 0.005897019 seconds
Start importing Packages/com.unity.render-pipelines.universal/Shaders/2D/Light2D.shader using Guid(3f6c848ca3d7bca4bbe846546ac701a1) (ShaderImporter) -> (artifact id: 'e59e1569e92280f3cf1504717bdbb0e5') in 0.004442955 seconds
Start importing Packages/com.unity.render-pipelines.universal/Shaders/PostProcessing/Bloom.shader using Guid(5f1864addb451f54bae8c86d230f736e) (ShaderImporter) -> (artifact id: '5a4fcaaea507e36201eab8c8a978b0fb') in 0.012441768 seconds
Start importing Packages/com.unity.render-pipelines.universal/Shaders/Utils/MaterialError.shader using Guid(5fd9a8feb75a4b5894c241777f519d4e) (ShaderImporter) -> (artifact id: 'f34611b0c96bc47fac77415f8bb1b6cd') in 0.002222075 seconds
Start importing Packages/com.unity.render-pipelines.universal/Shaders/Utils/FallbackLoading.shader using Guid(7f888aff2ac86494babad1c2c5daeee2) (ShaderImporter) -> (artifact id: 'b0a505a24042bbf93fe52cf3b7da9b6e') in 0.002172705 seconds
Start importing Packages/com.unity.render-pipelines.universal/Shaders/Terrain/TerrainLitBasemapGen.shader using Guid(8fbe92a9edfe6074e841d6dd1509bc59) (ShaderImporter) -> (artifact id: '3e66c01c85822858ef89977f0886a79d') in 0.006428865 seconds
Start importing Packages/com.unity.render-pipelines.core/Runtime/Debug/ProbeVolumeSamplingDebug.shader using Guid(bf54e6528c79a224e96346799064c393) (ShaderImporter) -> (artifact id: '9955c602507366b73fcf49731a148a8b') in 0.002284664 seconds
Start importing Packages/com.unity.render-pipelines.universal/Shaders/Debug/DebugReplacement.shader using Guid(cf852408f2e174538bcd9b7fda1c5ae7) (ShaderImporter) -> (artifact id: 'b7a8811aa2b3c7c0931996f4bcc2cb7f') in 0.006273675 seconds
Start importing Packages/com.unity.render-pipelines.universal/Runtime/Materials/Decal.mat using Guid(31d0dcc6f2dd4e4408d18036a2c93862) (NativeFormatImporter) -> (artifact id: '8f3d32c29394a79b41f28a25b53defe8') in 0.000978044 seconds
Start importing Packages/com.unity.render-pipelines.universal/Runtime/Materials/Lit.mat using Guid(31321ba15b8f8eb4c954353edc038b1d) (NativeFormatImporter) -> (artifact id: '960643f9fe6857c5d72b0d2fd2085c0e') in 0.002626877 seconds
Start importing Packages/com.unity.render-pipelines.universal/Runtime/Materials/Mesh2D-Unlit-Default.mat using Guid(71942363c5608a64bb62421349d39c9c) (NativeFormatImporter) -> (artifact id: 'ef7311a66811940111367c78fa0cdd5d') in 0.00080613 seconds
Start importing Packages/com.unity.render-pipelines.universal/Editor/SceneTemplates/Materials/Emissive.mat using Guid(92f845725428c954b878da352f657fe5) (NativeFormatImporter) -> (artifact id: 'b1f26f5eeb8ffbff6a8f6611506c4115') in 0.000538934 seconds
Start importing Packages/com.unity.render-pipelines.universal/Editor/SceneTemplates/Materials/Gold.mat using Guid(c2e40fa84d53ccd428f640eac126b1fb) (NativeFormatImporter) -> (artifact id: '9f9661d44e363023702c87ca4956e3f6') in 0.000516521 seconds
Start importing Packages/com.unity.render-pipelines.universal/Editor/SceneTemplates/Materials/Metal_Black.mat using Guid(b34b07a45ba63ce47896c9e674f3a7a7) (NativeFormatImporter) -> (artifact id: '2e543c70b0a48798291a154a0176c0e2') in 0.000500908 seconds
Start importing Packages/com.unity.render-pipelines.universal/Runtime/Materials/Mesh2D-Lit-Default.mat using Guid(9452ae1262a74094f8a68013fbcd1834) (NativeFormatImporter) -> (artifact id: 'a9f6a1c64081483a70fbc1be53f18baa') in 0.000764704 seconds
Start importing Packages/com.unity.render-pipelines.universal/Runtime/Materials/SpriteMask-Default.mat using Guid(15d0c3709176029428a0da2f8cecf0b5) (NativeFormatImporter) -> (artifact id: '9b9123c1145efbdb38e316f85cad951e') in 0.000574405 seconds
Start importing Packages/com.unity.render-pipelines.universal/Runtime/Materials/SpatialMappingOcclusion.mat using Guid(b51db210fe78df745a372851b3db949e) (NativeFormatImporter) -> (artifact id: 'e725b235a682e6bf286c10ab07552b74') in 0.000545973 seconds
Start importing Packages/com.unity.render-pipelines.universal/Editor/SceneTemplates/Materials/Ground.mat using Guid(761d8e1f988ed2345a28312145c79c6e) (NativeFormatImporter) -> (artifact id: '27ce923cbd5bcc4047b0e855e6fb0af9') in 0.00035625 seconds
Start importing Packages/com.unity.render-pipelines.universal/Runtime/Materials/RenderAs2D-Flattening.mat using Guid(b697f6a938056384e968ccf6527dac83) (NativeFormatImporter) -> (artifact id: '5ecfe90ca8080262222ed764ee85060b') in 0.000518217 seconds
Start importing Packages/com.unity.render-pipelines.universal/Runtime/Materials/FullscreenInvertColors.mat using Guid(78a08787ca30045abb69f6f7dd878e09) (NativeFormatImporter) -> (artifact id: 'ee24d1240c4d3093a35a8ce9cd6a6123') in 0.000349937 seconds
Start importing Packages/com.unity.render-pipelines.universal/Runtime/Materials/SpatialMappingWireframe.mat using Guid(9875a245ac49007498213638a307faa1) (NativeFormatImporter) -> (artifact id: '40a3a03ad30c23572795ee7951b74454') in 0.000556619 seconds
Start importing Packages/com.unity.render-pipelines.universal/Runtime/Materials/ParticlesUnlit.mat using Guid(e823cd5b5d27c0f4b8256e7c12ee3e6d) (NativeFormatImporter) -> (artifact id: 'aa862bff269d59d834f13819255630e6') in 0.000697248 seconds
Start importing Packages/com.unity.render-pipelines.universal/Runtime/Materials/TerrainLit.mat using Guid(594ea882c5a793440b60ff72d896021e) (NativeFormatImporter)Shader 'Universal Render Pipeline/Terrain/Lit': dependency 'AddPassShader' shader 'Hidden/Universal Render Pipeline/Terrain/Lit (Add Pass)' not found
Shader 'Universal Render Pipeline/Terrain/Lit': dependency 'BaseMapShader' shader 'Hidden/Universal Render Pipeline/Terrain/Lit (Base Pass)' not found
Shader 'Universal Render Pipeline/Terrain/Lit': dependency 'BaseMapGenShader' shader 'Hidden/Universal Render Pipeline/Terrain/Lit (Basemap Gen)' not found
 -> (artifact id: '32c0756065a4c99773d8b19abfdb7370') in 0.000770161 seconds
Start importing Packages/com.unity.render-pipelines.universal/Editor/SceneTemplates/Indoors.scenetemplate using Guid(89b1eb68090237240966320a7a94784d) (NativeFormatImporter) -> (artifact id: '8ca52a63375871e742f0bd6adc0ab7de') in 0.009331085 seconds
Start importing Packages/com.unity.cloud.gltfast/Runtime/Shader/Export/glTFExport.shadervariants using Guid(9911a98f6fe084c45a817a4af9e299fa) (NativeFormatImporter) -> (artifact id: 'bf86624b6a50ca6d04965dd743e6307e') in 0.012132289 seconds
Start importing Packages/com.unity.render-pipelines.universal/Runtime/Materials/Sprite-Lit-Default.mat using Guid(a97c105638bdf8b4a8650670310a4cd3) (NativeFormatImporter) -> (artifact id: '6b65b378b739cf40c13c1e455b16dff7') in 0.007787057 seconds
Start importing Packages/com.unity.render-pipelines.universal/Editor/SceneTemplates/Materials/White.mat using Guid(f96821bbefeea864b9b418af4b8615ac) (NativeFormatImporter) -> (artifact id: 'b0a10ce88eba78cadb227317064359ad') in 0.010482632 seconds
Start importing Packages/com.unity.render-pipelines.universal/Runtime/Materials/SimpleLit.mat using Guid(6a1143ee683302f4aa628c052723efc1) (NativeFormatImporter) -> (artifact id: '4e947c4ad6c49ec8c3dbccd89f2ba9c5') in 0.008059651 seconds
Start importing Packages/com.unity.render-pipelines.universal/Runtime/RendererFeatures/SurfaceCacheGI/FallbackMaterial.mat using Guid(8a239b3da89050c4e89ac06b168fc684) (NativeFormatImporter) -> (artifact id: '365f287f19db505f8da5f5a7aa1bdbca') in 0.001757033 seconds
Start importing Packages/com.unity.render-pipelines.universal/Editor/SceneTemplates/Standard.scenetemplate using Guid(9d187c8728d2b4c398f45befcacc2827) (NativeFormatImporter) -> (artifact id: '07073d9b0154803a34ceafbe0c05fae5') in 0.008003517 seconds
Start importing Packages/com.unity.render-pipelines.universal/Runtime/Materials/Sprite-Unlit-Default.mat using Guid(9dfc825aed78fcd4ba02077103263b40) (NativeFormatImporter) -> (artifact id: '3535407266e63a704ebed07394e8e29d') in 0.001000337 seconds
Start importing Packages/com.unity.render-pipelines.universal/Editor/SceneTemplates/Basic.scenetemplate using Guid(3f9cc3f14b0454fa7b997b33a99d539f) (NativeFormatImporter) -> (artifact id: 'fa10ce461e7017805c61926a11c21995') in 0.005881958 seconds
Start importing Packages/com.unity.render-pipelines.universal/Editor/SceneTemplates/Materials/Black.mat using Guid(4f1ef37ae953c484bbc5d5e4049147e5) (NativeFormatImporter) -> (artifact id: 'c073248664ba5268b69bc9cf80293393') in 0.000524589 seconds
Start importing Packages/com.unity.searcher/Editor/Resources/FlatSkin/Font/Roboto-Black.ttf using Guid(1062c701058745940ae5dca6219c64c8) (TrueTypeFontImporter) -> (artifact id: '2b4547e8655667914b9eb78e8fa129d9') in 0.006744483 seconds
Start importing Packages/com.unity.searcher/Editor/Resources/FlatSkin/Font/Roboto-Regular.ttf using Guid(30dc370b164eefc43b95744fc796dad0) (TrueTypeFontImporter) -> (artifact id: '1468e65ff4473809bd015c46023f60da') in 0.00084456 seconds
Start importing Packages/com.unity.searcher/Editor/Resources/FlatSkin/Font/Roboto-ThinItalic.ttf using Guid(b2ea3b3f1765e544b9eb5bd1a93a91ce) (TrueTypeFontImporter) -> (artifact id: '0345880f8e12843179e833733d9ce016') in 0.000566298 seconds
Start importing Packages/com.unity.render-pipelines.core/Runtime/Debugging/Prefabs/Fonts/PerfectDOSVGA437.ttf using Guid(74a5091d8707f334b9a5c31ef71a64ba) (TrueTypeFontImporter) -> (artifact id: '35dc2542de908e45c61de078ee9b8c31') in 0.000451623 seconds
Start importing Packages/com.unity.searcher/Editor/Resources/FlatSkin/Font/Roboto-Medium.ttf using Guid(a51a3aebb43ac044989270407476b208) (TrueTypeFontImporter) -> (artifact id: '9ac42b725544b30197a86dfa07366328') in 0.000541736 seconds
Start importing Packages/com.unity.searcher/Editor/Resources/FlatSkin/Font/Roboto-Bold.ttf using Guid(3750c318f40cab44a97d3a81beaefeb3) (TrueTypeFontImporter) -> (artifact id: 'd61d97bff548195df977315931696715') in 0.000542222 seconds
Start importing Packages/com.unity.searcher/Editor/Resources/FlatSkin/Font/Roboto-Italic.ttf using Guid(c839255fc8f6b4b4d90bf8c1af9f9bd1) (TrueTypeFontImporter) -> (artifact id: '9d8682bb50463e8bd0d92205b3660035') in 0.000533083 seconds
Start importing Packages/com.unity.searcher/Editor/Resources/FlatSkin/Font/Roboto-Thin.ttf using Guid(19a9abb883540be48b75b951a927ae03) (TrueTypeFontImporter) -> (artifact id: '18ebb4720abf3a6a9349ae3de36b6c8b') in 0.000528067 seconds
Start importing Packages/com.unity.searcher/Editor/Resources/FlatSkin/Font/Roboto-MediumItalic.ttf using Guid(d93c1bc57fdf1ac4dad1bf04fac05464) (TrueTypeFontImporter) -> (artifact id: 'b20a8198c5ec76393b24aba64a5cf4a2') in 0.000535879 seconds
Start importing Packages/com.unity.searcher/Editor/Resources/FlatSkin/Font/Roboto-BlackItalic.ttf using Guid(f95147a9bab9fe649b8070170fa7ebd2) (TrueTypeFontImporter) -> (artifact id: 'c4f708201c7602ec2f0a77ea6b7f06ac') in 0.000534186 seconds
Start importing Packages/com.unity.searcher/Editor/Resources/FlatSkin/Font/Roboto-Light.ttf using Guid(2a29e27936eb547458f646f71125b264) (TrueTypeFontImporter) -> (artifact id: 'e1bf8ecc13c865e56d59eb9971f8bc09') in 0.000533525 seconds
Start importing Packages/com.unity.searcher/Editor/Resources/FlatSkin/Font/Roboto-LightItalic.ttf using Guid(5e63515167650a541b309ba3bfd4db3d) (TrueTypeFontImporter) -> (artifact id: '69efb29f56edd224fbc0ebf399be0da0') in 0.000530482 seconds
Start importing Packages/com.unity.searcher/Editor/Resources/FlatSkin/Font/Roboto-BoldItalic.ttf using Guid(dfb97a9307a577a41bcacba34b9a7e32) (TrueTypeFontImporter) -> (artifact id: 'abbbfdd676029c016ffa0b01d0b3cd6d') in 0.000537583 seconds
Start importing Packages/com.unity.cloud.gltfast/Runtime/Shader/SubGraphs/BaseColor.shadersubgraph using Guid(8128dba25d89b4e0e99b91d27f058f07) (ScriptedImporter) -> (artifact id: 'ae0dbbf2f908c05cfa99a4d920d63c9b') in 0.082260085 seconds
Start importing Packages/com.unity.cloud.gltfast/Runtime/Shader/SubGraphs/Emission.shadersubgraph using Guid(c65a0769f13ae46a28263a75eed49ecc) (ScriptedImporter) -> (artifact id: 'b88a5d69200c4c43049d23cbf894de2c') in 0.01037006 seconds
Start importing Packages/com.unity.cloud.gltfast/Runtime/Shader/SubGraphs/MetallicRoughness.shadersubgraph using Guid(04256d74e79e741c5a94eebba619687e) (ScriptedImporter) -> (artifact id: '7b816c60d3298743d2e64ddf11145351') in 0.024384232 seconds
Start importing Packages/com.unity.cloud.gltfast/Runtime/Shader/SubGraphs/Occlusion.shadersubgraph using Guid(a61e32a8ab2b744a3837d668b8fc3155) (ScriptedImporter) -> (artifact id: '8a725bb4b6076adcb2d23321bf636d62') in 0.01698783 seconds
Start importing Packages/com.unity.cloud.gltfast/Runtime/Shader/SubGraphs/TextureTransform.shadersubgraph using Guid(9a44a43ef44bd4a9dbc883ebde01cc72) (ScriptedImporter) -> (artifact id: 'ba04d0dd6b343446027a63410febbedd') in 0.019547339 seconds
Start importing Packages/com.unity.cloud.gltfast/Runtime/Shader/SubGraphs/Normal.shadersubgraph using Guid(3d23f3f9d39dc4621898db0a20884fcd) (ScriptedImporter) -> (artifact id: '345eaabf8f2d15fb4cf29b38a699c0d5') in 0.007482142 seconds
Start importing Packages/com.unity.cloud.gltfast/Runtime/Shader/SubGraphs/PBR_metallic_roughness.shadersubgraph using Guid(0011ac3bd216c4242baafcf7d0ee237b) (ScriptedImporter) -> (artifact id: '26a2f13365536faf703d29c3d3d3d559') in 0.071175693 seconds
Start importing Packages/com.unity.shadergraph/GraphTemplates/Subgraphs/Terrain/Pack Material.shadersubgraph using Guid(3039d6867ed141b44b3463a76cabd45c) (ScriptedImporter) -> (artifact id: '22f2020132128533d26c65cef4fe299e') in 0.011243219 seconds
Start importing Packages/com.unity.shadergraph/GraphTemplates/Subgraphs/UV Scale.shadersubgraph using Guid(60f6b7b276d03134e9b565b19546e94c) (ScriptedImporter) -> (artifact id: '54eee0d42b51d90d8a886018a39abbfc') in 0.006692335 seconds
Start importing Packages/com.unity.shadergraph/ShaderGraphLibrary/Nature/SpeedTree8InterpolatedNormals.shadersubgraph using Guid(b04441f4a83ad224d92d547d170c366b) (ScriptedImporter) -> (artifact id: '9a58ec6a8a74342430a5dfc5eb13fcea') in 0.013291873 seconds
Start importing Packages/com.unity.shadergraph/GraphTemplates/Subgraphs/SoftParticles.shadersubgraph using Guid(d0f40856fc355224fab6453746e0507a) (ScriptedImporter) -> (artifact id: '41690afe39fb1f5781d52de02680beaf') in 0.007011418 seconds
Start importing Packages/com.unity.shadergraph/GraphTemplates/Subgraphs/Switch6.shadersubgraph using Guid(b19f392a4817e1340bbaf1045b6e5051) (ScriptedImporter) -> (artifact id: 'e99a755e1601ae324b47c468812d71c1') in 0.005066623 seconds
Start importing Packages/com.unity.shadergraph/GraphTemplates/Subgraphs/Face Normal.shadersubgraph using Guid(e1024532a1a801f41a6f45f93c8da7a8) (ScriptedImporter) -> (artifact id: '172cd76c3863750b311b81e7b46cb9f7') in 0.014278949 seconds
Start importing Packages/com.unity.shadergraph/GraphTemplates/Subgraphs/Particle Distortion.shadersubgraph using Guid(e1ea40df0c5f7d14a96e0bac1ae79489) (ScriptedImporter) -> (artifact id: '421087a0a13a34af0df65a70ace4d7b6') in 0.008785774 seconds
Start importing Packages/com.unity.shadergraph/GraphTemplates/Subgraphs/Normal Bending.shadersubgraph using Guid(62a4ab9c203a85c43a5d0847b25fd2a8) (ScriptedImporter) -> (artifact id: '596427577b4a9c5ec8204c1f7be3cc56') in 0.00654109 seconds
Start importing Packages/com.unity.shadergraph/GraphTemplates/Subgraphs/Terrain/Unpack Material.shadersubgraph using Guid(62cd44aa2d94fa442942547943d2b24a) (ScriptedImporter) -> (artifact id: '040ab9c60983432326be981607ebcf28') in 0.007077004 seconds
Start importing Packages/com.unity.shadergraph/ShaderGraphLibrary/Nature/SpeedTree8CameraFacingLeafEffect.shadersubgraph using Guid(8258ab4a37f447c48ac3c26cbdb4c032) (ScriptedImporter) -> (artifact id: 'ed13292224f57330fd1459761d24cfde') in 0.004256372 seconds
Start importing Packages/com.unity.shadergraph/GraphTemplates/Subgraphs/Circle.shadersubgraph using Guid(f20330646a5d9ab4ba73ed235396a7a6) (ScriptedImporter) -> (artifact id: 'e3eb6154e7119f242ec3edc67ab150e4') in 0.010010713 seconds
Start importing Packages/com.unity.shadergraph/GraphTemplates/Subgraphs/Particle Vertex Color.shadersubgraph using Guid(73f7a6a1a6335484ba02a0b8f80fe10c) (ScriptedImporter) -> (artifact id: '36091696c7a1b39cdf887b25b40c082d') in 0.004495487 seconds
Start importing Packages/com.unity.shadergraph/GraphTemplates/Subgraphs/CameraDistanceMask.shadersubgraph using Guid(556dff229d0982b43b52bc3ce1019148) (ScriptedImporter) -> (artifact id: '92d6acfb064d36fb37535434feb2933e') in 0.00508728 seconds
Start importing Packages/com.unity.shadergraph/GraphTemplates/Subgraphs/Terrain/Distance Fade.shadersubgraph using Guid(b374ab41cedfcce4d85380817ce9de7d) (ScriptedImporter) -> (artifact id: 'a5cc66194b57f07069370a534e70e3ea') in 0.00795068 seconds
Start importing Packages/com.unity.shadergraph/GraphTemplates/Subgraphs/FlowMap Time.shadersubgraph using Guid(d3a5ed15ae8578b448a8756ea0b97162) (ScriptedImporter) -> (artifact id: '7192325c0d570ccdba2470836398a3d3') in 0.009647631 seconds
Start importing Packages/com.unity.shadergraph/GraphTemplates/Subgraphs/Terrain/Layer Standard.shadersubgraph using Guid(14f7847555748494e8b3e5cbc8afd15e) (ScriptedImporter) -> (artifact id: '8b8a5841dc9df014937eb7943e6e5f9f') in 0.0155521 seconds
Start importing Packages/com.unity.cloud.gltfast/Runtime/Shader/SubGraphs/ScreenGrab.shadersubgraph using Guid(34bce5e04fd5d474286972968941bb2a) (ScriptedImporter) -> (artifact id: '5f487feb3fd4608fc7f44aecd7ce602f') in 0.006136808 seconds
Start importing Packages/com.unity.shadergraph/GraphTemplates/Subgraphs/Particle Camera Fade.shadersubgraph using Guid(648107f3fecbb0f4bb5b8f8476fbb48a) (ScriptedImporter) -> (artifact id: 'cbd281c6af7d49566d02fc57d061fee4') in 0.004557374 seconds
Start importing Packages/com.unity.shadergraph/GraphTemplates/Subgraphs/Canvas Color.shadersubgraph using Guid(74f647076bca3d442bc4a6ace5daf59f) (ScriptedImporter) -> (artifact id: '87b52d14756b193e19d13ea86f563e72') in 0.005462326 seconds
Start importing Packages/com.unity.shadergraph/ShaderGraphLibrary/Nature/SpeedTree8LODTransition.shadersubgraph using Guid(74ce720b09dcad14690aca1cb7b6f2dc) (ScriptedImporter) -> (artifact id: '99580bcb4bab3f3098174fe9333bee7a') in 0.003690057 seconds
Start importing Packages/com.unity.shadergraph/ShaderGraphLibrary/Nature/SpeedTree9CameraFacingLeafEffect.shadersubgraph using Guid(153b138ddd88e7b42a0c29bde1e7142c) (ScriptedImporter) -> (artifact id: '1e3876627152b5e31680d2865b295315') in 0.003971018 seconds
Start importing Packages/com.unity.shadergraph/GraphTemplates/Subgraphs/Sample Flipbook.shadersubgraph using Guid(658423db13944174c95e6a25bde1eb66) (ScriptedImporter) -> (artifact id: '81a79afa2c60b3f0d0a17c52df761d59') in 0.005746159 seconds
Start importing Packages/com.unity.cloud.gltfast/Runtime/Shader/SubGraphs/SpecularGlossiness.shadersubgraph using Guid(7c57fa3e768cc40d2abb3b1b4ccd18d4) (ScriptedImporter) -> (artifact id: 'b07fe52571dce352048f79f4f213b04a') in 0.005180939 seconds
Start importing Packages/com.unity.cloud.gltfast/Runtime/Shader/SubGraphs/PBR_specular_glossiness.shadersubgraph using Guid(a604ef8f6e4b643cf9807d62c5c98463) (ScriptedImporter) -> (artifact id: '7af35af03664d81f780d71a55c58e883') in 0.01370676 seconds
Start importing Packages/com.unity.shadergraph/GraphTemplates/Subgraphs/FlowMap Sample Normal.shadersubgraph using Guid(7794dc8c6277cb649804d7253e567322) (ScriptedImporter) -> (artifact id: 'ff8dac22d6abf850e40f3fad5ccfbc96') in 0.006717197 seconds
Start importing Packages/com.unity.shadergraph/GraphTemplates/Subgraphs/UV FlowMap.shadersubgraph using Guid(c76da6dceef150547b7030daa98eeda6) (ScriptedImporter) -> (artifact id: 'b174dbe776a747f3ee86b26ef74f6a6e') in 0.009350998 seconds
Start importing Packages/com.unity.cloud.gltfast/Runtime/Shader/SubGraphs/Clearcoat.shadersubgraph using Guid(18406ca198f2c334fba4ef90d55e8525) (ScriptedImporter) -> (artifact id: '5455cf18d9adc98caf0f8424944f6b6d') in 0.006893314 seconds
Start importing Packages/com.unity.shadergraph/GraphTemplates/Subgraphs/Switch4.shadersubgraph using Guid(38026d07e949e0043a9daa90b1917d90) (ScriptedImporter) -> (artifact id: '32d1b708eb1c4690a65003ecc6f803b2') in 0.004129969 seconds
Start importing Packages/com.unity.shadergraph/GraphTemplates/Subgraphs/Terrain/Blend Layers Add.shadersubgraph using Guid(b893f303ffd21324988969130704e4bc) (ScriptedImporter) -> (artifact id: '4b26d626819f0214fe74d4e4da105cb9') in 0.006493537 seconds
Start importing Packages/com.unity.shadergraph/GraphTemplates/Subgraphs/Terrain/Premultiply Layer.shadersubgraph using Guid(d8d596b309d3eaa48bd57234e7567aee) (ScriptedImporter) -> (artifact id: 'f7e8163c53adf376df5ab24d14097343') in 0.00605533 seconds
Start importing Packages/com.unity.shadergraph/ShaderGraphLibrary/Nature/SpeedTree9Wind.shadersubgraph using Guid(e8af7a3452f45f542a042fef4a52065a) (ScriptedImporter) -> (artifact id: 'c8a41df6c617fd91ec9c3174b869e8e8') in 0.00507072 seconds
Start importing Packages/com.unity.shadergraph/ShaderGraphLibrary/Nature/SpeedTree8Billboard.shadersubgraph using Guid(89c32740b629abb41bf9b65e3a64c373) (ScriptedImporter) -> (artifact id: '09dfe287e5e26cf6a61c74d434e23ea9') in 0.013314191 seconds
Start importing Packages/com.unity.shadergraph/GraphTemplates/Subgraphs/Terrain/Blend Layers Alpha.shadersubgraph using Guid(990a2f951c73f0449a8596028e51c11e) (ScriptedImporter) -> (artifact id: 'fd2faf7cb9526c2f11a21cbf7f464dfc') in 0.008183258 seconds
Start importing Packages/com.unity.shadergraph/GraphTemplates/Subgraphs/UV Halftone.shadersubgraph using Guid(a925de7ea1f0ed04a8b35c2c10fcc1c1) (ScriptedImporter) -> (artifact id: 'e3f58340de59c56b803441e0a6a53993') in 0.010179973 seconds
Start importing Packages/com.unity.shadergraph/GraphTemplates/Subgraphs/UV Distortion.shadersubgraph using Guid(d9fc86ddc060cc44988e8835a3192cb0) (ScriptedImporter) -> (artifact id: '3bd1489afd8c5cc81fadff45db106f22') in 0.006494626 seconds
Start importing Packages/com.unity.shadergraph/ShaderGraphLibrary/Nature/SpeedTree8Wind.shadersubgraph using Guid(e9398b7940890a74eafc240b5a593541) (ScriptedImporter) -> (artifact id: 'a9ffc27dfb1ed691eebf24133872e62e') in 0.005201469 seconds
Start importing Packages/com.unity.shadergraph/GraphTemplates/Subgraphs/Sample Flipbook Motion Vector.shadersubgraph using Guid(e98ef91f2346c4c57a3cfbb4347ff978) (ScriptedImporter) -> (artifact id: '9804a7a55c251f081084bbfe35891d3b') in 0.011023364 seconds
Start importing Packages/com.unity.shadergraph/GraphTemplates/Subgraphs/Value Range Remap.shadersubgraph using Guid(3a82744b38735a84fb29cc43c4b41c7d) (ScriptedImporter) -> (artifact id: 'e9edde51104c10a54e06f6e298c074a9') in 0.006768671 seconds
Start importing Packages/com.unity.shadergraph/GraphTemplates/Subgraphs/Decal Edge Mask.shadersubgraph using Guid(ea046900739fbcc4498f7b47f45545c9) (ScriptedImporter) -> (artifact id: '06bf6ef917219a94c708dd4dbda25e67') in 0.004855468 seconds
Start importing Packages/com.unity.shadergraph/GraphTemplates/Subgraphs/ParticleFlipbookBlending.shadersubgraph using Guid(ea87914f38f4183408f6ec6cb547ed94) (ScriptedImporter) -> (artifact id: 'ebfa6389093997c9928fa83a8913ac8f') in 0.004815537 seconds
Start importing Packages/com.unity.shadergraph/ShaderGraphLibrary/Nature/SpeedTree8ColorAlpha.shadersubgraph using Guid(1b4ecad27a9bc714e8d3af3ffb8a368c) (ScriptedImporter) -> (artifact id: 'f5d9d38d52f8f0ba35b296c42bd81e20') in 0.011739447 seconds
Start importing Packages/com.unity.shadergraph/GraphTemplates/Subgraphs/Sample Flipbook Blending.shadersubgraph using Guid(3ba4047e0734f2944a3d9b7b015af0ca) (ScriptedImporter) -> (artifact id: 'c7999f0522a6968d08109d0a2989c445') in 0.006783749 seconds
Start importing Packages/com.unity.shadergraph/GraphTemplates/Subgraphs/Terrain/Height Based Splat Modify.shadersubgraph using Guid(3b5d8d8dca1de7240983df8e315a8a01) (ScriptedImporter) -> (artifact id: 'a9fb105b818098ddc2e4c02481e798f9') in 0.012364669 seconds
Start importing Packages/com.unity.cloud.gltfast/Runtime/Shader/SubGraphs/PBR_metallic_roughness_advanced.shadersubgraph using Guid(8b71ed958f7c7a948b89b79fbc75f945) (ScriptedImporter) -> (artifact id: 'eb503ce5da75fb1a99947385fb8cb3a1') in 0.017563832 seconds
Start importing Packages/com.unity.shadergraph/GraphTemplates/Subgraphs/Depth Fade.shadersubgraph using Guid(8bbfe621c0368244b80a10cdd14cd70e) (ScriptedImporter) -> (artifact id: '2bb21f98bcffa88ca3f884e5f9e7e5a3') in 0.004824715 seconds
Start importing Packages/com.unity.shadergraph/GraphTemplates/Subgraphs/HeightMask.shadersubgraph using Guid(bb515ce764324b444b925949646460fe) (ScriptedImporter) -> (artifact id: '57ebf81b0f9240e95e6f3160b87a16cd') in 0.004868861 seconds
Start importing Packages/com.unity.shadergraph/GraphTemplates/Subgraphs/FlowMap Sample Texture.shadersubgraph using Guid(dd4e180f1d31c4c4e9d4909d27e6761c) (ScriptedImporter) -> (artifact id: '0b300c4fce65190e22cb27bb51a307df') in 0.00608501 seconds
Start importing Packages/com.unity.cloud.gltfast/Runtime/Shader/SubGraphs/Unlit.shadersubgraph using Guid(be4372d6443624882a2e9c3b62ab6ee7) (ScriptedImporter) -> (artifact id: '5b6ba1af8260c75f637a29df99db8dcc') in 0.006761948 seconds
Start importing Packages/com.unity.shadergraph/GraphTemplates/BuiltIn/BuiltIn Lit Basic.shadergraph using Guid(2019d78ad3d1c5c4a8d309a857ca449f) (ScriptedImporter) -> (artifact id: 'ee82e7a0e8a7c832bbf8ce4b9e8a5185') in 0.218907602 seconds
Start importing Packages/com.unity.render-pipelines.universal/Runtime/Materials/ArnoldStandardSurface/ArnoldStandardSurfaceTransparent.shadergraph using Guid(30fa68ce467463643a86b839ca0eb195) (ScriptedImporter) -> (artifact id: '6e8f26aa1d373f83a584426520962bf6') in 0.07917991 seconds
Start importing Packages/com.unity.render-pipelines.universal/Shaders/AutodeskInteractive/AutodeskInteractiveMasked.shadergraph using Guid(80aa867ac363ac043847b06ad71604cd) (ScriptedImporter) -> (artifact id: '545a2eabfb9217a0315723369e02b3ed') in 0.056002381 seconds
Start importing Packages/com.unity.cloud.gltfast/Runtime/Shader/URP/glTF-pbrMetallicRoughness-Clearcoat.shadergraph using Guid(c18c97ae1ce021b4980c5d19a54f0d3c) (ScriptedImporter) -> (artifact id: '4f17bf8c5eca3d88c017838346a12397') in 0.228903796 seconds
Start importing Packages/com.unity.cloud.gltfast/Runtime/Shader/HDRP/glTF-pbrMetallicRoughnessStackLit.shadergraph using Guid(429ab83ee9ef05b4f8a76e58ea5d5ad4) (ScriptedImporter) -> (artifact id: 'aec8ba42afc64fbf0fb579430c58c991') in 0.216038775 seconds
Start importing Packages/com.unity.shadergraph/GraphTemplates/Cross Pipeline/0_Lit Basic.shadergraph using Guid(a2407126e3372f64cacb75ed466a5621) (ScriptedImporter) -> (artifact id: 'f7e1488bfa7960469cf5e719aadaef06') in 0.041580909 seconds
Start importing Packages/com.unity.shadergraph/GraphTemplates/Cross Pipeline/Unlit Simple.shadergraph using Guid(2476a2d151e824143af40dce1fc93a12) (ScriptedImporter) -> (artifact id: '014245c4bf82097db192ee4386877534') in 0.03517232 seconds
Start importing Packages/com.unity.render-pipelines.universal/Shaders/2D/VFXSpriteLit.shadergraph using Guid(24a73dccd7b6fad4798be282f96a21f4) (ScriptedImporter) -> (artifact id: '28e00d3ffa432b1fa55426ac6ac7e7b0') in 0.031626413 seconds
Start importing Packages/com.unity.render-pipelines.universal/Runtime/Materials/PhysicalMaterial3DsMax/PhysicalMaterial3DsMax.shadergraph using Guid(44245ab89240f51459a5077d7145c452) (ScriptedImporter) -> (artifact id: 'd700a379cfb268043d00e18a14092844') in 0.084088414 seconds
Start importing Packages/com.unity.render-pipelines.universal/Editor/ShaderGraph/GraphTemplates/2D/1_2D Sprite Unlit.shadergraph using Guid(25a0ebb4827f3cc47a1af2c79005f65b) (ScriptedImporter) -> (artifact id: '75c9a30941cb8e2a069afe06f5df9ffc') in 0.031623655 seconds
Start importing Packages/com.unity.shadergraph/GraphTemplates/BuiltIn/BuiltIn Unlit Basic.shadergraph using Guid(9618d41bb71f74048bb6cace8785b93d) (ScriptedImporter) -> (artifact id: '45c6fdcd16dee2d78562533677f586e0') in 0.101417339 seconds
Start importing Packages/com.unity.shadergraph/GraphTemplates/Cross Pipeline/2_Particle Lit.shadergraph using Guid(a680d9a9f8b66514abbfd3ae1c8f77f7) (ScriptedImporter) -> (artifact id: '08f8345301bf40487a281bca4c5c5d39') in 0.044058983 seconds
Start importing Packages/com.unity.render-pipelines.universal/Editor/ShaderGraph/GraphTemplates/UITKBasicTemplate.shadergraph using Guid(0738648e2f2f84b489a2f0076b69e30a) (ScriptedImporter) -> (artifact id: '0f6dcb41d977f8c805327a3190525970') in 0.018200682 seconds
Start importing Packages/com.unity.shadergraph/GraphTemplates/Cross Pipeline/1_Decal Material Volume.shadergraph using Guid(1716ff8c1e51af14280cc97fbcba3b11) (ScriptedImporter) -> (artifact id: '7a12396042ff8fb162da77ea0151016c') in 0.045952774 seconds
Start importing Packages/com.unity.render-pipelines.universal/Runtime/Materials/ArnoldStandardSurface/ArnoldStandardSurface.shadergraph using Guid(3739e562a03fc0b4982d8aa66cc50865) (ScriptedImporter) -> (artifact id: 'f42108c6058014b149c2e3fd47a5da41') in 0.044838228 seconds
Start importing Packages/com.unity.render-pipelines.universal/Shaders/2D/VFXSpriteUnlit.shadergraph using Guid(d7288f66e4fb0634c9afef98c31b722a) (ScriptedImporter) -> (artifact id: 'c4bfd78ff78c6e2546b18f5e10c3a01d') in 0.021498265 seconds
Start importing Packages/com.unity.cloud.gltfast/Runtime/Shader/glTF-unlit.shadergraph using Guid(c87047c884d9843f5b0f4cce282aa760) (ScriptedImporter) -> (artifact id: 'cc30aa54a205177ca80b6a4fdb85aa6e') in 0.137809716 seconds
Start importing Packages/com.unity.shadergraph/GraphTemplates/Cross Pipeline/0_Decal Simple.shadergraph using Guid(39144937a5efe954dac51acbbe54157e) (ScriptedImporter) -> (artifact id: '5c908bd5d6c3e194e7b142ca3fe87b63') in 0.032310789 seconds
Start importing Packages/com.unity.render-pipelines.universal/Shaders/Nature/SpeedTree8_PBRLit.shadergraph using Guid(9920c1f1781549a46ba081a2a15a16ec) (ScriptedImporter) -> (artifact id: 'f6929d8491278cb252d855881f36efb9') in 0.102653029 seconds
Start importing Packages/com.unity.cloud.gltfast/Runtime/Shader/glTF-pbrMetallicRoughness.shadergraph using Guid(b9d29dfa1474148e792ac720cbd45122) (ScriptedImporter) -> (artifact id: 'f35d941c9b9c08e3727aeca6c518a9bd') in 0.213424871 seconds
Start importing Packages/com.unity.render-pipelines.universal/Runtime/Materials/PhysicalMaterial3DsMax/PhysicalMaterial3DsMaxTransparent.shadergraph using Guid(1a207e3bee00db44b940e6f362a8e148) (ScriptedImporter) -> (artifact id: '140d93214b3edfa57d965bcc02eda38f') in 0.047342235 seconds
Start importing Packages/com.unity.shadergraph/GraphTemplates/Cross Pipeline/UGUI Canvas Basic.shadergraph using Guid(5a4a765e921b8554eb959f7cf697b3be) (ScriptedImporter) -> (artifact id: 'ba7753576d8e7253aa1df90e98542ecf') in 0.02288673 seconds
Start importing Packages/com.unity.cloud.gltfast/Runtime/Shader/glTF-pbrSpecularGlossiness.shadergraph using Guid(9a07dad0f3c4e43ff8312e3b5fa42300) (ScriptedImporter) -> (artifact id: '3fd7a37ce2d4e0058748d547f3a49564') in 0.176568371 seconds
Start importing Packages/com.unity.render-pipelines.universal/Shaders/Decal.shadergraph using Guid(9b4e681081e2b4c469111bb649e2f7ee) (ScriptedImporter) -> (artifact id: '93309bda5b3bc50e32e4055a6cf76f8b') in 0.032168934 seconds
Start importing Packages/com.unity.render-pipelines.universal/Shaders/Nature/SpeedTree9_URP.shadergraph using Guid(cbd3e1cc4ae141c42a30e33b4d666a61) (ScriptedImporter) -> (artifact id: '588eff5ac8139ed00f6e5044afd0dfab') in 0.069876344 seconds
Start importing Packages/com.unity.render-pipelines.universal/Shaders/FullscreenInvertColors.shadergraph using Guid(fb6390f650ca44a5ba3246d8dda47927) (ScriptedImporter) -> (artifact id: 'fc744853eebe67f3cae60f228499b2b3') in 0.018407572 seconds
Start importing Packages/com.unity.render-pipelines.universal/Shaders/AutodeskInteractive/AutodeskInteractiveTransparent.shadergraph using Guid(5c81372d981403744adbdda4433c9c11) (ScriptedImporter) -> (artifact id: '905fdc1f8de4cdb3431ff0e8a5485335') in 0.040893584 seconds
Start importing Packages/com.unity.render-pipelines.universal/Editor/ShaderGraph/GraphTemplates/Terrain Standard 4 Layers URP.shadergraph using Guid(bc3def193b270c649b041063a70a1a1f) (ScriptedImporter)Shader 'Hidden/Terrain/Terrain Standard 4 Layers URP': dependency 'AddPassShader' shader 'Hidden/Hidden/Terrain/Terrain Standard 4 Layers URP_AddPass' not found
Shader 'Hidden/Terrain/Terrain Standard 4 Layers URP': dependency 'BaseMapGenShader' shader 'Hidden/Hidden/Terrain/Terrain Standard 4 Layers URP_BaseMapGen' not found
Shader 'Hidden/Terrain/Terrain Standard 4 Layers URP': dependency 'BaseMapShader' shader 'Hidden/Universal Render Pipeline/Terrain/Lit (Base Pass)' not found
Shader 'Hidden/Terrain/Terrain Standard 4 Layers URP': dependency 'AddPassShader' shader 'Hidden/Hidden/Terrain/Terrain Standard 4 Layers URP_AddPass' not found
Shader 'Hidden/Terrain/Terrain Standard 4 Layers URP': dependency 'BaseMapGenShader' shader 'Hidden/Hidden/Terrain/Terrain Standard 4 Layers URP_BaseMapGen' not found
Shader 'Hidden/Terrain/Terrain Standard 4 Layers URP': dependency 'BaseMapShader' shader 'Hidden/Universal Render Pipeline/Terrain/Lit (Base Pass)' not found
 -> (artifact id: '3b4cd155080692d2c1b512d03d88c6a1') in 0.161091408 seconds
Start importing Packages/com.unity.shadergraph/GraphTemplates/Cross Pipeline/UGUI Canvas Meter.shadergraph using Guid(9d4e8ca8c5046914c87ca6ccef140dac) (ScriptedImporter) -> (artifact id: 'c1d72c3c30b50e6211f800d8c8c2dcdb') in 0.019374114 seconds
Start importing Packages/com.unity.render-pipelines.universal/Editor/ShaderGraph/GraphTemplates/2D/0_2D Sprite Lit.shadergraph using Guid(bde135b320597544b9ac325092409f8b) (ScriptedImporter) -> (artifact id: '83412c418216c81783daa641b375b124') in 0.026200804 seconds
Start importing Packages/com.unity.render-pipelines.universal/Shaders/AutodeskInteractive/AutodeskInteractive.shadergraph using Guid(0e9d5a909a1f7e84882a534d0d11e49f) (ScriptedImporter) -> (artifact id: 'f5066b47293800fa3005afb359dc4fd6') in 0.042531774 seconds
Start importing Packages/com.unity.render-pipelines.universal/Editor/ShaderGraph/GraphTemplates/UITKFullTemplate.shadergraph using Guid(3e01bbae25716b24ea9da11102b44902) (ScriptedImporter) -> (artifact id: 'd06dce86a5945f643b75060c2678e0b1') in 0.014662981 seconds
Start importing Packages/com.unity.shadergraph/GraphTemplates/Custom Render Texture.shadergraph using Guid(7ef2cf71ad164fe479662ae612dff99e) (ScriptedImporter) -> (artifact id: '337fce9a75a917e56255e6329e767cd7') in 0.007323958 seconds
Start importing Packages/com.unity.shadergraph/GraphTemplates/Cross Pipeline/1_Lit Full.shadergraph using Guid(aee84ce0dab81b049bb88017d78a63cd) (ScriptedImporter) -> (artifact id: '92bc6fcd388dc44d82e1cecbf62eb58f') in 0.074741156 seconds
Start importing Packages/com.unity.shadergraph/GraphTemplates/Cross Pipeline/Terrain Simple.shadergraph using Guid(def488a52add6574d9f295a507032cb8) (ScriptedImporter)Shader 'Hidden/Terrain/Terrain Simple': dependency 'AddPassShader' shader 'Hidden/Hidden/Terrain/Terrain Simple_AddPass' not found
Shader 'Hidden/Terrain/Terrain Simple': dependency 'BaseMapGenShader' shader 'Hidden/Hidden/Terrain/Terrain Simple_BaseMapGen' not found
Shader 'Hidden/Terrain/Terrain Simple': dependency 'BaseMapShader' shader 'Hidden/Universal Render Pipeline/Terrain/Lit (Base Pass)' not found
Shader 'Hidden/Terrain/Terrain Simple': dependency 'AddPassShader' shader 'Hidden/Hidden/Terrain/Terrain Simple_AddPass' not found
Shader 'Hidden/Terrain/Terrain Simple': dependency 'BaseMapGenShader' shader 'Hidden/Hidden/Terrain/Terrain Simple_BaseMapGen' not found
Shader 'Hidden/Terrain/Terrain Simple': dependency 'BaseMapShader' shader 'Hidden/Universal Render Pipeline/Terrain/Lit (Base Pass)' not found
 -> (artifact id: '0f6d9c6e10f6485973b5ef133dd62003') in 0.08523784 seconds
Start importing Packages/com.unity.shadergraph/GraphTemplates/Cross Pipeline/0_Particle Unlit.shadergraph using Guid(af66091e0eca0c04a9c3584ae867418a) (ScriptedImporter) -> (artifact id: '31f1c1be19daafc575865bb1abec17f7') in 0.031964543 seconds
Start importing Packages/com.unity.render-pipelines.universal/Editor/ShaderGraph/GraphTemplates/2D/2_2D Sprite Custom Lit.shadergraph using Guid(bfad0aba0faa90547b68abd10bb6be86) (ScriptedImporter) -> (artifact id: '27985215f3ed07c8916691bfded569f1') in 0.030230726 seconds
Start importing Packages/com.unity.render-pipelines.universal/Editor/ShaderGraph/GraphTemplates/Fullscreen Basic URP.shadergraph using Guid(df41eefe8c13d444ca890dddbbc61f8d) (ScriptedImporter) -> (artifact id: 'b418c20fdbf4eb511a8a04ac77b38096') in 0.015822081 seconds
Start importing Packages/com.unity.render-pipelines.core/Runtime/Debug/ProbeSamplingDebugMesh.fbx using Guid(20be25aac4e22ee49a7db76fb3df6de2) (FBXImporter) -> (artifact id: '7c238d8e37c025b229e938dbe30c5c31') in 0.011890957 seconds
Start importing Packages/com.unity.render-pipelines.core/Runtime/RenderPipelineResources/Mesh/SamplesFixture.fbx using Guid(b28fa67a0ff82c5478f27368dc627683) (FBXImporter) -> (artifact id: '9bad33c0fb6dde60aa945b1df0b15c95') in 0.025356107 seconds
Start importing Packages/com.unity.render-pipelines.core/Runtime/RenderPipelineResources/Mesh/UnityMaterialBall.fbx using Guid(39857cfad1651644682ff5b772e6e697) (FBXImporter) -> (artifact id: 'e5457b66b1146f20964d985cd446e813') in 0.03961518 seconds
Start importing Packages/com.unity.render-pipelines.core/Runtime/RenderPipelineResources/Mesh/BackgroundMesh.fbx using Guid(b9ae429aca254fa41966db24b9e53232) (FBXImporter) -> (artifact id: '837adb1d09a5cb289a49de209e2a8238') in 0.010140961 seconds
Start importing Packages/com.unity.render-pipelines.core/Runtime/RenderPipelineResources/Mesh/SamplesFloorSpotlight.fbx using Guid(1dbf28c1bb322474d981b2dc555e28b0) (FBXImporter) -> (artifact id: 'e3b7f6f1f419ae6b5c1510589c34ddb9') in 0.007722948 seconds
Start importing Packages/com.unity.render-pipelines.core/Runtime/RenderPipelineResources/Mesh/SamplesSpotlightModel.fbx using Guid(4e8732d4875cc0647b52b55a218072b6) (FBXImporter) -> (artifact id: 'faed11be74dfdcd43bc40f1a8f6930ec') in 0.012838485 seconds
Start importing Packages/com.unity.render-pipelines.core/Editor/Resources/DebugProbe.fbx using Guid(9e1c97fc44f9a8744b61b58f72c56de4) (FBXImporter) -> (artifact id: 'df9b8fddc8a47492880e5b84e1f96131') in 0.006856856 seconds
Start importing Packages/com.unity.render-pipelines.universal/Editor/SceneTemplates/Standard/GlobalVolumeProfile.asset using Guid(103b0616690034ca1a309e958ed431fc) (NativeFormatImporter) -> (artifact id: 'ae47e29d22d99c727ee8075492dd13c4') in 0.000319971 seconds
Start importing Packages/com.unity.render-pipelines.core/Editor/Icons/Processed/PassInspector Icon.asset using Guid(f07c8ecc9e9de7842ab9c99a9256ff7d) (NativeFormatImporter) -> (artifact id: '8e5ad2632b106e26212037a1b9f6fcd1') in 0.000337864 seconds
Start importing Packages/com.unity.render-pipelines.universal/Runtime/Data/PostProcessData.asset using Guid(41439944d30ece34e96484bdb6645b55) (NativeFormatImporter) -> (artifact id: '773dd7a50e62e00d2090db9f310907fb') in 0.005542739 seconds
Start importing Packages/com.unity.addressables/Tests/Editor/Fixtures/InitFixture2.asset using Guid(71891bb601fa21a47ac0317a4fe38f45) (NativeFormatImporter) -> (artifact id: '39ff5f6b7740c7001067f0248ccd1ed0') in 0.00056978 seconds
Start importing Packages/com.unity.ai.navigation/EditorResources/NavigationWindowIcon.asset using Guid(13a8a84f37ede4760a590fd13172bdd4) (NativeFormatImporter) -> (artifact id: 'cb7309e32185ef3988276790a75b3cb0') in 0.00030165 seconds
Start importing Packages/com.unity.render-pipelines.core/Editor/Icons/Processed/d_DecalProjector Icon.asset using Guid(340b2e8f8761e254d8ee52bc663cedbd) (NativeFormatImporter) -> (artifact id: 'a9926f4c8cebc2707ad671d8912be8af') in 0.001206935 seconds
Start importing Packages/com.unity.render-pipelines.core/Editor/Icons/Processed/d_VolumeProfile Icon.asset using Guid(150de12d7eed3a2429509ab2146f6345) (NativeFormatImporter) -> (artifact id: '1ec4983a1e76a61eb1ce5f922ddfe738') in 0.001209503 seconds
Start importing Packages/com.unity.render-pipelines.universal/Tests/Editor/PostProcessDataTests/PostProcessData BloomPS Different 1.asset using Guid(350a709cf1218764c94f752764b6ab69) (NativeFormatImporter) -> (artifact id: 'f1ce8f5e2f0f402639b2a45f42c70339') in 0.000800189 seconds
Start importing Packages/com.unity.render-pipelines.core/Editor/Icons/Processed/Volume Icon.asset using Guid(65d673f04ea8f2f49919cf67d18aaf54) (NativeFormatImporter) -> (artifact id: '3e82559381d3f7626fa9f48fd1a71592') in 0.001216507 seconds
Start importing Packages/com.unity.render-pipelines.core/Editor/Icons/Processed/RenderPipelineResources Icon.asset using Guid(9577fdc34c3b03242bf439342d37043b) (NativeFormatImporter) -> (artifact id: '55271f66f3d64265aa4c4e207ce5fae4') in 0.001226407 seconds
Start importing Packages/com.unity.render-pipelines.core/Editor/Icons/Processed/d_LocalVolumetricFog Icon.asset using Guid(a51c08ea4f8a47641a38f14eff7be3db) (NativeFormatImporter) -> (artifact id: 'bec642be8c78ae3254c83990c8a0ac16') in 0.001199304 seconds
Start importing Packages/com.unity.render-pipelines.core/Editor/Icons/Processed/DecalProjector Icon.asset using Guid(9603ab9e0ac90754298d959374a0ec29) (NativeFormatImporter) -> (artifact id: '038af9788dce138047675b79317e255e') in 0.001205303 seconds
Start importing Packages/com.unity.render-pipelines.core/Editor/Icons/Processed/d_RenderPipelineResources Icon.asset using Guid(f6437d4e6a2f10345a40803d33f489bf) (NativeFormatImporter) -> (artifact id: '3ce1aa6a0a9b9f8ee9ba1baa9ce6154a') in 0.001192841 seconds
Start importing Packages/com.unity.render-pipelines.core/Editor/Icons/Processed/d_Volume Icon.asset using Guid(177b2538515c71b4a86aa1cad939807a) (NativeFormatImporter) -> (artifact id: '6270493438bfcb47713762428d420ac0') in 0.001198818 seconds
Start importing Packages/com.unity.render-pipelines.universal/Tests/Editor/PostProcessDataTests/PostProcessData BloomPS Different.asset using Guid(e7b20d8e594294f4380ea14212e1b042) (NativeFormatImporter) -> (artifact id: '478c6487015b56bc0580cc3e78e0e26d') in 0.000757438 seconds
Start importing Packages/com.unity.shadergraph/Editor/Resources/DefaultHeatmapValues.asset using Guid(089885f17bac7464a80c68e81d8538a1) (NativeFormatImporter) -> (artifact id: 'e7c7e627f3b4bb910b40efeaffb4210f') in 0.000632147 seconds
Start importing Packages/com.unity.render-pipelines.universal/Editor/SceneTemplates/Indoors/LightingData.asset using Guid(695c65e91172db945bf049e595adcc66) (NativeFormatImporter) -> (artifact id: '9a6b898057d23c1388d901b8dbb8f1f2') in 0.000365666 seconds
Start importing Packages/com.unity.render-pipelines.universal/Runtime/Data/UniversalRendererData.asset using Guid(ba6e69114eba6af4585b7b850051b2d9) (NativeFormatImporter) -> (artifact id: 'e9ad2070959e90d9af222fdfd170ce9f') in 0.002807077 seconds
Start importing Packages/com.unity.render-pipelines.core/Editor/Icons/Processed/VolumeProfile Icon.asset using Guid(faa56264e2faf674c8be98efbfd8e2a4) (NativeFormatImporter) -> (artifact id: 'ad099e67b3cdc8fadeb0df39ee69d1e5') in 0.001245955 seconds
Start importing Packages/com.unity.render-pipelines.universal/Editor/SceneTemplates/Standard/LightingData.asset using Guid(bbf92febd37eec24fa8da21f59ace918) (NativeFormatImporter) -> (artifact id: 'f941e067d7e2884bba64631b6c9234a0') in 0.000279168 seconds
Start importing Packages/com.unity.render-pipelines.core/Editor/Icons/Processed/Resources Icon.asset using Guid(0c718439afc500a47899efc9499bc9f5) (NativeFormatImporter) -> (artifact id: '90537c1511ac064686a07af92b30bf95') in 0.000287023 seconds
Start importing Packages/com.unity.render-pipelines.core/Editor/Icons/Processed/LocalVolumetricFog Icon.asset using Guid(acb29b12f9f806e4086dd007d41e47e2) (NativeFormatImporter) -> (artifact id: 'a0967288c54c5ce33cc52718fcc28802') in 0.001247722 seconds
Start importing Packages/com.unity.render-pipelines.core/Runtime/RenderPipelineResources/Default Lens Flare (SRP).asset using Guid(bd7eaf3bd49c39f4cb77bd809459aa72) (NativeFormatImporter) -> (artifact id: 'b78676d3d65c61a83272c7a98fe81c1a') in 0.002667411 seconds
Start importing Packages/com.unity.render-pipelines.universal/Editor/Volume/DefaultVolumeProfile.asset using Guid(eda47df5b85f4f249abf7abd73db2cb2) (NativeFormatImporter) -> (artifact id: '799151250d50a362ab2c8b44051ca144') in 0.003101003 seconds
Start importing Packages/com.unity.render-pipelines.core/Editor/Icons/Processed/d_PassInspector Icon.asset using Guid(de46f443cc7a01d4a86b2535f132a51d) (NativeFormatImporter) -> (artifact id: '03f8a53c285e696ca189b20762810774') in 0.0003026 seconds
Start importing Packages/com.unity.addressables/Tests/Editor/Fixtures/InitFixture1.asset using Guid(0f703ff181d66cb4b9124c32c9095b86) (NativeFormatImporter) -> (artifact id: 'c63173e9dfea4673aeeedc0e6bdf0f71') in 0.000273392 seconds
Start importing Packages/com.unity.render-pipelines.core/Editor/Icons/Processed/d_Resources Icon.asset using Guid(5f91283c363fa3943844c7b87c3ce64d) (NativeFormatImporter) -> (artifact id: '2962c33c15b15bc48304cd673b3f6d6e') in 0.000288897 seconds
Start importing Packages/com.unity.render-pipelines.universal/Editor/SceneTemplates/Indoors/Indoors Baking Set.asset using Guid(6f5f3e944558b294093fde8026e4d36e) (NativeFormatImporter) -> (artifact id: '1f357de00def547ebd6b5c747feeaf18') in 0.004455194 seconds
Start importing Packages/com.unity.render-pipelines.universal/Editor/SceneTemplates/Indoors/GlobalVolumeProfile.asset using Guid(afa2d039a61b9a44ab0eb7f1c138af34) (NativeFormatImporter) -> (artifact id: '4af27586657552fd846d090a7b91dd12') in 0.000290914 seconds
Start importing Packages/com.unity.ai.navigation/EditorResources/d_NavigationWindowIcon.asset using Guid(df6a6289992d3406cb4cad0c522e4adf) (NativeFormatImporter) -> (artifact id: 'fc3269a0342f0683e78396e3ad4bad61') in 0.000279865 seconds
Start importing Packages/com.unity.render-pipelines.core/CHANGELOG.md using Guid(20456a2cc8a214f9d9846725cff9fea4) (TextScriptImporter) -> (artifact id: '1c67d578f2770f309f0a5d2ac26fadc5') in 0.000386816 seconds
Start importing Packages/com.unity.searcher/LICENSE.md using Guid(200891d0445794843bffcc351163c84c) (TextScriptImporter) -> (artifact id: 'c8c10680516b2de672292fb19e50cee5') in 0.000256011 seconds
Start importing Packages/com.unity.ai.navigation/ValidationExceptions.json using Guid(203bedb65db239c4aa5d9cf073cd3b73) (TextScriptImporter) -> (artifact id: 'b0adf71f88467c8339d665a36ccdf3e8') in 0.000242797 seconds
Start importing Packages/com.unity.render-pipelines.universal/package.json using Guid(30648b8d550465f4bb77f1e1afd0b37d) (PackageManifestImporter) -> (artifact id: 'f54a8173a3150ddf1d83dc6c70d16241') in 0.000327844 seconds
Start importing Packages/com.unity.modules.jsonserialize/package.json using Guid(40bf3cec17fa0b49fe04443c8332d638) (PackageManifestImporter) -> (artifact id: '4bbe75e7d3a83ee7597a3bcba3a1e7c4') in 0.000241637 seconds
Start importing Packages/com.unity.burst/package.json using Guid(60714b3a36613ab2918a1439869a826f) (PackageManifestImporter) -> (artifact id: '0b87196a3ec47d3aed6daae301f57984') in 0.000234669 seconds
Start importing Packages/com.unity.test-framework.performance/package.json using Guid(b030b7e8a4c531241b496403efc884ab) (PackageManifestImporter) -> (artifact id: '600eed6c640081ce0f5bf982d73379fb') in 0.00024143 seconds
Start importing Packages/com.unity.modules.unitywebrequesttexture/package.json using Guid(d0e3ad91972c66f5238f5b9b7d5ae58a) (PackageManifestImporter) -> (artifact id: '0c98bbdbc505e460f0f2549188387387') in 0.000239165 seconds
Start importing Packages/com.unity.ugui/README.md using Guid(e0ae6629cc70b514889df37fccb76832) (TextScriptImporter) -> (artifact id: '44afeb028f510a9f4544ce88fd1cf112') in 0.000246243 seconds
Start importing Packages/com.unity.inputsystem/package.json using Guid(f0e14ea80f96b445f97b1c83650d5733) (PackageManifestImporter) -> (artifact id: '773fbff377d00595506e39d9200f197a') in 0.000235427 seconds
Start importing Packages/com.unity.modules.ai/package.json using Guid(f0f13f2ab3d6d13cfc6e4656824bfca8) (PackageManifestImporter) -> (artifact id: 'f55d3a21cd5f5d61fcb8b7e17ef38636') in 0.000224958 seconds
Start importing Packages/com.unity.render-pipelines.core/Tests/Editor/UnifiedRayTracing/TraceRays.urtshader using Guid(1142bbad8b9e8c44c83a9775ff120d37) (ScriptedImporter) -> (artifact id: 'b054f2bfd9709b226ace6e0605aed594') in 0.002591104 seconds
Start importing Packages/com.unity.collections/Unity.Collections.LowLevel.ILSupport/README.txt using Guid(11246cfa909f81542b920bd109592bf5) (TextScriptImporter) -> (artifact id: '1b58fb7926fe33e24c66b8ab16c29834') in 0.000274667 seconds
Start importing Packages/com.unity.render-pipelines.core/Tests/Editor/RenderPipeline/SettingsStrippingResults/no_strippers_active_A_B_C.json using Guid(11f45568281574f48aee9ddbe7e80112) (TextScriptImporter) -> (artifact id: '427bbbd7106043ae80798d303b5f408f') in 0.000258736 seconds
Start importing Packages/com.unity.profiling.core/LICENSE.md using Guid(112bbb75cb8d0f34587b23aeb83ad6d8) (TextScriptImporter) -> (artifact id: 'ec3b0a6f31d0887159d0863f30b0d109') in 0.000244558 seconds
Start importing Packages/com.unity.inputsystem/ValidationConfig.json using Guid(21e367e100361604f9ad6287fd367d4a) (TextScriptImporter) -> (artifact id: '6747c8a6d1a859362fba897ea410b516') in 0.000246257 seconds
Start importing Packages/com.unity.ugui/package.json using Guid(319b8889f363f5947acf209c17a94149) (PackageManifestImporter) -> (artifact id: 'ab158883045ff7678d5464089e5097b0') in 0.000229733 seconds
Start importing Packages/com.unity.render-pipelines.universal/Editor/ScriptTemplates/ScriptableRendererFeature.txt using Guid(51493ed8d97d3c24b94c6cffe834630b) (TextScriptImporter) -> (artifact id: 'de536b94159dd269ec9412f04ed502c6') in 0.000235267 seconds
Start importing Packages/com.unity.nuget.newtonsoft-json/README.md using Guid(51bd45ca4f0f28342a12f4b0c80e9f4f) (TextScriptImporter) -> (artifact id: '48368251d4d96bf775df1340ab32befd') in 0.000233114 seconds
Start importing Packages/com.unity.addressables/Tests/Editor/Fixtures/buildlayout1.json using Guid(61b944170264b7047862dda83989b7c5) (TextScriptImporter) -> (artifact id: 'c2305f3b23282dc7c3cf1507c54680ed') in 0.000267928 seconds
Start importing Packages/com.unity.render-pipelines.universal/Runtime/RendererFeatures/SurfaceCacheGI/SurfaceCacheCore/RisEstimation.urtshader using Guid(713f6141bd66a134383b787f2eaa7c11) (ScriptedImporter) -> (artifact id: '51d23478903f543e3bc30463b1bd34a7') in 0.001873999 seconds
Start importing Packages/com.unity.ext.nunit/package.json using Guid(8143d3a8390f2c64685e3bc272bd9e90) (PackageManifestImporter) -> (artifact id: '58257cbe18cc8bf71dc515572b091d50') in 0.000251529 seconds
Start importing Packages/com.unity.profiling.core/README.md using Guid(818f5671ae3a433488eaec387a0032e1) (TextScriptImporter) -> (artifact id: '0d554363a59fcf0cef7211d456e35f57') in 0.000414753 seconds
Start importing Packages/com.unity.inputsystem/LICENSE.md using Guid(9166eed4756114bdaa498aca2df93e19) (TextScriptImporter) -> (artifact id: '7c9d36dfdaa6173e588e0793b0d80d1c') in 0.000253463 seconds
Start importing Packages/com.unity.render-pipelines.universal-config/package.json using Guid(b13c5df96839b924b85df50f9659b9e4) (PackageManifestImporter) -> (artifact id: '2945be1751d3b17802aabf97d4de4ee7') in 0.000245811 seconds
Start importing Packages/com.unity.profiling.core/CHANGELOG.md using Guid(d171e58a276f671498761bef2a559e96) (TextScriptImporter) -> (artifact id: 'bd7bff53b71aaa2e80a95498ee949220') in 0.000571553 seconds
Start importing Packages/com.unity.render-pipelines.core/Tests/Editor/ShaderStripping/Results/UI_Default_0_0.json using Guid(d18eadffb612a2f4a995f89ad69c62c3) (TextScriptImporter) -> (artifact id: 'c9822bc28d5917466ed41e5b98996790') in 0.000414522 seconds
Start importing Packages/com.unity.modules.assetbundle/package.json using Guid(e1ef8466c8fd01a549f10baa4d51fa17) (PackageManifestImporter) -> (artifact id: 'cd88d489b2c05aaf2e6b6d7c29c7056c') in 0.000401752 seconds
Start importing Packages/com.unity.modules.imgui/package.json using Guid(42fe78c8fe682715a2cb531422e6ccb3) (PackageManifestImporter) -> (artifact id: '258497c2a57bcde162ae716914ae3ed9') in 0.000376826 seconds
Start importing Packages/com.unity.test-framework.performance/ValidationExceptions.json using Guid(a23a55c69f9544b56a85639e7258ea1d) (TextScriptImporter) -> (artifact id: '0de6bb025ea649b84fc90771cdd733ed') in 0.000411707 seconds
Start importing Packages/com.unity.render-pipelines.universal/Editor/RendererFeatures/NewPostProcessRendererFeature.cs.txt using Guid(03e97e85a392e23469cd704039e21501) (TextScriptImporter) -> (artifact id: '0b9e20e5364904ecf821c16a39959cd5') in 0.000403989 seconds
Start importing Packages/com.unity.scriptablebuildpipeline/LICENSE.md using Guid(93c1484372a5f5448ab6371fdb212c20) (TextScriptImporter) -> (artifact id: 'd0aad387836b2896b5db4156b1d55847') in 0.000392198 seconds
Start importing Packages/com.unity.inputsystem/CHANGELOG.md using Guid(a3e12f7b92d6e49c0b430ae7813c2398) (TextScriptImporter) -> (artifact id: '21efd0e6afd90248462a2f8d3a095188') in 0.00060052 seconds
Start importing Packages/com.unity.searcher/README.md using Guid(a363ef2608aa3684794c3db0480fcd81) (TextScriptImporter) -> (artifact id: '09cc471bb4702455150c85c1d2362135') in 0.000564153 seconds
Start importing Packages/com.unity.mathematics/package.json using Guid(d34d0af25c21141a98c0cf3c0066444f) (PackageManifestImporter) -> (artifact id: '4f8aaef6e675f0d139584cd98f31bbcf') in 0.000382898 seconds
Start importing Packages/com.unity.scriptablebuildpipeline/package.json using Guid(d38d5a5256466c349a81338d02621916) (PackageManifestImporter) -> (artifact id: 'd9e0304624936a96e375807ea22feb9c') in 0.000327341 seconds
Start importing Packages/com.unity.burst/ValidationExceptions.json using Guid(f383c015504b380698ba4a8681b1223e) (TextScriptImporter) -> (artifact id: 'd7164317e9bba999a6db22150e9b8517') in 0.000260056 seconds
Start importing Packages/com.unity.render-pipelines.core/Tests/Editor/RenderPipeline/SettingsStrippingResults/KeepAStripper_RemoveAStripper_A_B_C.json using Guid(241278b82c9201f40817c73e0e86a393) (TextScriptImporter) -> (artifact id: '5e0e84a9b756327a62047ff3fc8b40ae') in 0.000264238 seconds
Start importing Packages/com.unity.nuget.newtonsoft-json/LICENSE.md using Guid(24efe08f95549ab4699df4c1b55703e5) (TextScriptImporter) -> (artifact id: '8501ab4fa23de162aee8e4a2c433fc59') in 0.000257456 seconds
Start importing Packages/com.unity.burst/CHANGELOG.md using Guid(544e4fbf839e39e1b693958db86e8cc8) (TextScriptImporter) -> (artifact id: 'de9546e1d48680b09a90b17bb7644c67') in 0.00030032 seconds
Start importing Packages/com.unity.addressables/Tests/Editor/DocExampleCode/Readme.txt using Guid(643c3989e991eb74ca3064e6baa4361a) (TextScriptImporter) -> (artifact id: 'df4e869fd95d84c24f1742130ff11a79') in 0.000256821 seconds
Start importing Packages/com.unity.render-pipelines.core/Editor/Lighting/ProbeVolume/RenderingLayerMask/TraceRenderingLayerMask.urtshader using Guid(94a070d33e408384bafc1dea4a565df9) (ScriptedImporter) -> (artifact id: 'bd2578aab4b8a64c4c48b7c3b2507c61') in 0.002106585 seconds
Start importing Packages/com.unity.nuget.newtonsoft-json/Third Party Notices.md using Guid(9422d9b1fde3cf644b4a0dddd10a7348) (TextScriptImporter) -> (artifact id: '5554922647665a391624980353b0a837') in 0.000273958 seconds
Start importing Packages/com.unity.render-pipelines.universal/Runtime/RendererFeatures/SurfaceCacheGI/SurfaceCacheCore/UniformEstimation.urtshader using Guid(94a39d12848d8d64ca962a72b74e7c50) (ScriptedImporter) -> (artifact id: '67760d2e991ce5ff6e874901b443ee30') in 0.001643165 seconds
Start importing Packages/com.unity.addressables/package.json using Guid(c499a2a91e3095b4c8e10d8f7de9bbb5) (PackageManifestImporter) -> (artifact id: 'f27f12661b17e4cc00555c1a8d6c582c') in 0.000272435 seconds
Start importing Packages/com.unity.ext.nunit/CHANGELOG.md using Guid(f49bbe06ffa5ae24abe32abdab430c24) (TextScriptImporter) -> (artifact id: 'fceecea86d3291d57dee7acd6734d35a') in 0.000254516 seconds
Start importing Packages/com.unity.ugui/PackageConversionData.json using Guid(05f5bfd584002f948982a1498890f9a9) (TextScriptImporter) -> (artifact id: 'd9e43e27959cd399247c69832ab9dc4f') in 0.000289942 seconds
Start importing Packages/com.unity.modules.unitywebrequestassetbundle/package.json using Guid(05f7f519769978b79b31d063a7fc6fa1) (PackageManifestImporter) -> (artifact id: '42f80c06fff01a8dfb377076b60a0bf0') in 0.000260206 seconds
Start importing Packages/com.unity.render-pipelines.core/Tests/Editor/UnifiedRayTracing/TraceTransparentRays.urtshader using Guid(6513c3b892e933c4f8d00c19d5c47532) (ScriptedImporter) -> (artifact id: '6afb466f198748a1c46bd68019f46d42') in 0.000973217 seconds
Start importing Packages/com.unity.render-pipelines.core/ValidationConfig.json using Guid(75497c58fb28415a98098a98e7133272) (TextScriptImporter) -> (artifact id: 'a7e1c03fe37934ac9434255e3e62d48e') in 0.000268621 seconds
Start importing Packages/com.unity.render-pipelines.core/package.json using Guid(753d1ac2429a21a44ac5f937cbbb409f) (PackageManifestImporter) -> (artifact id: 'acd6a1450b331e2287b31693b283b2b5') in 0.000254723 seconds
Start importing Packages/com.unity.modules.imageconversion/package.json using Guid(953fab16d15d5885b3600fcd6388b2ad) (PackageManifestImporter) -> (artifact id: 'd651f3116efc8d77593dc240100f8748') in 0.000239399 seconds
Start importing Packages/com.unity.render-pipelines.core/Tests/Editor/RenderPipeline/SettingsStrippingResults/PrivateCtorAStripper_A_B_C.json using Guid(a50296725d3e4cf4aa43416a9a85b52c) (TextScriptImporter) -> (artifact id: '0399baf6faff2dd78ebbad007ed7d043') in 0.000259223 seconds
Start importing Packages/com.unity.collections/CHANGELOG.md using Guid(a5d815866ec304e56b03ec5cfc5f8b0a) (TextScriptImporter) -> (artifact id: '76ad7a7954281251f6c793308562447a') in 0.000274033 seconds
Start importing Packages/com.unity.addressables/readme.md using Guid(b5654879e399f0a42abf0e92a05b1eaf) (TextScriptImporter) -> (artifact id: '002da2ff8ebe170e97d37dd9f73184c9') in 0.000246964 seconds
Start importing Packages/com.unity.shadergraph/package.json using Guid(d5ac453c34e359d439de9d724772ed3d) (PackageManifestImporter) -> (artifact id: '112c127431bd2d56c0b5151faa352db4') in 0.000251792 seconds
Start importing Packages/com.unity.cloud.gltfast/README.md using Guid(e56ab7110179f4e6a8c5562d60b8e514) (TextScriptImporter) -> (artifact id: '2976143a4ab94eb13afb4dd00bd85e3e') in 0.000256443 seconds
Start importing Packages/com.unity.nuget.newtonsoft-json/CHANGELOG.md using Guid(16f24f695cc06684991baf4b1bc6ad22) (TextScriptImporter) -> (artifact id: '096cf39e518db792a986b5a82794ade3') in 0.000268411 seconds
Start importing Packages/com.unity.render-pipelines.universal/CHANGELOG.md using Guid(16b5d2a7d862f49ffb9453600e8ee776) (TextScriptImporter) -> (artifact id: 'b3eda0f0c5143132cbe0c98990434081') in 0.000335362 seconds
Start importing Packages/com.unity.shadergraph/LICENSE.md using Guid(3627da0ec84594020b79e02cec8d0b41) (TextScriptImporter) -> (artifact id: '72b4fa774d99603f0009b0150b6b09bb') in 0.00026862 seconds
Start importing Packages/com.unity.mathematics/CHANGELOG.md using Guid(56de866d5032f461baa43decd9ce3bd8) (TextScriptImporter) -> (artifact id: 'c915c18a00b5a08c993883945607100d') in 0.000249889 seconds
Start importing Packages/com.unity.collections/LICENSE.md using Guid(568f02fe7676e4d659782d6038df91de) (TextScriptImporter) -> (artifact id: 'd65e4ff8f611b581202afa9dfb67221e') in 0.000250831 seconds
Start importing Packages/com.unity.searcher/package.json using Guid(86b0e09d2fd75564f90fbc601e1eec6b) (PackageManifestImporter) -> (artifact id: '16c4a2d68405b228e1a3e964d50a9b85') in 0.000254944 seconds
Start importing Packages/com.unity.collections/Unity.Collections.PerformanceTests/README.md using Guid(86abcf43c46cd3743bb775a4682f2d1d) (TextScriptImporter) -> (artifact id: '313554527ad309fd74494e9fa26f1882') in 0.000253528 seconds
Start importing Packages/com.unity.shadergraph/ValidationConfig.json using Guid(a65122cb60c266746acf35e0e5c8ac96) (TextScriptImporter) -> (artifact id: 'eb979cab433de53d88e96e5acd74567d') in 0.00024517 seconds
Start importing Packages/com.unity.cloud.gltfast/LICENSE.md using Guid(a6f1c11b2fcea4ea69d44fea7045741c) (TextScriptImporter) -> (artifact id: '792ff6c9fc6de06fd606deb05319fd9d') in 0.000244043 seconds
Start importing Packages/com.unity.test-framework/CHANGELOG.md using Guid(d691174143fd3774ba63d7c493633b99) (TextScriptImporter) -> (artifact id: '042e5d077a319e13cd83b80ccc9d2b2b') in 0.000277399 seconds
Start importing Packages/com.unity.shadergraph/CHANGELOG.md using Guid(d652dd37e32b64cc9b4e36a1e7ddf1b8) (TextScriptImporter) -> (artifact id: '1c03ab1d464a97c854abc24fe7d59fd7') in 0.000302077 seconds
Start importing Packages/com.unity.test-framework/package.json using Guid(d6a2e6e4803de7b43baacdc355fc144d) (PackageManifestImporter) -> (artifact id: '7fe4c976845d3e08ef95cbef581584ac') in 0.000265355 seconds
Start importing Packages/com.unity.scriptablebuildpipeline/README.md using Guid(d683a20b1b4bb4b409b2d642100e0f6c) (TextScriptImporter) -> (artifact id: '912dd7605431f656130dca680c68e302') in 0.000246602 seconds
Start importing Packages/com.unity.nuget.mono-cecil/package.json using Guid(17a4fd582bf2d47479cf5c1508ca82c6) (PackageManifestImporter) -> (artifact id: '7d8277172f9172650445d26e2efb1263') in 0.000237212 seconds
Start importing Packages/com.unity.render-pipelines.universal/Editor/ScriptTemplates/UnlitURP.txt using Guid(4796721ff66d641078403679f98f5dbb) (TextScriptImporter) -> (artifact id: 'e7f6a81a8a5c6b9aa1c38136158ef920') in 0.000258875 seconds
Start importing Packages/com.unity.mathematics/LICENSE.md using Guid(a7f87992cd1d44040ae42b05e5fbdaa5) (TextScriptImporter) -> (artifact id: 'dcb480f55b9e03877084c202f58984ab') in 0.000261096 seconds
Start importing Packages/com.unity.render-pipelines.core/Tests/Editor/ShaderStripping/Results/UI_Default_Sprites_Default_5_0.5.json using Guid(b7530f054ac4b4b4183bef9efddcb60f) (TextScriptImporter) -> (artifact id: '5ee249e49f6cf93e7a5b11d303f86232') in 0.000250065 seconds
Start importing Packages/com.unity.inputsystem/README.md using Guid(f747a892239fb40f9a9b9e2acf9929ee) (TextScriptImporter) -> (artifact id: '3ae4f911971c56e7f716f83b8485fc56') in 0.000234312 seconds
Start importing Packages/com.unity.shadergraph/README.md using Guid(08534868baca5cc4092711da8c94e981) (TextScriptImporter) -> (artifact id: '07c637b5701b48568373dfe81f8fdc21') in 0.000263585 seconds
Start importing Packages/com.unity.burst/Third Party Notices.md using Guid(28c762070e0d3359b18a59f9402d5013) (TextScriptImporter) -> (artifact id: '0594e0b44a72c47bdccb3985fe019f76') in 0.000256059 seconds
Start importing Packages/com.unity.test-framework.performance/Third Party Notices.md using Guid(682cbcd3b2e7545e2bbc6306016e7bb7) (TextScriptImporter) -> (artifact id: '56427e1b4ac5622fb901fa78006ce993') in 0.000251025 seconds
Start importing Packages/com.unity.shadergraph/Editor/Resources/GraphView/Nodes/UITKShaderPreview-Vector.svg using Guid(a8d7d25cc14c27f4e9257da19b888497) (ScriptedImporter) -> (artifact id: '20b61f2c45f724873c1d84385622f482') in 0.23948187 seconds
Start importing Packages/com.unity.nuget.newtonsoft-json/link.xml using Guid(a8a90c35b04530c4f971aaef6fdf3612) (TextScriptImporter) -> (artifact id: '5807b3eaf8f2b7f4cc31155895c29cd0') in 0.000442788 seconds
Start importing Packages/com.unity.ugui/CHANGELOG.md using Guid(c851bee4305bddf438cc6ffc515991ce) (TextScriptImporter) -> (artifact id: '80aa7e1c8215b9d3824af55dd65c9c21') in 0.000302635 seconds
Start importing Packages/com.unity.nuget.newtonsoft-json/package.json using Guid(f8d4e5c2f2df25449ae8c391afbe5114) (PackageManifestImporter) -> (artifact id: '4ca77140ba14787bf42806fe465d1914') in 0.00027773 seconds
Start importing Packages/com.unity.cloud.gltfast/CHANGELOG.md using Guid(1907d48165c914f65909bac3ebdeb857) (TextScriptImporter) -> (artifact id: '0c18ebed85b6440208fa405f78a508be') in 0.00030187 seconds
Start importing Packages/com.unity.nuget.mono-cecil/Third Party Notices.md using Guid(192a998b912484856a34120268cfbfc9) (TextScriptImporter) -> (artifact id: 'e07d49955e23fcc39e799189a37025ad') in 0.000269803 seconds
Start importing Packages/com.unity.addressables/LICENSE.md using Guid(89eb4003a9db2ee46a7a8549160bf68a) (TextScriptImporter) -> (artifact id: '94d55f76d78c5056ff42f3f9ca04c1db') in 0.000322605 seconds
Start importing Packages/com.unity.inputsystem/ValidationExceptions.json using Guid(d9fe79419851eee4e8c90f7d0f934859) (TextScriptImporter) -> (artifact id: '1e7ff8dfdd7263375100ea86f135763c') in 0.00028437 seconds
Start importing Packages/com.unity.modules.audio/package.json using Guid(e9df95f53f1c1d0c9199e235d6c42b50) (PackageManifestImporter) -> (artifact id: 'c1383535ca51134cf99f71392e8eeead') in 0.000250166 seconds
Start importing Packages/com.unity.cloud.gltfast/package.json using Guid(f9b381701ee454bcdb792099f6b4e4a4) (PackageManifestImporter) -> (artifact id: '5a548d1abe2c32f2039f6fae69751347') in 0.000242254 seconds
Start importing Packages/com.unity.ext.nunit/LICENSE.md using Guid(f91a00d2dca52b843b2d50ccf750737d) (TextScriptImporter) -> (artifact id: '55298590a2352299e08e2ff1f27aa1b0') in 0.000249628 seconds
Start importing Packages/com.unity.modules.physics/package.json using Guid(1a4266815e998967becf686f9c71f0a6) (PackageManifestImporter) -> (artifact id: '1cb3c922b1dde68060b01eaebbe11061') in 0.000240638 seconds
Start importing Packages/com.unity.burst/LICENSE.md using Guid(3adebabc9c53348aab08029333dba930) (TextScriptImporter) -> (artifact id: 'd264b669ea15005bcef2308f8066e86e') in 0.000243851 seconds
Start importing Packages/com.unity.render-pipelines.universal/ValidationExceptions.json using Guid(3afe581e949e3cc489c978bd8e000c4b) (TextScriptImporter) -> (artifact id: '8676c928f375d84056c4d7aea32a74f8') in 0.000247427 seconds
Start importing Packages/com.unity.render-pipelines.core/Editor/Lighting/ProbeVolume/DynamicGI/DynamicGISkyOcclusion.urtshader using Guid(5a2a534753fbdb44e96c3c78b5a6999d) (ScriptedImporter) -> (artifact id: '821beb716e1f1a9c0f9cbd7b6b47cd63') in 0.001804388 seconds
Start importing Packages/com.unity.render-pipelines.core/Runtime/UnifiedRayTracing/Compute/RadeonRays/README.txt using Guid(6ab740f51f5df0244bb3510f143c74ef) (TextScriptImporter) -> (artifact id: '3dc7127f9d581fb0ecd6ec8a6bf10b5d') in 0.000291655 seconds
Start importing Packages/com.unity.inputsystem/InputSystem/Editor/ProjectWideActions/ProjectWideActionsTemplate.json using Guid(8a190d472354bb845973412ac9c5c477) (TextScriptImporter) -> (artifact id: '23f1394f964dd08cd5dc1fe33695703e') in 0.00027617 seconds
Start importing Packages/com.unity.render-pipelines.universal-config/LICENSE.md using Guid(8a8d9e4408d3f1247884b71451a0abcf) (TextScriptImporter) -> (artifact id: '5f6be654156818ac684fb127434d5dc4') in 0.000305121 seconds
Start importing Packages/com.unity.searcher/ValidationExceptions.json using Guid(8a0fd4a8e3885488e9afc7e5e7ead9c6) (TextScriptImporter) -> (artifact id: '217c3114d5f41579590338b584649c06') in 0.000259807 seconds
Start importing Packages/com.unity.render-pipelines.core/LICENSE.md using Guid(ba4b5cdf8466e485ab792e0e4e45af25) (TextScriptImporter) -> (artifact id: 'cbf749fc26b67c615ba097e8d084c4a3') in 0.000257829 seconds
Start importing Packages/com.unity.inputsystem/InputSystem/Plugins/PlayerInput/DefaultInputActions.inputactions using Guid(ca9f5fa95ffab41fb9a615ab714db018) (ScriptedImporter) -> (artifact id: 'c7bb96b89281d5659142e73a61e2a083') in 0.00940632 seconds
Start importing Packages/com.unity.modules.hierarchycore/package.json using Guid(9b1a5759726ef9d39a0ab82047b615f1) (PackageManifestImporter) -> (artifact id: 'f8312a43334a232c6dcc461c88a0f84c') in 0.000398393 seconds
Start importing Packages/com.unity.render-pipelines.core/Tests/Editor/RenderPipeline/SettingsStrippingResults/no_strippers_active_no_settings.json using Guid(dbc864b8cdd37be4e8900a8efad3efc5) (TextScriptImporter) -> (artifact id: '7c395ed94f17782f9d6d2e2bc430e142') in 0.000281206 seconds
Start importing Packages/com.unity.scriptablebuildpipeline/CHANGELOG.md using Guid(eb7f165f4002c4f4bb7cf6eb7f1166d9) (TextScriptImporter) -> (artifact id: '10f66f025fdf1145a78c170c5ce0bd91') in 0.00026907 seconds
Start importing Packages/com.unity.render-pipelines.core/Tests/Editor/UnifiedRayTracing/TraceRaysAndFetchAttributes.urtshader using Guid(fbc59f55df2416344b008dc23753cae2) (ScriptedImporter) -> (artifact id: 'd2a2962d872ede7fbdc3f2d69aec8473') in 0.001515948 seconds
Start importing Packages/com.unity.ai.navigation/package.json using Guid(fbee67e09f48e4652bfa085460c895c7) (PackageManifestImporter) -> (artifact id: 'ca01de1c43a924aa950073715e545f49') in 0.000268695 seconds
Start importing Packages/com.unity.searcher/CHANGELOG.md using Guid(0ce03cb7950ade54ab84650691ce7a38) (TextScriptImporter) -> (artifact id: 'c0bda8e45c65ab46da260c3dbddf89ee') in 0.000285257 seconds
Start importing Packages/com.unity.render-pipelines.core/Editor/ScriptTemplates/BlitSRP.txt using Guid(0c69256ff57964383b6408cfd6119fb3) (TextScriptImporter) -> (artifact id: 'ac577b8f342759c518e087b1be22f5fd') in 0.000257942 seconds
Start importing Packages/com.unity.profiling.core/package.json using Guid(2c9e05a58e554a940ae0417d8ce7384a) (PackageManifestImporter) -> (artifact id: 'c364a7809a88a435ffc35302623cc437') in 0.000254354 seconds
Start importing Packages/com.unity.nuget.newtonsoft-json/Runtime/AOT/Newtonsoft.Json.xml using Guid(4c5640e415edbe342bbe339175268dfc) (TextScriptImporter) -> (artifact id: 'c7e6a9d03a5641b71f38638e5a36f35f') in 0.000715457 seconds
Start importing Packages/com.unity.test-framework.performance/CHANGELOG.md using Guid(5cb0d418e2eda6f4a8ebfe6910c17dd4) (TextScriptImporter) -> (artifact id: '3436c06b2726384414a57b49a5354c10') in 0.00026479 seconds
Start importing Packages/com.unity.test-framework.performance/LICENSE.md using Guid(9c8887056eaaa7e4888ca0131e2892da) (TextScriptImporter) -> (artifact id: '94c44230087ad053bedd3bffe6bba333') in 0.000265838 seconds
Start importing Packages/com.unity.ai.navigation/CHANGELOG.md using Guid(ccdfde25179bd45acb7145793b3b87f8) (TextScriptImporter) -> (artifact id: '9b2476fd4ca954f97a2dd13cc948eb54') in 0.000246162 seconds
Start importing Packages/com.unity.ugui/LICENSE.md using Guid(4d3d51749e989f747b2674e0b4d9b3d7) (TextScriptImporter) -> (artifact id: 'ae566241d6b201e35280c27d51ece7ee') in 0.000252885 seconds
Start importing Packages/com.unity.ext.nunit/README.md using Guid(5da62a0c1c5218c4aa16b74546a7822d) (TextScriptImporter) -> (artifact id: 'ebd2415c4602e9e8df3bcf5433f75a5e') in 0.00027282 seconds
Start importing Packages/com.unity.modules.terrain/package.json using Guid(6d56244f8c39a851975d3c0bd432c66f) (PackageManifestImporter) -> (artifact id: '3f1b9b8e3d3749c6eb00f5f51e43e5e8') in 0.000315548 seconds
Start importing Packages/com.unity.cloud.gltfast/ValidationExceptions.json using Guid(9d424dc8891c2489d965ab9e46bdbbe7) (TextScriptImporter) -> (artifact id: '1e1830f51c307d891d16397e006296de') in 0.000257011 seconds
Start importing Packages/com.unity.render-pipelines.universal/Runtime/RendererFeatures/SurfaceCacheGI/SurfaceCacheCore/RestirCandidateTemporal.urtshader using Guid(ad3a9f9982f8c4f4a839a78955e78458) (ScriptedImporter) -> (artifact id: 'f0548e3c7b4360f039b41cadf2810e2d') in 0.001809452 seconds
Start importing Packages/com.unity.collections/package.json using Guid(bd605698a338c4de88bb5b3c4632af68) (PackageManifestImporter) -> (artifact id: '7259b18c7740ce0b5568a424fd97c79a') in 0.000287852 seconds
Start importing Packages/com.unity.render-pipelines.core/Tests/Editor/RenderPipeline/SettingsStrippingResults/RemoveAStripper_A_B_C.json using Guid(bd5d01b5acb573241ba5d80705a999f3) (TextScriptImporter) -> (artifact id: 'a21c5cc9e5c527926b177714a3454443') in 0.000262564 seconds
Start importing Packages/com.unity.render-pipelines.core/Tests/Editor/ShaderStripping/Results/UI_Default_Sprites_Default_5_0.json using Guid(edc0bb404a0b82742bb56f3c56b35ff4) (TextScriptImporter) -> (artifact id: 'f26b9ed26c25c59223e393ca47198c16') in 0.000280771 seconds
Start importing Packages/com.unity.ugui/PackageConversionData_Assets.json using Guid(0e0afa652c0031c48896a97b424d027b) (TextScriptImporter) -> (artifact id: '804ed7b65d087f01b748fb71ecdd6f77') in 0.000302321 seconds
Start importing Packages/com.unity.nuget.mono-cecil/CHANGELOG.md using Guid(1eb7e6f92b1d7d64ba0a48ea751728f3) (TextScriptImporter) -> (artifact id: '4c1390cdc63d6dac699fcaaee8295b96') in 0.00025863 seconds
Start importing Packages/com.unity.collections/Unity.Collections.PerformanceTests/Unity.PerformanceTesting.Benchmark/README.md using Guid(2e3a7e16dc0bd2346a2514dd143105a9) (TextScriptImporter) -> (artifact id: '2d8ec273cd61e627d91d5aab903147f7') in 0.000256972 seconds
Start importing Packages/com.unity.test-framework/LICENSE.md using Guid(3ec7596410385054a9e0bc90377fbe63) (TextScriptImporter) -> (artifact id: '0186e104071661cdf600f060f6e90c25') in 0.000255756 seconds
Start importing Packages/com.unity.render-pipelines.universal-config/CHANGELOG.md using Guid(5e031dc4f3118ad44b907737119d7ed1) (TextScriptImporter) -> (artifact id: '6aecb873ddfa687996c2814c4f9c2114') in 0.000242458 seconds
Start importing Packages/com.unity.mathematics/ValidationExceptions.json using Guid(5ed727127196a4ecc90e24e2cd7af338) (TextScriptImporter) -> (artifact id: '4cc76c19a2de3daa0998756408ae203b') in 0.000246008 seconds
Start importing Packages/com.unity.modules.animation/package.json using Guid(7ef8348b8ea834d7e1bc214b07f7fb87) (PackageManifestImporter) -> (artifact id: '6f8c40590fe7a07ea55c411294e18595') in 0.00023462 seconds
Start importing Packages/com.unity.nuget.mono-cecil/README.md using Guid(beaa90bac8bb70d439d582bca35465cb) (TextScriptImporter) -> (artifact id: 'ff3829100b7fb7af99a5e40096540b02') in 0.000244879 seconds
Start importing Packages/com.unity.render-pipelines.universal/Editor/RendererFeatures/NewPostProcessVolumeComponent.cs.txt using Guid(de03ee604e709ec44b8356ef5776a893) (TextScriptImporter) -> (artifact id: 'ebaf6c8369708d418f833efd7ec8ea8c') in 0.000247447 seconds
Start importing Packages/com.unity.render-pipelines.universal/LICENSE.md using Guid(eecaac92122b4407f8bf4998e8708aee) (TextScriptImporter) -> (artifact id: '49ca42a80feb51d4198d83afdc547c84') in 0.000237967 seconds
Start importing Packages/com.unity.render-pipelines.core/THIRD PARTY NOTICES.md using Guid(eefc64b67f7aad040905b2000990f5f3) (TextScriptImporter) -> (artifact id: '413155e29d7bd2f271b20187dd1b556a') in 0.000243437 seconds
Start importing Packages/com.unity.nuget.newtonsoft-json/Runtime/Newtonsoft.Json.xml using Guid(fed01095b990a354289891ead909238f) (TextScriptImporter) -> (artifact id: '78863cb08051e72aa4c11ab2da890b46') in 0.000579003 seconds
Start importing Packages/com.unity.collections/pvpExceptions.json using Guid(fee59c2b2318a7e4fa7a2c2af28d9553) (TextScriptImporter) -> (artifact id: 'b3fc5991a944805a1264cd70468482ad') in 0.000298651 seconds
Start importing Packages/com.unity.render-pipelines.universal/Third Party Notices.md using Guid(feee7af7dbba54f55abd26b21ca99071) (TextScriptImporter) -> (artifact id: 'ce43c6b0fa1fb40c867d7a532fb0bcd3') in 0.00024032 seconds
Start importing Packages/com.unity.burst/Unity.Burst.Unsafe.xml using Guid(1f35a383fc36434aaf9e13a75fba3b24) (TextScriptImporter) -> (artifact id: 'ff3d38efe50ba85b8e613e8b40a302c6') in 0.00024344 seconds
Start importing Packages/com.unity.render-pipelines.core/Tests/Editor/RenderPipeline/SettingsStrippingResults/WrongStripper_A_B_C.json using Guid(2fe8312442a2a0d45b36a4263a7b0849) (TextScriptImporter) -> (artifact id: '356c5133c549f8761907526d5a34394d') in 0.000250735 seconds
Start importing Packages/com.unity.render-pipelines.universal/ValidationConfig.json using Guid(3f7d69b580ef4c288896687cfed86996) (TextScriptImporter) -> (artifact id: '17fffaa824e2105950f6ff2941394512') in 0.000238764 seconds
Start importing Packages/com.unity.modules.unitywebrequest/package.json using Guid(3fdd83b151eb8d25c5e2f82fc39dcb04) (PackageManifestImporter) -> (artifact id: 'a6e7722c122643716a8f177ff1b191bb') in 0.000226828 seconds
Start importing Packages/com.unity.modules.uielements/package.json using Guid(4f0f9b9f3ed97ad2b9ba8f1a8e4666c2) (PackageManifestImporter) -> (artifact id: '06cb4ea51c7390a66b2ff3e7063a3581') in 0.000222913 seconds
Start importing Packages/com.unity.ai.navigation/README.md using Guid(6fc2b2cf518e540319637f5c5c573d3a) (TextScriptImporter) -> (artifact id: '47c7598b710f335f7016b41369f0f941') in 0.000240806 seconds
Start importing Packages/com.unity.collections/ValidationExceptions.json using Guid(6fe576033d6a2424c888d599967457a2) (TextScriptImporter) -> (artifact id: 'b8a1a3c61391e93450a34b7ee0eb7ab9') in 0.000236132 seconds
Start importing Packages/com.unity.addressables/CHANGELOG.md using Guid(6f6c277bb5d2a164e8c95a7f0754c0f6) (TextScriptImporter) -> (artifact id: 'c75e0349925f538fa3d267431d48ed55') in 0.000276286 seconds
Start importing Packages/com.unity.nuget.mono-cecil/LICENSE.md using Guid(9fc87c3ee46f3b34e97e18e4fcac8151) (TextScriptImporter) -> (artifact id: '13db5c1c52a2323cebee3d982604db8f') in 0.000236605 seconds
Start importing Packages/com.unity.collections/README.md using Guid(af5aad29a2c56fd449428c9041fc68bb) (TextScriptImporter) -> (artifact id: 'abc237ae162c991a85f60885f7f75ab1') in 0.000242357 seconds
Start importing Packages/com.unity.ai.navigation/LICENSE.md using Guid(af8f9a7f066204789819c6a616afe2c0) (TextScriptImporter) -> (artifact id: 'af9faaf49f00620cedd4938cd03ac155') in 0.000232517 seconds
Start importing Packages/com.unity.modules.ui/package.json using Guid(bfd567a3d1631a761bca9e99fa53d86d) (PackageManifestImporter) -> (artifact id: '279189e7cd82f2da7fbbe656319204cf') in 0.000234691 seconds
Start importing Packages/com.unity.ext.nunit/Third Party Notices.md using Guid(bfcb3ba499f7d452b92d9a9cc3378788) (TextScriptImporter) -> (artifact id: 'a0ad95160bf24b81a3492900b4dce76e') in 0.000235756 seconds
Start importing Packages/com.unity.render-pipelines.core/Editor/Lighting/ProbeVolume/VirtualOffset/TraceVirtualOffset.urtshader using Guid(ff2cbab5da58bf04d82c5f34037ed123) (ScriptedImporter) -> (artifact id: '264fd818b54b6ab1f021d698bb85ffd7') in 0.001764755 seconds
Start importing Packages/com.unity.render-pipelines.core/Runtime/Debugging/Prefabs/Widgets/DebugUIMessageBox.prefab using Guid(10a25524b0986f9488b430e2829bbbe8) (PrefabImporter) -> (artifact id: '2529a6e3f52fd1c781d9f2036e351de9') in 0.003760286 seconds
Start importing Packages/com.unity.render-pipelines.core/Runtime/Debugging/Prefabs/Widgets/DebugUIToggleHistory.prefab using Guid(5088d0220f0c4df439cf06c5c270eacb) (PrefabImporter) -> (artifact id: '525a849049822a96aff9be2cdad79037') in 0.003077984 seconds
Start importing Packages/com.unity.cloud.gltfast/Runtime/Prefabs/glTF-StableFramerate.prefab using Guid(025e8a05d2e5841afa3cab01a58d2379) (PrefabImporter) -> (artifact id: 'ecd7710ed828f5e81f6ba618e0bcbe35') in 0.000809216 seconds
Start importing Packages/com.unity.render-pipelines.core/Runtime/Debugging/Prefabs/Widgets/DebugUIVector2.prefab using Guid(326f7c58aed965d41bf7805a782d1e44) (PrefabImporter) -> (artifact id: '6012fb9933fe45f691587eb6dff8da0e') in 0.002264545 seconds
Start importing Packages/com.unity.render-pipelines.core/Runtime/Debugging/Prefabs/Widgets/DebugUIHandlerRenderingLayerField.prefab using Guid(928d1ca04af80c84e8d5dabc18095d79) (PrefabImporter) -> (artifact id: '8f430a4d4efc9f476e39be8181ef16eb') in 0.007585018 seconds
Start importing Packages/com.unity.render-pipelines.core/Runtime/Debugging/Prefabs/Widgets/DebugUIValueTuple.prefab using Guid(a2148203dd960814ca5db0c293ceda35) (PrefabImporter) -> (artifact id: '7311129e75e5069cc22f51ae857f68b5') in 0.000774751 seconds
Start importing Packages/com.unity.render-pipelines.core/Runtime/Debugging/Prefabs/Widgets/DebugUIEnumHistory.prefab using Guid(b2da6b27df236b144b3516ed8e7d36ac) (PrefabImporter) -> (artifact id: '55cff24757b2e54ed34b5ea24892c266') in 0.00084554 seconds
Start importing Packages/com.unity.render-pipelines.core/Runtime/Debugging/Prefabs/Widgets/DebugUIUIntField.prefab using Guid(f22bcc84a5f4a1944b075a2c4ac71493) (PrefabImporter) -> (artifact id: '10761040243a1be6b826bb787c52e632') in 0.001916926 seconds
Start importing Packages/com.unity.render-pipelines.core/Runtime/Debugging/Prefabs/Widgets/DebugUIProgressBar.prefab using Guid(d3770aaa3bbd8384aabab9ddd383e21e) (PrefabImporter) -> (artifact id: '532283c848ed06270c07ddd6623ba17f') in 0.000821065 seconds
Start importing Packages/com.unity.render-pipelines.core/Runtime/Debugging/Prefabs/Widgets/DebugUIVector3.prefab using Guid(94afea5f242d72547979595ba963f335) (PrefabImporter) -> (artifact id: 'b09f7d3c4af4f9864d844c0c95bb2b6c') in 0.001294349 seconds
Start importing Packages/com.unity.render-pipelines.core/Runtime/Debugging/Prefabs/Widgets/DebugUIVector4.prefab using Guid(d47f009476100f545971a81ede14c750) (PrefabImporter) -> (artifact id: 'f674d70d444da669d4485ae348ac20bb') in 0.001397187 seconds
Start importing Packages/com.unity.render-pipelines.universal/Tests/Editor/Tools/Converters/ReadonlyMaterialConverter/Cube.prefab using Guid(95cb9745d0f90ed4cb2976ad2147b05d) (PrefabImporter) -> (artifact id: '3e867e30ff07d7a2f417e37405d2812c') in 0.000763305 seconds
Start importing Packages/com.unity.render-pipelines.core/Runtime/Debugging/Prefabs/Resources/DebugUIPersistentCanvas.prefab using Guid(f6b1a0fe75d5009449cf55ae76220e2b) (PrefabImporter) -> (artifact id: '17faee91fcf8f5d62a27557e171eaa21') in 0.001157318 seconds
Start importing Packages/com.unity.render-pipelines.core/Runtime/Debugging/Prefabs/Widgets/DebugUIButton.prefab using Guid(f6ce33b91f6ffe54cadacbf4bb112440) (PrefabImporter) -> (artifact id: 'c72464b4a83abdd37f2c607812b8896d') in 0.000729807 seconds
Start importing Packages/com.unity.render-pipelines.core/Runtime/Debugging/Prefabs/Widgets/DebugUIColor.prefab using Guid(77c185820dd1a464eac89cae3abccddf) (PrefabImporter) -> (artifact id: '09547a43400c87c159569516b3cba2b4') in 0.001427855 seconds
Start importing Packages/com.unity.render-pipelines.core/Runtime/Debugging/Prefabs/Widgets/DebugUIValuePersistent.prefab using Guid(8778e6b26b51c6a4999b94d7cacd8b5d) (PrefabImporter) -> (artifact id: 'dfd5113db165c283be461192ec58f2cd') in 0.000714124 seconds
Start importing Packages/com.unity.render-pipelines.core/Runtime/Debugging/Prefabs/Widgets/DebugUIHBox.prefab using Guid(f7f5e36797cf0c1408561665c67b179b) (PrefabImporter) -> (artifact id: '9b1daa27e385bb140e2196471c55c037') in 0.00071166 seconds
Start importing Packages/com.unity.render-pipelines.core/Runtime/Debugging/Prefabs/Widgets/DebugUIGroup.prefab using Guid(38a07789c9e87004dad98c2909f58369) (PrefabImporter) -> (artifact id: '0f7266bafa6a578ab6798d220f57b163') in 0.000768553 seconds
Start importing Packages/com.unity.render-pipelines.core/Runtime/Debugging/Prefabs/Widgets/DebugUIObjectPopupField.prefab using Guid(48fb043c850cadc4a883b53785e14c6e) (PrefabImporter) -> (artifact id: '7f66197973a3f95c9734954421454e84') in 0.000934507 seconds
Start importing Packages/com.unity.render-pipelines.core/Runtime/Debugging/Prefabs/Widgets/DebugUIEnumField.prefab using Guid(988db55689193434fb0b3b89538f978f) (PrefabImporter) -> (artifact id: 'ba470cbac19b89d75b6321f497c2d893') in 0.000852997 seconds
Start importing Packages/com.unity.render-pipelines.core/Runtime/Debugging/Prefabs/Widgets/DebugUIObject.prefab using Guid(a87cfaef648f17c41b568e842e068c51) (PrefabImporter) -> (artifact id: '13ac4ebecfc774f4e78f97e57b17c277') in 0.000676055 seconds
Start importing Packages/com.unity.render-pipelines.core/Runtime/Debugging/Prefabs/Widgets/DebugUIFloatField.prefab using Guid(d8c744701b43c864b88e7f8144e19bc5) (PrefabImporter) -> (artifact id: 'd3c73b63a9f9ecf490e7ac73887d02d1') in 0.00105669 seconds
Start importing Packages/com.unity.render-pipelines.core/Runtime/Debugging/Prefabs/Widgets/DebugUIVBox.prefab using Guid(ca3e294656861a64b8aeeb9f916da0a9) (PrefabImporter) -> (artifact id: 'a341d5fd4c07c44fa91e200462cae40b') in 0.000607066 seconds
Start importing Packages/com.unity.render-pipelines.core/Runtime/Debugging/Prefabs/Widgets/DebugUIPanel.prefab using Guid(daa46a58178a6ad41ae1ddc2dc7f856d) (PrefabImporter) -> (artifact id: '62cb9a82e5fc3fa6c93cb2ee94384bfe') in 0.003654051 seconds
Start importing Packages/com.unity.render-pipelines.core/Runtime/Debugging/Prefabs/Widgets/DebugUIFoldout.prefab using Guid(1c87ab2ce8b8b304d98fbe9a734b1f74) (PrefabImporter) -> (artifact id: '20721c68d5e04122ca7aef44bac56651') in 0.000922622 seconds
Start importing Packages/com.unity.render-pipelines.core/Runtime/Debugging/Prefabs/Widgets/DebugUIBitField.prefab using Guid(7c78b588b2e1f7c4a86ca4a985cf6e4a) (PrefabImporter) -> (artifact id: '67f814f7f9a9a2e5fa54abb770266236') in 0.007240894 seconds
Start importing Packages/com.unity.render-pipelines.core/Runtime/Debugging/Prefabs/Widgets/DebugUIValue.prefab using Guid(dc0f88987826e6e48b1fe9c7c2b53a53) (PrefabImporter) -> (artifact id: 'a39e7558951160a2cea43e65ae4e1a40') in 0.000603222 seconds
Start importing Packages/com.unity.render-pipelines.core/Runtime/Debugging/Prefabs/Widgets/DebugUIRow.prefab using Guid(2d019437ff89b8d44949727731cd9357) (PrefabImporter) -> (artifact id: 'ccd974bd584f527fa76e6f0c116ff3c9') in 0.000910572 seconds
Start importing Packages/com.unity.render-pipelines.core/Runtime/Debugging/Prefabs/Widgets/DebugUIObjectList.prefab using Guid(ad83bc56407925d44a77a5bd01cd6783) (PrefabImporter) -> (artifact id: '757369b80aa6e1ac3d09df04654ba55a') in 0.000918668 seconds
Start importing Packages/com.unity.cloud.gltfast/Runtime/Prefabs/glTF-FastestLoading.prefab using Guid(ed786e03151c44364bc646894a518c1b) (PrefabImporter) -> (artifact id: '640bb8f08c92823c766374c7ab25ce37') in 0.00054153 seconds
Start importing Packages/com.unity.render-pipelines.core/Runtime/Debugging/Prefabs/Widgets/DebugUIIntField.prefab using Guid(ae00bb75e0cd5b04b8fe7fb4ab662629) (PrefabImporter) -> (artifact id: '1d2b99146c214aa094e27f2ba05dc7c4') in 0.001094566 seconds
Start importing Packages/com.unity.render-pipelines.core/Runtime/Debugging/Prefabs/Widgets/DebugUIToggle.prefab using Guid(ce347ad101f41ee4ab5c3fbc0ea447db) (PrefabImporter) -> (artifact id: 'af79da3636552754734b3b63cd5a48b4') in 0.000745908 seconds
Start importing Packages/com.unity.render-pipelines.core/Runtime/Debugging/Prefabs/Resources/DebugUICanvas.prefab using Guid(cf6cbdd672089a84796e55a21fed1cbe) (PrefabImporter) -> (artifact id: '64867316862b75b07a5d60db6ccca513') in 0.011713067 seconds
Start importing Packages/com.unity.shadergraph/Editor/Resources/Styles/SGBlackboard.uss using Guid(00d735264dc3c1849bf2ee8dec95ec39) (ScriptedImporter) -> (artifact id: '679a974ecae95d3671376545506969c9') in 0.020573367 seconds
Start importing Packages/com.unity.render-pipelines.core/Editor/StyleSheets/HeaderFoldout.uss using Guid(20e417e1ec9645d44ad61671212c15f7) (ScriptedImporter) -> (artifact id: 'fe56346edbb9a285b6fb387b17b6da1f') in 0.009002461 seconds
Start importing Packages/com.unity.shadergraph/Editor/Resources/Styles/Controls/IntegerControlView.uss using Guid(600766c36ef866641959f10610a7ee4f) (ScriptedImporter) -> (artifact id: '2b64f980d5b6b933157a1d1eb54516d8') in 0.000858351 seconds
Start importing Packages/com.unity.cloud.gltfast/Editor/UI/ReportItem-style.uss using Guid(f09b0781de4034af894fbb72266cf498) (ScriptedImporter) -> (artifact id: '40fa106e3ae0c7def5c32a89e9d0f09f') in 0.001195038 seconds
Start importing Packages/com.unity.render-pipelines.universal/Editor/Converter/converter_widget_main.uss using Guid(012f251bbb5d36246a87499f75dd8b24) (ScriptedImporter) -> (artifact id: '8e939beb482db4a9c29d6fa2346cbf93') in 0.000896605 seconds
Start importing Packages/com.unity.shadergraph/Editor/Resources/Resizable.uss using Guid(419e3929026046a4797ab0c35f33a788) (ScriptedImporter) -> (artifact id: '3e1861abfb111fffe9f1bcab5a411ce7') in 0.001383195 seconds
Start importing Packages/com.unity.shadergraph/Editor/Resources/Styles/Controls/ScreenPositionSlotControlView.uss using Guid(61a89c57c8aee6c43ac9433a7a5dbf9e) (ScriptedImporter) -> (artifact id: '811418541aee5858989217f0e28dfb43') in 0.000584984 seconds
Start importing Packages/com.unity.shadergraph/Editor/Resources/Styles/PixelCacheProfiler.uss using Guid(61cf67e9c1f54ceab08d2bd16ffd3c53) (ScriptedImporter) -> (artifact id: 'a787d9ed46d6ea84c706cde0d27f0f66') in 0.000636705 seconds
Start importing Packages/com.unity.shadergraph/Editor/Resources/Styles/Controls/CubemapSlotControlView.uss using Guid(81f64e9003fb9674889a56938f078eb0) (ScriptedImporter) -> (artifact id: 'df61a52f0323c7452b78f163e5849c57') in 0.000691923 seconds
Start importing Packages/com.unity.shadergraph/Editor/Resources/Styles/MasterPreviewView.uss using Guid(a141d7b330b4c764ab25b2ba4ac38b2f) (ScriptedImporter) -> (artifact id: 'c5b5704039112a9fbff93adde842ee9e') in 0.001195186 seconds
Start importing Packages/com.unity.addressables/Editor/BuildReportVisualizer/UIToolKitAssets/StyleSheets/TreeViewNavigableItem.uss using Guid(b1bacf5ce9a7eee4c934611ba77ab921) (ScriptedImporter) -> (artifact id: '238b5b373eab8848fdc8b06b8789775d') in 0.000747839 seconds
Start importing Packages/com.unity.shadergraph/Editor/Resources/Styles/RedirectNode.uss using Guid(e1a4e0aa330ca2f43b4625b248a0539e) (ScriptedImporter) -> (artifact id: '8537a848e444c79edb4b937a447fdafa') in 0.001700693 seconds
Start importing Packages/com.unity.shadergraph/Editor/Resources/Styles/Controls/TextureArraySlotControlView.uss using Guid(223e574ec2e9a40e690b2d94380057cf) (ScriptedImporter) -> (artifact id: '0d1f8d1cda305e373be07adc266c2f13') in 0.000652573 seconds
Start importing Packages/com.unity.render-pipelines.core/Editor/StyleSheets/RenderPipelineGlobalSettings.uss using Guid(925e22fd08389624bbc859935ca73339) (ScriptedImporter) -> (artifact id: '00255e12eac4770bd0257fddaf1c3f55') in 0.000753273 seconds
Start importing Packages/com.unity.addressables/Editor/BuildReportVisualizer/UIToolKitAssets/StyleSheets/MainToolbarButtonsDark.uss using Guid(b284c6b15a0b84649b8bb460b974cfb3) (ScriptedImporter) -> (artifact id: 'ad8750b95b5ee8a76729f7f77aa4f533') in 0.00069417 seconds
Start importing Packages/com.unity.render-pipelines.universal/Editor/Converter/converter_editor.uss using Guid(0356b27d63ed56a4c9b6fa5b729c89f8) (ScriptedImporter) -> (artifact id: '9df631ff891044685b6aa930783ffec9') in 0.000732075 seconds
Start importing Packages/com.unity.ai.navigation/Editor/ConversionSystem/converter_widget.uss using Guid(63cb84b97408b4d25a6925daccffcd22) (ScriptedImporter) -> (artifact id: '086cc381c2eeb44bd4c5654f34b9c82d') in 0.000443598 seconds
Start importing Packages/com.unity.shadergraph/Editor/Resources/Styles/ShaderPort.uss using Guid(736551d82e9cda54b8f6f606ebc6de27) (ScriptedImporter) -> (artifact id: '7d0cf9aa09ce30e51f47498278d121ec') in 0.002851821 seconds
Start importing Packages/com.unity.render-pipelines.core/Editor/StyleSheets/DefaultVolumeProfileEditor.uss using Guid(83a028a39a272694784e78db21cff69b) (ScriptedImporter) -> (artifact id: 'c72e3dcf7738a92d1fef2c491f2f8473') in 0.000823177 seconds
Start importing Packages/com.unity.addressables/Editor/BuildReportVisualizer/UIToolKitAssets/StyleSheets/DetailsViewLight.uss using Guid(839c3fb2351346debc772669dced51e2) (ScriptedImporter) -> (artifact id: 'ad4d9706d179c90d9a337262d7b4e9dc') in 0.000522368 seconds
Start importing Packages/com.unity.shadergraph/Editor/Resources/Styles/PropertyNameReferenceField.uss using Guid(93842094f0dbac941bac7d2af67241b3) (ScriptedImporter) -> (artifact id: 'ec7e9ea31c73b96b27fb31a59b044608') in 0.000497534 seconds
Start importing Packages/com.unity.addressables/Editor/BuildReportVisualizer/UIToolKitAssets/StyleSheets/SummaryTab.uss using Guid(f340583ed16e937479e7893692f4ca9e) (ScriptedImporter) -> (artifact id: 'bb25ba88e83d8eb3ed3f43331524029b') in 0.001038002 seconds
Start importing Packages/com.unity.addressables/Editor/Diagnostics/Profiler/UXML/stylesheet.uss using Guid(f32ce06cf1ea74fd8b02fa04dee9692f) (ScriptedImporter) -> (artifact id: '2cd23e5fc70546ecf74192c8bf1f4910') in 0.003021778 seconds
Start importing Packages/com.unity.shadergraph/Editor/Resources/Styles/HeatmapValuesEditor.uss using Guid(54f2b0dd16c64e699842f28e948cc04b) (ScriptedImporter) -> (artifact id: 'd18e0d6a0bd630fdbe4412cd9dc25e33') in 0.000740445 seconds
Start importing Packages/com.unity.shadergraph/Editor/Resources/Styles/UITKMasterNodePreview.uss using Guid(7471d1c0502da124ba03a8b0379a265e) (ScriptedImporter) -> (artifact id: '304919325d809951b822af267516fd7f') in 0.001784448 seconds
Start importing Packages/com.unity.shadergraph/Editor/Resources/Styles/GraphSubWindow.uss using Guid(74741f330ea4fe848977aa5900880f7b) (ScriptedImporter) -> (artifact id: '3b9d1be6f1be77f44cd045a6e1465cb8') in 0.001889364 seconds
Start importing Packages/com.unity.shadergraph/Editor/Resources/Styles/MaterialNodeView.uss using Guid(c47827ee6a0eadd4288dede8e3993da3) (ScriptedImporter) -> (artifact id: '35cf5e1b398f3ea46b5959c9d8cd412f') in 0.003118815 seconds
Start importing Packages/com.unity.shadergraph/Editor/Resources/Styles/Controls/SliderControlView.uss using Guid(e425c4562a777aa40a6daed5f97d03b7) (ScriptedImporter) -> (artifact id: '24d3c69c62a77e5653b77009067ce52b') in 0.001024162 seconds
Start importing Packages/com.unity.addressables/Editor/BuildReportVisualizer/UIToolKitAssets/StyleSheets/SummaryTabCardDark.uss using Guid(858c1e2c3465cac42b4088372441712a) (ScriptedImporter) -> (artifact id: 'd5d362392cb097ac507c88baa9fbd60c') in 0.000539894 seconds
Start importing Packages/com.unity.addressables/Editor/BuildReportVisualizer/UIToolKitAssets/StyleSheets/MainToolbarButtons.uss using Guid(e53a8e6b78f1a4f4085da193bd303aec) (ScriptedImporter) -> (artifact id: '5c971a3f1672a65ac0b94da876338275') in 0.000704093 seconds
Start importing Packages/com.unity.shadergraph/Editor/Resources/Styles/PropertyNodeView.uss using Guid(0620899e56d69964ba2cbda1de01bbe2) (ScriptedImporter) -> (artifact id: '598b7af103982579fe7082892b193fae') in 0.000945504 seconds
Start importing Packages/com.unity.shadergraph/Editor/Resources/Styles/MaterialGraph.uss using Guid(466e6b269ff1900438e46c66af51cef8) (ScriptedImporter) -> (artifact id: '159f0dc0edd403bf037c0b7d5d972635') in 0.000403403 seconds
Start importing Packages/com.unity.shadergraph/Editor/Resources/Styles/Controls/PopupControlView.uss using Guid(5632d12a476944a4c96410178f559fd3) (ScriptedImporter) -> (artifact id: '74c8ed96ccb9fdab341a909c41c8d62e') in 0.000677114 seconds
Start importing Packages/com.unity.addressables/Editor/BuildReportVisualizer/UIToolKitAssets/StyleSheets/SummaryTabDark.uss using Guid(66224f1e0c916e74abdbed7be1f2ca7d) (ScriptedImporter) -> (artifact id: '812db9a2f384763e3fedf67f56c184fd') in 0.000521756 seconds
Start importing Packages/com.unity.addressables/Editor/BuildReportVisualizer/UIToolKitAssets/StyleSheets/ReportListItem.uss using Guid(7649e3e161c83ce45aab9de9bd6c8625) (ScriptedImporter) -> (artifact id: 'dfd55a3cc3724f966ce42e6f45c63662') in 0.001198245 seconds
Start importing Packages/com.unity.shadergraph/Editor/Resources/Styles/Controls/GradientSlotControlView.uss using Guid(76dc05b36584d4d0085b786ca1b29fe3) (ScriptedImporter) -> (artifact id: '054914a2857f7b304cddc71588e13254') in 0.000595004 seconds
Start importing Packages/com.unity.shadergraph/Editor/Resources/Styles/ReorderableSlotListView.uss using Guid(86af34a821ab1e64aa04298dc9cafb4e) (ScriptedImporter) -> (artifact id: '62e665eb6d811d22ab07c70e61cc7ab1') in 0.000517731 seconds
Start importing Packages/com.unity.shadergraph/Editor/Resources/Styles/Controls/EnumConversionControlView.uss using Guid(96e6e59ca33b02f4e816a4693a642883) (ScriptedImporter) -> (artifact id: '28def985949651fb5a8bea690ada09bb') in 0.000755058 seconds
Start importing Packages/com.unity.shadergraph/Editor/Resources/Styles/Controls/ColorRGBASlotControlView.uss using Guid(a690636bb8883ea4db5f27192551b973) (ScriptedImporter) -> (artifact id: '3b687eb5f640796c1812baa0dd918086') in 0.00058662 seconds
Start importing Packages/com.unity.shadergraph/Editor/Resources/Styles/Controls/DielectricSpecularControlView.uss using Guid(b6e0d19d1d9f531419f20cd97c102ad5) (ScriptedImporter) -> (artifact id: '9470b92e7f6e7cec1dee3e141afc5d67') in 0.001220464 seconds
Start importing Packages/com.unity.shadergraph/Editor/Resources/Styles/Controls/TextControlView.uss using Guid(b60919d98f4e6f54681012e4d7ad2a01) (ScriptedImporter) -> (artifact id: 'a0175f86d6cffebfdca7ce93d01f9f54') in 0.000803976 seconds
Start importing Packages/com.unity.addressables/Editor/BuildReportVisualizer/UIToolKitAssets/StyleSheets/SummaryTabCardLight.uss using Guid(c6a0011805f56164fa0eeb10234c2a32) (ScriptedImporter) -> (artifact id: '3da83eb3980e0f73f520750eabbce768') in 0.000645218 seconds
Start importing Packages/com.unity.shadergraph/Editor/Resources/Styles/HlslFunctionView.uss using Guid(c6a3af95768504ef29093f7793eaf5f9) (ScriptedImporter) -> (artifact id: '85b749f48e80276e507e18dccee159a4') in 0.000831613 seconds
Start importing Packages/com.unity.addressables/Editor/BuildReportVisualizer/UIToolKitAssets/StyleSheets/MainToolbarButtonsLight.uss using Guid(f6179ca1ceddb724ea1c3b515e04adbe) (ScriptedImporter) -> (artifact id: 'c54854b50dc0050f04041b866fa58b39') in 0.00065597 seconds
Start importing Packages/com.unity.shadergraph/Editor/Resources/Styles/CustomSlotLabelField.uss using Guid(07b35fab3034b5b4f92ad33b949d4340) (ScriptedImporter) -> (artifact id: '9acf936f0319520b1ab85aa1dd11897e') in 0.000498883 seconds
Start importing Packages/com.unity.addressables/Editor/GUI/GUIElements/StyleSheets/Ribbon_light.uss using Guid(2725ffbeffba5ae4fa95c104293c60bf) (ScriptedImporter) -> (artifact id: '982627bc708c86d7ad41772c0c8a560a') in 0.001208752 seconds
Start importing Packages/com.unity.addressables/Editor/BuildReportVisualizer/UIToolKitAssets/StyleSheets/SummaryTabLight.uss using Guid(978d705cf413d594fbf9ad1580b25eea) (ScriptedImporter) -> (artifact id: '47fa4ec31c0b78d24104b692a334950f') in 0.000534445 seconds
Start importing Packages/com.unity.render-pipelines.core/Editor/StyleSheets/RenderGraphViewerDark.uss using Guid(a74acab1c36b3344e95480f4d42afd55) (ScriptedImporter) -> (artifact id: 'f1b52dbc272b25385e35682914ee6beb') in 0.005334216 seconds
Start importing Packages/com.unity.shadergraph/Editor/Resources/Styles/Controls/BooleanSlotControlView.uss using Guid(c72bf0f50e306d944a1e48a2bb299082) (ScriptedImporter) -> (artifact id: '00b1f45bb787816b14d92693a2f86531') in 0.000597355 seconds
Start importing Packages/com.unity.render-pipelines.core/Editor/LookDev/DisplayWindow.uss using Guid(e78887bb3654fde48bc3bc31beb7c7e4) (ScriptedImporter) -> (artifact id: '8c82c45b0604067614d54080a7a46e5a') in 0.004753646 seconds
Start importing Packages/com.unity.shadergraph/Editor/Resources/Styles/InspectorView.uss using Guid(485099284bca84dcfbf9af86eb599f6f) (ScriptedImporter) -> (artifact id: 'cf98658f5ebcad59f2329af5164cead6') in 0.001753767 seconds
Start importing Packages/com.unity.shadergraph/Editor/Resources/Selectable.uss using Guid(58c573829af3c7c44aaf7d3125df048a) (ScriptedImporter) -> (artifact id: 'a3d360625e93a7414fbe882d10e2b17b') in 0.000973705 seconds
Start importing Packages/com.unity.addressables/Editor/BuildReportVisualizer/UIToolKitAssets/StyleSheets/DrillableListItemStyle.uss using Guid(5869e219e2105b8409e3408d8910f90e) (ScriptedImporter) -> (artifact id: 'c2868ea7b170aebb79acdf320624bc0d') in 0.001330588 seconds
Start importing Packages/com.unity.shadergraph/Editor/Resources/Styles/Controls/MultiFloatControlView.uss using Guid(88a2f14704b95c04489527404f433249) (ScriptedImporter) -> (artifact id: 'd84d892f0ad2755ed7f5981dd019f3fe') in 0.000830186 seconds
Start importing Packages/com.unity.shadergraph/Editor/Resources/Styles/Controls/EnumControlView.uss using Guid(98e35cb4631356142bd2f27a5a31543e) (ScriptedImporter) -> (artifact id: 'a7747c0e90036eb1ca52208b1107869d') in 0.00071566 seconds
Start importing Packages/com.unity.addressables/Editor/BuildReportVisualizer/UIToolKitAssets/StyleSheets/DetailsViewDark.uss using Guid(a8ec8c8ac2894511a48d2bc2fe4e3a08) (ScriptedImporter) -> (artifact id: '3246cb46008acda6ae2b7ad69244a0f0') in 0.000533519 seconds
Start importing Packages/com.unity.shadergraph/Editor/Resources/Styles/GraphEditorView.uss using Guid(c8974112dad54614f894afd0042d3a60) (ScriptedImporter) -> (artifact id: '605144deb9021887d808fe875681d0db') in 0.003092479 seconds
Start importing Packages/com.unity.shadergraph/Editor/Resources/Styles/Controls/MultiFloatSlotControlView.uss using Guid(191128023ec19d143b9328a73ff33d8c) (ScriptedImporter) -> (artifact id: '1d616813e314174ade26ec9fef502dbb') in 0.000725691 seconds
Start importing Packages/com.unity.shadergraph/Editor/Resources/StickyNote.uss using Guid(49f440ce949d5b944bccdfef70f2aca7) (ScriptedImporter) -> (artifact id: '255291656c04f04341e96ced4079172a') in 0.002962295 seconds
Start importing Packages/com.unity.shadergraph/Editor/Resources/Styles/NodeSettings.uss using Guid(59bba4c88ab5f464d9a8f51088561c48) (ScriptedImporter) -> (artifact id: '4e1e17e479d801be67c3d03c099f12d4') in 0.000696975 seconds
Start importing Packages/com.unity.shadergraph/Editor/Resources/Styles/Controls/TextureSlotControlView.uss using Guid(69d9130ff4b1d8847904bf9579adc7e0) (ScriptedImporter) -> (artifact id: '41e5feba403726b7a08ea17562c196d6') in 0.00063098 seconds
Start importing Packages/com.unity.shadergraph/Editor/Resources/Styles/Controls/UVSlotControlView.uss using Guid(79edeef1474952e41b017ad4ac812f5e) (ScriptedImporter) -> (artifact id: 'ee869cf43ac9a305f84a3ac58ac4ce34') in 0.000574994 seconds
Start importing Packages/com.unity.shadergraph/Editor/Resources/Styles/Controls/ChannelMixerControlView.uss using Guid(99d6d41531ec36841953987e7ae78317) (ScriptedImporter) -> (artifact id: 'c57b5b981798c244b2b2b144547f7070') in 0.001168523 seconds
Start importing Packages/com.unity.shadergraph/Editor/Resources/Styles/MaterialGraphView.uss using Guid(c95091ab1e1b926498a5938a7d0e1ef6) (ScriptedImporter) -> (artifact id: 'd919af0d66287bac0807af717cd796a6') in 0.000518253 seconds
Start importing Packages/com.unity.shadergraph/Editor/Resources/Styles/ColorMode.uss using Guid(d9a970c4d408c408b888ee0caa8403eb) (ScriptedImporter) -> (artifact id: '3505e0f12844f80daa3a70c096e41a73') in 0.001048721 seconds
Start importing Packages/com.unity.shadergraph/Editor/Resources/Styles/PropertyRow.uss using Guid(2af887df8cf23de4f9bf550f4e917c18) (ScriptedImporter) -> (artifact id: 'dd70f56617e5ad860cd130f697cd265b') in 0.00392528 seconds
Start importing Packages/com.unity.shadergraph/Editor/Resources/Styles/Controls/ToggleControlView.uss using Guid(8a80fd0ae214be84187160e65df52a8c) (ScriptedImporter) -> (artifact id: 'b2780de8278e27f5d11c3fb850cee2f9') in 0.000794171 seconds
Start importing Packages/com.unity.shadergraph/Editor/Resources/Styles/Controls/MultiIntegerSlotControlView.uss using Guid(da559d27fc411114ab78e3561b55270a) (ScriptedImporter) -> (artifact id: '6bc7ad337cb1cc357393d42e5d7fd1e3') in 0.000780524 seconds
Start importing Packages/com.unity.shadergraph/Editor/Resources/Styles/Controls/ColorControlView.uss using Guid(4b038bc8dced2a440bc294aeff20a4ac) (ScriptedImporter) -> (artifact id: 'ee2bf1923ba5c78352836c5e287a345f') in 0.000893868 seconds
Start importing Packages/com.unity.render-pipelines.core/Editor/StyleSheets/HelpButton.uss using Guid(4b3af3115f6d00b41a5655ef26d54683) (ScriptedImporter) -> (artifact id: '842599868af38f0fff89dfc612a23dce') in 0.000941441 seconds
Start importing Packages/com.unity.render-pipelines.core/Editor/StyleSheets/RenderGraphViewerLight.uss using Guid(8bf46326c944b984c9084f09aef9b2e2) (ScriptedImporter) -> (artifact id: '6c5a7e65808626c54033b3482f44a2d1') in 0.003029883 seconds
Start importing Packages/com.unity.cloud.gltfast/Editor/UI/Dependency-style.uss using Guid(8b07415b3b6e441cfa55e9187248229c) (ScriptedImporter) -> (artifact id: '3f05f30643f5c95094d325636f23ea2c') in 0.000946008 seconds
Start importing Packages/com.unity.addressables/Editor/GUI/GUIElements/StyleSheets/Ribbon.uss using Guid(fb7e7faa926f9db428cf76838c871ed5) (ScriptedImporter) -> (artifact id: 'e8ca5aa30e8affeb66241d78923d189a') in 0.001621951 seconds
Start importing Packages/com.unity.shadergraph/Editor/Resources/Styles/PortInputView.uss using Guid(1cea6b2114919574aac870488908a2e0) (ScriptedImporter) -> (artifact id: 'c16b5bd369df7b125d81fde0a04e73bb') in 0.004971221 seconds
Start importing Packages/com.unity.render-pipelines.core/Editor/LookDev/DisplayWindow-PersonalSkin.uss using Guid(7c95237923780ad4683f959f53629b60) (ScriptedImporter) -> (artifact id: 'c412e87127dbc10f41d22cfdcd66c74e') in 0.002441735 seconds
Start importing Packages/com.unity.shadergraph/Editor/Resources/Styles/PropertySheet.uss using Guid(acd20f0eca2b65544b43e657d5d713fe) (ScriptedImporter) -> (artifact id: '8af279a3ea610168609b6f3658e21591') in 0.002413723 seconds
Start importing Packages/com.unity.render-pipelines.core/Editor/LookDev/Inspectors.uss using Guid(ac4993c3b6160894d896820a9648ff4d) (ScriptedImporter) -> (artifact id: '3620b1f98fe563c5fac382294a435773') in 0.001826089 seconds
Start importing Packages/com.unity.addressables/Editor/BuildReportVisualizer/UIToolKitAssets/StyleSheets/TreeViewItem.uss using Guid(ccf83b5066e84ac47ab9adfdfd9e484f) (ScriptedImporter) -> (artifact id: 'e7ac0e21e9ad65a7dca645af1f4019e2') in 0.002454519 seconds
Start importing Packages/com.unity.inputsystem/InputSystem/Editor/UITKAssetEditor/PackageResources/InputAssetEditorDark.uss using Guid(cca9ce0c8554d5244930f14c21489ac1) (ScriptedImporter) -> (artifact id: 'a79f506b22a43e808ef2bf3b298d63f7') in 0.000850438 seconds
Start importing Packages/com.unity.render-pipelines.core/Editor/StyleSheets/HeaderFoldoutLight.uss using Guid(dc364c42ee0194a4cace7e9e86e0b9dc) (ScriptedImporter) -> (artifact id: 'a951e11d1432587c40a737871203053c') in 0.001330353 seconds
Start importing Packages/com.unity.shadergraph/Editor/Resources/Styles/Controls/ChannelEnumMaskControlView.uss using Guid(1db7b9bf1f9186d44ba7fefd3bc715c6) (ScriptedImporter) -> (artifact id: '4c5f37661ca2c215340b30f06aac7a58') in 0.001542238 seconds
Start importing Packages/com.unity.searcher/Editor/Resources/Searcher.uss using Guid(4deaa574907fd7647ab0d5bff0e9ba24) (ScriptedImporter) -> (artifact id: '0624555bfcf1d2684c4968f50ae6d250') in 0.029940108 seconds
Start importing Packages/com.unity.inputsystem/InputSystem/Editor/UITKAssetEditor/PackageResources/InputActionsEditorStyles.uss using Guid(7dac9c49a90bca4499371d0adc9b617b) (ScriptedImporter) -> (artifact id: 'bd622fa5a8e3d1103c17fa8e7ad4c4df') in 0.003155629 seconds
Start importing Packages/com.unity.shadergraph/Editor/Resources/Styles/Controls/Texture3DSlotControlView.uss using Guid(8d40f6518d8654aa4bf083cc5897f8ee) (ScriptedImporter) -> (artifact id: 'e7c001583b7927f9fa757c8435216c3b') in 0.000837884 seconds
Start importing Packages/com.unity.shadergraph/Editor/Resources/Styles/Controls/GradientControlView.uss using Guid(8d3443495105d4166996158d4b321c21) (ScriptedImporter) -> (artifact id: '337aa3b600c0851442716e945c79bb82') in 0.000865415 seconds
Start importing Packages/com.unity.shadergraph/Editor/Resources/Styles/Controls/ChannelEnumControlView.uss using Guid(8dfac6eef2d89e8428c7a79b147413db) (ScriptedImporter) -> (artifact id: '92aed5d1a6df9ca02e7752463472e07a') in 0.000765301 seconds
Start importing Packages/com.unity.render-pipelines.core/Editor/StyleSheets/VolumeEditor.uss using Guid(cd410e8cdc0119a46a753f48e79c8d07) (ScriptedImporter) -> (artifact id: '2d76d9c80f9b22fc75ccf2ccac51910a') in 0.001560278 seconds
Start importing Packages/com.unity.render-pipelines.universal/Editor/2D/LightBatchingDebugger/LightBatchingDebugger.uss using Guid(fd5cb3dd3de574f1585db92b6689f86a) (ScriptedImporter) -> (artifact id: 'bc5e6f2e1409f425b7a02b3c454110ed') in 0.001724975 seconds
Start importing Packages/com.unity.render-pipelines.core/Editor/StyleSheets/HeaderFoldoutDark.uss using Guid(2e54b39aedaf3ae4a866b97489135739) (ScriptedImporter) -> (artifact id: '000a66323aa54b1ab4053003d7df2066') in 0.000641456 seconds
Start importing Packages/com.unity.addressables/Editor/GUI/GUIElements/StyleSheets/Ribbon_dark.uss using Guid(2e877031ea62d464aa7ab620ffe1a5ba) (ScriptedImporter) -> (artifact id: '882d3ce362f967b34349edc28ba1a828') in 0.001464367 seconds
Start importing Packages/com.unity.ai.navigation/Editor/ConversionSystem/converter_editor.uss using Guid(3eb99c80b411349188e1e5167887ac6c) (ScriptedImporter) -> (artifact id: '74c988f75be258076ce7845c933cf07d') in 0.000598391 seconds
Start importing Packages/com.unity.inputsystem/InputSystem/Editor/UITKAssetEditor/PackageResources/InputAssetEditorLight.uss using Guid(5e7024ed0fd03984289320d04507bc0c) (ScriptedImporter) -> (artifact id: '1c7cf91e025b94da0d536c96bbd12830') in 0.000577818 seconds
Start importing Packages/com.unity.addressables/Editor/BuildReportVisualizer/UIToolKitAssets/StyleSheets/DetailsPanelSummary.uss using Guid(be9205585983c334fb0c7f3b8993de35) (ScriptedImporter) -> (artifact id: '8aa21372e4903841fa04033de2d4707b') in 0.000970845 seconds
Start importing Packages/com.unity.cloud.gltfast/Editor/UI/GltfImporter-style.uss using Guid(3f6f1f186c9e446d880d267adc629f1b) (ScriptedImporter) -> (artifact id: 'd2f36bfb8a6efe0e1ecc43b333ecf653') in 0.000939155 seconds
Start importing Packages/com.unity.render-pipelines.core/Editor/Controls/ToggleDropdown.uss using Guid(5ff83f8997b534409b1595a0ea6750db) (ScriptedImporter) -> (artifact id: '536bd9935e798df1b0fc1e539ffde5d7') in 0.002474762 seconds
Start importing Packages/com.unity.shadergraph/Editor/Resources/Styles/Controls/ColorRGBSlotControlView.uss using Guid(5f9f1162b05e46646805842469135609) (ScriptedImporter) -> (artifact id: '4910006b62e24cd8d3e130570b15f99f') in 0.000649597 seconds
Start importing Packages/com.unity.render-pipelines.universal/Editor/Converter/converter_widget.uss using Guid(8f9ac38644e5f664ab13b4b78f1f3faa) (ScriptedImporter) -> (artifact id: '7f1b8be9de84ca74130f9b8798ec6ee3') in 0.000430417 seconds
Start importing Packages/com.unity.render-pipelines.core/Editor/StyleSheets/RenderGraphViewer.uss using Guid(cf3ac3446e9c4333b9d16ece5c21317d) (ScriptedImporter) -> (artifact id: 'ae156739f73f18efd16752288a187157') in 0.008194622 seconds
Start importing Packages/com.unity.render-pipelines.core/Editor/UXML/RenderGraphViewer.uxml using Guid(00387952e4f43ec45a9084e579a44e4e) (ScriptedImporter) -> (artifact id: 'd8e7eb14bc314915acaf37254e2fe027') in 0.017407486 seconds
Start importing Packages/com.unity.addressables/Editor/Diagnostics/Profiler/UXML/HelpDisplay.uxml using Guid(30d4862aba3fd4d4da9bec946a2af813) (ScriptedImporter) -> (artifact id: 'da91ce61cad5115aa3d3fb95fc026a9f') in 0.001075316 seconds
Start importing Packages/com.unity.inputsystem/InputSystem/Editor/UITKAssetEditor/PackageResources/ControlSchemeEditor.uxml using Guid(303ef5b13740f9a4db252c50122d2c62) (ScriptedImporter) -> (artifact id: '5700908b0f3340d048929796dfc0ef01') in 0.004475038 seconds
Start importing Packages/com.unity.shadergraph/Editor/Resources/UXML/Blackboard/SGBlackboardRow.uxml using Guid(5029c7a42d2731a4599f3f85f37ea5a9) (ScriptedImporter) -> (artifact id: '61148a2d9c22b4b073fdcca8e0377c45') in 0.001206779 seconds
Start importing Packages/com.unity.render-pipelines.universal/Editor/Converter/converter_widget_item.uxml using Guid(c04b8c76151329e42929df320c5901fe) (ScriptedImporter) -> (artifact id: 'c0cf4919cfb9b3d296a4fe390ca32f51') in 0.001828077 seconds
Start importing Packages/com.unity.render-pipelines.core/Editor/UXML/DefaultVolumeProfileEditor.uxml using Guid(d0b4821bb729cd24fbbe0af5feaa73ab) (ScriptedImporter) -> (artifact id: 'd963a46701c0998903c4666106515a2c') in 0.001267527 seconds
Start importing Packages/com.unity.addressables/Editor/BuildReportVisualizer/UIToolKitAssets/UXML/DetailsPanelSummaryAsset.uxml using Guid(7c5d768c319ef8949ae3121960b225fc) (ScriptedImporter) -> (artifact id: '839c57fb7e1fcd2c5a2d5e4e00926701') in 0.000653581 seconds
Start importing Packages/com.unity.addressables/Editor/BuildReportVisualizer/UIToolKitAssets/UXML/DetailsPanelSummaryBundle.uxml using Guid(151162d7cf38afb499fff9e970102f74) (ScriptedImporter) -> (artifact id: 'cddfbfafdfd53005cd8bd705db8e90b3') in 0.000743879 seconds
Start importing Packages/com.unity.addressables/Editor/BuildReportVisualizer/UIToolKitAssets/UXML/DetailsPanel.uxml using Guid(01432b351984ba94aa0624cdc2783398) (ScriptedImporter) -> (artifact id: '464c510d66278d153cc6efe1ea07a568') in 0.021198239 seconds
Start importing Packages/com.unity.addressables/Editor/Diagnostics/Profiler/UXML/MissingReport.uxml using Guid(62587f30b7ab6b44e97cab2ebbbc1a5b) (ScriptedImporter) -> (artifact id: '2e167a74ff222bd33c0e9a1a71974b47') in 0.001269691 seconds
Start importing Packages/com.unity.cloud.gltfast/Editor/UI/ReportItem.uxml using Guid(727aa1886d86e4b3faa4ca8f263a6ee4) (ScriptedImporter) -> (artifact id: 'cf9a3fc1d6425733dc49ff50c3cf07b3') in 0.000980573 seconds
Start importing Packages/com.unity.addressables/Editor/BuildReportVisualizer/UIToolKitAssets/UXML/DetailsPanelSummaryNavigableBundle.uxml using Guid(82c7396e127bdc14e8983693357610a3) (ScriptedImporter) -> (artifact id: '0c5e28f8e4cf95991cf53dcf4cdebbc3') in 0.0013621 seconds
Start importing Packages/com.unity.addressables/Editor/BuildReportVisualizer/UIToolKitAssets/UXML/DetailsPanelSummaryNavigableItem.uxml using Guid(b22c8ae15806ae44785d1d2528127632) (ScriptedImporter) -> (artifact id: 'f98f41c149014a5119f9fd3f2d70041a') in 0.000933309 seconds
Start importing Packages/com.unity.render-pipelines.core/Editor/UXML/VolumeEditor.uxml using Guid(d367e3b92ff05ac4eb99950f44cc0333) (ScriptedImporter) -> (artifact id: '722f3b15d8641525029114c396cdfbfb') in 0.002185304 seconds
Start importing Packages/com.unity.shadergraph/Editor/Resources/UXML/Blackboard/SGBlackboardField.uxml using Guid(f339e526c7fc4e14daae8819172de9de) (ScriptedImporter) -> (artifact id: 'c47715ed5fd2ab5ec308a256ba521d69') in 0.001198164 seconds
Start importing Packages/com.unity.inputsystem/InputSystem/Editor/UITKAssetEditor/PackageResources/BindingPanelRowTemplate.uxml using Guid(449c8e5ca27af8e4a9db710c8be5e4df) (ScriptedImporter) -> (artifact id: 'd5f62bf91483f0d008c00af3728a8692') in 0.001804518 seconds
Start importing Packages/com.unity.shadergraph/Editor/Resources/UXML/StickyNote.uxml using Guid(d4cc9867eee425f4dac7d5bb91f07845) (ScriptedImporter) -> (artifact id: '24b0ff726825109c3320dc3ad1050d37') in 0.001090634 seconds
Start importing Packages/com.unity.addressables/Editor/BuildReportVisualizer/UIToolKitAssets/UXML/TreeViewItem.uxml using Guid(45c9e63cc2a08d54b8c615400127de4e) (ScriptedImporter) -> (artifact id: '3759fe0dcc640fb77e48eeb3b42226a2') in 0.00094617 seconds
Start importing Packages/com.unity.inputsystem/InputSystem/Editor/UITKAssetEditor/PackageResources/InputActionsTreeViewItem.uxml using Guid(452df07a8ad0c944c879a484d5890e61) (ScriptedImporter) -> (artifact id: '09e998a385759e2f652bbcec9b3bddaa') in 0.001647256 seconds
Start importing Packages/com.unity.inputsystem/InputSystem/Editor/UITKAssetEditor/PackageResources/InputActionsProjectSettings.uxml using Guid(75a33987e21d5ac449deecea3dcd864f) (ScriptedImporter) -> (artifact id: '53b86f76886831405dbbfdb811bbe19d') in 0.001751538 seconds
Start importing Packages/com.unity.render-pipelines.universal/Editor/2D/LightBatchingDebugger/LayerBatch.uxml using Guid(754a67c6d4788447895a4349508b2f37) (ScriptedImporter) -> (artifact id: 'b7a139d13d897bb8f79b6409601a713f') in 0.001077247 seconds
Start importing Packages/com.unity.addressables/Editor/Diagnostics/Profiler/UXML/InspectorPane.uxml using Guid(85f61fd61986b405dbd5bc38da39f73d) (ScriptedImporter) -> (artifact id: '2353e872a4387e45b5dbe23aad6bb59c') in 0.003144684 seconds
Start importing Packages/com.unity.addressables/Editor/GUI/GUIElements/UXML/Ribbon.uxml using Guid(95956aed0a2532747b6e9ed4aa3fd547) (ScriptedImporter) -> (artifact id: '414b198c3aebe3bfd4cf779a4cdc7d0b') in 0.000818132 seconds
Start importing Packages/com.unity.addressables/Editor/BuildReportVisualizer/UIToolKitAssets/UXML/ReportsListPanel.uxml using Guid(b54995fa67e2d6046bbbb9f05772f43b) (ScriptedImporter) -> (artifact id: 'a68314ba552bdc388c80aadc632e748b') in 0.001042259 seconds
Start importing Packages/com.unity.inputsystem/InputSystem/Editor/UITKAssetEditor/PackageResources/InputActionsEditor.uxml using Guid(c662e0d3cc3c4f948808f9847f715ef2) (ScriptedImporter) -> (artifact id: 'cb70e7f8ee423c93322cc877ccc7302d') in 0.0035017 seconds
Start importing Packages/com.unity.cloud.gltfast/Editor/UI/MaterialsVariantsComponentInspector.uxml using Guid(d61d79f8a5b6648529e9ae112313759d) (ScriptedImporter) -> (artifact id: 'a17838a2583ef8e4c314173344b13579') in 0.000700927 seconds
Start importing Packages/com.unity.ai.navigation/Editor/ConversionSystem/converter_widget_item.uxml using Guid(d6de7697d63d64fabbfb31425d93541e) (ScriptedImporter) -> (artifact id: '4437dde78fff3ed584f7030197731d94') in 0.001206323 seconds
Start importing Packages/com.unity.shadergraph/Editor/Resources/UXML/NodeSettings.uxml using Guid(b70651993c98eda43810c32b7416a21b) (ScriptedImporter) -> (artifact id: 'cb187fee3f297a5f2c29dd5b14d162b0') in 0.000634698 seconds
Start importing Packages/com.unity.render-pipelines.universal/Editor/Converter/converter_editor.uxml using Guid(c700399f2adb2504dac99f1139d658f3) (ScriptedImporter) -> (artifact id: '818b0dc4a250e733b0975c99d28c20cf') in 0.002424904 seconds
Start importing Packages/com.unity.addressables/Editor/Diagnostics/Profiler/UXML/TreeViewPane.uxml using Guid(d79503fa30e4e47f7a80231b74f76eab) (ScriptedImporter) -> (artifact id: '5b59b9e00245ce86fce477b5720aa9cb') in 0.001860825 seconds
Start importing Packages/com.unity.cloud.gltfast/Editor/UI/GltfImporter.uxml using Guid(d72633e56500240858af54bf878c907d) (ScriptedImporter) -> (artifact id: '8aa772006ae1b42f05775ecc2f030657') in 0.002364079 seconds
Start importing Packages/com.unity.addressables/Editor/BuildReportVisualizer/UIToolKitAssets/UXML/MainPanel.uxml using Guid(082ff03cd7a4f9943bafa0d18316d83f) (ScriptedImporter) -> (artifact id: '1e8c9998ca9510dd712a702fd43a8244') in 0.003787858 seconds
Start importing Packages/com.unity.addressables/Editor/BuildReportVisualizer/UIToolKitAssets/UXML/ContentTab.uxml using Guid(18ba5a40298f2f144aa7d896fc2f4420) (ScriptedImporter) -> (artifact id: 'b5bbfc4149fd6c630f0bfa8c87e59f14') in 0.001674331 seconds
Start importing Packages/com.unity.render-pipelines.universal/Editor/Converter/converter_widget.uxml using Guid(3893b5ea9974b9549aefa44bd1b99e24) (ScriptedImporter) -> (artifact id: '95e9a559d81eb2be663d597157bbda69') in 0.00246196 seconds
Start importing Packages/com.unity.shadergraph/Editor/Resources/UXML/HeatmapValuesEditor.uxml using Guid(781e1a409e314b1fb13e3605a69680ba) (ScriptedImporter) -> (artifact id: '3599c7c5eb66c71ba856f274a399b17f') in 0.001477416 seconds
Start importing Packages/com.unity.shadergraph/Editor/Resources/UXML/Blackboard/SGBlackboardCategory.uxml using Guid(98cf1ee902c59944796b97562a34faee) (ScriptedImporter) -> (artifact id: '13b419df47d183aab614e9f73740bc8a') in 0.001428509 seconds
Start importing Packages/com.unity.render-pipelines.core/Editor/UXML/RenderPipelineGlobalSettings.uxml using Guid(d8d5beb40e5c9f94f95d805868251329) (ScriptedImporter) -> (artifact id: 'f4962dedc208ecaeaf9fc4161aa84f9f') in 0.001279492 seconds
Start importing Packages/com.unity.addressables/Editor/BuildReportVisualizer/UIToolKitAssets/UXML/ReportsListItem.uxml using Guid(79fbad0cce3fe424681d87c3d2642165) (ScriptedImporter) -> (artifact id: 'f9ab1bfaa44cbc8610e94e60188ea9ed') in 0.001148472 seconds
Start importing Packages/com.unity.searcher/Editor/Resources/SearcherItem.uxml using Guid(793d6318ba59ca94381b936836fe697d) (ScriptedImporter) -> (artifact id: 'ebfd34e43daf41668f383c09823c1e67') in 0.000905895 seconds
Start importing Packages/com.unity.addressables/Editor/BuildReportVisualizer/UIToolKitAssets/UXML/TreeViewNavigableItem.uxml using Guid(2a90fe91badaa384d9ca33b949f6881e) (ScriptedImporter) -> (artifact id: 'f5a218c1b072480ed1b0b3b33b78ff90') in 0.000876307 seconds
Start importing Packages/com.unity.addressables/Editor/BuildReportVisualizer/UIToolKitAssets/UXML/SummaryTab.uxml using Guid(3a9619d3ea7c4cb4ea630f41c2b2ee80) (ScriptedImporter) -> (artifact id: '5467dd04613a7a7c986675ceb98b49f7') in 0.000613345 seconds
Start importing Packages/com.unity.addressables/Editor/Diagnostics/Profiler/UXML/Unsupported.uxml using Guid(9a61d228cb4787b438c094a31315dffd) (ScriptedImporter) -> (artifact id: '76c6f6b33680910540edf77cc60f0d7e') in 0.000795663 seconds
Start importing Packages/com.unity.addressables/Editor/BuildReportVisualizer/UIToolKitAssets/UXML/MainToolbar.uxml using Guid(ca17557f450440f40be1d7fce672888d) (ScriptedImporter) -> (artifact id: 'c842ae0b13cc0b9062cead0daecbd835') in 0.001075252 seconds
Start importing Packages/com.unity.addressables/Editor/BuildReportVisualizer/UIToolKitAssets/UXML/BuildReportWindow.uxml using Guid(9aa68e6fb55252f4b8434690fab30a8a) (ScriptedImporter) -> (artifact id: '842df34636126f140ef619d81f796a5b') in 0.003734317 seconds
Start importing Packages/com.unity.ai.navigation/Editor/ConversionSystem/converter_widget.uxml using Guid(aaa3e510761864dac9b71f85526490d6) (ScriptedImporter) -> (artifact id: '8d855049db4ce4a215b169e84d67d9c5') in 0.002307107 seconds
Start importing Packages/com.unity.searcher/Editor/Resources/SearcherWindow.uxml using Guid(da37dcca55e437b4a9eeebff722ad51f) (ScriptedImporter) -> (artifact id: '0545bbbc3140f6b3fa3af5c8688237ba') in 0.001371531 seconds
Start importing Packages/com.unity.inputsystem/InputSystem/Editor/UITKAssetEditor/PackageResources/CompositeBindingPropertiesEditor.uxml using Guid(2bd2d0548382d58489e8c2999daf4139) (ScriptedImporter) -> (artifact id: '7ce01f5375573877f3fbc9fef0e49c31') in 0.000693872 seconds
Start importing Packages/com.unity.render-pipelines.universal/Editor/Converter/converter_widget_main.uxml using Guid(9b40f22c604c94f438696f75a42873eb) (ScriptedImporter) -> (artifact id: '4825aa6a4e73b22ebe75b27c9bdbc13d') in 0.003018475 seconds
Start importing Packages/com.unity.addressables/Editor/BuildReportVisualizer/UIToolKitAssets/UXML/DrillableListViewItem.uxml using Guid(8c093efecdee27545b682edf299506ad) (ScriptedImporter) -> (artifact id: 'd960bcc3841d387ffb03cf7682b8babe') in 0.000892319 seconds
Start importing Packages/com.unity.inputsystem/InputSystem/Editor/UITKAssetEditor/PackageResources/NameAndParameterListViewItemTemplate.uxml using Guid(9cbd73d51dc491b4888055ae65cd9545) (ScriptedImporter) -> (artifact id: '537888fe235d7d648dd261ad5004e0c9') in 0.000876582 seconds
Start importing Packages/com.unity.inputsystem/InputSystem/Editor/UITKAssetEditor/PackageResources/CompositePartBindingPropertiesEditor.uxml using Guid(acfae125fa5d7904987a696b3993d432) (ScriptedImporter) -> (artifact id: 'a81dad3c503e4f5664610ba89ac87e82') in 0.000849065 seconds
Start importing Packages/com.unity.shadergraph/Editor/Resources/UXML/GraphInspector.uxml using Guid(dcf0e02f89cf7c848a22002b79ce27d3) (ScriptedImporter) -> (artifact id: '0ff947f4ba236492ca1a83bc1b378df8') in 0.001794683 seconds
Start importing Packages/com.unity.cloud.gltfast/Editor/UI/Dependency.uxml using Guid(4df82ef208e584428bdb29715790cd6f) (ScriptedImporter) -> (artifact id: 'bbf2ffeaab6fa2eeb3af028fb372b4c8') in 0.000916951 seconds
Start importing Packages/com.unity.ai.navigation/Editor/ConversionSystem/converter_editor.uxml using Guid(cd1eb3c3c695c494d855ea678fe7395b) (ScriptedImporter) -> (artifact id: '2fa5bcf61edeea93611023416590657a') in 0.001649756 seconds
Start importing Packages/com.unity.shadergraph/Editor/Resources/UXML/GraphSubWindow.uxml using Guid(2e461625111c0354980fca534f771ff3) (ScriptedImporter) -> (artifact id: 'eced7603c028e531741dff5fbadd6c2e') in 0.000904475 seconds
Start importing Packages/com.unity.shadergraph/Editor/Resources/UXML/Blackboard/SGBlackboard.uxml using Guid(4ee4ce39889d8db4d8c49aa84772cd12) (ScriptedImporter) -> (artifact id: 'fa3b63e2dc1fee34e9358b462fb55d09') in 0.001368895 seconds
Start importing Packages/com.unity.addressables/Editor/BuildReportVisualizer/UIToolKitAssets/UXML/PotentialIssues.uxml using Guid(5ee4cb20bb27b584999aca23d1f30f93) (ScriptedImporter) -> (artifact id: '66e6ba9c10d3193317bab9a19995ac62') in 0.001151217 seconds
Start importing Packages/com.unity.shadergraph/Editor/Resources/UXML/Resizable.uxml using Guid(8ec4570e052fbb34bbe8d52d99e76d07) (ScriptedImporter) -> (artifact id: '7315dcf3e35b6cd691aa9bc3cba3548c') in 0.000936226 seconds
Start importing Packages/com.unity.shadergraph/Editor/Resources/UXML/PixelCacheProfiler.uxml using Guid(0fda1aff5a5744478f70542e95fd3d42) (ScriptedImporter) -> (artifact id: '4164f35cb97b0e75ae1b66c66e086b69') in 0.001898275 seconds
Start importing Packages/com.unity.shadergraph/Editor/Resources/UXML/UITKMasterNodePreview.uxml using Guid(1f8dc278ca660e145a487c8b93679c62) (ScriptedImporter) -> (artifact id: 'bdd7587c6b2704a58cc758942ec97081') in 0.00160927 seconds
Start importing Packages/com.unity.inputsystem/InputSystem/Editor/UITKAssetEditor/PackageResources/InputActionMapsTreeViewItem.uxml using Guid(3fa44185ed614414ebab354dfe5a06b6) (ScriptedImporter) -> (artifact id: 'bc47d18968390dbbc10e6ae23265f2f1') in 0.00129581 seconds
Start importing Packages/com.unity.render-pipelines.universal/Editor/2D/LightBatchingDebugger/LightBatchingDebugger.uxml using Guid(7f54b2764826949c192810bd3944abcc) (ScriptedImporter) -> (artifact id: '236a7f9228cae94feb6574b935033f2a') in 0.002630457 seconds
Shader 'Universal Render Pipeline/Nature/SpeedTree7': dependency 'BillboardShader' shader 'Universal Render Pipeline/Nature/SpeedTree7 Billboard' not found
Shader 'Universal Render Pipeline/Terrain/Lit': dependency 'AddPassShader' shader 'Hidden/Universal Render Pipeline/Terrain/Lit (Add Pass)' not found
Shader 'Universal Render Pipeline/Terrain/Lit': dependency 'BaseMapShader' shader 'Hidden/Universal Render Pipeline/Terrain/Lit (Base Pass)' not found
Shader 'Universal Render Pipeline/Terrain/Lit': dependency 'BaseMapGenShader' shader 'Hidden/Universal Render Pipeline/Terrain/Lit (Basemap Gen)' not found
Shader 'Hidden/Terrain/Terrain Standard 4 Layers URP': dependency 'AddPassShader' shader 'Hidden/Hidden/Terrain/Terrain Standard 4 Layers URP_AddPass' not found
Shader 'Hidden/Terrain/Terrain Standard 4 Layers URP': dependency 'BaseMapGenShader' shader 'Hidden/Hidden/Terrain/Terrain Standard 4 Layers URP_BaseMapGen' not found
Shader 'Hidden/Terrain/Terrain Standard 4 Layers URP': dependency 'BaseMapShader' shader 'Hidden/Universal Render Pipeline/Terrain/Lit (Base Pass)' not found
Shader 'Hidden/Terrain/Terrain Simple': dependency 'AddPassShader' shader 'Hidden/Hidden/Terrain/Terrain Simple_AddPass' not found
Shader 'Hidden/Terrain/Terrain Simple': dependency 'BaseMapGenShader' shader 'Hidden/Hidden/Terrain/Terrain Simple_BaseMapGen' not found
Launched and connected shader compiler UnityShaderCompiler after 0.01 seconds
Launched and connected shader compiler UnityShaderCompiler after 0.01 seconds
Launched and connected shader compiler UnityShaderCompiler after 0.01 seconds
Loading style catalogs (6)
	StyleSheets/Extensions/base/common.uss
	UIPackageResources/StyleSheets/Default/Variables/Public/common.uss
	StyleSheets/Northstar/common.uss
	StyleSheets/Extensions/fonts/inter.uss
	StyleSheets/Extensions/base/dark.uss
	UIPackageResources/StyleSheets/Default/Northstar/Palette/dark.uss
Launched and connected shader compiler UnityShaderCompiler after 0.02 seconds
Launched and connected shader compiler UnityShaderCompiler after 0.01 seconds
Launched and connected shader compiler UnityShaderCompiler after 0.02 seconds
Launched and connected shader compiler UnityShaderCompiler after 0.02 seconds
Launched and connected shader compiler UnityShaderCompiler after 0.02 seconds
Launched and connected shader compiler UnityShaderCompiler after 0.02 seconds
Launched and connected shader compiler UnityShaderCompiler after 0.02 seconds
Launched and connected shader compiler UnityShaderCompiler after 0.02 seconds
Launched and connected shader compiler UnityShaderCompiler after 0.02 seconds
Start importing Assets/DefaultVolumeProfile.asset using Guid(36ffcd5b068d1cd7ea07ab34b8d06df3) (NativeFormatImporter) -> (artifact id: 'c4bd903934a5f8b4bc5ece5ad31d96a0') in 0.016226212 seconds
Launched and connected shader compiler UnityShaderCompiler after 0.02 seconds
Launched and connected shader compiler UnityShaderCompiler after 0.02 seconds
Launched and connected shader compiler UnityShaderCompiler after 0.02 seconds
Start importing Assets/UniversalRenderPipelineGlobalSettings.asset using Guid(1595ec09f85e3c09eb1fc3b64c97d86d) (NativeFormatImporter) -> (artifact id: '9b3b29cb250a8317369c29460079e02e') in 0.001744439 seconds
Start importing Assets/UniversalRenderPipelineGlobalSettings.asset using Guid(1595ec09f85e3c09eb1fc3b64c97d86d) (NativeFormatImporter)Launched and connected shader compiler UnityShaderCompiler after 0.02 seconds
 -> (artifact id: '9b3b29cb250a8317369c29460079e02e') in 0.001001747 seconds
Launched and connected shader compiler UnityShaderCompiler after 0.02 seconds
Launched and connected shader compiler UnityShaderCompiler after 0.02 seconds
URP Global Settings Asset has been created for you. If you want to modify it, go to Project Settings > Graphics > URP Global Settings Asset
UnityEngine.Debug:ExtractStackTraceNoAlloc (byte*,int,string)
UnityEngine.StackTraceUtility:ExtractStackTrace () (at /home/bokken/build/output/unity/unity/Runtime/Export/Scripting/StackTrace.cs:35)
UnityEngine.DebugLogHandler:Internal_Log (UnityEngine.LogType,UnityEngine.LogOption,string,UnityEngine.Object)
UnityEngine.DebugLogHandler:LogFormat (UnityEngine.LogType,UnityEngine.Object,string,object[])
UnityEngine.Logger:Log (UnityEngine.LogType,object)
UnityEngine.Debug:LogWarning (object)
UnityEngine.Rendering.RenderPipelineGlobalSettingsUtils:TryEnsure<UnityEngine.Rendering.Universal.UniversalRenderPipelineGlobalSettings, UnityEngine.Rendering.Universal.UniversalRenderPipeline> (UnityEngine.Rendering.Universal.UniversalRenderPipelineGlobalSettings&,string,bool,System.Exception&) (at ./Library/PackageCache/com.unity.render-pipelines.core@21d6c4fca829/Runtime/RenderPipeline/RenderPipelineGlobalSettingsUtils.cs:126)
UnityEngine.Rendering.RenderPipelineGlobalSettingsUtils:TryEnsure<UnityEngine.Rendering.Universal.UniversalRenderPipelineGlobalSettings, UnityEngine.Rendering.Universal.UniversalRenderPipeline> (UnityEngine.Rendering.Universal.UniversalRenderPipelineGlobalSettings&,string,bool) (at ./Library/PackageCache/com.unity.render-pipelines.core@21d6c4fca829/Runtime/RenderPipeline/RenderPipelineGlobalSettingsUtils.cs:90)
UnityEngine.Rendering.Universal.UniversalRenderPipelineGlobalSettings:Ensure (bool) (at ./Library/PackageCache/com.unity.render-pipelines.universal@f240f8c369cb/Runtime/UniversalRenderPipelineGlobalSettings.cs:284)
UnityEditor.Rendering.Universal.UniversalRenderPipelineGlobalSettingsPostprocessor:OnPostprocessAllAssets (string[],string[],string[],string[],bool) (at ./Library/PackageCache/com.unity.render-pipelines.universal@f240f8c369cb/Editor/AssetPostProcessors/UniversalRenderPipelineGlobalSettingsPostprocessor.cs:14)
System.Reflection.RuntimeMethodInfo:Invoke (object,System.Reflection.BindingFlags,System.Reflection.Binder,object[],System.Globalization.CultureInfo)
System.Reflection.MethodBase:Invoke (object,object[])
UnityEditor.AssetPostprocessingInternal:InvokeMethod (System.Reflection.MethodInfo,object[]) (at /home/bokken/build/output/unity/unity/Editor/Mono/AssetPostprocessor.cs:1168)
UnityEditor.AssetPostprocessingInternal:PostprocessAllAssets (string[],string[],string[],string[],string[],bool) (at /home/bokken/build/output/unity/unity/Editor/Mono/AssetPostprocessor.cs:395)

(Filename: ./Library/PackageCache/com.unity.render-pipelines.core@21d6c4fca829/Runtime/RenderPipeline/RenderPipelineGlobalSettingsUtils.cs Line: 126)

Launched and connected shader compiler UnityShaderCompiler after 0.02 seconds
Launched and connected shader compiler UnityShaderCompiler after 0.02 seconds
Launched and connected shader compiler UnityShaderCompiler after 0.02 seconds
Launched and connected shader compiler UnityShaderCompiler after 0.02 seconds
Launched and connected shader compiler UnityShaderCompiler after 0.01 seconds
Launched and connected shader compiler UnityShaderCompiler after 0.02 seconds
Launched and connected shader compiler UnityShaderCompiler after 0.02 seconds
Launched and connected shader compiler UnityShaderCompiler after 0.03 seconds
Refreshing native plugins compatible for Editor in 0.29 ms, found 0 plugins.
Preloading 0 native plugins for Editor in 0.00 ms.
Asset Pipeline Refresh (id=8a04ceb011430650398aa2802ce00b8f): Total: 14.277 seconds - Initiated by InitialRefreshV2(ForceSynchronousImport)
	Summary:
		Imports: total=3082 (actual=3082, local cache=0, cache server=0)
		Asset DB Process Time: managed=363 ms, native=10310 ms
		Asset DB Callback time: managed=632 ms, native=141 ms
		Scripting: domain reloads=1, domain reload time=299 ms, compile time=2511 ms, other=17 ms
		Project Asset Count: scripts=996, non-scripts=2085
		Asset File Changes: new=2, changed=3, moved=0, deleted=0
		Scan Filter Count: 1
	InvokeCustomDependenciesCallbacks: 0.006ms
	InvokePackagesCallback: 3.498ms
	ApplyChangesToAssetFolders: 0.805ms
	Scan: 381.812ms
	OnSourceAssetsModified: 1.166ms
	CategorizeAssetsWithTransientArtifact: 11.397ms
	ProcessAssetsWithTransientArtifactChanges: 23.623ms
	CategorizeAssets: 43.777ms
	ImportOutOfDateAssets: 10135.024ms (-269.682ms without children)
		ImportManagerImport: 7887.599ms (340.083ms without children)
			ImportInProcess: 7532.298ms
			UpdateCategorizedAssets: 15.217ms
		CompileScripts: 2510.745ms
		ReloadNativeAssets: 0.129ms
		UnloadImportedAssets: 2.017ms
		ReloadImportedAssets: 0.297ms
		EnsureUptoDateAssetsAreRegisteredWithGuidPM: 1.416ms
		InitializingProgressBar: 0.032ms
		PostProcessAllAssetNotificationsAddChangedAssets: 0.001ms
		OnDemandSchedulerStart: 2.469ms
	PostProcessAllAssets: 1047.474ms
	Hotreload: 5.566ms
	GatherAllCurrentPrimaryArtifactRevisions: 1.430ms
	UnloadStreamsBegin: 4.435ms
	PersistCurrentRevisions: 1.794ms
	UnloadStreamsEnd: 1.531ms
	GenerateScriptTypeHashes: 0.824ms
	Untracked: 2613.578ms

Application.AssetDatabase Initial Refresh End
Launched and connected shader compiler UnityShaderCompiler after 0.02 seconds
Launched and connected shader compiler UnityShaderCompiler after 0.03 seconds
Launched and connected shader compiler UnityShaderCompiler after 0.04 seconds
Launched and connected shader compiler UnityShaderCompiler after 0.03 seconds
Launched and connected shader compiler UnityShaderCompiler after 0.03 seconds
Scanning for USB devices : 2.515ms
Initializing Unity extensions:
UpdateMenuTitleForLanguage: 10
[MODES] ModeService[none].Initialize
[MODES] ModeService[none].LoadModes
[MODES] Loading mode Default (0) for mode-current-id-MiniMarketUnity
Unloading 205 Unused Serialized files (Serialized files now loaded: 0)
Unloading 4878 unused Assets / (22.9 MB). Loaded Objects now: 5492.
Memory consumption went from 334.0 MB to 311.1 MB.
Total: 29.658154 ms (FindLiveObjects: 0.450206 ms CreateObjectMapping: 0.162734 ms MarkObjects: 22.370258 ms  DeleteObjects: 6.674295 ms)

Batchmode quit successfully invoked - shutting down!
Curl error 42: Callback aborted
The command could not be loaded, possibly because:
  * You intended to execute a .NET application:
      The application 'build-server' does not exist.
  * You intended to execute a .NET SDK command:
      No .NET SDKs were found.

Download a .NET SDK:
https://aka.ms/dotnet-download

Learn about SDK resolution:
https://aka.ms/dotnet/sdk-not-found
Start importing ProjectSettings/InputManager.asset using Guid(00000000000000002000000000000000) (LibraryAssetImporter) -> (artifact id: '2285e38fbefe4885a128d33e5b78ca26') in 0.000742636 seconds
Start importing ProjectSettings/GraphicsSettings.asset using Guid(00000000000000006100000000000000) (LibraryAssetImporter) -> (artifact id: '1ceca62ed8bbdb8ff7cb38cc83eef99b') in 0.000422135 seconds
Refreshing native plugins compatible for Editor in 0.09 ms, found 0 plugins.
Preloading 0 native plugins for Editor in 0.00 ms.
Asset Pipeline Refresh (id=3b75dd4d7c682f4d2b367431ae543d5b): Total: 0.033 seconds - Initiated by StopAssetImportingV2(NoUpdateAssetOptions)
[Physics::Module] Cleanup current backend.
[Physics::Module] Id: 0xf2b8ea05
Input System module state changed to: ShutdownInProgress.
Input System polling thread exited.
Input System module state changed to: Shutdown.
[Licensing::IpcConnector] LicenseClient-ferney_oliveros-6000.3.23-notifications channel disconnected successfully.
[Licensing::IpcConnector] LicenseClient-ferney_oliveros-6000.3.23 channel disconnected successfully.
AcceleratorClientConnectionCallback - disconnected - :0
[40m[32minfo[39m[22m[49m: Microsoft.Hosting.Lifetime[0]
      Application is shutting down...
[40m[32minfo[39m[22m[49m: Unity.ILPP.Runner.PostProcessingAssemblyLoadContext[0]
      ALC ILPP context 1 is unloading
Cleanup mono
debugger-agent: Unable to listen on 43
Exiting batchmode successfully now!
