Unity Editor version:    6000.3.23f1 (09d2ecc7fb28)
Branch:                  6000.3/staging
Build type:              Release
Batch mode:              YES
System name:             Linux
Distro version:          #1 SMP PREEMPT_DYNAMIC Wed, 08 Jul 2026 19:47:07 +0000
Kernel version:          6.18.38-2-cachyos-lts
Architecture:            x86_64
Window Protocol:         Wayland (XWayland)
Available memory:        64123 MB
Date:                    2026-09-03T02:23:29Z
[Licensing::Module] Trying to connect to existing licensing client channel...
Initialize udev device monitor.
[Licensing::IpcConnector] Successfully connected to: "LicenseClient-ferney_oliveros" at "2026-09-03T02:23:29.734269Z"
[SignatureVerifier] Application signature verification not supported on this platform.
[Licensing::Client] Error: HandshakeResponse reported an error:
	ResponseCode: 505
	ResponseStatus: Unsupported protocol version '1.18.3'.
[Licensing::Module] Error: Failed to handshake to channel: "LicenseClient-ferney_oliveros"
[Licensing::IpcConnector] LicenseClient-ferney_oliveros channel disconnected successfully.

COMMAND LINE ARGUMENTS:
/home/ferney_oliveros/Unity/Hub/Editor/6000.3.23f1/Editor/Unity
-batchmode
-nographics
-quit
-projectPath
/home/ferney_oliveros/Mini Market/Unity/MiniMarketUnity
-logFile
/home/ferney_oliveros/Mini Market/Unity/unity-first-import.log
[Licensing::IpcConnector] Connection to channel LicenseClient-ferney_oliveros-6000.3.23 refused
Successfully changed project path to: /home/ferney_oliveros/Mini Market/Unity/MiniMarketUnity
[Licensing::Module] Successfully launched the LicensingClient (PId: 201753)
/home/ferney_oliveros/Mini Market/Unity/MiniMarketUnity
[UnityMemory] Configuration Parameters - Can be set up in boot.config
    "memorysetup-allocator-temp-initial-block-size-main=262144"
    "memorysetup-allocator-temp-initial-block-size-worker=262144"
    "memorysetup-temp-allocator-size-background-worker=32768"
    "memorysetup-temp-allocator-size-job-worker=262144"
    "memorysetup-temp-allocator-size-preload-manager=33554432"
    "memorysetup-remapper-allocator-initial-capacity=32768"
    "memorysetup-temp-allocator-size-nav-mesh-worker=65536"
    "memorysetup-temp-allocator-size-audio-worker=65536"
    "memorysetup-temp-allocator-size-cloud-worker=32768"
    "memorysetup-temp-allocator-size-gi-baking-worker=262144"
    "memorysetup-temp-allocator-size-gi-baking-worker=262144"
    "memorysetup-temp-allocator-size-gi-baking-worker=262144"
    "memorysetup-temp-allocator-size-gi-baking-worker=262144"
    "memorysetup-temp-allocator-size-gi-baking-worker=262144"
    "memorysetup-bucket-allocator-granularity=16"
    "memorysetup-bucket-allocator-bucket-count=8"
    "memorysetup-bucket-allocator-block-size=33554432"
    "memorysetup-bucket-allocator-block-count=8"
    "memorysetup-main-allocator-block-size=16777216"
    "memorysetup-thread-allocator-block-size=16777216"
    "memorysetup-gfx-main-allocator-block-size=16777216"
    "memorysetup-gfx-thread-allocator-block-size=16777216"
    "memorysetup-cache-allocator-block-size=4194304"
    "memorysetup-typetree-allocator-block-size=2097152"
    "memorysetup-profiler-bucket-allocator-granularity=16"
    "memorysetup-profiler-bucket-allocator-bucket-count=8"
    "memorysetup-profiler-bucket-allocator-block-size=33554432"
    "memorysetup-profiler-bucket-allocator-block-count=8"
    "memorysetup-profiler-allocator-block-size=16777216"
    "memorysetup-profiler-editor-allocator-block-size=1048576"
    "memorysetup-temp-allocator-size-main=16777216"
    "memorysetup-job-temp-allocator-block-size=2097152"
    "memorysetup-job-temp-allocator-block-size-background=1048576"
    "memorysetup-job-temp-allocator-reduction-small-platforms=262144"
    "memorysetup-temp-allocator-size-gfx=262144"
Player connection [139947376467072]  Target information:

Player connection [139947376467072]  * "[IP] 192.168.1.136 [Port] 55504 [Flags] 2 [Guid] 3762169552 [EditorId] 3762169552 [Version] 1048832 [Id] LinuxEditor(16,192.168.1.136) [Debug] 1 [PackageName] LinuxEditor [ProjectName] Editor" 

Player connection [139947376467072] Host joined multi-casting on [225.0.0.222:54997]...
Player connection [139947376467072] Host joined alternative multi-casting on [225.0.0.222:34997]...
Input System module state changed to: Initialized.
[Physics::Module] Initialized fallback backend.
[Physics::Module] Id: 0xdecafbad
[Package Manager] Connected to IPC stream "Upm-201704" after 0.1 seconds.
[Licensing::Module] Licensing is not yet initialized.
[Licensing::IpcConnector] Successfully connected to: "LicenseClient-ferney_oliveros-6000.3.23" at "2026-09-03T02:23:29.983094Z"
[SignatureVerifier] Application signature verification not supported on this platform.
[Licensing::Client] Handshaking with LicensingClient:
  Version:                 1.18.3+d7ffd15
  Session Id:              f79c48326a3e43e680fe02121a542ed1
  Correlation Id:          9984d0ad73ea3e08a998fbea1a33a358
  External correlation Id: 3968943098751483000
  Machine Id:              3wrSyLp21P1kN0z9UG6hOyX7dyc=
[Licensing::Module] Successfully connected to LicensingClient on channel: "LicenseClient-ferney_oliveros-6000.3.23" (connect: 0.25s, validation: 0.02s, handshake: 0.00s)
[Licensing::IpcConnector] Successfully connected to: "LicenseClient-ferney_oliveros-6000.3.23-notifications" at "2026-09-03T02:23:30.007147Z"
[Licensing::Module] Connected to LicensingClient (PId: 201753, launch time: 0.00, total connection time: 0.27s)
[Licensing::Module] Error: Access token is unavailable; failed to update
[Licensing::Client] Successfully resolved entitlement details
[Licensing::Module] License group:
  Id: 6872882819583-UnityPersXXXX
  Product: Unity Personal
  Type: Assigned
  Expiration: Unlimited
[Licensing::Client] Successfully updated license, isAsync: True, time: 0.00
[Licensing::Client] Successfully resolved entitlement details
[Licensing::Module] Licensing Background thread has ended after 0.28s
[Licensing::Module] Licensing is initialized (took 0.14s).
[Licensing::Client] Successfully resolved entitlement details
Library Redirect Path: Library/
Rebuilding Library because the asset database could not be found!
[Physics::Module] Selected backend.
[Physics::Module] Name: PhysX
[Physics::Module] Id: 0xf2b8ea05
[Physics::Module] SDK Version: 4.1.2
[Physics::Module] Integration Version: 1.0.0
[Physics::Module] Threading Mode: Multi-Threaded
Unable to load player prefs
Refreshing native plugins compatible for Editor in 0.00 ms, found 0 plugins.
Preloading 0 native plugins for Editor in 0.00 ms.
Initialize engine version: 6000.3.23f1 (09d2ecc7fb28)
[Subsystems] Discovering subsystems at path /home/ferney_oliveros/Unity/Hub/Editor/6000.3.23f1/Editor/Data/Resources/UnitySubsystems
[Subsystems] Discovering subsystems at path /home/ferney_oliveros/Mini Market/Unity/MiniMarketUnity/Assets
Forcing GfxDevice: Null
GfxDevice: creating device client; kGfxThreadingModeNonThreaded
NullGfxDevice:
    Version:  NULL 1.0 [1.0]
    Renderer: Null Device
    Vendor:   Unity Technologies
Initialize mono
Mono path[0] = '/home/ferney_oliveros/Unity/Hub/Editor/6000.3.23f1/Editor/Data/Managed'
Mono path[1] = '/home/ferney_oliveros/Unity/Hub/Editor/6000.3.23f1/Editor/Data/MonoBleedingEdge/lib/mono/unityjit-linux'
Mono config path = '/home/ferney_oliveros/Unity/Hub/Editor/6000.3.23f1/Editor/Data/MonoBleedingEdge/etc'
Using monoOptions --debugger-agent=transport=dt_socket,embedding=1,server=y,suspend=n,address=127.0.0.1:56704
Using cacheserver namespaces - metadata:defaultmetadata, artifacts:defaultartifacts
Using cacheserver namespaces - metadata:defaultmetadata, artifacts:defaultartifacts
ImportWorker Server TCP listen port: 0
AcceleratorClientConnectionCallback - disconnected - :0
Begin MonoManager ReloadAssembly
Registering precompiled unity dll's ...
Register platform support module: /home/ferney_oliveros/Unity/Hub/Editor/6000.3.23f1/Editor/Data/PlaybackEngines/WebGLSupport/UnityEditor.WebGL.Extensions.dll
Register platform support module: /home/ferney_oliveros/Unity/Hub/Editor/6000.3.23f1/Editor/Data/PlaybackEngines/LinuxStandaloneSupport/UnityEditor.LinuxStandalone.Extensions.dll
Registered in 0.000610 seconds.
- Loaded All Assemblies, in  0.182 seconds
Native extension for LinuxStandalone target not found
Native extension for WebGL target not found
Package Manager log level set to [2]
[Licensing::Client] Successfully resolved entitlement details
ScheduleIndexationOnStartup MainProcess:False IndexOnStartup:False
Mono: successfully reloaded assembly
- Finished resetting the current domain, in  2.272 seconds
Domain Reload Profiling: 2454ms
	BeginReloadAssembly (48ms)
		ExecutionOrderSort (0ms)
		DisableScriptedObjects (0ms)
		BackupInstance (0ms)
		ReleaseScriptingObjects (0ms)
		CreateAndSetChildDomain (9ms)
	RebuildCommonClasses (19ms)
	RebuildNativeTypeToScriptingClass (4ms)
	initialDomainReloadingComplete (25ms)
	LoadAllAssembliesAndSetupDomain (85ms)
		LoadAssemblies (39ms)
		RebuildTransferFunctionScriptingTraits (0ms)
		AnalyzeDomain (83ms)
			TypeCache.Refresh (83ms)
				TypeCache.ScanAssembly (75ms)
			BuildScriptInfoCaches (0ms)
			ResolveRequiredComponents (0ms)
	FinalizeReload (2272ms)
		ReleaseScriptCaches (0ms)
		RebuildScriptCaches (0ms)
		SetupLoadedEditorAssemblies (2248ms)
			LogAssemblyErrors (0ms)
			InitializePlatformSupportModulesInManaged (27ms)
			SetLoadedEditorAssemblies (2ms)
			BeforeProcessingInitializeOnLoad (46ms)
			ProcessInitializeOnLoadAttributes (71ms)
			ProcessInitializeOnLoadMethodAttributes (2102ms)
			AfterProcessingInitializeOnLoad (0ms)
			EditorAssembliesLoaded (0ms)
		ExecutionOrderSort2 (0ms)
		AwakeInstancesAfterBackupRestoration (0ms)
[Licensing::Client] Successfully resolved entitlement details
Application.AssetDatabase Initial Refresh Start
[Package Manager] Done resolving packages in 7.16 seconds
[Licensing::Client] Successfully resolved entitlement details
[Package Manager] Lock file was modified
[Package Manager] Registered 35 packages:
  Packages from [https://packages.unity.com]:
    com.unity.inputsystem@1.14.2 (location: /home/ferney_oliveros/Mini Market/Unity/MiniMarketUnity/Library/PackageCache/com.unity.inputsystem@be6c4fd0abf5)
    com.unity.ai.navigation@2.0.9 (location: /home/ferney_oliveros/Mini Market/Unity/MiniMarketUnity/Library/PackageCache/com.unity.ai.navigation@5218e4bf7edc)
    com.unity.addressables@2.7.6 (location: /home/ferney_oliveros/Mini Market/Unity/MiniMarketUnity/Library/PackageCache/com.unity.addressables@45e9abf44299)
    com.unity.cloud.gltfast@6.18.0 (location: /home/ferney_oliveros/Mini Market/Unity/MiniMarketUnity/Library/PackageCache/com.unity.cloud.gltfast@17a3b690793e)
    com.unity.nuget.newtonsoft-json@3.2.1 (location: /home/ferney_oliveros/Mini Market/Unity/MiniMarketUnity/Library/PackageCache/com.unity.nuget.newtonsoft-json@74deb55db2a0)
    com.unity.burst@1.8.30 (location: /home/ferney_oliveros/Mini Market/Unity/MiniMarketUnity/Library/PackageCache/com.unity.burst@2f3d916873ea)
    com.unity.collections@2.6.8 (location: /home/ferney_oliveros/Mini Market/Unity/MiniMarketUnity/Library/PackageCache/com.unity.collections@84e8eb3fc12e)
    com.unity.mathematics@1.3.3 (location: /home/ferney_oliveros/Mini Market/Unity/MiniMarketUnity/Library/PackageCache/com.unity.mathematics@19a9377c4ffa)
    com.unity.profiling.core@1.0.3 (location: /home/ferney_oliveros/Mini Market/Unity/MiniMarketUnity/Library/PackageCache/com.unity.profiling.core@8a49f7027d06)
    com.unity.scriptablebuildpipeline@2.6.1 (location: /home/ferney_oliveros/Mini Market/Unity/MiniMarketUnity/Library/PackageCache/com.unity.scriptablebuildpipeline@36e3b5898ee2)
    com.unity.nuget.mono-cecil@1.11.6 (location: /home/ferney_oliveros/Mini Market/Unity/MiniMarketUnity/Library/PackageCache/com.unity.nuget.mono-cecil@ecb9724e46ff)
    com.unity.test-framework.performance@3.5.0 (location: /home/ferney_oliveros/Mini Market/Unity/MiniMarketUnity/Library/PackageCache/com.unity.test-framework.performance@8b56083ec0f0)
    com.unity.searcher@4.9.5 (location: /home/ferney_oliveros/Mini Market/Unity/MiniMarketUnity/Library/PackageCache/com.unity.searcher@a463122f2c00)
  Built-in packages:
    com.unity.render-pipelines.universal@17.3.0 (location: /home/ferney_oliveros/Mini Market/Unity/MiniMarketUnity/Library/PackageCache/com.unity.render-pipelines.universal@f240f8c369cb)
    com.unity.test-framework@1.6.0 (location: /home/ferney_oliveros/Mini Market/Unity/MiniMarketUnity/Library/PackageCache/com.unity.test-framework@0bd5c5194236)
    com.unity.ugui@2.0.0 (location: /home/ferney_oliveros/Mini Market/Unity/MiniMarketUnity/Library/PackageCache/com.unity.ugui@6207c5620340)
    com.unity.modules.ai@1.0.0 (location: /home/ferney_oliveros/Mini Market/Unity/MiniMarketUnity/Library/PackageCache/com.unity.modules.ai)
    com.unity.modules.animation@1.0.0 (location: /home/ferney_oliveros/Mini Market/Unity/MiniMarketUnity/Library/PackageCache/com.unity.modules.animation)
    com.unity.modules.audio@1.0.0 (location: /home/ferney_oliveros/Mini Market/Unity/MiniMarketUnity/Library/PackageCache/com.unity.modules.audio)
    com.unity.modules.imageconversion@1.0.0 (location: /home/ferney_oliveros/Mini Market/Unity/MiniMarketUnity/Library/PackageCache/com.unity.modules.imageconversion)
    com.unity.modules.jsonserialize@1.0.0 (location: /home/ferney_oliveros/Mini Market/Unity/MiniMarketUnity/Library/PackageCache/com.unity.modules.jsonserialize)
    com.unity.modules.physics@1.0.0 (location: /home/ferney_oliveros/Mini Market/Unity/MiniMarketUnity/Library/PackageCache/com.unity.modules.physics)
    com.unity.modules.ui@1.0.0 (location: /home/ferney_oliveros/Mini Market/Unity/MiniMarketUnity/Library/PackageCache/com.unity.modules.ui)
    com.unity.modules.unitywebrequest@1.0.0 (location: /home/ferney_oliveros/Mini Market/Unity/MiniMarketUnity/Library/PackageCache/com.unity.modules.unitywebrequest)
    com.unity.modules.unitywebrequesttexture@1.0.0 (location: /home/ferney_oliveros/Mini Market/Unity/MiniMarketUnity/Library/PackageCache/com.unity.modules.unitywebrequesttexture)
    com.unity.modules.imgui@1.0.0 (location: /home/ferney_oliveros/Mini Market/Unity/MiniMarketUnity/Library/PackageCache/com.unity.modules.imgui)
    com.unity.ext.nunit@2.0.5 (location: /home/ferney_oliveros/Mini Market/Unity/MiniMarketUnity/Library/PackageCache/com.unity.ext.nunit@ec2d0043d6fc)
    com.unity.modules.assetbundle@1.0.0 (location: /home/ferney_oliveros/Mini Market/Unity/MiniMarketUnity/Library/PackageCache/com.unity.modules.assetbundle)
    com.unity.modules.unitywebrequestassetbundle@1.0.0 (location: /home/ferney_oliveros/Mini Market/Unity/MiniMarketUnity/Library/PackageCache/com.unity.modules.unitywebrequestassetbundle)
    com.unity.modules.uielements@1.0.0 (location: /home/ferney_oliveros/Mini Market/Unity/MiniMarketUnity/Library/PackageCache/com.unity.modules.uielements)
    com.unity.render-pipelines.core@17.3.0 (location: /home/ferney_oliveros/Mini Market/Unity/MiniMarketUnity/Library/PackageCache/com.unity.render-pipelines.core@21d6c4fca829)
    com.unity.shadergraph@17.3.0 (location: /home/ferney_oliveros/Mini Market/Unity/MiniMarketUnity/Library/PackageCache/com.unity.shadergraph@f391c7e5c168)
    com.unity.render-pipelines.universal-config@17.0.3 (location: /home/ferney_oliveros/Mini Market/Unity/MiniMarketUnity/Library/PackageCache/com.unity.render-pipelines.universal-config@dbe3fd082d8f)
    com.unity.modules.hierarchycore@1.0.0 (location: /home/ferney_oliveros/Mini Market/Unity/MiniMarketUnity/Library/PackageCache/com.unity.modules.hierarchycore)
    com.unity.modules.terrain@1.0.0 (location: /home/ferney_oliveros/Mini Market/Unity/MiniMarketUnity/Library/PackageCache/com.unity.modules.terrain)
[Subsystems] No new subsystems found in resolved package list.
[Package Manager] Done registering packages in 0.00 seconds
[API Updater] Processing imported assemblies took 26 ms (0/0 assembly(ies)).
Assembly Updater Post Process Assets time: 0.028037s
[ScriptCompilation] Requested script compilation because: Assembly Definition File(s) changed
[ScriptCompilation] Requested script compilation because: Assetdatabase observed changes in script compilation related files
[40m[32minfo[39m[22m[49m: Microsoft.Hosting.Lifetime[14]
      Now listening on: http://unix:/tmp/ilpp.sock-0e8c7941c7e11cf9e2d6a8995576a104
[40m[32minfo[39m[22m[49m: Microsoft.Hosting.Lifetime[0]
      Application started. Press Ctrl+C to shut down.
[40m[32minfo[39m[22m[49m: Microsoft.Hosting.Lifetime[0]
      Hosting environment: Production
[40m[32minfo[39m[22m[49m: Microsoft.Hosting.Lifetime[0]
      Content root path: /home/ferney_oliveros/Mini Market/Unity/MiniMarketUnity/
[40m[32minfo[39m[22m[49m: Microsoft.AspNetCore.Hosting.Diagnostics[1]
      Request starting HTTP/2 POST http://ilpp/UnityILPP.PostProcessing/Ping application/grpc -
[40m[32minfo[39m[22m[49m: Microsoft.AspNetCore.Routing.EndpointMiddleware[0]
      Executing endpoint 'gRPC - /UnityILPP.PostProcessing/Ping'
[40m[32minfo[39m[22m[49m: Microsoft.AspNetCore.Routing.EndpointMiddleware[1]
      Executed endpoint 'gRPC - /UnityILPP.PostProcessing/Ping'
[40m[32minfo[39m[22m[49m: Microsoft.AspNetCore.Hosting.Diagnostics[2]
      Request finished HTTP/2 POST http://ilpp/UnityILPP.PostProcessing/Ping application/grpc - - 200 - application/grpc 21.0593ms
Starting: /home/ferney_oliveros/Unity/Hub/Editor/6000.3.23f1/Editor/Data/Tools/BuildPipeline/bee_backend --ipc --defer-dag-verification --dagfile="Library/Bee/2400b0aE.dag" --continue-on-failure --profile="Library/Bee/backend1.traceevents" ScriptAssemblies
WorkingDir: /home/ferney_oliveros/Mini Market/Unity/MiniMarketUnity
ExitCode: 4 Duration: 0s12ms
[             ] Require frontend run.  Library/Bee/2400b0aE.dag couldn't be loaded
DisplayProgressbar: Compiling Scripts
Starting: /home/ferney_oliveros/Unity/Hub/Editor/6000.3.23f1/Editor/Data/netcorerun/netcorerun "/home/ferney_oliveros/Unity/Hub/Editor/6000.3.23f1/Editor/Data/Tools/BuildPipeline/ScriptCompilationBuildProgram.exe" "Library/Bee/2400b0aE.dag.json" "Library/Bee/2400b0aE-inputdata.json" "Library/Bee/buildprogram0.traceevents"
WorkingDir: /home/ferney_oliveros/Mini Market/Unity/MiniMarketUnity
ExitCode: 0 Duration: 0s443ms
Starting: /home/ferney_oliveros/Unity/Hub/Editor/6000.3.23f1/Editor/Data/Tools/BuildPipeline/bee_backend --ipc --defer-dag-verification --dagfile="Library/Bee/2400b0aE.dag" --continue-on-failure --dagfilejson="Library/Bee/2400b0aE.dag.json" --profile="Library/Bee/backend2.traceevents" ScriptAssemblies
WorkingDir: /home/ferney_oliveros/Mini Market/Unity/MiniMarketUnity
[40m[32minfo[39m[22m[49m: Microsoft.AspNetCore.Hosting.Diagnostics[1]
      Request starting HTTP/2 POST http://ilpp/UnityILPP.PostProcessing/ConfigurePostProcessors application/grpc -
[40m[32minfo[39m[22m[49m: Microsoft.AspNetCore.Routing.EndpointMiddleware[0]
      Executing endpoint 'gRPC - /UnityILPP.PostProcessing/ConfigurePostProcessors'
[40m[1m[33mwarn[39m[22m[49m: Unity.ILPP.Runner.PostProcessingAssemblyLoadContext[0]
      Assembly system.runtime.interopservices.windowsruntime has duplicate hint path. Ignoring "/home/ferney_oliveros/Unity/Hub/Editor/6000.3.23f1/Editor/Data/UnityReferenceAssemblies/unity-4.8-api/Facades/System.Runtime.InteropServices.WindowsRuntime.dll" in favor of "/home/ferney_oliveros/Unity/Hub/Editor/6000.3.23f1/Editor/Data/NetStandard/Extensions/2.0.0/System.Runtime.InteropServices.WindowsRuntime.dll"
[40m[1m[33mwarn[39m[22m[49m: Unity.ILPP.Runner.PostProcessingAssemblyLoadContext[0]
      Assembly system.componentmodel.composition has duplicate hint path. Ignoring "/home/ferney_oliveros/Unity/Hub/Editor/6000.3.23f1/Editor/Data/UnityReferenceAssemblies/unity-4.8-api/System.ComponentModel.Composition.dll" in favor of "/home/ferney_oliveros/Unity/Hub/Editor/6000.3.23f1/Editor/Data/NetStandard/compat/2.1.0/shims/netfx/System.ComponentModel.Composition.dll"
[40m[32minfo[39m[22m[49m: Unity.ILPP.Runner.PostProcessingAssemblyLoadContext[0]
      Resolved Unity.Burst.Cecil, Version=0.11.6.0, Culture=neutral, PublicKeyToken=50cebf1cceb9d05e with Library/PackageCache/com.unity.burst@2f3d916873ea/Unity.Burst.CodeGen/Unity.Burst.Cecil.dll
[40m[32minfo[39m[22m[49m: Unity.ILPP.Runner.PostProcessingAssemblyLoadContext[0]
      Resolved Mono.Cecil, Version=0.11.5.0, Culture=neutral, PublicKeyToken=50cebf1cceb9d05e with Library/PackageCache/com.unity.nuget.mono-cecil@ecb9724e46ff/Mono.Cecil.dll
[40m[32minfo[39m[22m[49m: Microsoft.AspNetCore.Routing.EndpointMiddleware[1]
      Executed endpoint 'gRPC - /UnityILPP.PostProcessing/ConfigurePostProcessors'
[40m[32minfo[39m[22m[49m: Microsoft.AspNetCore.Hosting.Diagnostics[2]
      Request finished HTTP/2 POST http://ilpp/UnityILPP.PostProcessing/ConfigurePostProcessors application/grpc - - 200 - application/grpc 14.1334ms
[40m[32minfo[39m[22m[49m: Microsoft.AspNetCore.Hosting.Diagnostics[1]
      Request starting HTTP/2 POST http://ilpp/UnityILPP.PostProcessing/PostProcessAssembly application/grpc -
[40m[32minfo[39m[22m[49m: Microsoft.AspNetCore.Routing.EndpointMiddleware[0]
      Executing endpoint 'gRPC - /UnityILPP.PostProcessing/PostProcessAssembly'
[40m[32minfo[39m[22m[49m: Microsoft.AspNetCore.Hosting.Diagnostics[1]
      Request starting HTTP/2 POST http://ilpp/UnityILPP.PostProcessing/PostProcessAssembly application/grpc -
[40m[32minfo[39m[22m[49m: Microsoft.AspNetCore.Hosting.Diagnostics[1]
      Request starting HTTP/2 POST http://ilpp/UnityILPP.PostProcessing/PostProcessAssembly application/grpc -
[40m[32minfo[39m[22m[49m: Microsoft.AspNetCore.Routing.EndpointMiddleware[0]
      Executing endpoint 'gRPC - /UnityILPP.PostProcessing/PostProcessAssembly'
[40m[32minfo[39m[22m[49m: Microsoft.AspNetCore.Routing.EndpointMiddleware[0]
      Executing endpoint 'gRPC - /UnityILPP.PostProcessing/PostProcessAssembly'
[40m[32minfo[39m[22m[49m: Microsoft.AspNetCore.Hosting.Diagnostics[1]
      Request starting HTTP/2 POST http://ilpp/UnityILPP.PostProcessing/PostProcessAssembly application/grpc -
[40m[32minfo[39m[22m[49m: Microsoft.AspNetCore.Routing.EndpointMiddleware[0]
      Executing endpoint 'gRPC - /UnityILPP.PostProcessing/PostProcessAssembly'
[40m[32minfo[39m[22m[49m: Microsoft.AspNetCore.Hosting.Diagnostics[1]
      Request starting HTTP/2 POST http://ilpp/UnityILPP.PostProcessing/PostProcessAssembly application/grpc -
[40m[32minfo[39m[22m[49m: Microsoft.AspNetCore.Routing.EndpointMiddleware[0]
      Executing endpoint 'gRPC - /UnityILPP.PostProcessing/PostProcessAssembly'
[40m[32minfo[39m[22m[49m: Microsoft.AspNetCore.Hosting.Diagnostics[1]
      Request starting HTTP/2 POST http://ilpp/UnityILPP.PostProcessing/PostProcessAssembly application/grpc -
[40m[32minfo[39m[22m[49m: Microsoft.AspNetCore.Routing.EndpointMiddleware[0]
      Executing endpoint 'gRPC - /UnityILPP.PostProcessing/PostProcessAssembly'
[40m[32minfo[39m[22m[49m: Microsoft.AspNetCore.Hosting.Diagnostics[1]
      Request starting HTTP/2 POST http://ilpp/UnityILPP.PostProcessing/PostProcessAssembly application/grpc -
[40m[32minfo[39m[22m[49m: Microsoft.AspNetCore.Routing.EndpointMiddleware[0]
      Executing endpoint 'gRPC - /UnityILPP.PostProcessing/PostProcessAssembly'
[40m[32minfo[39m[22m[49m: Microsoft.AspNetCore.Hosting.Diagnostics[1]
      Request starting HTTP/2 POST http://ilpp/UnityILPP.PostProcessing/PostProcessAssembly application/grpc -
[40m[32minfo[39m[22m[49m: Microsoft.AspNetCore.Hosting.Diagnostics[1]
      Request starting HTTP/2 POST http://ilpp/UnityILPP.PostProcessing/PostProcessAssembly application/grpc -
[40m[32minfo[39m[22m[49m: Microsoft.AspNetCore.Hosting.Diagnostics[1]
      Request starting HTTP/2 POST http://ilpp/UnityILPP.PostProcessing/PostProcessAssembly application/grpc -
[40m[32minfo[39m[22m[49m: Microsoft.AspNetCore.Routing.EndpointMiddleware[0]
      Executing endpoint 'gRPC - /UnityILPP.PostProcessing/PostProcessAssembly'
[40m[32minfo[39m[22m[49m: Microsoft.AspNetCore.Routing.EndpointMiddleware[0]
      Executing endpoint 'gRPC - /UnityILPP.PostProcessing/PostProcessAssembly'
[40m[32minfo[39m[22m[49m: Microsoft.AspNetCore.Routing.EndpointMiddleware[0]
      Executing endpoint 'gRPC - /UnityILPP.PostProcessing/PostProcessAssembly'
[40m[32minfo[39m[22m[49m: Microsoft.AspNetCore.Hosting.Diagnostics[1]
      Request starting HTTP/2 POST http://ilpp/UnityILPP.PostProcessing/PostProcessAssembly application/grpc -
[40m[32minfo[39m[22m[49m: Microsoft.AspNetCore.Routing.EndpointMiddleware[0]
      Executing endpoint 'gRPC - /UnityILPP.PostProcessing/PostProcessAssembly'
[40m[32minfo[39m[22m[49m: Microsoft.AspNetCore.Hosting.Diagnostics[1]
      Request starting HTTP/2 POST http://ilpp/UnityILPP.PostProcessing/PostProcessAssembly application/grpc -
[40m[32minfo[39m[22m[49m: Microsoft.AspNetCore.Routing.EndpointMiddleware[0]
      Executing endpoint 'gRPC - /UnityILPP.PostProcessing/PostProcessAssembly'
[40m[32minfo[39m[22m[49m: Microsoft.AspNetCore.Hosting.Diagnostics[1]
      Request starting HTTP/2 POST http://ilpp/UnityILPP.PostProcessing/PostProcessAssembly application/grpc -
[40m[32minfo[39m[22m[49m: Microsoft.AspNetCore.Routing.EndpointMiddleware[0]
      Executing endpoint 'gRPC - /UnityILPP.PostProcessing/PostProcessAssembly'
[40m[32minfo[39m[22m[49m: Microsoft.AspNetCore.Hosting.Diagnostics[1]
      Request starting HTTP/2 POST http://ilpp/UnityILPP.PostProcessing/PostProcessAssembly application/grpc -
[40m[32minfo[39m[22m[49m: Microsoft.AspNetCore.Routing.EndpointMiddleware[0]
      Executing endpoint 'gRPC - /UnityILPP.PostProcessing/PostProcessAssembly'
[40m[32minfo[39m[22m[49m: Microsoft.AspNetCore.Hosting.Diagnostics[1]
      Request starting HTTP/2 POST http://ilpp/UnityILPP.PostProcessing/PostProcessAssembly application/grpc -
[40m[32minfo[39m[22m[49m: Microsoft.AspNetCore.Routing.EndpointMiddleware[0]
      Executing endpoint 'gRPC - /UnityILPP.PostProcessing/PostProcessAssembly'
[40m[32minfo[39m[22m[49m: Microsoft.AspNetCore.Hosting.Diagnostics[1]
      Request starting HTTP/2 POST http://ilpp/UnityILPP.PostProcessing/PostProcessAssembly application/grpc -
[40m[32minfo[39m[22m[49m: Microsoft.AspNetCore.Routing.EndpointMiddleware[0]
      Executing endpoint 'gRPC - /UnityILPP.PostProcessing/PostProcessAssembly'
[40m[32minfo[39m[22m[49m: Microsoft.AspNetCore.Hosting.Diagnostics[1]
      Request starting HTTP/2 POST http://ilpp/UnityILPP.PostProcessing/PostProcessAssembly application/grpc -
[40m[32minfo[39m[22m[49m: Microsoft.AspNetCore.Routing.EndpointMiddleware[0]
      Executing endpoint 'gRPC - /UnityILPP.PostProcessing/PostProcessAssembly'
[40m[32minfo[39m[22m[49m: Microsoft.AspNetCore.Hosting.Diagnostics[1]
      Request starting HTTP/2 POST http://ilpp/UnityILPP.PostProcessing/PostProcessAssembly application/grpc -
[40m[32minfo[39m[22m[49m: Microsoft.AspNetCore.Routing.EndpointMiddleware[0]
      Executing endpoint 'gRPC - /UnityILPP.PostProcessing/PostProcessAssembly'
[40m[32minfo[39m[22m[49m: Microsoft.AspNetCore.Hosting.Diagnostics[1]
      Request starting HTTP/2 POST http://ilpp/UnityILPP.PostProcessing/PostProcessAssembly application/grpc -
[40m[32minfo[39m[22m[49m: Microsoft.AspNetCore.Routing.EndpointMiddleware[0]
      Executing endpoint 'gRPC - /UnityILPP.PostProcessing/PostProcessAssembly'
[40m[32minfo[39m[22m[49m: Microsoft.AspNetCore.Hosting.Diagnostics[1]
      Request starting HTTP/2 POST http://ilpp/UnityILPP.PostProcessing/PostProcessAssembly application/grpc -
[40m[32minfo[39m[22m[49m: Microsoft.AspNetCore.Routing.EndpointMiddleware[0]
      Executing endpoint 'gRPC - /UnityILPP.PostProcessing/PostProcessAssembly'
[40m[32minfo[39m[22m[49m: Microsoft.AspNetCore.Hosting.Diagnostics[1]
      Request starting HTTP/2 POST http://ilpp/UnityILPP.PostProcessing/PostProcessAssembly application/grpc -
[40m[32minfo[39m[22m[49m: Microsoft.AspNetCore.Routing.EndpointMiddleware[0]
      Executing endpoint 'gRPC - /UnityILPP.PostProcessing/PostProcessAssembly'
[40m[32minfo[39m[22m[49m: Microsoft.AspNetCore.Hosting.Diagnostics[1]
      Request starting HTTP/2 POST http://ilpp/UnityILPP.PostProcessing/PostProcessAssembly application/grpc -
[40m[32minfo[39m[22m[49m: Microsoft.AspNetCore.Routing.EndpointMiddleware[0]
      Executing endpoint 'gRPC - /UnityILPP.PostProcessing/PostProcessAssembly'
[40m[32minfo[39m[22m[49m: Unity.ILPP.Runner.PostProcessingPipeline[0]
      Processing assembly Library/Bee/artifacts/2400b0aE.dag/Unity.Addressables.DocExampleCode.Editor.Tests.dll, with 131 defines and 273 references
[40m[32minfo[39m[22m[49m: Unity.ILPP.Runner.PostProcessingPipeline[0]
      Processing assembly Library/Bee/artifacts/2400b0aE.dag/Unity.AI.Navigation.Editor.ConversionSystem.dll, with 129 defines and 273 references
[40m[32minfo[39m[22m[49m: Unity.ILPP.Runner.PostProcessingPipeline[0]
      Processing assembly Library/Bee/artifacts/2400b0aE.dag/Unity.InputSystem.dll, with 141 defines and 241 references
[40m[32minfo[39m[22m[49m: Unity.ILPP.Runner.PostProcessingPipeline[0]
      Processing assembly Library/Bee/artifacts/2400b0aE.dag/Unity.Searcher.Editor.dll, with 129 defines and 273 references
[40m[32minfo[39m[22m[49m: Unity.ILPP.Runner.PostProcessingPipeline[0]
      Processing assembly Library/Bee/artifacts/2400b0aE.dag/Unity.RenderPipelines.Universal.Shaders.dll, with 131 defines and 241 references
[40m[32minfo[39m[22m[49m: Unity.ILPP.Runner.PostProcessingPipeline[0]
      Processing assembly Library/Bee/artifacts/2400b0aE.dag/UnityEditor.UI.Analytics.dll, with 129 defines and 274 references
[40m[32minfo[39m[22m[49m: Unity.ILPP.Runner.PostProcessingPipeline[0]
      Processing assembly Library/Bee/artifacts/2400b0aE.dag/Unity.RenderPipelines.ShaderGraph.ShaderGraphLibrary.dll, with 131 defines and 241 references
[40m[32minfo[39m[22m[49m: Unity.ILPP.Runner.PostProcessingPipeline[0]
      Processing assembly Library/Bee/artifacts/2400b0aE.dag/Unity.InputSystem.DocCodeSamples.dll, with 129 defines and 270 references
[40m[32minfo[39m[22m[49m: Unity.ILPP.Runner.PostProcessingPipeline[0]
      Processing assembly Library/Bee/artifacts/2400b0aE.dag/UnityEngine.UI.dll, with 135 defines and 239 references
[40m[32minfo[39m[22m[49m: Unity.ILPP.Runner.PostProcessingPipeline[0]
      Processing assembly Library/Bee/artifacts/2400b0aE.dag/Unity.Mathematics.dll, with 131 defines and 241 references
[40m[32minfo[39m[22m[49m: Unity.ILPP.Runner.PostProcessingPipeline[0]
      Processing assembly Library/Bee/artifacts/2400b0aE.dag/Unity.Addressables.dll, with 131 defines and 242 references
[40m[32minfo[39m[22m[49m: Unity.ILPP.Runner.PostProcessingPipeline[0]
      Processing assembly Library/Bee/artifacts/2400b0aE.dag/Unity.InputSystem.TestFramework.dll, with 132 defines and 238 references
[40m[32minfo[39m[22m[49m: Unity.ILPP.Runner.PostProcessingPipeline[0]
      Processing assembly Library/Bee/artifacts/2400b0aE.dag/Unity.TextMeshPro.dll, with 132 defines and 242 references
[40m[32minfo[39m[22m[49m: Unity.ILPP.Runner.PostProcessingPipeline[0]
      Processing assembly Library/Bee/artifacts/2400b0aE.dag/Unity.ResourceManager.dll, with 132 defines and 242 references
[40m[32minfo[39m[22m[49m: Unity.ILPP.Runner.PostProcessingPipeline[0]
      Processing assembly Library/Bee/artifacts/2400b0aE.dag/Unity.ScriptableBuildPipeline.Editor.dll, with 132 defines and 274 references
[40m[32minfo[39m[22m[49m: Unity.ILPP.Runner.PostProcessingPipeline[0]
      Processing assembly Library/Bee/artifacts/2400b0aE.dag/Unity.PerformanceTesting.Editor.dll, with 130 defines and 270 references
[40m[32minfo[39m[22m[49m: Unity.ILPP.Runner.PostProcessingPipeline[0]
      Processing assembly Library/Bee/artifacts/2400b0aE.dag/Unity.ShaderGraph.Utilities.dll, with 129 defines and 273 references
[40m[32minfo[39m[22m[49m: Unity.ILPP.Runner.PostProcessingPipeline[0]
      Processing assembly Library/Bee/artifacts/2400b0aE.dag/Unity.UnifiedRayTracing.Runtime.dll, with 132 defines and 244 references
[40m[32minfo[39m[22m[49m: Unity.ILPP.Runner.PostProcessingPipeline[0]
      Processing assembly Library/Bee/artifacts/2400b0aE.dag/Unity.Mathematics.Editor.dll, with 129 defines and 274 references
[40m[32minfo[39m[22m[49m: Unity.ILPP.Runner.PostProcessingPipeline[0]
      Processing assembly Library/Bee/artifacts/2400b0aE.dag/Unity.Profiling.Core.dll, with 131 defines and 241 references
[40m[32minfo[39m[22m[49m: Unity.ILPP.Runner.PostProcessingPipeline[0]
      Processing assembly Library/Bee/artifacts/2400b0aE.dag/Unity.InternalAPIEngineBridge.004.dll, with 131 defines and 241 references
[40m[32minfo[39m[22m[49m: Microsoft.AspNetCore.Hosting.Diagnostics[1]
      Request starting HTTP/2 POST http://ilpp/UnityILPP.PostProcessing/PostProcessAssembly application/grpc -
[40m[32minfo[39m[22m[49m: Microsoft.AspNetCore.Routing.EndpointMiddleware[0]
      Executing endpoint 'gRPC - /UnityILPP.PostProcessing/PostProcessAssembly'
[40m[32minfo[39m[22m[49m: Microsoft.AspNetCore.Hosting.Diagnostics[1]
      Request starting HTTP/2 POST http://ilpp/UnityILPP.PostProcessing/PostProcessAssembly application/grpc -
[40m[32minfo[39m[22m[49m: Unity.ILPP.Runner.PostProcessingPipeline[0]
      Processing assembly Library/Bee/artifacts/2400b0aE.dag/Unity.PerformanceTesting.dll, with 132 defines and 236 references
[40m[32minfo[39m[22m[49m: Microsoft.AspNetCore.Routing.EndpointMiddleware[0]
      Executing endpoint 'gRPC - /UnityILPP.PostProcessing/PostProcessAssembly'
[40m[32minfo[39m[22m[49m: Unity.ILPP.Runner.PostProcessingPipeline[0]
      Processing assembly Library/Bee/artifacts/2400b0aE.dag/Unity.AI.Navigation.Updater.dll, with 129 defines and 276 references
[40m[32minfo[39m[22m[49m: Unity.ILPP.Runner.PostProcessingPipeline[0]
      Processing assembly Library/Bee/artifacts/2400b0aE.dag/Unity.Burst.dll, with 131 defines and 238 references
[40m[32minfo[39m[22m[49m: Microsoft.AspNetCore.Hosting.Diagnostics[1]
      Request starting HTTP/2 POST http://ilpp/UnityILPP.PostProcessing/PostProcessAssembly application/grpc -
[40m[32minfo[39m[22m[49m: Microsoft.AspNetCore.Routing.EndpointMiddleware[0]
      Executing endpoint 'gRPC - /UnityILPP.PostProcessing/PostProcessAssembly'
[40m[32minfo[39m[22m[49m: Unity.ILPP.Runner.PostProcessingPipeline[0]
      Processing assembly Library/Bee/artifacts/2400b0aE.dag/Unity.InputSystem.ForUI.dll, with 131 defines and 242 references
[40m[32minfo[39m[22m[49m: Unity.ILPP.Runner.PostProcessingPipeline[0]
      processors: Unity.Jobs.CodeGen.JobsILPostProcessor, zzzUnity.Burst.CodeGen.BurstILPostProcessor
[40m[32minfo[39m[22m[49m: Unity.ILPP.Runner.PostProcessingPipeline[0]
      processors: Unity.Jobs.CodeGen.JobsILPostProcessor, zzzUnity.Burst.CodeGen.BurstILPostProcessor
[40m[32minfo[39m[22m[49m: Unity.ILPP.Runner.PostProcessingPipeline[0]
      processors: Unity.Jobs.CodeGen.JobsILPostProcessor, zzzUnity.Burst.CodeGen.BurstILPostProcessor
[40m[32minfo[39m[22m[49m: Unity.ILPP.Runner.PostProcessingPipeline[0]
      processors: Unity.Jobs.CodeGen.JobsILPostProcessor, zzzUnity.Burst.CodeGen.BurstILPostProcessor
[40m[32minfo[39m[22m[49m: Unity.ILPP.Runner.PostProcessingPipeline[0]
      processors: Unity.Jobs.CodeGen.JobsILPostProcessor, zzzUnity.Burst.CodeGen.BurstILPostProcessor
[40m[32minfo[39m[22m[49m: Unity.ILPP.Runner.PostProcessingPipeline[0]
      processors: Unity.Jobs.CodeGen.JobsILPostProcessor, zzzUnity.Burst.CodeGen.BurstILPostProcessor
[40m[32minfo[39m[22m[49m: Unity.ILPP.Runner.PostProcessingPipeline[0]
      processors: Unity.Jobs.CodeGen.JobsILPostProcessor, zzzUnity.Burst.CodeGen.BurstILPostProcessor
[40m[32minfo[39m[22m[49m: Unity.ILPP.Runner.PostProcessingPipeline[0]
      processors: Unity.Jobs.CodeGen.JobsILPostProcessor, zzzUnity.Burst.CodeGen.BurstILPostProcessor
[40m[32minfo[39m[22m[49m: Unity.ILPP.Runner.PostProcessingPipeline[0]
      processors: Unity.Jobs.CodeGen.JobsILPostProcessor, zzzUnity.Burst.CodeGen.BurstILPostProcessor
[40m[32minfo[39m[22m[49m: Unity.ILPP.Runner.PostProcessingPipeline[0]
      processors: Unity.Jobs.CodeGen.JobsILPostProcessor, zzzUnity.Burst.CodeGen.BurstILPostProcessor
[40m[32minfo[39m[22m[49m: Unity.ILPP.Runner.PostProcessingPipeline[0]
      processors: Unity.Jobs.CodeGen.JobsILPostProcessor, zzzUnity.Burst.CodeGen.BurstILPostProcessor
[40m[32minfo[39m[22m[49m: Unity.ILPP.Runner.PostProcessingPipeline[0]
      processors: Unity.Jobs.CodeGen.JobsILPostProcessor, zzzUnity.Burst.CodeGen.BurstILPostProcessor
[40m[32minfo[39m[22m[49m: Unity.ILPP.Runner.PostProcessingPipeline[0]
      processors: Unity.Jobs.CodeGen.JobsILPostProcessor, zzzUnity.Burst.CodeGen.BurstILPostProcessor
[40m[32minfo[39m[22m[49m: Unity.ILPP.Runner.PostProcessingPipeline[0]
      processors: Unity.Jobs.CodeGen.JobsILPostProcessor, zzzUnity.Burst.CodeGen.BurstILPostProcessor
[40m[32minfo[39m[22m[49m: Unity.ILPP.Runner.PostProcessingPipeline[0]
      processors: Unity.Jobs.CodeGen.JobsILPostProcessor, zzzUnity.Burst.CodeGen.BurstILPostProcessor
[40m[32minfo[39m[22m[49m: Unity.ILPP.Runner.PostProcessingPipeline[0]
      processors: Unity.Jobs.CodeGen.JobsILPostProcessor, zzzUnity.Burst.CodeGen.BurstILPostProcessor
[40m[32minfo[39m[22m[49m: Unity.ILPP.Runner.PostProcessingPipeline[0]
      processors: Unity.Jobs.CodeGen.JobsILPostProcessor, zzzUnity.Burst.CodeGen.BurstILPostProcessor
[40m[32minfo[39m[22m[49m: Unity.ILPP.Runner.PostProcessingPipeline[0]
      processors: Unity.Jobs.CodeGen.JobsILPostProcessor, zzzUnity.Burst.CodeGen.BurstILPostProcessor
[40m[32minfo[39m[22m[49m: Unity.ILPP.Runner.PostProcessingPipeline[0]
      processors: Unity.Jobs.CodeGen.JobsILPostProcessor, zzzUnity.Burst.CodeGen.BurstILPostProcessor
[40m[32minfo[39m[22m[49m: Unity.ILPP.Runner.PostProcessingPipeline[0]
      processors: Unity.Jobs.CodeGen.JobsILPostProcessor, zzzUnity.Burst.CodeGen.BurstILPostProcessor
[40m[32minfo[39m[22m[49m: Unity.ILPP.Runner.PostProcessingPipeline[0]
      processors: Unity.Jobs.CodeGen.JobsILPostProcessor, zzzUnity.Burst.CodeGen.BurstILPostProcessor
[40m[32minfo[39m[22m[49m: Unity.ILPP.Runner.PostProcessingPipeline[0]
      processors: Unity.Jobs.CodeGen.JobsILPostProcessor, zzzUnity.Burst.CodeGen.BurstILPostProcessor
[40m[32minfo[39m[22m[49m: Unity.ILPP.Runner.PostProcessingPipeline[0]
      processors: Unity.Jobs.CodeGen.JobsILPostProcessor, zzzUnity.Burst.CodeGen.BurstILPostProcessor
[40m[32minfo[39m[22m[49m: Unity.ILPP.Runner.PostProcessingPipeline[0]
      processors: Unity.Jobs.CodeGen.JobsILPostProcessor, zzzUnity.Burst.CodeGen.BurstILPostProcessor
[40m[32minfo[39m[22m[49m: Unity.ILPP.Runner.PostProcessingPipeline[0]
      processors: Unity.Jobs.CodeGen.JobsILPostProcessor, zzzUnity.Burst.CodeGen.BurstILPostProcessor
[40m[32minfo[39m[22m[49m: Microsoft.AspNetCore.Hosting.Diagnostics[1]
      Request starting HTTP/2 POST http://ilpp/UnityILPP.PostProcessing/PostProcessAssembly application/grpc -
[40m[32minfo[39m[22m[49m: Unity.ILPP.Runner.PostProcessingPipeline[0]
      running Unity.Jobs.CodeGen.JobsILPostProcessor
[40m[32minfo[39m[22m[49m: Unity.ILPP.Runner.PostProcessingPipeline[0]
      running Unity.Jobs.CodeGen.JobsILPostProcessor
[40m[32minfo[39m[22m[49m: Unity.ILPP.Runner.PostProcessingPipeline[0]
      running Unity.Jobs.CodeGen.JobsILPostProcessor
[40m[32minfo[39m[22m[49m: Unity.ILPP.Runner.PostProcessingPipeline[0]
      running Unity.Jobs.CodeGen.JobsILPostProcessor
[40m[32minfo[39m[22m[49m: Unity.ILPP.Runner.PostProcessingPipeline[0]
      running Unity.Jobs.CodeGen.JobsILPostProcessor
[40m[32minfo[39m[22m[49m: Unity.ILPP.Runner.PostProcessingPipeline[0]
      running Unity.Jobs.CodeGen.JobsILPostProcessor
[40m[32minfo[39m[22m[49m: Unity.ILPP.Runner.PostProcessingPipeline[0]
      running Unity.Jobs.CodeGen.JobsILPostProcessor
[40m[32minfo[39m[22m[49m: Microsoft.AspNetCore.Routing.EndpointMiddleware[0]
      Executing endpoint 'gRPC - /UnityILPP.PostProcessing/PostProcessAssembly'
[40m[32minfo[39m[22m[49m: Unity.ILPP.Runner.PostProcessingPipeline[0]
      running Unity.Jobs.CodeGen.JobsILPostProcessor
[40m[32minfo[39m[22m[49m: Unity.ILPP.Runner.PostProcessingPipeline[0]
      running Unity.Jobs.CodeGen.JobsILPostProcessor
[40m[32minfo[39m[22m[49m: Unity.ILPP.Runner.PostProcessingPipeline[0]
      Processing assembly Library/Bee/artifacts/2400b0aE.dag/Unity.ScriptableBuildPipeline.dll, with 131 defines and 241 references
[40m[32minfo[39m[22m[49m: Unity.ILPP.Runner.PostProcessingPipeline[0]
      processors: Unity.Jobs.CodeGen.JobsILPostProcessor, zzzUnity.Burst.CodeGen.BurstILPostProcessor
[40m[32minfo[39m[22m[49m: Unity.ILPP.Runner.PostProcessingPipeline[0]
      running Unity.Jobs.CodeGen.JobsILPostProcessor
[40m[32minfo[39m[22m[49m: Unity.ILPP.Runner.PostProcessingPipeline[0]
      running Unity.Jobs.CodeGen.JobsILPostProcessor
[40m[32minfo[39m[22m[49m: Unity.ILPP.Runner.PostProcessingPipeline[0]
      running Unity.Jobs.CodeGen.JobsILPostProcessor
[40m[32minfo[39m[22m[49m: Unity.ILPP.Runner.PostProcessingPipeline[0]
      running Unity.Jobs.CodeGen.JobsILPostProcessor
[40m[32minfo[39m[22m[49m: Unity.ILPP.Runner.PostProcessingPipeline[0]
      running Unity.Jobs.CodeGen.JobsILPostProcessor
[40m[32minfo[39m[22m[49m: Unity.ILPP.Runner.PostProcessingPipeline[0]
      running Unity.Jobs.CodeGen.JobsILPostProcessor
[40m[32minfo[39m[22m[49m: Unity.ILPP.Runner.PostProcessingPipeline[0]
      running Unity.Jobs.CodeGen.JobsILPostProcessor
[40m[32minfo[39m[22m[49m: Unity.ILPP.Runner.PostProcessingPipeline[0]
      running Unity.Jobs.CodeGen.JobsILPostProcessor
[40m[32minfo[39m[22m[49m: Unity.ILPP.Runner.PostProcessingPipeline[0]
      running Unity.Jobs.CodeGen.JobsILPostProcessor
[40m[32minfo[39m[22m[49m: Unity.ILPP.Runner.PostProcessingPipeline[0]
      running Unity.Jobs.CodeGen.JobsILPostProcessor
[40m[32minfo[39m[22m[49m: Unity.ILPP.Runner.PostProcessingPipeline[0]
      running Unity.Jobs.CodeGen.JobsILPostProcessor
[40m[32minfo[39m[22m[49m: Unity.ILPP.Runner.PostProcessingPipeline[0]
      running Unity.Jobs.CodeGen.JobsILPostProcessor
[40m[32minfo[39m[22m[49m: Unity.ILPP.Runner.PostProcessingPipeline[0]
      running Unity.Jobs.CodeGen.JobsILPostProcessor
[40m[32minfo[39m[22m[49m: Unity.ILPP.Runner.PostProcessingPipeline[0]
      running Unity.Jobs.CodeGen.JobsILPostProcessor
[40m[32minfo[39m[22m[49m: Unity.ILPP.Runner.PostProcessingPipeline[0]
      running Unity.Jobs.CodeGen.JobsILPostProcessor
[40m[32minfo[39m[22m[49m: Unity.ILPP.Runner.PostProcessingPipeline[0]
      running Unity.Jobs.CodeGen.JobsILPostProcessor
[40m[32minfo[39m[22m[49m: Unity.ILPP.Runner.PostProcessingPipeline[0]
      running zzzUnity.Burst.CodeGen.BurstILPostProcessor
[40m[32minfo[39m[22m[49m: Unity.ILPP.Runner.PostProcessingPipeline[0]
      running zzzUnity.Burst.CodeGen.BurstILPostProcessor
[40m[32minfo[39m[22m[49m: Unity.ILPP.Runner.PostProcessingPipeline[0]
      running zzzUnity.Burst.CodeGen.BurstILPostProcessor
[40m[32minfo[39m[22m[49m: Unity.ILPP.Runner.PostProcessingPipeline[0]
      running zzzUnity.Burst.CodeGen.BurstILPostProcessor
[40m[32minfo[39m[22m[49m: Unity.ILPP.Runner.PostProcessingPipeline[0]
      running zzzUnity.Burst.CodeGen.BurstILPostProcessor
[40m[32minfo[39m[22m[49m: Unity.ILPP.Runner.PostProcessingPipeline[0]
      running zzzUnity.Burst.CodeGen.BurstILPostProcessor
[40m[32minfo[39m[22m[49m: Unity.ILPP.Runner.PostProcessingPipeline[0]
      running zzzUnity.Burst.CodeGen.BurstILPostProcessor
[40m[32minfo[39m[22m[49m: Unity.ILPP.Runner.PostProcessingPipeline[0]
      running zzzUnity.Burst.CodeGen.BurstILPostProcessor
[40m[32minfo[39m[22m[49m: Unity.ILPP.Runner.PostProcessingPipeline[0]
      running zzzUnity.Burst.CodeGen.BurstILPostProcessor
[40m[32minfo[39m[22m[49m: Unity.ILPP.Runner.PostProcessingPipeline[0]
      running zzzUnity.Burst.CodeGen.BurstILPostProcessor
[40m[32minfo[39m[22m[49m: Unity.ILPP.Runner.PostProcessingPipeline[0]
      running zzzUnity.Burst.CodeGen.BurstILPostProcessor
[40m[32minfo[39m[22m[49m: Unity.ILPP.Runner.PostProcessingPipeline[0]
      running zzzUnity.Burst.CodeGen.BurstILPostProcessor
[40m[32minfo[39m[22m[49m: Unity.ILPP.Runner.PostProcessingPipeline[0]
      running zzzUnity.Burst.CodeGen.BurstILPostProcessor
[40m[32minfo[39m[22m[49m: Unity.ILPP.Runner.PostProcessingPipeline[0]
      running zzzUnity.Burst.CodeGen.BurstILPostProcessor
[40m[32minfo[39m[22m[49m: Unity.ILPP.Runner.PostProcessingPipeline[0]
      running zzzUnity.Burst.CodeGen.BurstILPostProcessor
[40m[32minfo[39m[22m[49m: Unity.ILPP.Runner.PostProcessingPipeline[0]
      running zzzUnity.Burst.CodeGen.BurstILPostProcessor
[40m[32minfo[39m[22m[49m: Unity.ILPP.Runner.PostProcessingPipeline[0]
      running zzzUnity.Burst.CodeGen.BurstILPostProcessor
[40m[32minfo[39m[22m[49m: Unity.ILPP.Runner.PostProcessingPipeline[0]
      running zzzUnity.Burst.CodeGen.BurstILPostProcessor
[40m[32minfo[39m[22m[49m: Unity.ILPP.Runner.PostProcessingPipeline[0]
      running zzzUnity.Burst.CodeGen.BurstILPostProcessor
[40m[32minfo[39m[22m[49m: Unity.ILPP.Runner.PostProcessingPipeline[0]
      running zzzUnity.Burst.CodeGen.BurstILPostProcessor
[40m[32minfo[39m[22m[49m: Unity.ILPP.Runner.PostProcessingPipeline[0]
      running zzzUnity.Burst.CodeGen.BurstILPostProcessor
[40m[32minfo[39m[22m[49m: Unity.ILPP.Runner.PostProcessingPipeline[0]
      running zzzUnity.Burst.CodeGen.BurstILPostProcessor
[40m[32minfo[39m[22m[49m: Unity.ILPP.Runner.PostProcessingPipeline[0]
      running zzzUnity.Burst.CodeGen.BurstILPostProcessor
[40m[32minfo[39m[22m[49m: Unity.ILPP.Runner.PostProcessingPipeline[0]
      running zzzUnity.Burst.CodeGen.BurstILPostProcessor
[40m[32minfo[39m[22m[49m: Unity.ILPP.Runner.PostProcessingPipeline[0]
      running Unity.Jobs.CodeGen.JobsILPostProcessor
[40m[32minfo[39m[22m[49m: Unity.ILPP.Runner.PostProcessingPipeline[0]
      running zzzUnity.Burst.CodeGen.BurstILPostProcessor
[40m[32minfo[39m[22m[49m: Unity.ILPP.Runner.PostProcessingAssemblyLoadContext[0]
      Resolved Unity.Collections, Version=0.0.0.0, Culture=neutral, PublicKeyToken=null with Library/Bee/artifacts/2400b0aE.dag/Unity.Collections.dll
[40m[32minfo[39m[22m[49m: Microsoft.AspNetCore.Routing.EndpointMiddleware[1]
      Executed endpoint 'gRPC - /UnityILPP.PostProcessing/PostProcessAssembly'
[40m[32minfo[39m[22m[49m: Microsoft.AspNetCore.Hosting.Diagnostics[2]
      Request finished HTTP/2 POST http://ilpp/UnityILPP.PostProcessing/PostProcessAssembly application/grpc - - 200 - application/grpc 19.5848ms
[40m[32minfo[39m[22m[49m: Microsoft.AspNetCore.Routing.EndpointMiddleware[1]
      Executed endpoint 'gRPC - /UnityILPP.PostProcessing/PostProcessAssembly'
[40m[32minfo[39m[22m[49m: Microsoft.AspNetCore.Hosting.Diagnostics[1]
      Request starting HTTP/2 POST http://ilpp/UnityILPP.PostProcessing/PostProcessAssembly application/grpc -
[40m[32minfo[39m[22m[49m: Microsoft.AspNetCore.Routing.EndpointMiddleware[1]
      Executed endpoint 'gRPC - /UnityILPP.PostProcessing/PostProcessAssembly'
[40m[32minfo[39m[22m[49m: Microsoft.AspNetCore.Routing.EndpointMiddleware[1]
      Executed endpoint 'gRPC - /UnityILPP.PostProcessing/PostProcessAssembly'
[40m[32minfo[39m[22m[49m: Microsoft.AspNetCore.Routing.EndpointMiddleware[1]
      Executed endpoint 'gRPC - /UnityILPP.PostProcessing/PostProcessAssembly'
[40m[32minfo[39m[22m[49m: Microsoft.AspNetCore.Routing.EndpointMiddleware[0]
      Executing endpoint 'gRPC - /UnityILPP.PostProcessing/PostProcessAssembly'
[40m[32minfo[39m[22m[49m: Microsoft.AspNetCore.Hosting.Diagnostics[1]
      Request starting HTTP/2 POST http://ilpp/UnityILPP.PostProcessing/PostProcessAssembly application/grpc -
[40m[32minfo[39m[22m[49m: Microsoft.AspNetCore.Hosting.Diagnostics[2]
      Request finished HTTP/2 POST http://ilpp/UnityILPP.PostProcessing/PostProcessAssembly application/grpc - - 200 - application/grpc 23.4393ms
[40m[32minfo[39m[22m[49m: Microsoft.AspNetCore.Hosting.Diagnostics[2]
      Request finished HTTP/2 POST http://ilpp/UnityILPP.PostProcessing/PostProcessAssembly application/grpc - - 200 - application/grpc 20.0989ms
[40m[32minfo[39m[22m[49m: Microsoft.AspNetCore.Routing.EndpointMiddleware[1]
      Executed endpoint 'gRPC - /UnityILPP.PostProcessing/PostProcessAssembly'
[40m[32minfo[39m[22m[49m: Microsoft.AspNetCore.Hosting.Diagnostics[2]
      Request finished HTTP/2 POST http://ilpp/UnityILPP.PostProcessing/PostProcessAssembly application/grpc - - 200 - application/grpc 20.2776ms
[40m[32minfo[39m[22m[49m: Microsoft.AspNetCore.Routing.EndpointMiddleware[0]
      Executing endpoint 'gRPC - /UnityILPP.PostProcessing/PostProcessAssembly'
[40m[32minfo[39m[22m[49m: Microsoft.AspNetCore.Hosting.Diagnostics[2]
      Request finished HTTP/2 POST http://ilpp/UnityILPP.PostProcessing/PostProcessAssembly application/grpc - - 200 - application/grpc 19.5237ms
[40m[32minfo[39m[22m[49m: Microsoft.AspNetCore.Routing.EndpointMiddleware[1]
      Executed endpoint 'gRPC - /UnityILPP.PostProcessing/PostProcessAssembly'
[40m[32minfo[39m[22m[49m: Microsoft.AspNetCore.Hosting.Diagnostics[2]
      Request finished HTTP/2 POST http://ilpp/UnityILPP.PostProcessing/PostProcessAssembly application/grpc - - 200 - application/grpc 20.7249ms
[40m[32minfo[39m[22m[49m: Microsoft.AspNetCore.Routing.EndpointMiddleware[1]
      Executed endpoint 'gRPC - /UnityILPP.PostProcessing/PostProcessAssembly'
[40m[32minfo[39m[22m[49m: Microsoft.AspNetCore.Hosting.Diagnostics[2]
      Request finished HTTP/2 POST http://ilpp/UnityILPP.PostProcessing/PostProcessAssembly application/grpc - - 200 - application/grpc 20.3822ms
[40m[32minfo[39m[22m[49m: Microsoft.AspNetCore.Routing.EndpointMiddleware[1]
      Executed endpoint 'gRPC - /UnityILPP.PostProcessing/PostProcessAssembly'
[40m[32minfo[39m[22m[49m: Microsoft.AspNetCore.Hosting.Diagnostics[1]
      Request starting HTTP/2 POST http://ilpp/UnityILPP.PostProcessing/PostProcessAssembly application/grpc -
[40m[32minfo[39m[22m[49m: Microsoft.AspNetCore.Hosting.Diagnostics[2]
      Request finished HTTP/2 POST http://ilpp/UnityILPP.PostProcessing/PostProcessAssembly application/grpc - - 200 - application/grpc 19.6279ms
[40m[32minfo[39m[22m[49m: Unity.ILPP.Runner.PostProcessingPipeline[0]
      Processing assembly Library/Bee/artifacts/2400b0aE.dag/UnityEditor.UI.dll, with 131 defines and 272 references
[40m[32minfo[39m[22m[49m: Microsoft.AspNetCore.Routing.EndpointMiddleware[1]
      Executed endpoint 'gRPC - /UnityILPP.PostProcessing/PostProcessAssembly'
[40m[32minfo[39m[22m[49m: Microsoft.AspNetCore.Hosting.Diagnostics[2]
      Request finished HTTP/2 POST http://ilpp/UnityILPP.PostProcessing/PostProcessAssembly application/grpc - - 200 - application/grpc 18.8532ms
[40m[32minfo[39m[22m[49m: Microsoft.AspNetCore.Routing.EndpointMiddleware[1]
      Executed endpoint 'gRPC - /UnityILPP.PostProcessing/PostProcessAssembly'
[40m[32minfo[39m[22m[49m: Unity.ILPP.Runner.PostProcessingPipeline[0]
      processors: Unity.Jobs.CodeGen.JobsILPostProcessor, zzzUnity.Burst.CodeGen.BurstILPostProcessor
[40m[32minfo[39m[22m[49m: Unity.ILPP.Runner.PostProcessingPipeline[0]
      Processing assembly Library/Bee/artifacts/2400b0aE.dag/Unity.AI.Navigation.dll, with 132 defines and 241 references
[40m[32minfo[39m[22m[49m: Microsoft.AspNetCore.Hosting.Diagnostics[2]
      Request finished HTTP/2 POST http://ilpp/UnityILPP.PostProcessing/PostProcessAssembly application/grpc - - 200 - application/grpc 4.5237ms
[40m[32minfo[39m[22m[49m: Unity.ILPP.Runner.PostProcessingPipeline[0]
      processors: Unity.Jobs.CodeGen.JobsILPostProcessor, zzzUnity.Burst.CodeGen.BurstILPostProcessor
[40m[32minfo[39m[22m[49m: Microsoft.AspNetCore.Hosting.Diagnostics[2]
      Request finished HTTP/2 POST http://ilpp/UnityILPP.PostProcessing/PostProcessAssembly application/grpc - - 200 - application/grpc 19.3743ms
[40m[32minfo[39m[22m[49m: Microsoft.AspNetCore.Hosting.Diagnostics[1]
      Request starting HTTP/2 POST http://ilpp/UnityILPP.PostProcessing/PostProcessAssembly application/grpc -
[40m[32minfo[39m[22m[49m: Unity.ILPP.Runner.PostProcessingPipeline[0]
      running Unity.Jobs.CodeGen.JobsILPostProcessor
[40m[32minfo[39m[22m[49m: Microsoft.AspNetCore.Routing.EndpointMiddleware[0]
      Executing endpoint 'gRPC - /UnityILPP.PostProcessing/PostProcessAssembly'
[40m[32minfo[39m[22m[49m: Unity.ILPP.Runner.PostProcessingPipeline[0]
      running zzzUnity.Burst.CodeGen.BurstILPostProcessor
[40m[32minfo[39m[22m[49m: Unity.ILPP.Runner.PostProcessingPipeline[0]
      running Unity.Jobs.CodeGen.JobsILPostProcessor
[40m[32minfo[39m[22m[49m: Unity.ILPP.Runner.PostProcessingPipeline[0]
      running zzzUnity.Burst.CodeGen.BurstILPostProcessor
[40m[32minfo[39m[22m[49m: Unity.ILPP.Runner.PostProcessingPipeline[0]
      Processing assembly Library/Bee/artifacts/2400b0aE.dag/Unity.Collections.dll, with 133 defines and 243 references
[40m[32minfo[39m[22m[49m: Unity.ILPP.Runner.PostProcessingPipeline[0]
      processors: Unity.Jobs.CodeGen.JobsILPostProcessor, zzzUnity.Burst.CodeGen.BurstILPostProcessor
[40m[32minfo[39m[22m[49m: Microsoft.AspNetCore.Hosting.Diagnostics[1]
      Request starting HTTP/2 POST http://ilpp/UnityILPP.PostProcessing/PostProcessAssembly application/grpc -
[40m[32minfo[39m[22m[49m: Microsoft.AspNetCore.Routing.EndpointMiddleware[0]
      Executing endpoint 'gRPC - /UnityILPP.PostProcessing/PostProcessAssembly'
[40m[32minfo[39m[22m[49m: Microsoft.AspNetCore.Routing.EndpointMiddleware[1]
      Executed endpoint 'gRPC - /UnityILPP.PostProcessing/PostProcessAssembly'
[40m[32minfo[39m[22m[49m: Microsoft.AspNetCore.Routing.EndpointMiddleware[1]
      Executed endpoint 'gRPC - /UnityILPP.PostProcessing/PostProcessAssembly'
[40m[32minfo[39m[22m[49m: Unity.ILPP.Runner.PostProcessingPipeline[0]
      Processing assembly Library/Bee/artifacts/2400b0aE.dag/Unity.AI.Navigation.Editor.dll, with 130 defines and 275 references
[40m[32minfo[39m[22m[49m: Unity.ILPP.Runner.PostProcessingPipeline[0]
      processors: Unity.Jobs.CodeGen.JobsILPostProcessor, zzzUnity.Burst.CodeGen.BurstILPostProcessor
[40m[32minfo[39m[22m[49m: Microsoft.AspNetCore.Hosting.Diagnostics[2]
      Request finished HTTP/2 POST http://ilpp/UnityILPP.PostProcessing/PostProcessAssembly application/grpc - - 200 - application/grpc 23.9650ms
[40m[32minfo[39m[22m[49m: Microsoft.AspNetCore.Routing.EndpointMiddleware[1]
      Executed endpoint 'gRPC - /UnityILPP.PostProcessing/PostProcessAssembly'
[40m[32minfo[39m[22m[49m: Microsoft.AspNetCore.Hosting.Diagnostics[2]
      Request finished HTTP/2 POST http://ilpp/UnityILPP.PostProcessing/PostProcessAssembly application/grpc - - 200 - application/grpc 20.9376ms
[40m[32minfo[39m[22m[49m: Microsoft.AspNetCore.Routing.EndpointMiddleware[0]
      Executing endpoint 'gRPC - /UnityILPP.PostProcessing/PostProcessAssembly'
[40m[32minfo[39m[22m[49m: Microsoft.AspNetCore.Hosting.Diagnostics[2]
      Request finished HTTP/2 POST http://ilpp/UnityILPP.PostProcessing/PostProcessAssembly application/grpc - - 200 - application/grpc 22.2503ms
[40m[32minfo[39m[22m[49m: Unity.ILPP.Runner.PostProcessingPipeline[0]
      Processing assembly Library/Bee/artifacts/2400b0aE.dag/Unity.RenderPipelines.Core.ShaderLibrary.dll, with 131 defines and 241 references
[40m[32minfo[39m[22m[49m: Unity.ILPP.Runner.PostProcessingPipeline[0]
      processors: Unity.Jobs.CodeGen.JobsILPostProcessor, zzzUnity.Burst.CodeGen.BurstILPostProcessor
[40m[32minfo[39m[22m[49m: Unity.ILPP.Runner.PostProcessingPipeline[0]
      running Unity.Jobs.CodeGen.JobsILPostProcessor
[40m[32minfo[39m[22m[49m: Unity.ILPP.Runner.PostProcessingPipeline[0]
      running zzzUnity.Burst.CodeGen.BurstILPostProcessor
[40m[32minfo[39m[22m[49m: Microsoft.AspNetCore.Routing.EndpointMiddleware[1]
      Executed endpoint 'gRPC - /UnityILPP.PostProcessing/PostProcessAssembly'
[40m[32minfo[39m[22m[49m: Microsoft.AspNetCore.Hosting.Diagnostics[2]
      Request finished HTTP/2 POST http://ilpp/UnityILPP.PostProcessing/PostProcessAssembly application/grpc - - 200 - application/grpc 20.8272ms
[40m[32minfo[39m[22m[49m: Unity.ILPP.Runner.PostProcessingPipeline[0]
      running Unity.Jobs.CodeGen.JobsILPostProcessor
[40m[32minfo[39m[22m[49m: Unity.ILPP.Runner.PostProcessingPipeline[0]
      running zzzUnity.Burst.CodeGen.BurstILPostProcessor
[40m[32minfo[39m[22m[49m: Microsoft.AspNetCore.Routing.EndpointMiddleware[1]
      Executed endpoint 'gRPC - /UnityILPP.PostProcessing/PostProcessAssembly'
[40m[32minfo[39m[22m[49m: Microsoft.AspNetCore.Hosting.Diagnostics[2]
      Request finished HTTP/2 POST http://ilpp/UnityILPP.PostProcessing/PostProcessAssembly application/grpc - - 200 - application/grpc 20.8743ms
[40m[32minfo[39m[22m[49m: Microsoft.AspNetCore.Routing.EndpointMiddleware[1]
      Executed endpoint 'gRPC - /UnityILPP.PostProcessing/PostProcessAssembly'
[40m[32minfo[39m[22m[49m: Microsoft.AspNetCore.Hosting.Diagnostics[2]
      Request finished HTTP/2 POST http://ilpp/UnityILPP.PostProcessing/PostProcessAssembly application/grpc - - 200 - application/grpc 21.9678ms
[40m[32minfo[39m[22m[49m: Unity.ILPP.Runner.PostProcessingPipeline[0]
      running Unity.Jobs.CodeGen.JobsILPostProcessor
[40m[32minfo[39m[22m[49m: Microsoft.AspNetCore.Routing.EndpointMiddleware[1]
      Executed endpoint 'gRPC - /UnityILPP.PostProcessing/PostProcessAssembly'
[40m[32minfo[39m[22m[49m: Microsoft.AspNetCore.Hosting.Diagnostics[2]
      Request finished HTTP/2 POST http://ilpp/UnityILPP.PostProcessing/PostProcessAssembly application/grpc - - 200 - application/grpc 23.8227ms
[40m[32minfo[39m[22m[49m: Microsoft.AspNetCore.Routing.EndpointMiddleware[1]
      Executed endpoint 'gRPC - /UnityILPP.PostProcessing/PostProcessAssembly'
[40m[32minfo[39m[22m[49m: Microsoft.AspNetCore.Hosting.Diagnostics[2]
      Request finished HTTP/2 POST http://ilpp/UnityILPP.PostProcessing/PostProcessAssembly application/grpc - - 200 - application/grpc 26.0401ms
[40m[32minfo[39m[22m[49m: Microsoft.AspNetCore.Routing.EndpointMiddleware[1]
      Executed endpoint 'gRPC - /UnityILPP.PostProcessing/PostProcessAssembly'
[40m[32minfo[39m[22m[49m: Microsoft.AspNetCore.Hosting.Diagnostics[2]
      Request finished HTTP/2 POST http://ilpp/UnityILPP.PostProcessing/PostProcessAssembly application/grpc - - 200 - application/grpc 20.9031ms
[40m[32minfo[39m[22m[49m: Microsoft.AspNetCore.Routing.EndpointMiddleware[1]
      Executed endpoint 'gRPC - /UnityILPP.PostProcessing/PostProcessAssembly'
[40m[32minfo[39m[22m[49m: Microsoft.AspNetCore.Hosting.Diagnostics[2]
      Request finished HTTP/2 POST http://ilpp/UnityILPP.PostProcessing/PostProcessAssembly application/grpc - - 200 - application/grpc 20.7642ms
[40m[32minfo[39m[22m[49m: Microsoft.AspNetCore.Routing.EndpointMiddleware[1]
      Executed endpoint 'gRPC - /UnityILPP.PostProcessing/PostProcessAssembly'
[40m[32minfo[39m[22m[49m: Microsoft.AspNetCore.Routing.EndpointMiddleware[1]
      Executed endpoint 'gRPC - /UnityILPP.PostProcessing/PostProcessAssembly'
[40m[32minfo[39m[22m[49m: Microsoft.AspNetCore.Routing.EndpointMiddleware[1]
      Executed endpoint 'gRPC - /UnityILPP.PostProcessing/PostProcessAssembly'
[40m[32minfo[39m[22m[49m: Microsoft.AspNetCore.Routing.EndpointMiddleware[1]
      Executed endpoint 'gRPC - /UnityILPP.PostProcessing/PostProcessAssembly'
[40m[32minfo[39m[22m[49m: Microsoft.AspNetCore.Hosting.Diagnostics[2]
      Request finished HTTP/2 POST http://ilpp/UnityILPP.PostProcessing/PostProcessAssembly application/grpc - - 200 - application/grpc 1.8205ms
[40m[32minfo[39m[22m[49m: Microsoft.AspNetCore.Hosting.Diagnostics[2]
      Request finished HTTP/2 POST http://ilpp/UnityILPP.PostProcessing/PostProcessAssembly application/grpc - - 200 - application/grpc 1.8666ms
[40m[32minfo[39m[22m[49m: Microsoft.AspNetCore.Hosting.Diagnostics[2]
      Request finished HTTP/2 POST http://ilpp/UnityILPP.PostProcessing/PostProcessAssembly application/grpc - - 200 - application/grpc 21.5123ms
[40m[32minfo[39m[22m[49m: Microsoft.AspNetCore.Routing.EndpointMiddleware[1]
      Executed endpoint 'gRPC - /UnityILPP.PostProcessing/PostProcessAssembly'
[40m[32minfo[39m[22m[49m: Microsoft.AspNetCore.Hosting.Diagnostics[2]
      Request finished HTTP/2 POST http://ilpp/UnityILPP.PostProcessing/PostProcessAssembly application/grpc - - 200 - application/grpc 20.2223ms
[40m[32minfo[39m[22m[49m: Microsoft.AspNetCore.Hosting.Diagnostics[2]
      Request finished HTTP/2 POST http://ilpp/UnityILPP.PostProcessing/PostProcessAssembly application/grpc - - 200 - application/grpc 21.6421ms
[40m[32minfo[39m[22m[49m: Microsoft.AspNetCore.Routing.EndpointMiddleware[1]
      Executed endpoint 'gRPC - /UnityILPP.PostProcessing/PostProcessAssembly'
[40m[32minfo[39m[22m[49m: Microsoft.AspNetCore.Hosting.Diagnostics[2]
      Request finished HTTP/2 POST http://ilpp/UnityILPP.PostProcessing/PostProcessAssembly application/grpc - - 200 - application/grpc 1.8544ms
[40m[32minfo[39m[22m[49m: Microsoft.AspNetCore.Routing.EndpointMiddleware[1]
      Executed endpoint 'gRPC - /UnityILPP.PostProcessing/PostProcessAssembly'
[40m[32minfo[39m[22m[49m: Microsoft.AspNetCore.Hosting.Diagnostics[2]
      Request finished HTTP/2 POST http://ilpp/UnityILPP.PostProcessing/PostProcessAssembly application/grpc - - 200 - application/grpc 1.6366ms
[40m[32minfo[39m[22m[49m: Microsoft.AspNetCore.Hosting.Diagnostics[1]
      Request starting HTTP/2 POST http://ilpp/UnityILPP.PostProcessing/PostProcessAssembly application/grpc -
[40m[32minfo[39m[22m[49m: Microsoft.AspNetCore.Routing.EndpointMiddleware[0]
      Executing endpoint 'gRPC - /UnityILPP.PostProcessing/PostProcessAssembly'
[40m[32minfo[39m[22m[49m: Unity.ILPP.Runner.PostProcessingPipeline[0]
      Processing assembly Library/Bee/artifacts/2400b0aE.dag/Unity.Rendering.LightTransport.Editor.dll, with 129 defines and 273 references
[40m[32minfo[39m[22m[49m: Unity.ILPP.Runner.PostProcessingPipeline[0]
      processors: Unity.Jobs.CodeGen.JobsILPostProcessor, zzzUnity.Burst.CodeGen.BurstILPostProcessor
[40m[32minfo[39m[22m[49m: Unity.ILPP.Runner.PostProcessingPipeline[0]
      running Unity.Jobs.CodeGen.JobsILPostProcessor
[40m[32minfo[39m[22m[49m: Unity.ILPP.Runner.PostProcessingPipeline[0]
      running zzzUnity.Burst.CodeGen.BurstILPostProcessor
[40m[32minfo[39m[22m[49m: Microsoft.AspNetCore.Routing.EndpointMiddleware[1]
      Executed endpoint 'gRPC - /UnityILPP.PostProcessing/PostProcessAssembly'
[40m[32minfo[39m[22m[49m: Microsoft.AspNetCore.Hosting.Diagnostics[2]
      Request finished HTTP/2 POST http://ilpp/UnityILPP.PostProcessing/PostProcessAssembly application/grpc - - 200 - application/grpc 4.4558ms
[40m[32minfo[39m[22m[49m: Microsoft.AspNetCore.Hosting.Diagnostics[1]
      Request starting HTTP/2 POST http://ilpp/UnityILPP.PostProcessing/PostProcessAssembly application/grpc -
[40m[32minfo[39m[22m[49m: Microsoft.AspNetCore.Routing.EndpointMiddleware[0]
      Executing endpoint 'gRPC - /UnityILPP.PostProcessing/PostProcessAssembly'
[40m[32minfo[39m[22m[49m: Unity.ILPP.Runner.PostProcessingPipeline[0]
      Processing assembly Library/Bee/artifacts/2400b0aE.dag/Unity.Addressables.Editor.dll, with 130 defines and 277 references
[40m[32minfo[39m[22m[49m: Unity.ILPP.Runner.PostProcessingPipeline[0]
      processors: Unity.Jobs.CodeGen.JobsILPostProcessor, zzzUnity.Burst.CodeGen.BurstILPostProcessor
[40m[32minfo[39m[22m[49m: Unity.ILPP.Runner.PostProcessingPipeline[0]
      running Unity.Jobs.CodeGen.JobsILPostProcessor
[40m[32minfo[39m[22m[49m: Unity.ILPP.Runner.PostProcessingPipeline[0]
      running zzzUnity.Burst.CodeGen.BurstILPostProcessor
[40m[32minfo[39m[22m[49m: Microsoft.AspNetCore.Routing.EndpointMiddleware[1]
      Executed endpoint 'gRPC - /UnityILPP.PostProcessing/PostProcessAssembly'
[40m[32minfo[39m[22m[49m: Microsoft.AspNetCore.Hosting.Diagnostics[2]
      Request finished HTTP/2 POST http://ilpp/UnityILPP.PostProcessing/PostProcessAssembly application/grpc - - 200 - application/grpc 3.5557ms
[40m[32minfo[39m[22m[49m: Microsoft.AspNetCore.Hosting.Diagnostics[1]
      Request starting HTTP/2 POST http://ilpp/UnityILPP.PostProcessing/PostProcessAssembly application/grpc -
[40m[32minfo[39m[22m[49m: Microsoft.AspNetCore.Routing.EndpointMiddleware[0]
      Executing endpoint 'gRPC - /UnityILPP.PostProcessing/PostProcessAssembly'
[40m[32minfo[39m[22m[49m: Unity.ILPP.Runner.PostProcessingPipeline[0]
      Processing assembly Library/Bee/artifacts/2400b0aE.dag/Unity.Collections.Editor.dll, with 130 defines and 274 references
[40m[32minfo[39m[22m[49m: Unity.ILPP.Runner.PostProcessingPipeline[0]
      processors: Unity.Jobs.CodeGen.JobsILPostProcessor, zzzUnity.Burst.CodeGen.BurstILPostProcessor
[40m[32minfo[39m[22m[49m: Unity.ILPP.Runner.PostProcessingPipeline[0]
      running Unity.Jobs.CodeGen.JobsILPostProcessor
[40m[32minfo[39m[22m[49m: Unity.ILPP.Runner.PostProcessingAssemblyLoadContext[0]
      Resolved UnityEditor.CoreModule, Version=0.0.0.0, Culture=neutral, PublicKeyToken=null with /home/ferney_oliveros/Unity/Hub/Editor/6000.3.23f1/Editor/Data/Managed/UnityEngine/UnityEditor.CoreModule.dll
[40m[32minfo[39m[22m[49m: Unity.ILPP.Runner.PostProcessingAssemblyLoadContext[0]
      Resolved UnityEngine.CoreModule, Version=0.0.0.0, Culture=neutral, PublicKeyToken=null with /home/ferney_oliveros/Unity/Hub/Editor/6000.3.23f1/Editor/Data/Managed/UnityEngine/UnityEngine.CoreModule.dll
[40m[32minfo[39m[22m[49m: Unity.ILPP.Runner.PostProcessingPipeline[0]
      running zzzUnity.Burst.CodeGen.BurstILPostProcessor
[40m[32minfo[39m[22m[49m: Unity.ILPP.Runner.PostProcessingAssemblyLoadContext[0]
      Resolved Mono.Cecil.Rocks, Version=0.11.5.0, Culture=neutral, PublicKeyToken=50cebf1cceb9d05e with Library/PackageCache/com.unity.nuget.mono-cecil@ecb9724e46ff/Mono.Cecil.Rocks.dll
[40m[32minfo[39m[22m[49m: Microsoft.AspNetCore.Routing.EndpointMiddleware[1]
      Executed endpoint 'gRPC - /UnityILPP.PostProcessing/PostProcessAssembly'
[40m[32minfo[39m[22m[49m: Microsoft.AspNetCore.Hosting.Diagnostics[2]
      Request finished HTTP/2 POST http://ilpp/UnityILPP.PostProcessing/PostProcessAssembly application/grpc - - 200 - application/grpc 96.8135ms
[40m[32minfo[39m[22m[49m: Microsoft.AspNetCore.Hosting.Diagnostics[1]
      Request starting HTTP/2 POST http://ilpp/UnityILPP.PostProcessing/PostProcessAssembly application/grpc -
[40m[32minfo[39m[22m[49m: Microsoft.AspNetCore.Routing.EndpointMiddleware[0]
      Executing endpoint 'gRPC - /UnityILPP.PostProcessing/PostProcessAssembly'
[40m[32minfo[39m[22m[49m: Unity.ILPP.Runner.PostProcessingPipeline[0]
      Processing assembly Library/Bee/artifacts/2400b0aE.dag/Unity.Burst.Editor.dll, with 129 defines and 274 references
[40m[32minfo[39m[22m[49m: Unity.ILPP.Runner.PostProcessingPipeline[0]
      processors: Unity.Jobs.CodeGen.JobsILPostProcessor, zzzUnity.Burst.CodeGen.BurstILPostProcessor
[40m[32minfo[39m[22m[49m: Unity.ILPP.Runner.PostProcessingAssemblyLoadContext[0]
      Resolved Unity.Burst.Cecil.Rocks, Version=0.11.6.0, Culture=neutral, PublicKeyToken=50cebf1cceb9d05e with Library/PackageCache/com.unity.burst@2f3d916873ea/Unity.Burst.CodeGen/Unity.Burst.Cecil.Rocks.dll
[40m[32minfo[39m[22m[49m: Unity.ILPP.Runner.PostProcessingPipeline[0]
      running Unity.Jobs.CodeGen.JobsILPostProcessor
[40m[32minfo[39m[22m[49m: Unity.ILPP.Runner.PostProcessingPipeline[0]
      running zzzUnity.Burst.CodeGen.BurstILPostProcessor
[40m[32minfo[39m[22m[49m: Microsoft.AspNetCore.Routing.EndpointMiddleware[1]
      Executed endpoint 'gRPC - /UnityILPP.PostProcessing/PostProcessAssembly'
[40m[32minfo[39m[22m[49m: Microsoft.AspNetCore.Hosting.Diagnostics[2]
      Request finished HTTP/2 POST http://ilpp/UnityILPP.PostProcessing/PostProcessAssembly application/grpc - - 200 - application/grpc 25.8153ms
[40m[32minfo[39m[22m[49m: Unity.ILPP.Runner.PostProcessingPipeline[0]
      running zzzUnity.Burst.CodeGen.BurstILPostProcessor
[40m[32minfo[39m[22m[49m: Unity.ILPP.Runner.PostProcessingPipeline[0]
      running zzzUnity.Burst.CodeGen.BurstILPostProcessor
[40m[32minfo[39m[22m[49m: Microsoft.AspNetCore.Routing.EndpointMiddleware[1]
      Executed endpoint 'gRPC - /UnityILPP.PostProcessing/PostProcessAssembly'
[40m[32minfo[39m[22m[49m: Microsoft.AspNetCore.Hosting.Diagnostics[2]
      Request finished HTTP/2 POST http://ilpp/UnityILPP.PostProcessing/PostProcessAssembly application/grpc - - 200 - application/grpc 326.0345ms
[40m[32minfo[39m[22m[49m: Microsoft.AspNetCore.Routing.EndpointMiddleware[1]
      Executed endpoint 'gRPC - /UnityILPP.PostProcessing/PostProcessAssembly'
[40m[32minfo[39m[22m[49m: Microsoft.AspNetCore.Hosting.Diagnostics[2]
      Request finished HTTP/2 POST http://ilpp/UnityILPP.PostProcessing/PostProcessAssembly application/grpc - - 200 - application/grpc 386.6322ms
[40m[32minfo[39m[22m[49m: Microsoft.AspNetCore.Routing.EndpointMiddleware[1]
      Executed endpoint 'gRPC - /UnityILPP.PostProcessing/PostProcessAssembly'
[40m[32minfo[39m[22m[49m: Microsoft.AspNetCore.Hosting.Diagnostics[2]
      Request finished HTTP/2 POST http://ilpp/UnityILPP.PostProcessing/PostProcessAssembly application/grpc - - 200 - application/grpc 368.3256ms
[40m[32minfo[39m[22m[49m: Microsoft.AspNetCore.Hosting.Diagnostics[1]
      Request starting HTTP/2 POST http://ilpp/UnityILPP.PostProcessing/PostProcessAssembly application/grpc -
[40m[32minfo[39m[22m[49m: Microsoft.AspNetCore.Routing.EndpointMiddleware[0]
      Executing endpoint 'gRPC - /UnityILPP.PostProcessing/PostProcessAssembly'
[40m[32minfo[39m[22m[49m: Unity.ILPP.Runner.PostProcessingPipeline[0]
      Processing assembly Library/Bee/artifacts/2400b0aE.dag/Unity.RenderPipelines.Core.Runtime.dll, with 132 defines and 245 references
[40m[32minfo[39m[22m[49m: Unity.ILPP.Runner.PostProcessingPipeline[0]
      processors: Unity.Jobs.CodeGen.JobsILPostProcessor, zzzUnity.Burst.CodeGen.BurstILPostProcessor
[40m[32minfo[39m[22m[49m: Unity.ILPP.Runner.PostProcessingPipeline[0]
      running Unity.Jobs.CodeGen.JobsILPostProcessor
[40m[32minfo[39m[22m[49m: Unity.ILPP.Runner.PostProcessingPipeline[0]
      running zzzUnity.Burst.CodeGen.BurstILPostProcessor
[40m[32minfo[39m[22m[49m: Microsoft.AspNetCore.Routing.EndpointMiddleware[1]
      Executed endpoint 'gRPC - /UnityILPP.PostProcessing/PostProcessAssembly'
[40m[32minfo[39m[22m[49m: Microsoft.AspNetCore.Hosting.Diagnostics[2]
      Request finished HTTP/2 POST http://ilpp/UnityILPP.PostProcessing/PostProcessAssembly application/grpc - - 200 - application/grpc 190.3427ms
[40m[32minfo[39m[22m[49m: Microsoft.AspNetCore.Hosting.Diagnostics[1]
      Request starting HTTP/2 POST http://ilpp/UnityILPP.PostProcessing/PostProcessAssembly application/grpc -
[40m[32minfo[39m[22m[49m: Microsoft.AspNetCore.Routing.EndpointMiddleware[0]
      Executing endpoint 'gRPC - /UnityILPP.PostProcessing/PostProcessAssembly'
[40m[32minfo[39m[22m[49m: Unity.ILPP.Runner.PostProcessingPipeline[0]
      Processing assembly Library/Bee/artifacts/2400b0aE.dag/Unity.RenderPipelines.Core.Runtime.Shared.dll, with 131 defines and 242 references
[40m[32minfo[39m[22m[49m: Unity.ILPP.Runner.PostProcessingPipeline[0]
      processors: Unity.Jobs.CodeGen.JobsILPostProcessor, zzzUnity.Burst.CodeGen.BurstILPostProcessor
[40m[32minfo[39m[22m[49m: Unity.ILPP.Runner.PostProcessingPipeline[0]
      running Unity.Jobs.CodeGen.JobsILPostProcessor
[40m[32minfo[39m[22m[49m: Unity.ILPP.Runner.PostProcessingPipeline[0]
      running zzzUnity.Burst.CodeGen.BurstILPostProcessor
[40m[32minfo[39m[22m[49m: Microsoft.AspNetCore.Routing.EndpointMiddleware[1]
      Executed endpoint 'gRPC - /UnityILPP.PostProcessing/PostProcessAssembly'
[40m[32minfo[39m[22m[49m: Microsoft.AspNetCore.Hosting.Diagnostics[2]
      Request finished HTTP/2 POST http://ilpp/UnityILPP.PostProcessing/PostProcessAssembly application/grpc - - 200 - application/grpc 0.8908ms
[40m[32minfo[39m[22m[49m: Microsoft.AspNetCore.Hosting.Diagnostics[1]
      Request starting HTTP/2 POST http://ilpp/UnityILPP.PostProcessing/PostProcessAssembly application/grpc -
[40m[32minfo[39m[22m[49m: Microsoft.AspNetCore.Routing.EndpointMiddleware[0]
      Executing endpoint 'gRPC - /UnityILPP.PostProcessing/PostProcessAssembly'
[40m[32minfo[39m[22m[49m: Microsoft.AspNetCore.Hosting.Diagnostics[1]
      Request starting HTTP/2 POST http://ilpp/UnityILPP.PostProcessing/PostProcessAssembly application/grpc -
[40m[32minfo[39m[22m[49m: Microsoft.AspNetCore.Routing.EndpointMiddleware[0]
      Executing endpoint 'gRPC - /UnityILPP.PostProcessing/PostProcessAssembly'
[40m[32minfo[39m[22m[49m: Unity.ILPP.Runner.PostProcessingPipeline[0]
      Processing assembly Library/Bee/artifacts/2400b0aE.dag/Unity.RenderPipelines.Universal.Config.Runtime.dll, with 131 defines and 242 references
[40m[32minfo[39m[22m[49m: Unity.ILPP.Runner.PostProcessingPipeline[0]
      processors: Unity.Jobs.CodeGen.JobsILPostProcessor, zzzUnity.Burst.CodeGen.BurstILPostProcessor
[40m[32minfo[39m[22m[49m: Unity.ILPP.Runner.PostProcessingPipeline[0]
      Processing assembly Library/Bee/artifacts/2400b0aE.dag/Unity.RenderPipeline.Universal.ShaderLibrary.dll, with 131 defines and 242 references
[40m[32minfo[39m[22m[49m: Unity.ILPP.Runner.PostProcessingPipeline[0]
      processors: Unity.Jobs.CodeGen.JobsILPostProcessor, zzzUnity.Burst.CodeGen.BurstILPostProcessor
[40m[32minfo[39m[22m[49m: Unity.ILPP.Runner.PostProcessingPipeline[0]
      running Unity.Jobs.CodeGen.JobsILPostProcessor
[40m[32minfo[39m[22m[49m: Unity.ILPP.Runner.PostProcessingPipeline[0]
      running zzzUnity.Burst.CodeGen.BurstILPostProcessor
[40m[32minfo[39m[22m[49m: Unity.ILPP.Runner.PostProcessingPipeline[0]
      running Unity.Jobs.CodeGen.JobsILPostProcessor
[40m[32minfo[39m[22m[49m: Unity.ILPP.Runner.PostProcessingPipeline[0]
      running zzzUnity.Burst.CodeGen.BurstILPostProcessor
[40m[32minfo[39m[22m[49m: Microsoft.AspNetCore.Routing.EndpointMiddleware[1]
      Executed endpoint 'gRPC - /UnityILPP.PostProcessing/PostProcessAssembly'
[40m[32minfo[39m[22m[49m: Microsoft.AspNetCore.Hosting.Diagnostics[2]
      Request finished HTTP/2 POST http://ilpp/UnityILPP.PostProcessing/PostProcessAssembly application/grpc - - 200 - application/grpc 0.7810ms
[40m[32minfo[39m[22m[49m: Microsoft.AspNetCore.Routing.EndpointMiddleware[1]
      Executed endpoint 'gRPC - /UnityILPP.PostProcessing/PostProcessAssembly'
[40m[32minfo[39m[22m[49m: Microsoft.AspNetCore.Hosting.Diagnostics[2]
      Request finished HTTP/2 POST http://ilpp/UnityILPP.PostProcessing/PostProcessAssembly application/grpc - - 200 - application/grpc 1.0442ms
[40m[32minfo[39m[22m[49m: Microsoft.AspNetCore.Hosting.Diagnostics[1]
      Request starting HTTP/2 POST http://ilpp/UnityILPP.PostProcessing/PostProcessAssembly application/grpc -
[40m[32minfo[39m[22m[49m: Microsoft.AspNetCore.Routing.EndpointMiddleware[0]
      Executing endpoint 'gRPC - /UnityILPP.PostProcessing/PostProcessAssembly'
[40m[32minfo[39m[22m[49m: Unity.ILPP.Runner.PostProcessingPipeline[0]
      Processing assembly Library/Bee/artifacts/2400b0aE.dag/Unity.RenderPipelines.GPUDriven.Runtime.dll, with 131 defines and 245 references
[40m[32minfo[39m[22m[49m: Unity.ILPP.Runner.PostProcessingPipeline[0]
      processors: Unity.Jobs.CodeGen.JobsILPostProcessor, zzzUnity.Burst.CodeGen.BurstILPostProcessor
[40m[32minfo[39m[22m[49m: Unity.ILPP.Runner.PostProcessingPipeline[0]
      running Unity.Jobs.CodeGen.JobsILPostProcessor
[40m[32minfo[39m[22m[49m: Microsoft.AspNetCore.Hosting.Diagnostics[1]
      Request starting HTTP/2 POST http://ilpp/UnityILPP.PostProcessing/PostProcessAssembly application/grpc -
[40m[32minfo[39m[22m[49m: Microsoft.AspNetCore.Routing.EndpointMiddleware[0]
      Executing endpoint 'gRPC - /UnityILPP.PostProcessing/PostProcessAssembly'
[40m[32minfo[39m[22m[49m: Unity.ILPP.Runner.PostProcessingPipeline[0]
      Processing assembly Library/Bee/artifacts/2400b0aE.dag/Unity.TextMeshPro.Editor.dll, with 129 defines and 275 references
[40m[32minfo[39m[22m[49m: Unity.ILPP.Runner.PostProcessingPipeline[0]
      processors: Unity.Jobs.CodeGen.JobsILPostProcessor, zzzUnity.Burst.CodeGen.BurstILPostProcessor
[40m[32minfo[39m[22m[49m: Unity.ILPP.Runner.PostProcessingPipeline[0]
      running Unity.Jobs.CodeGen.JobsILPostProcessor
[40m[32minfo[39m[22m[49m: Unity.ILPP.Runner.PostProcessingPipeline[0]
      running zzzUnity.Burst.CodeGen.BurstILPostProcessor
[40m[32minfo[39m[22m[49m: Microsoft.AspNetCore.Routing.EndpointMiddleware[1]
      Executed endpoint 'gRPC - /UnityILPP.PostProcessing/PostProcessAssembly'
[40m[32minfo[39m[22m[49m: Microsoft.AspNetCore.Hosting.Diagnostics[2]
      Request finished HTTP/2 POST http://ilpp/UnityILPP.PostProcessing/PostProcessAssembly application/grpc - - 200 - application/grpc 1.9499ms
[40m[32minfo[39m[22m[49m: Unity.ILPP.Runner.PostProcessingPipeline[0]
      running zzzUnity.Burst.CodeGen.BurstILPostProcessor
[40m[32minfo[39m[22m[49m: Microsoft.AspNetCore.Routing.EndpointMiddleware[1]
      Executed endpoint 'gRPC - /UnityILPP.PostProcessing/PostProcessAssembly'
[40m[32minfo[39m[22m[49m: Microsoft.AspNetCore.Hosting.Diagnostics[2]
      Request finished HTTP/2 POST http://ilpp/UnityILPP.PostProcessing/PostProcessAssembly application/grpc - - 200 - application/grpc 55.1641ms
[40m[32minfo[39m[22m[49m: Microsoft.AspNetCore.Hosting.Diagnostics[1]
      Request starting HTTP/2 POST http://ilpp/UnityILPP.PostProcessing/PostProcessAssembly application/grpc -
[40m[32minfo[39m[22m[49m: Microsoft.AspNetCore.Routing.EndpointMiddleware[0]
      Executing endpoint 'gRPC - /UnityILPP.PostProcessing/PostProcessAssembly'
[40m[32minfo[39m[22m[49m: Unity.ILPP.Runner.PostProcessingPipeline[0]
      Processing assembly Library/Bee/artifacts/2400b0aE.dag/Unity.RenderPipelines.Universal.Runtime.dll, with 134 defines and 249 references
[40m[32minfo[39m[22m[49m: Unity.ILPP.Runner.PostProcessingPipeline[0]
      processors: Unity.Jobs.CodeGen.JobsILPostProcessor, zzzUnity.Burst.CodeGen.BurstILPostProcessor
[40m[32minfo[39m[22m[49m: Unity.ILPP.Runner.PostProcessingPipeline[0]
      running Unity.Jobs.CodeGen.JobsILPostProcessor
[40m[32minfo[39m[22m[49m: Unity.ILPP.Runner.PostProcessingPipeline[0]
      running zzzUnity.Burst.CodeGen.BurstILPostProcessor
[40m[32minfo[39m[22m[49m: Microsoft.AspNetCore.Routing.EndpointMiddleware[1]
      Executed endpoint 'gRPC - /UnityILPP.PostProcessing/PostProcessAssembly'
[40m[32minfo[39m[22m[49m: Microsoft.AspNetCore.Hosting.Diagnostics[2]
      Request finished HTTP/2 POST http://ilpp/UnityILPP.PostProcessing/PostProcessAssembly application/grpc - - 200 - application/grpc 39.3716ms
[40m[32minfo[39m[22m[49m: Microsoft.AspNetCore.Hosting.Diagnostics[1]
      Request starting HTTP/2 POST http://ilpp/UnityILPP.PostProcessing/PostProcessAssembly application/grpc -
[40m[32minfo[39m[22m[49m: Microsoft.AspNetCore.Routing.EndpointMiddleware[0]
      Executing endpoint 'gRPC - /UnityILPP.PostProcessing/PostProcessAssembly'
[40m[32minfo[39m[22m[49m: Unity.ILPP.Runner.PostProcessingPipeline[0]
      Processing assembly Library/Bee/artifacts/2400b0aE.dag/Unity.RenderPipelines.Core.Editor.dll, with 130 defines and 279 references
[40m[32minfo[39m[22m[49m: Unity.ILPP.Runner.PostProcessingPipeline[0]
      processors: Unity.Jobs.CodeGen.JobsILPostProcessor, zzzUnity.Burst.CodeGen.BurstILPostProcessor
[40m[32minfo[39m[22m[49m: Unity.ILPP.Runner.PostProcessingPipeline[0]
      running Unity.Jobs.CodeGen.JobsILPostProcessor
[40m[32minfo[39m[22m[49m: Unity.ILPP.Runner.PostProcessingPipeline[0]
      running zzzUnity.Burst.CodeGen.BurstILPostProcessor
[40m[32minfo[39m[22m[49m: Microsoft.AspNetCore.Routing.EndpointMiddleware[1]
      Executed endpoint 'gRPC - /UnityILPP.PostProcessing/PostProcessAssembly'
[40m[32minfo[39m[22m[49m: Microsoft.AspNetCore.Hosting.Diagnostics[2]
      Request finished HTTP/2 POST http://ilpp/UnityILPP.PostProcessing/PostProcessAssembly application/grpc - - 200 - application/grpc 46.3511ms
[40m[32minfo[39m[22m[49m: Microsoft.AspNetCore.Hosting.Diagnostics[1]
      Request starting HTTP/2 POST http://ilpp/UnityILPP.PostProcessing/PostProcessAssembly application/grpc -
[40m[32minfo[39m[22m[49m: Microsoft.AspNetCore.Routing.EndpointMiddleware[0]
      Executing endpoint 'gRPC - /UnityILPP.PostProcessing/PostProcessAssembly'
[40m[32minfo[39m[22m[49m: Unity.ILPP.Runner.PostProcessingPipeline[0]
      Processing assembly Library/Bee/artifacts/2400b0aE.dag/Unity.RenderPipelines.Core.Editor.Shared.dll, with 129 defines and 274 references
[40m[32minfo[39m[22m[49m: Unity.ILPP.Runner.PostProcessingPipeline[0]
      processors: Unity.Jobs.CodeGen.JobsILPostProcessor, zzzUnity.Burst.CodeGen.BurstILPostProcessor
[40m[32minfo[39m[22m[49m: Unity.ILPP.Runner.PostProcessingPipeline[0]
      running Unity.Jobs.CodeGen.JobsILPostProcessor
[40m[32minfo[39m[22m[49m: Unity.ILPP.Runner.PostProcessingPipeline[0]
      running zzzUnity.Burst.CodeGen.BurstILPostProcessor
[40m[32minfo[39m[22m[49m: Microsoft.AspNetCore.Routing.EndpointMiddleware[1]
      Executed endpoint 'gRPC - /UnityILPP.PostProcessing/PostProcessAssembly'
[40m[32minfo[39m[22m[49m: Microsoft.AspNetCore.Hosting.Diagnostics[2]
      Request finished HTTP/2 POST http://ilpp/UnityILPP.PostProcessing/PostProcessAssembly application/grpc - - 200 - application/grpc 0.8717ms
[40m[32minfo[39m[22m[49m: Microsoft.AspNetCore.Hosting.Diagnostics[1]
      Request starting HTTP/2 POST http://ilpp/UnityILPP.PostProcessing/PostProcessAssembly application/grpc -
[40m[32minfo[39m[22m[49m: Microsoft.AspNetCore.Routing.EndpointMiddleware[0]
      Executing endpoint 'gRPC - /UnityILPP.PostProcessing/PostProcessAssembly'
[40m[32minfo[39m[22m[49m: Unity.ILPP.Runner.PostProcessingPipeline[0]
      Processing assembly Library/Bee/artifacts/2400b0aE.dag/Unity.RenderPipelines.Universal.2D.Runtime.dll, with 131 defines and 246 references
[40m[32minfo[39m[22m[49m: Unity.ILPP.Runner.PostProcessingPipeline[0]
      processors: Unity.Jobs.CodeGen.JobsILPostProcessor, zzzUnity.Burst.CodeGen.BurstILPostProcessor
[40m[32minfo[39m[22m[49m: Unity.ILPP.Runner.PostProcessingPipeline[0]
      running Unity.Jobs.CodeGen.JobsILPostProcessor
[40m[32minfo[39m[22m[49m: Unity.ILPP.Runner.PostProcessingPipeline[0]
      running zzzUnity.Burst.CodeGen.BurstILPostProcessor
[40m[32minfo[39m[22m[49m: Microsoft.AspNetCore.Routing.EndpointMiddleware[1]
      Executed endpoint 'gRPC - /UnityILPP.PostProcessing/PostProcessAssembly'
[40m[32minfo[39m[22m[49m: Microsoft.AspNetCore.Hosting.Diagnostics[2]
      Request finished HTTP/2 POST http://ilpp/UnityILPP.PostProcessing/PostProcessAssembly application/grpc - - 200 - application/grpc 18.7689ms
[40m[32minfo[39m[22m[49m: Microsoft.AspNetCore.Hosting.Diagnostics[1]
      Request starting HTTP/2 POST http://ilpp/UnityILPP.PostProcessing/PostProcessAssembly application/grpc -
[40m[32minfo[39m[22m[49m: Microsoft.AspNetCore.Routing.EndpointMiddleware[0]
      Executing endpoint 'gRPC - /UnityILPP.PostProcessing/PostProcessAssembly'
[40m[32minfo[39m[22m[49m: Unity.ILPP.Runner.PostProcessingPipeline[0]
      Processing assembly Library/Bee/artifacts/2400b0aE.dag/glTFast.dll, with 140 defines and 245 references
[40m[32minfo[39m[22m[49m: Unity.ILPP.Runner.PostProcessingPipeline[0]
      processors: Unity.Jobs.CodeGen.JobsILPostProcessor, zzzUnity.Burst.CodeGen.BurstILPostProcessor
[40m[32minfo[39m[22m[49m: Unity.ILPP.Runner.PostProcessingPipeline[0]
      running Unity.Jobs.CodeGen.JobsILPostProcessor
[40m[32minfo[39m[22m[49m: Unity.ILPP.Runner.PostProcessingPipeline[0]
      running zzzUnity.Burst.CodeGen.BurstILPostProcessor
[40m[32minfo[39m[22m[49m: Microsoft.AspNetCore.Routing.EndpointMiddleware[1]
      Executed endpoint 'gRPC - /UnityILPP.PostProcessing/PostProcessAssembly'
[40m[32minfo[39m[22m[49m: Microsoft.AspNetCore.Hosting.Diagnostics[2]
      Request finished HTTP/2 POST http://ilpp/UnityILPP.PostProcessing/PostProcessAssembly application/grpc - - 200 - application/grpc 96.0607ms
[40m[32minfo[39m[22m[49m: Microsoft.AspNetCore.Hosting.Diagnostics[1]
      Request starting HTTP/2 POST http://ilpp/UnityILPP.PostProcessing/PostProcessAssembly application/grpc -
[40m[32minfo[39m[22m[49m: Microsoft.AspNetCore.Routing.EndpointMiddleware[0]
      Executing endpoint 'gRPC - /UnityILPP.PostProcessing/PostProcessAssembly'
[40m[32minfo[39m[22m[49m: Unity.ILPP.Runner.PostProcessingPipeline[0]
      Processing assembly Library/Bee/artifacts/2400b0aE.dag/glTFast.Newtonsoft.dll, with 133 defines and 242 references
[40m[32minfo[39m[22m[49m: Unity.ILPP.Runner.PostProcessingPipeline[0]
      processors: Unity.Jobs.CodeGen.JobsILPostProcessor, zzzUnity.Burst.CodeGen.BurstILPostProcessor
[40m[32minfo[39m[22m[49m: Unity.ILPP.Runner.PostProcessingPipeline[0]
      running Unity.Jobs.CodeGen.JobsILPostProcessor
[40m[32minfo[39m[22m[49m: Unity.ILPP.Runner.PostProcessingPipeline[0]
      running zzzUnity.Burst.CodeGen.BurstILPostProcessor
[40m[32minfo[39m[22m[49m: Microsoft.AspNetCore.Routing.EndpointMiddleware[1]
      Executed endpoint 'gRPC - /UnityILPP.PostProcessing/PostProcessAssembly'
[40m[32minfo[39m[22m[49m: Microsoft.AspNetCore.Hosting.Diagnostics[2]
      Request finished HTTP/2 POST http://ilpp/UnityILPP.PostProcessing/PostProcessAssembly application/grpc - - 200 - application/grpc 0.7629ms
[40m[32minfo[39m[22m[49m: Microsoft.AspNetCore.Hosting.Diagnostics[1]
      Request starting HTTP/2 POST http://ilpp/UnityILPP.PostProcessing/PostProcessAssembly application/grpc -
[40m[32minfo[39m[22m[49m: Microsoft.AspNetCore.Routing.EndpointMiddleware[0]
      Executing endpoint 'gRPC - /UnityILPP.PostProcessing/PostProcessAssembly'
[40m[32minfo[39m[22m[49m: Unity.ILPP.Runner.PostProcessingPipeline[0]
      Processing assembly Library/Bee/artifacts/2400b0aE.dag/glTFast.dots.dll, with 132 defines and 245 references
[40m[32minfo[39m[22m[49m: Unity.ILPP.Runner.PostProcessingPipeline[0]
      processors: Unity.Jobs.CodeGen.JobsILPostProcessor, zzzUnity.Burst.CodeGen.BurstILPostProcessor
[40m[32minfo[39m[22m[49m: Unity.ILPP.Runner.PostProcessingPipeline[0]
      running Unity.Jobs.CodeGen.JobsILPostProcessor
[40m[32minfo[39m[22m[49m: Microsoft.AspNetCore.Hosting.Diagnostics[1]
      Request starting HTTP/2 POST http://ilpp/UnityILPP.PostProcessing/PostProcessAssembly application/grpc -
[40m[32minfo[39m[22m[49m: Microsoft.AspNetCore.Routing.EndpointMiddleware[0]
      Executing endpoint 'gRPC - /UnityILPP.PostProcessing/PostProcessAssembly'
[40m[32minfo[39m[22m[49m: Unity.ILPP.Runner.PostProcessingPipeline[0]
      Processing assembly Library/Bee/artifacts/2400b0aE.dag/glTFast.Export.dll, with 135 defines and 246 references
[40m[32minfo[39m[22m[49m: Unity.ILPP.Runner.PostProcessingPipeline[0]
      processors: Unity.Jobs.CodeGen.JobsILPostProcessor, zzzUnity.Burst.CodeGen.BurstILPostProcessor
[40m[32minfo[39m[22m[49m: Unity.ILPP.Runner.PostProcessingPipeline[0]
      running Unity.Jobs.CodeGen.JobsILPostProcessor
[40m[32minfo[39m[22m[49m: Unity.ILPP.Runner.PostProcessingPipeline[0]
      running zzzUnity.Burst.CodeGen.BurstILPostProcessor
[40m[32minfo[39m[22m[49m: Unity.ILPP.Runner.PostProcessingPipeline[0]
      running zzzUnity.Burst.CodeGen.BurstILPostProcessor
[40m[32minfo[39m[22m[49m: Microsoft.AspNetCore.Routing.EndpointMiddleware[1]
      Executed endpoint 'gRPC - /UnityILPP.PostProcessing/PostProcessAssembly'
[40m[32minfo[39m[22m[49m: Microsoft.AspNetCore.Hosting.Diagnostics[2]
      Request finished HTTP/2 POST http://ilpp/UnityILPP.PostProcessing/PostProcessAssembly application/grpc - - 200 - application/grpc 4.5379ms
[40m[32minfo[39m[22m[49m: Microsoft.AspNetCore.Routing.EndpointMiddleware[1]
      Executed endpoint 'gRPC - /UnityILPP.PostProcessing/PostProcessAssembly'
[40m[32minfo[39m[22m[49m: Microsoft.AspNetCore.Hosting.Diagnostics[2]
      Request finished HTTP/2 POST http://ilpp/UnityILPP.PostProcessing/PostProcessAssembly application/grpc - - 200 - application/grpc 5.8617ms
[40m[32minfo[39m[22m[49m: Microsoft.AspNetCore.Hosting.Diagnostics[1]
      Request starting HTTP/2 POST http://ilpp/UnityILPP.PostProcessing/PostProcessAssembly application/grpc -
[40m[32minfo[39m[22m[49m: Microsoft.AspNetCore.Routing.EndpointMiddleware[0]
      Executing endpoint 'gRPC - /UnityILPP.PostProcessing/PostProcessAssembly'
[40m[32minfo[39m[22m[49m: Unity.ILPP.Runner.PostProcessingPipeline[0]
      Processing assembly Library/Bee/artifacts/2400b0aE.dag/glTFast.Documentation.Examples.dll, with 134 defines and 246 references
[40m[32minfo[39m[22m[49m: Unity.ILPP.Runner.PostProcessingPipeline[0]
      processors: Unity.Jobs.CodeGen.JobsILPostProcessor, zzzUnity.Burst.CodeGen.BurstILPostProcessor
[40m[32minfo[39m[22m[49m: Unity.ILPP.Runner.PostProcessingPipeline[0]
      running Unity.Jobs.CodeGen.JobsILPostProcessor
[40m[32minfo[39m[22m[49m: Unity.ILPP.Runner.PostProcessingPipeline[0]
      running zzzUnity.Burst.CodeGen.BurstILPostProcessor
[40m[32minfo[39m[22m[49m: Microsoft.AspNetCore.Routing.EndpointMiddleware[1]
      Executed endpoint 'gRPC - /UnityILPP.PostProcessing/PostProcessAssembly'
[40m[32minfo[39m[22m[49m: Microsoft.AspNetCore.Hosting.Diagnostics[2]
      Request finished HTTP/2 POST http://ilpp/UnityILPP.PostProcessing/PostProcessAssembly application/grpc - - 200 - application/grpc 5.3275ms
[40m[32minfo[39m[22m[49m: Microsoft.AspNetCore.Hosting.Diagnostics[1]
      Request starting HTTP/2 POST http://ilpp/UnityILPP.PostProcessing/PostProcessAssembly application/grpc -
[40m[32minfo[39m[22m[49m: Microsoft.AspNetCore.Routing.EndpointMiddleware[0]
      Executing endpoint 'gRPC - /UnityILPP.PostProcessing/PostProcessAssembly'
[40m[32minfo[39m[22m[49m: Unity.ILPP.Runner.PostProcessingPipeline[0]
      Processing assembly Library/Bee/artifacts/2400b0aE.dag/glTFast.Editor.dll, with 131 defines and 276 references
[40m[32minfo[39m[22m[49m: Unity.ILPP.Runner.PostProcessingPipeline[0]
      processors: Unity.Jobs.CodeGen.JobsILPostProcessor, zzzUnity.Burst.CodeGen.BurstILPostProcessor
[40m[32minfo[39m[22m[49m: Unity.ILPP.Runner.PostProcessingPipeline[0]
      running Unity.Jobs.CodeGen.JobsILPostProcessor
[40m[32minfo[39m[22m[49m: Unity.ILPP.Runner.PostProcessingPipeline[0]
      running zzzUnity.Burst.CodeGen.BurstILPostProcessor
[40m[32minfo[39m[22m[49m: Microsoft.AspNetCore.Routing.EndpointMiddleware[1]
      Executed endpoint 'gRPC - /UnityILPP.PostProcessing/PostProcessAssembly'
[40m[32minfo[39m[22m[49m: Microsoft.AspNetCore.Hosting.Diagnostics[2]
      Request finished HTTP/2 POST http://ilpp/UnityILPP.PostProcessing/PostProcessAssembly application/grpc - - 200 - application/grpc 0.6865ms
[40m[32minfo[39m[22m[49m: Microsoft.AspNetCore.Hosting.Diagnostics[1]
      Request starting HTTP/2 POST http://ilpp/UnityILPP.PostProcessing/PostProcessAssembly application/grpc -
[40m[32minfo[39m[22m[49m: Microsoft.AspNetCore.Routing.EndpointMiddleware[0]
      Executing endpoint 'gRPC - /UnityILPP.PostProcessing/PostProcessAssembly'
[40m[32minfo[39m[22m[49m: Unity.ILPP.Runner.PostProcessingPipeline[0]
      Processing assembly Library/Bee/artifacts/2400b0aE.dag/Unity.ShaderGraph.Editor.dll, with 129 defines and 277 references
[40m[32minfo[39m[22m[49m: Unity.ILPP.Runner.PostProcessingPipeline[0]
      processors: Unity.Jobs.CodeGen.JobsILPostProcessor, zzzUnity.Burst.CodeGen.BurstILPostProcessor
[40m[32minfo[39m[22m[49m: Unity.ILPP.Runner.PostProcessingPipeline[0]
      running Unity.Jobs.CodeGen.JobsILPostProcessor
[40m[32minfo[39m[22m[49m: Unity.ILPP.Runner.PostProcessingPipeline[0]
      running zzzUnity.Burst.CodeGen.BurstILPostProcessor
[40m[32minfo[39m[22m[49m: Microsoft.AspNetCore.Routing.EndpointMiddleware[1]
      Executed endpoint 'gRPC - /UnityILPP.PostProcessing/PostProcessAssembly'
[40m[32minfo[39m[22m[49m: Microsoft.AspNetCore.Hosting.Diagnostics[2]
      Request finished HTTP/2 POST http://ilpp/UnityILPP.PostProcessing/PostProcessAssembly application/grpc - - 200 - application/grpc 4.0813ms
[40m[32minfo[39m[22m[49m: Microsoft.AspNetCore.Hosting.Diagnostics[1]
      Request starting HTTP/2 POST http://ilpp/UnityILPP.PostProcessing/PostProcessAssembly application/grpc -
[40m[32minfo[39m[22m[49m: Microsoft.AspNetCore.Routing.EndpointMiddleware[0]
      Executing endpoint 'gRPC - /UnityILPP.PostProcessing/PostProcessAssembly'
[40m[32minfo[39m[22m[49m: Unity.ILPP.Runner.PostProcessingPipeline[0]
      Processing assembly Library/Bee/artifacts/2400b0aE.dag/Unity.RenderPipelines.Universal.2D.Editor.Overrides.dll, with 129 defines and 283 references
[40m[32minfo[39m[22m[49m: Unity.ILPP.Runner.PostProcessingPipeline[0]
      processors: Unity.Jobs.CodeGen.JobsILPostProcessor, zzzUnity.Burst.CodeGen.BurstILPostProcessor
[40m[32minfo[39m[22m[49m: Unity.ILPP.Runner.PostProcessingPipeline[0]
      running Unity.Jobs.CodeGen.JobsILPostProcessor
[40m[32minfo[39m[22m[49m: Unity.ILPP.Runner.PostProcessingPipeline[0]
      running zzzUnity.Burst.CodeGen.BurstILPostProcessor
[40m[32minfo[39m[22m[49m: Microsoft.AspNetCore.Routing.EndpointMiddleware[1]
      Executed endpoint 'gRPC - /UnityILPP.PostProcessing/PostProcessAssembly'
[40m[32minfo[39m[22m[49m: Microsoft.AspNetCore.Hosting.Diagnostics[2]
      Request finished HTTP/2 POST http://ilpp/UnityILPP.PostProcessing/PostProcessAssembly application/grpc - - 200 - application/grpc 0.5861ms
[40m[32minfo[39m[22m[49m: Microsoft.AspNetCore.Hosting.Diagnostics[1]
      Request starting HTTP/2 POST http://ilpp/UnityILPP.PostProcessing/PostProcessAssembly application/grpc -
[40m[32minfo[39m[22m[49m: Microsoft.AspNetCore.Routing.EndpointMiddleware[0]
      Executing endpoint 'gRPC - /UnityILPP.PostProcessing/PostProcessAssembly'
[40m[32minfo[39m[22m[49m: Unity.ILPP.Runner.PostProcessingPipeline[0]
      Processing assembly Library/Bee/artifacts/2400b0aE.dag/Unity.RenderPipelines.Universal.Editor.dll, with 129 defines and 283 references
[40m[32minfo[39m[22m[49m: Unity.ILPP.Runner.PostProcessingPipeline[0]
      processors: Unity.Jobs.CodeGen.JobsILPostProcessor, zzzUnity.Burst.CodeGen.BurstILPostProcessor
[40m[32minfo[39m[22m[49m: Unity.ILPP.Runner.PostProcessingPipeline[0]
      running Unity.Jobs.CodeGen.JobsILPostProcessor
[40m[32minfo[39m[22m[49m: Unity.ILPP.Runner.PostProcessingPipeline[0]
      running zzzUnity.Burst.CodeGen.BurstILPostProcessor
[40m[32minfo[39m[22m[49m: Microsoft.AspNetCore.Routing.EndpointMiddleware[1]
      Executed endpoint 'gRPC - /UnityILPP.PostProcessing/PostProcessAssembly'
[40m[32minfo[39m[22m[49m: Microsoft.AspNetCore.Hosting.Diagnostics[2]
      Request finished HTTP/2 POST http://ilpp/UnityILPP.PostProcessing/PostProcessAssembly application/grpc - - 200 - application/grpc 2.7626ms
[40m[32minfo[39m[22m[49m: Microsoft.AspNetCore.Hosting.Diagnostics[1]
      Request starting HTTP/2 POST http://ilpp/UnityILPP.PostProcessing/PostProcessAssembly application/grpc -
[40m[32minfo[39m[22m[49m: Microsoft.AspNetCore.Routing.EndpointMiddleware[0]
      Executing endpoint 'gRPC - /UnityILPP.PostProcessing/PostProcessAssembly'
[40m[32minfo[39m[22m[49m: Unity.ILPP.Runner.PostProcessingPipeline[0]
      Processing assembly Library/Bee/artifacts/2400b0aE.dag/PPv2URPConverters.dll, with 129 defines and 277 references
[40m[32minfo[39m[22m[49m: Unity.ILPP.Runner.PostProcessingPipeline[0]
      processors: Unity.Jobs.CodeGen.JobsILPostProcessor, zzzUnity.Burst.CodeGen.BurstILPostProcessor
[40m[32minfo[39m[22m[49m: Unity.ILPP.Runner.PostProcessingPipeline[0]
      running Unity.Jobs.CodeGen.JobsILPostProcessor
[40m[32minfo[39m[22m[49m: Unity.ILPP.Runner.PostProcessingPipeline[0]
      running zzzUnity.Burst.CodeGen.BurstILPostProcessor
[40m[32minfo[39m[22m[49m: Microsoft.AspNetCore.Routing.EndpointMiddleware[1]
      Executed endpoint 'gRPC - /UnityILPP.PostProcessing/PostProcessAssembly'
[40m[32minfo[39m[22m[49m: Microsoft.AspNetCore.Hosting.Diagnostics[2]
      Request finished HTTP/2 POST http://ilpp/UnityILPP.PostProcessing/PostProcessAssembly application/grpc - - 200 - application/grpc 0.5091ms
ExitCode: 3 Duration: 7s382ms
Finished compiling graph: 742 nodes, 13084 flattened edges (10800 ToBuild, 124 ToUse), maximum node priority 849
[  1/739    0s] WriteText Library/Bee/artifacts/2400b0aE.dag/UnityEngine.TestRunner.UnityAdditionalFile.txt
[  2/739    0s] WriteText Library/Bee/artifacts/2400b0aE.dag/UnityEngine.TestRunner.rsp2
[  3/739    0s] MovedFromExtractor Library/Bee/artifacts/mvdfrm/UnityEngine.UnityConnectModule.dll_AF7C9FEB2BD7F316.mvfrm
[  4/739    0s] MovedFromExtractor Library/Bee/artifacts/mvdfrm/UnityEngine.PhysicsModule.dll_17D03A883C1A674A.mvfrm
[  5/739    0s] MovedFromExtractor Library/Bee/artifacts/mvdfrm/UnityEngine.CrashReportingModule.dll_55F380FADAEC23F8.mvfrm
[  6/739    0s] MovedFromExtractor Library/Bee/artifacts/mvdfrm/UnityEngine.UnityWebRequestAssetBundleModule.dll_12AC27286CE575D3.mvfrm
[  7/739    0s] MovedFromExtractor Library/Bee/artifacts/mvdfrm/UnityEngine.UnityAnalyticsCommonModule.dll_6536D66CA295A77D.mvfrm
[  8/739    0s] MovedFromExtractor Library/Bee/artifacts/mvdfrm/UnityEngine.MarshallingModule.dll_7DB4B1644154C787.mvfrm
[  9/739    0s] MovedFromExtractor Library/Bee/artifacts/mvdfrm/UnityEngine.GridModule.dll_FB939C1203BDAA57.mvfrm
[ 10/739    0s] MovedFromExtractor Library/Bee/artifacts/mvdfrm/UnityEngine.UnityCurlModule.dll_DCB467B3D5E3DA14.mvfrm
[ 11/739    0s] MovedFromExtractor Library/Bee/artifacts/mvdfrm/UnityEngine.InputModule.dll_CDCE2D1C0E2C8BFD.mvfrm
[ 12/739    0s] MovedFromExtractor Library/Bee/artifacts/mvdfrm/UnityEngine.ImageConversionModule.dll_8AB48494C3F14314.mvfrm
[ 13/739    0s] MovedFromExtractor Library/Bee/artifacts/mvdfrm/UnityEngine.IMGUIModule.dll_9FB804D25E25FB3A.mvfrm
[ 14/739    0s] MovedFromExtractor Library/Bee/artifacts/mvdfrm/UnityEngine.UIModule.dll_81336A35ECDDE895.mvfrm
[ 15/739    0s] MovedFromExtractor Library/Bee/artifacts/mvdfrm/UnityEngine.HotReloadModule.dll_2AE08488410303A9.mvfrm
[ 16/739    0s] MovedFromExtractor Library/Bee/artifacts/mvdfrm/UnityEngine.InputLegacyModule.dll_66912DEDF51E5026.mvfrm
[ 17/739    0s] MovedFromExtractor Library/Bee/artifacts/mvdfrm/UnityEngine.PhysicsBackendPhysXModule.dll_2276E895BB05E5AC.mvfrm
[ 18/739    0s] MovedFromExtractor Library/Bee/artifacts/mvdfrm/UnityEngine.IdentifiersModule.dll_ADD59AC51FA5684D.mvfrm
[ 19/739    0s] MovedFromExtractor Library/Bee/artifacts/mvdfrm/UnityEngine.GameCenterModule.dll_35B42182BB670E18.mvfrm
[ 20/739    0s] MovedFromExtractor Library/Bee/artifacts/mvdfrm/UnityEngine.MultiplayerModule.dll_54F42F5C15F427AD.mvfrm
[ 21/739    0s] MovedFromExtractor Library/Bee/artifacts/mvdfrm/UnityEngine.CoreModule.dll_1E228023EB691460.mvfrm
[ 22/739    0s] MovedFromExtractor Library/Bee/artifacts/mvdfrm/UnityEngine.LocalizationModule.dll_80065B447A53B82A.mvfrm
[ 23/739    0s] MovedFromExtractor Library/Bee/artifacts/mvdfrm/UnityEngine.PerformanceReportingModule.dll_C9F8192888AD091F.mvfrm
[ 24/739    0s] MovedFromExtractor Library/Bee/artifacts/mvdfrm/UnityEngine.AudioModule.dll_6758656B97F46759.mvfrm
[ 25/739    0s] MovedFromExtractor Library/Bee/artifacts/mvdfrm/UnityEngine.JSONSerializeModule.dll_098E655495D2424B.mvfrm
[ 26/739    0s] MovedFromExtractor Library/Bee/artifacts/mvdfrm/UnityEngine.UnityConsentModule.dll_8122371738E28966.mvfrm
[ 27/739    0s] MovedFromExtractor Library/Bee/artifacts/mvdfrm/UnityEngine.GIModule.dll_1DFC15162C45CB03.mvfrm
[ 28/739    0s] MovedFromExtractor Library/Bee/artifacts/mvdfrm/UnityEngine.GraphicsStateCollectionSerializerModule.dll_E0B0A514AF034D29.mvfrm
[ 29/739    0s] MovedFromExtractor Library/Bee/artifacts/mvdfrm/UnityEngine.AssetBundleModule.dll_D54C12CF5D2C9A35.mvfrm
[ 30/739    0s] MovedFromExtractor Library/Bee/artifacts/mvdfrm/UnityEngine.ClusterRendererModule.dll_1EC286E441CC8B20.mvfrm
[ 31/739    0s] MovedFromExtractor Library/Bee/artifacts/mvdfrm/UnityEngine.HierarchyCoreModule.dll_209178F305443AB7.mvfrm
[ 32/739    0s] MovedFromExtractor Library/Bee/artifacts/mvdfrm/UnityEngine.ContentLoadModule.dll_6E626C102BAF4222.mvfrm
[ 33/739    0s] MovedFromExtractor Library/Bee/artifacts/mvdfrm/UnityEngine.ClusterInputModule.dll_41B990F1E2D7C531.mvfrm
[ 34/739    0s] MovedFromExtractor Library/Bee/artifacts/mvdfrm/UnityEngine.DSPGraphModule.dll_39DDF5C52AEE4B9E.mvfrm
[ 35/739    0s] MovedFromExtractor Library/Bee/artifacts/mvdfrm/UnityEngine.UnityWebRequestModule.dll_9C538C3ECEE5DD93.mvfrm
[ 36/739    0s] MovedFromExtractor Library/Bee/artifacts/mvdfrm/UnityEngine.UnityWebRequestTextureModule.dll_007523C34C59166C.mvfrm
[ 37/739    0s] MovedFromExtractor Library/Bee/artifacts/mvdfrm/UnityEngine.PropertiesModule.dll_62EF60C12E527254.mvfrm
[ 38/739    0s] MovedFromExtractor Library/Bee/artifacts/mvdfrm/UnityEngine.TextRenderingModule.dll_4CB584E46175EEA2.mvfrm
[ 39/739    0s] MovedFromExtractor Library/Bee/artifacts/mvdfrm/UnityEngine.dll_77EC7B01E7FB6735.mvfrm
[ 40/739    0s] MovedFromExtractor Library/Bee/artifacts/mvdfrm/UnityEngine.VirtualTexturingModule.dll_5BDFCB337F5E26FE.mvfrm
[ 41/739    0s] MovedFromExtractor Library/Bee/artifacts/mvdfrm/UnityEngine.VFXModule.dll_4B571BA981D03F0B.mvfrm
[ 42/739    0s] MovedFromExtractor Library/Bee/artifacts/mvdfrm/UnityEditor.AccessibilityModule.dll_1D35E9F11D9E5E9C.mvfrm
[ 43/739    0s] MovedFromExtractor Library/Bee/artifacts/mvdfrm/UnityEngine.RenderAs2DModule.dll_A42723470DACBC8B.mvfrm
[ 44/739    0s] MovedFromExtractor Library/Bee/artifacts/mvdfrm/UnityEngine.RuntimeInitializeOnLoadManagerInitializerModule.dll_64A2FE7F080BC885.mvfrm
[ 45/739    0s] MovedFromExtractor Library/Bee/artifacts/mvdfrm/UnityEngine.ShaderVariantAnalyticsModule.dll_C12F4173F82551E7.mvfrm
[ 46/739    0s] MovedFromExtractor Library/Bee/artifacts/mvdfrm/UnityEngine.SubstanceModule.dll_3AD7C81C00AA9D73.mvfrm
[ 47/739    0s] MovedFromExtractor Library/Bee/artifacts/mvdfrm/UnityEngine.SpriteMaskModule.dll_1EE09412DCD6A392.mvfrm
[ 48/739    0s] MovedFromExtractor Library/Bee/artifacts/mvdfrm/UnityEngine.TLSModule.dll_CA78833AAB62D59E.mvfrm
[ 49/739    0s] MovedFromExtractor Library/Bee/artifacts/mvdfrm/UnityEngine.TerrainModule.dll_3216B5F711D8B038.mvfrm
[ 50/739    0s] MovedFromExtractor Library/Bee/artifacts/mvdfrm/UnityEngine.SharedInternalsModule.dll_0EC5C36A3B1F3E64.mvfrm
[ 51/739    0s] MovedFromExtractor Library/Bee/artifacts/mvdfrm/UnityEngine.TextCoreFontEngineModule.dll_36F2EF7D0AB4F9DE.mvfrm
[ 52/739    0s] MovedFromExtractor Library/Bee/artifacts/mvdfrm/UnityEngine.StreamingModule.dll_5E2CB3D2B5579F65.mvfrm
[ 53/739    0s] MovedFromExtractor Library/Bee/artifacts/mvdfrm/UnityEngine.SpriteShapeModule.dll_EEAD402A12CED23F.mvfrm
[ 54/739    0s] MovedFromExtractor Library/Bee/artifacts/mvdfrm/UnityEngine.ShaderRuntimeModule.dll_394E8546E69A4C36.mvfrm
[ 55/739    0s] MovedFromExtractor Library/Bee/artifacts/mvdfrm/UnityEngine.UIElementsModule.dll_8DCC5BDCAE4AC79C.mvfrm
[ 56/739    0s] MovedFromExtractor Library/Bee/artifacts/mvdfrm/UnityEngine.InputForUIModule.dll_38667B9C1B87AAD4.mvfrm
[ 57/739    0s] MovedFromExtractor Library/Bee/artifacts/mvdfrm/UnityEditor.PhysicsModule.dll_255581DDD70B8005.mvfrm
[ 58/739    0s] MovedFromExtractor Library/Bee/artifacts/mvdfrm/UnityEngine.TextCoreTextEngineModule.dll_7EDB25EE9A38B2FC.mvfrm
[ 59/739    0s] MovedFromExtractor Library/Bee/artifacts/mvdfrm/UnityEditor.PresetsUIModule.dll_9678833B8DCB6B86.mvfrm
[ 60/739    0s] MovedFromExtractor Library/Bee/artifacts/mvdfrm/UnityEditor.SafeModeModule.dll_3975D1DB34C2A2F6.mvfrm
[ 61/739    0s] MovedFromExtractor Library/Bee/artifacts/mvdfrm/UnityEngine.AnimationModule.dll_A997C68265CFE827.mvfrm
[ 62/739    0s] MovedFromExtractor Library/Bee/artifacts/mvdfrm/UnityEditor.QuickInstallModule.dll_A5C25CA54DF27B84.mvfrm
[ 63/739    0s] MovedFromExtractor Library/Bee/artifacts/mvdfrm/UnityEditor.PropertiesModule.dll_6240F3792C0E5909.mvfrm
[ 64/739    0s] MovedFromExtractor Library/Bee/artifacts/mvdfrm/UnityEditor.PlayModeModule.dll_7F69C394D38BB25D.mvfrm
[ 65/739    0s] MovedFromExtractor Library/Bee/artifacts/mvdfrm/UnityEditor.SceneTemplateModule.dll_76D170819620BA24.mvfrm
[ 66/739    0s] MovedFromExtractor Library/Bee/artifacts/mvdfrm/UnityEditor.QuickSearchModule.dll_9162DFDDFAC5E543.mvfrm
[ 67/739    0s] MovedFromExtractor Library/Bee/artifacts/mvdfrm/UnityEditor.GridModule.dll_D872C8BF5BB83F2C.mvfrm
[ 68/739    0s] MovedFromExtractor Library/Bee/artifacts/mvdfrm/UnityEditor.MultiplayerModule.dll_4F2E5FCD03BA1728.mvfrm
[ 69/739    0s] MovedFromExtractor Library/Bee/artifacts/mvdfrm/UnityEditor.HierarchyModule.dll_C886513549525243.mvfrm
[ 70/739    0s] MovedFromExtractor Library/Bee/artifacts/mvdfrm/UnityEditor.GraphViewModule.dll_DB124A598B731381.mvfrm
[ 71/739    0s] MovedFromExtractor Library/Bee/artifacts/mvdfrm/UnityEditor.MediaModule.dll_6CEBC298E4C3BF42.mvfrm
[ 72/739    0s] MovedFromExtractor Library/Bee/artifacts/mvdfrm/UnityEditor.GIModule.dll_DF8D8386C0C89738.mvfrm
[ 73/739    0s] MovedFromExtractor Library/Bee/artifacts/mvdfrm/UnityEditor.GraphicsStateCollectionSerializerModule.dll_D7BCD824E20403C4.mvfrm
[ 74/739    0s] MovedFromExtractor Library/Bee/artifacts/mvdfrm/UnityEditor.SceneViewModule.dll_19C22D618095E08F.mvfrm
[ 75/739    0s] MovedFromExtractor Library/Bee/artifacts/mvdfrm/UnityEditor.EmbreeModule.dll_91B92F85E9137A1E.mvfrm
[ 76/739    0s] MovedFromExtractor Library/Bee/artifacts/mvdfrm/UnityEditor.EditorToolbarModule.dll_5331FFC397340FEC.mvfrm
[ 77/739    0s] MovedFromExtractor Library/Bee/artifacts/mvdfrm/UnityEditor.CoreModule.dll_FB01ACD14363A935.mvfrm
[ 78/739    0s] MovedFromExtractor Library/Bee/artifacts/mvdfrm/UnityEditor.GridAndSnapModule.dll_100C45522553A5D9.mvfrm
[ 79/739    0s] MovedFromExtractor Library/Bee/artifacts/mvdfrm/UnityEditor.AdaptivePerformanceModule.dll_87D36C529D044FE8.mvfrm
[ 80/739    0s] MovedFromExtractor Library/Bee/artifacts/mvdfrm/UnityEditor.AssetComplianceModule.dll_51F0D4614CCD61C9.mvfrm
[ 81/739    0s] MovedFromExtractor Library/Bee/artifacts/mvdfrm/UnityEditor.BuildProfileModule.dll_C6E30E660C6C0D51.mvfrm
[ 82/739    0s] MovedFromExtractor Library/Bee/artifacts/mvdfrm/UnityEditor.DeviceSimulatorModule.dll_1915C472D2117D9C.mvfrm
[ 83/739    0s] MovedFromExtractor Library/Bee/artifacts/mvdfrm/UnityEditor.ClothModule.dll_0814060240941598.mvfrm
[ 84/739    0s] MovedFromExtractor Library/Bee/artifacts/mvdfrm/UnityEditor.DiagnosticsModule.dll_06535ED0A1EEE8EA.mvfrm
[ 85/739    0s] MovedFromExtractor Library/Bee/artifacts/mvdfrm/UnityEditor.CoreBusinessMetricsModule.dll_07BE65CCC34B7EE2.mvfrm
[ 86/739    0s] WriteText Library/Bee/artifacts/2400b0aE.dag/UnityEngine.UI.rsp2
[ 87/739    0s] WriteText Library/Bee/artifacts/2400b0aE.dag/UnityEngine.TestRunner.rsp
[ 88/739    0s] WriteText Library/Bee/artifacts/2400b0aE.dag/UnityEngine.TestRunner.dll.mvfrm.rsp
[ 89/739    0s] WriteText Library/Bee/artifacts/2400b0aE.dag/UnityEngine.UI.UnityAdditionalFile.txt
[ 90/739    0s] WriteText Library/Bee/artifacts/2400b0aE.dag/UnityEditor.TestRunner.UnityAdditionalFile.txt
[ 91/739    0s] WriteText Library/Bee/artifacts/2400b0aE.dag/UnityEditor.TestRunner.rsp2
[ 92/739    0s] WriteText Library/Bee/artifacts/2400b0aE.dag/UnityEngine.UI.dll.mvfrm.rsp
[ 93/739    0s] WriteText Library/Bee/artifacts/2400b0aE.dag/UnityEngine.UI.rsp
[ 94/739    0s] MovedFromExtractor Library/Bee/artifacts/mvdfrm/UnityEditor.TextRenderingModule.dll_C07492BCE87D6B7D.mvfrm
[ 95/739    0s] MovedFromExtractor Library/Bee/artifacts/mvdfrm/UnityEditor.UIAutomationModule.dll_7783FD56A8DFD611.mvfrm
[ 96/739    0s] MovedFromExtractor Library/Bee/artifacts/mvdfrm/UnityEditor.TilemapModule.dll_DE9864CDC486A9FC.mvfrm
[ 97/739    0s] MovedFromExtractor Library/Bee/artifacts/mvdfrm/UnityEditor.UIBuilderModule.dll_2F9AF775FE2B8CB5.mvfrm
[ 98/739    0s] MovedFromExtractor Library/Bee/artifacts/mvdfrm/UnityEditor.TreeModule.dll_58ADA1DFCB293E74.mvfrm
[ 99/739    0s] MovedFromExtractor Library/Bee/artifacts/mvdfrm/UnityEditor.UIElementsSamplesModule.dll_7B87F685DA05A32C.mvfrm
[100/739    0s] MovedFromExtractor Library/Bee/artifacts/mvdfrm/UnityEditor.UIElementsModule.dll_8D1DEE94AC06AE51.mvfrm
[101/739    0s] MovedFromExtractor Library/Bee/artifacts/mvdfrm/UnityEditor.VectorGraphicsModule.dll_85289EE0BF1791C4.mvfrm
[102/739    0s] MovedFromExtractor Library/Bee/artifacts/mvdfrm/UnityEditor.UmbraModule.dll_1C00551FF39DE227.mvfrm
[103/739    0s] MovedFromExtractor Library/Bee/artifacts/mvdfrm/UnityEditor.VideoModule.dll_C6352D7229095259.mvfrm
[104/739    0s] MovedFromExtractor Library/Bee/artifacts/mvdfrm/UnityEditor.XRModule.dll_C855C230AC5587A0.mvfrm
[105/739    0s] MovedFromExtractor Library/Bee/artifacts/mvdfrm/UnityEditor.VFXModule.dll_3F35795612203106.mvfrm
[106/739    0s] MovedFromExtractor Library/Bee/artifacts/mvdfrm/UnityEditor.UnityConnectModule.dll_C21D1BDC314FF26B.mvfrm
[107/739    0s] MovedFromExtractor Library/Bee/artifacts/mvdfrm/UnityEditor.TextCoreTextEngineModule.dll_007BAA9B873AF431.mvfrm
[108/739    0s] MovedFromExtractor Library/Bee/artifacts/mvdfrm/UnityEditor.dll_454834298987DA50.mvfrm
[109/739    0s] MovedFromExtractor Library/Bee/artifacts/mvdfrm/UnityEditor.Physics2DModule.dll_4057C58A214D2DD7.mvfrm
[110/739    0s] MovedFromExtractor Library/Bee/artifacts/mvdfrm/UnityEditor.UIToolkitAuthoringModule.dll_EBEA08B7163DBED3.mvfrm
[111/739    0s] MovedFromExtractor Library/Bee/artifacts/mvdfrm/UnityEngine.AIModule.dll_85BFCC089096E2E9.mvfrm
[112/739    0s] MovedFromExtractor Library/Bee/artifacts/mvdfrm/UnityEditor.ShaderCompilationModule.dll_875658FDBD0997FC.mvfrm
[113/739    0s] MovedFromExtractor Library/Bee/artifacts/mvdfrm/UnityEditor.ShaderFoundryModule.dll_B5B140C4B8D036B2.mvfrm
[114/739    0s] MovedFromExtractor Library/Bee/artifacts/mvdfrm/UnityEditor.SketchUpModule.dll_218AB72B7FF43F0D.mvfrm
[115/739    0s] MovedFromExtractor Library/Bee/artifacts/mvdfrm/UnityEditor.SubstanceModule.dll_84F1D7331B2AEB8E.mvfrm
[116/739    0s] MovedFromExtractor Library/Bee/artifacts/mvdfrm/UnityEditor.SpriteShapeModule.dll_E8E7709B0094C1BA.mvfrm
[117/739    0s] MovedFromExtractor Library/Bee/artifacts/mvdfrm/UnityEditor.SpriteMaskModule.dll_1E3226CADA928A47.mvfrm
[118/739    0s] MovedFromExtractor Library/Bee/artifacts/mvdfrm/UnityEditor.ShaderBuildSettingsModule.dll_8FF9B2FB7003812A.mvfrm
[119/739    0s] MovedFromExtractor Library/Bee/artifacts/mvdfrm/UnityEngine.UmbraModule.dll_E22D1184251B12CC.mvfrm
[120/739    0s] WriteText Library/Bee/artifacts/2400b0aE.dag/UnityEditor.TestRunner.dll.mvfrm.rsp
[121/739    0s] WriteText Library/Bee/artifacts/2400b0aE.dag/UnityEditor.TestRunner.rsp
[122/739    0s] WriteText Library/Bee/artifacts/2400b0aE.dag/UnityEditor.UI.UnityAdditionalFile.txt
[123/739    0s] WriteText Library/Bee/artifacts/2400b0aE.dag/UnityEditor.UI.rsp2
[124/739    0s] WriteText Library/Bee/artifacts/2400b0aE.dag/UnityEditor.UI.dll.mvfrm.rsp
[125/739    0s] WriteText Library/Bee/artifacts/2400b0aE.dag/UnityEditor.UI.rsp
[126/739    0s] WriteText Library/Bee/artifacts/2400b0aE.dag/Unity.Burst.UnityAdditionalFile.txt
[127/739    0s] WriteText Library/Bee/artifacts/2400b0aE.dag/Unity.Burst.rsp2
[128/739    0s] WriteText Library/Bee/artifacts/2400b0aE.dag/Unity.Mathematics.rsp2
[129/739    0s] WriteText Library/Bee/artifacts/2400b0aE.dag/Unity.Mathematics.UnityAdditionalFile.txt
[130/739    0s] MovedFromExtractor Library/Bee/artifacts/mvdfrm/UnityEngine.InsightsModule.dll_CE535CEC430AC9FC.mvfrm
[131/739    0s] WriteText Library/Bee/artifacts/2400b0aE.dag/Unity.Burst.dll.mvfrm.rsp
[132/739    0s] WriteText Library/Bee/artifacts/2400b0aE.dag/Unity.Mathematics.dll.mvfrm.rsp
[133/739    0s] WriteText Library/Bee/artifacts/2400b0aE.dag/Unity.Burst.rsp
[134/739    0s] WriteText Library/Bee/artifacts/2400b0aE.dag/Unity.Mathematics.rsp
[135/739    0s] WriteText Library/Bee/artifacts/2400b0aE.dag/Unity.Collections.UnityAdditionalFile.txt
[136/739    0s] WriteText Library/Bee/artifacts/2400b0aE.dag/Unity.Collections.rsp2
[137/739    0s] WriteText Library/Bee/artifacts/2400b0aE.dag/Unity.Collections.dll.mvfrm.rsp
[138/739    0s] WriteText Library/Bee/artifacts/2400b0aE.dag/Unity.Collections.rsp
[139/739    0s] WriteText Library/Bee/artifacts/2400b0aE.dag/Unity.InputSystem.UnityAdditionalFile.txt
[140/739    0s] WriteText Library/Bee/artifacts/2400b0aE.dag/Unity.InputSystem.rsp2
[141/739    0s] WriteText Library/Bee/artifacts/2400b0aE.dag/Unity.InputSystem.dll.mvfrm.rsp
[142/739    0s] WriteText Library/Bee/artifacts/2400b0aE.dag/Unity.InputSystem.rsp
[143/739    0s] WriteText Library/Bee/artifacts/2400b0aE.dag/Unity.RenderPipelines.Core.Runtime.rsp2
[144/739    0s] WriteText Library/Bee/artifacts/2400b0aE.dag/Unity.RenderPipelines.Core.Runtime.UnityAdditionalFile.txt
[145/739    0s] WriteText Library/Bee/artifacts/2400b0aE.dag/Unity.Collections.CodeGen.rsp2
[146/739    0s] WriteText Library/Bee/artifacts/2400b0aE.dag/Unity.Burst.CodeGen.UnityAdditionalFile.txt
[147/739    0s] WriteText Library/Bee/artifacts/2400b0aE.dag/Unity.Collections.CodeGen.UnityAdditionalFile.txt
[148/739    0s] WriteText Library/Bee/artifacts/2400b0aE.dag/Unity.Burst.CodeGen.rsp2
[149/739    0s] WriteText Library/Bee/artifacts/2400b0aE.dag/Unity.RenderPipelines.Core.Runtime.dll.mvfrm.rsp
[150/739    0s] WriteText Library/Bee/artifacts/2400b0aE.dag/Unity.RenderPipelines.Core.Runtime.rsp
[151/739    0s] MovedFromExtractor Library/Bee/artifacts/mvdfrm/UnityEngine.NVIDIAModule.dll_E9CA476D46B094CC.mvfrm
[152/739    0s] MovedFromExtractor Library/Bee/artifacts/mvdfrm/UnityEngine.Physics2DModule.dll_F63DB67306CCDFBC.mvfrm
[153/739    0s] MovedFromExtractor Library/Bee/artifacts/mvdfrm/UnityEngine.UnityWebRequestWWWModule.dll_499D6B4A89F86F68.mvfrm
[154/739    0s] MovedFromExtractor Library/Bee/artifacts/mvdfrm/UnityEngine.ScreenCaptureModule.dll_237612D9AA3E6EAD.mvfrm
[155/739    0s] MovedFromExtractor Library/Bee/artifacts/mvdfrm/UnityEngine.TilemapModule.dll_D1131D7829959141.mvfrm
[156/739    0s] MovedFromExtractor Library/Bee/artifacts/mvdfrm/Unity.Collections.LowLevel.ILSupport.dll_406B16A88B2EC3A6.mvfrm
[157/739    0s] MovedFromExtractor Library/Bee/artifacts/mvdfrm/UnityEditor.Graphs.dll_139847037AB6BE67.mvfrm
[158/739    0s] WriteText Library/Bee/artifacts/2400b0aE.dag/Unity.Burst.CodeGen.dll.mvfrm.rsp
[159/739    0s] WriteText Library/Bee/artifacts/2400b0aE.dag/Unity.Collections.CodeGen.dll.mvfrm.rsp
[160/739    0s] WriteText Library/Bee/artifacts/2400b0aE.dag/Unity.Collections.CodeGen.rsp
[161/739    0s] WriteText Library/Bee/artifacts/2400b0aE.dag/Unity.RenderPipelines.GPUDriven.Runtime.UnityAdditionalFile.txt
[162/739    0s] WriteText Library/Bee/artifacts/2400b0aE.dag/Unity.UnifiedRayTracing.Runtime.UnityAdditionalFile.txt
[163/739    0s] WriteText Library/Bee/artifacts/2400b0aE.dag/Unity.UnifiedRayTracing.Runtime.rsp2
[164/739    0s] MovedFromExtractor Library/Bee/artifacts/mvdfrm/UnityEngine.TerrainPhysicsModule.dll_A980731A6240AA13.mvfrm
[165/739    0s] MovedFromExtractor Library/Bee/artifacts/mvdfrm/UnityEngine.AndroidJNIModule.dll_0B66D767F5261D27.mvfrm
[166/739    0s] WriteText Library/Bee/artifacts/2400b0aE.dag/Unity.Burst.CodeGen.rsp
[167/739    0s] WriteText Library/Bee/artifacts/2400b0aE.dag/Unity.RenderPipelines.GPUDriven.Runtime.rsp2
[168/739    0s] MovedFromExtractor Library/Bee/artifacts/mvdfrm/UnityEngine.SubsystemsModule.dll_898DFA74AB1E8BA5.mvfrm
[169/739    0s] WriteText Library/Bee/artifacts/2400b0aE.dag/Unity.RenderPipelines.Core.Runtime.Shared.UnityAdditionalFile.txt
[170/739    0s] WriteText Library/Bee/artifacts/2400b0aE.dag/Unity.RenderPipeline.Universal.ShaderLibrary.UnityAdditionalFile.txt
[171/739    0s] WriteText Library/Bee/artifacts/2400b0aE.dag/Unity.RenderPipelines.Universal.Config.Runtime.UnityAdditionalFile.txt
[172/739    0s] WriteText Library/Bee/artifacts/2400b0aE.dag/Unity.RenderPipeline.Universal.ShaderLibrary.rsp2
[173/739    0s] WriteText Library/Bee/artifacts/2400b0aE.dag/Unity.RenderPipelines.Core.Runtime.Shared.rsp2
[174/739    0s] WriteText Library/Bee/artifacts/2400b0aE.dag/Unity.RenderPipelines.Universal.Config.Runtime.rsp2
[175/739    0s] WriteText Library/Bee/artifacts/2400b0aE.dag/Unity.UnifiedRayTracing.Runtime.dll.mvfrm.rsp
[176/739    0s] WriteText Library/Bee/artifacts/2400b0aE.dag/Unity.RenderPipelines.GPUDriven.Runtime.dll.mvfrm.rsp
[177/739    0s] WriteText Library/Bee/artifacts/2400b0aE.dag/Unity.RenderPipelines.Core.Runtime.Shared.rsp
[178/739    0s] WriteText Library/Bee/artifacts/2400b0aE.dag/Unity.RenderPipelines.GPUDriven.Runtime.rsp
[179/739    0s] WriteText Library/Bee/artifacts/2400b0aE.dag/Unity.RenderPipelines.Core.Runtime.Shared.dll.mvfrm.rsp
[180/739    0s] WriteText Library/Bee/artifacts/2400b0aE.dag/Unity.UnifiedRayTracing.Runtime.rsp
[181/739    0s] WriteText Library/Bee/artifacts/2400b0aE.dag/Unity.RenderPipeline.Universal.ShaderLibrary.dll.mvfrm.rsp
[182/739    0s] WriteText Library/Bee/artifacts/2400b0aE.dag/Unity.RenderPipelines.Universal.Runtime.UnityAdditionalFile.txt
[183/739    0s] WriteText Library/Bee/artifacts/2400b0aE.dag/Unity.RenderPipeline.Universal.ShaderLibrary.rsp
[184/739    0s] WriteText Library/Bee/artifacts/2400b0aE.dag/Unity.RenderPipelines.Universal.Config.Runtime.dll.mvfrm.rsp
[185/739    0s] WriteText Library/Bee/artifacts/2400b0aE.dag/Unity.RenderPipelines.Core.Editor.rsp2
[186/739    0s] WriteText Library/Bee/artifacts/2400b0aE.dag/Unity.RenderPipelines.Universal.Config.Runtime.rsp
[187/739    0s] WriteText Library/Bee/artifacts/2400b0aE.dag/Unity.RenderPipelines.Universal.Runtime.dll.mvfrm.rsp
[188/739    0s] WriteText Library/Bee/artifacts/2400b0aE.dag/Unity.RenderPipelines.Core.Editor.UnityAdditionalFile.txt
[189/739    0s] WriteText Library/Bee/artifacts/2400b0aE.dag/Unity.RenderPipelines.Universal.Runtime.rsp
[190/739    0s] WriteText Library/Bee/artifacts/2400b0aE.dag/Unity.RenderPipelines.Universal.Runtime.rsp2
[191/739    0s] WriteText Library/Bee/artifacts/2400b0aE.dag/Unity.Profiling.Core.UnityAdditionalFile.txt
[192/739    0s] MovedFromExtractor Library/Bee/artifacts/mvdfrm/UnityEngine.DirectorModule.dll_348C945BB88D7A7D.mvfrm
[193/739    0s] WriteText Library/Bee/artifacts/2400b0aE.dag/Unity.RenderPipelines.Core.Editor.dll.mvfrm.rsp
[194/739    0s] WriteText Library/Bee/artifacts/2400b0aE.dag/Unity.Profiling.Core.rsp2
[195/739    0s] WriteText Library/Bee/artifacts/2400b0aE.dag/Unity.Profiling.Core.dll.mvfrm.rsp
[196/739    0s] WriteText Library/Bee/artifacts/2400b0aE.dag/Unity.Profiling.Core.rsp
[197/739    0s] WriteText Library/Bee/artifacts/2400b0aE.dag/Unity.RenderPipelines.Core.Editor.rsp
[198/739    0s] WriteText Library/Bee/artifacts/2400b0aE.dag/Unity.ShaderGraph.Utilities.UnityAdditionalFile.txt
[199/739    0s] WriteText Library/Bee/artifacts/2400b0aE.dag/Unity.Searcher.Editor.rsp2
[200/739    0s] WriteText Library/Bee/artifacts/2400b0aE.dag/Unity.ShaderGraph.Utilities.rsp2
[201/739    0s] WriteText Library/Bee/artifacts/2400b0aE.dag/Unity.Searcher.Editor.UnityAdditionalFile.txt
[202/739    0s] WriteText Library/Bee/artifacts/2400b0aE.dag/Unity.ShaderGraph.Utilities.dll.mvfrm.rsp
[203/739    0s] WriteText Library/Bee/artifacts/2400b0aE.dag/Unity.ResourceManager.rsp2
[204/739    0s] WriteText Library/Bee/artifacts/2400b0aE.dag/Unity.ScriptableBuildPipeline.UnityAdditionalFile.txt
[205/739    0s] WriteText Library/Bee/artifacts/2400b0aE.dag/Unity.ResourceManager.UnityAdditionalFile.txt
[206/739    0s] WriteText Library/Bee/artifacts/2400b0aE.dag/Unity.ScriptableBuildPipeline.rsp2
[207/739    0s] MovedFromExtractor Library/Bee/artifacts/mvdfrm/UnityEditor.LinuxStandalone.Extensions.dll_BD6223E7B5F88B2B.mvfrm
[208/739    0s] MovedFromExtractor Library/Bee/artifacts/mvdfrm/UnityEditor.TextCoreFontEngineModule.dll_B8937429F7B73B13.mvfrm
[209/739    0s] WriteText Library/Bee/artifacts/2400b0aE.dag/Unity.Searcher.Editor.dll.mvfrm.rsp
[210/739    0s] MovedFromExtractor Library/Bee/artifacts/mvdfrm/UnityEditor.WebGL.Extensions.dll_706DDB34D5EB0D4B.mvfrm
[211/739    0s] WriteText Library/Bee/artifacts/2400b0aE.dag/Unity.ScriptableBuildPipeline.dll.mvfrm.rsp
[212/739    0s] WriteText Library/Bee/artifacts/2400b0aE.dag/Unity.Searcher.Editor.rsp
[213/739    0s] WriteText Library/Bee/artifacts/2400b0aE.dag/Unity.ShaderGraph.Utilities.rsp
[214/739    0s] WriteText Library/Bee/artifacts/2400b0aE.dag/Unity.AI.Navigation.UnityAdditionalFile.txt
[215/739    0s] WriteText Library/Bee/artifacts/2400b0aE.dag/glTFast.rsp2
[216/739    0s] WriteText Library/Bee/artifacts/2400b0aE.dag/glTFast.UnityAdditionalFile.txt
[217/739    0s] WriteText Library/Bee/artifacts/2400b0aE.dag/Unity.ResourceManager.dll.mvfrm.rsp
[218/739    0s] WriteText Library/Bee/artifacts/2400b0aE.dag/Unity.AI.Navigation.rsp2
[219/739    0s] WriteText Library/Bee/artifacts/2400b0aE.dag/Unity.ShaderGraph.Editor.rsp2
[220/739    0s] WriteText Library/Bee/artifacts/2400b0aE.dag/Unity.ResourceManager.rsp
[221/739    0s] WriteText Library/Bee/artifacts/2400b0aE.dag/Unity.ScriptableBuildPipeline.rsp
[222/739    0s] WriteText Library/Bee/artifacts/2400b0aE.dag/Unity.RenderPipelines.Core.Editor.Shared.UnityAdditionalFile.txt
[223/739    0s] WriteText Library/Bee/artifacts/2400b0aE.dag/Unity.RenderPipelines.Core.Editor.Shared.rsp2
[224/739    0s] WriteText Library/Bee/artifacts/2400b0aE.dag/Unity.ShaderGraph.Editor.UnityAdditionalFile.txt
[225/739    0s] WriteText Library/Bee/artifacts/2400b0aE.dag/Unity.RenderPipelines.Universal.2D.Runtime.rsp2
[226/739    0s] WriteText Library/Bee/artifacts/2400b0aE.dag/Unity.RenderPipelines.Universal.2D.Runtime.UnityAdditionalFile.txt
[227/739    0s] WriteText Library/Bee/artifacts/2400b0aE.dag/Unity.Burst.Editor.UnityAdditionalFile.txt
[228/739    0s] WriteText Library/Bee/artifacts/2400b0aE.dag/Unity.AI.Navigation.dll.mvfrm.rsp
[229/739    0s] WriteText Library/Bee/artifacts/2400b0aE.dag/Unity.Burst.Editor.rsp2
[230/739    0s] WriteText Library/Bee/artifacts/2400b0aE.dag/Unity.InternalAPIEngineBridge.004.UnityAdditionalFile.txt
[231/739    0s] WriteText Library/Bee/artifacts/2400b0aE.dag/Unity.Mathematics.Editor.UnityAdditionalFile.txt
[232/739    0s] WriteText Library/Bee/artifacts/2400b0aE.dag/Unity.Mathematics.Editor.dll.mvfrm.rsp
[233/739    0s] WriteText Library/Bee/artifacts/2400b0aE.dag/Unity.InternalAPIEngineBridge.004.rsp2
[234/739    0s] WriteText Library/Bee/artifacts/2400b0aE.dag/Unity.AI.Navigation.Editor.ConversionSystem.UnityAdditionalFile.txt
[235/739    0s] WriteText Library/Bee/artifacts/2400b0aE.dag/Unity.Burst.Editor.dll.mvfrm.rsp
[236/739    0s] WriteText Library/Bee/artifacts/2400b0aE.dag/Unity.AI.Navigation.Editor.ConversionSystem.rsp2
[237/739    0s] WriteText Library/Bee/artifacts/2400b0aE.dag/Unity.Mathematics.Editor.rsp2
[238/739    0s] WriteText Library/Bee/artifacts/2400b0aE.dag/Unity.RenderPipelines.Core.Editor.Shared.dll.mvfrm.rsp
[239/739    0s] WriteText Library/Bee/artifacts/2400b0aE.dag/Unity.RenderPipelines.Universal.2D.Runtime.dll.mvfrm.rsp
[240/739    0s] WriteText Library/Bee/artifacts/2400b0aE.dag/Unity.ShaderGraph.Editor.dll.mvfrm.rsp
[241/739    0s] WriteText Library/Bee/artifacts/2400b0aE.dag/Unity.Addressables.rsp2
[242/739    0s] WriteText Library/Bee/artifacts/2400b0aE.dag/Unity.ScriptableBuildPipeline.Editor.rsp2
[243/739    0s] WriteText Library/Bee/artifacts/2400b0aE.dag/Unity.ScriptableBuildPipeline.Editor.UnityAdditionalFile.txt
[244/739    0s] WriteText Library/Bee/artifacts/2400b0aE.dag/Unity.Addressables.UnityAdditionalFile.txt
[245/739    0s] WriteText Library/Bee/artifacts/2400b0aE.dag/Unity.ShaderGraph.Editor.rsp
[246/739    0s] WriteText Library/Bee/artifacts/2400b0aE.dag/Unity.RenderPipelines.Universal.2D.Runtime.rsp
[247/739    0s] WriteText Library/Bee/artifacts/2400b0aE.dag/Unity.Burst.Editor.rsp
[248/739    0s] WriteText Library/Bee/artifacts/2400b0aE.dag/Unity.InternalAPIEngineBridge.004.rsp
[249/739    0s] WriteText Library/Bee/artifacts/2400b0aE.dag/Unity.Mathematics.Editor.rsp
[250/739    0s] WriteText Library/Bee/artifacts/2400b0aE.dag/Unity.AI.Navigation.Editor.ConversionSystem.dll.mvfrm.rsp
[251/739    0s] WriteText Library/Bee/artifacts/2400b0aE.dag/Unity.InternalAPIEngineBridge.004.dll.mvfrm.rsp
[252/739    0s] WriteText Library/Bee/artifacts/2400b0aE.dag/glTFast.dll.mvfrm.rsp
[253/739    0s] WriteText Library/Bee/artifacts/2400b0aE.dag/Unity.RenderPipelines.Core.Editor.Shared.rsp
[254/739    0s] WriteText Library/Bee/artifacts/2400b0aE.dag/Unity.ScriptableBuildPipeline.Editor.dll.mvfrm.rsp
[255/739    0s] WriteText Library/Bee/artifacts/2400b0aE.dag/Unity.InputSystem.ForUI.UnityAdditionalFile.txt
[256/739    0s] WriteText Library/Bee/artifacts/2400b0aE.dag/Unity.Addressables.dll.mvfrm.rsp
[257/739    0s] WriteText Library/Bee/artifacts/2400b0aE.dag/Unity.InputSystem.ForUI.rsp2
[258/739    0s] WriteText Library/Bee/artifacts/2400b0aE.dag/Unity.AI.Navigation.rsp
[259/739    0s] WriteText Library/Bee/artifacts/2400b0aE.dag/Unity.RenderPipelines.Universal.Editor.rsp2
[260/739    0s] WriteText Library/Bee/artifacts/2400b0aE.dag/Unity.ScriptableBuildPipeline.Editor.rsp
[261/739    0s] WriteText Library/Bee/artifacts/2400b0aE.dag/Unity.TextMeshPro.UnityAdditionalFile.txt
[262/739    0s] WriteText Library/Bee/artifacts/2400b0aE.dag/Unity.Addressables.rsp
[263/739    0s] WriteText Library/Bee/artifacts/2400b0aE.dag/Unity.AI.Navigation.Editor.ConversionSystem.rsp
[264/739    0s] WriteText Library/Bee/artifacts/2400b0aE.dag/Unity.InputSystem.ForUI.dll.mvfrm.rsp
[265/739    0s] WriteText Library/Bee/artifacts/2400b0aE.dag/Unity.TextMeshPro.rsp2
[266/739    0s] WriteText Library/Bee/artifacts/2400b0aE.dag/Unity.RenderPipelines.Universal.Editor.dll.mvfrm.rsp
[267/739    0s] WriteText Library/Bee/artifacts/2400b0aE.dag/Unity.RenderPipelines.Universal.Editor.UnityAdditionalFile.txt
[268/739    0s] WriteText Library/Bee/artifacts/2400b0aE.dag/Unity.PerformanceTesting.rsp2
[269/739    0s] WriteText Library/Bee/artifacts/2400b0aE.dag/glTFast.rsp
[270/739    0s] WriteText Library/Bee/artifacts/2400b0aE.dag/Unity.TextMeshPro.dll.mvfrm.rsp
[271/739    0s] WriteText Library/Bee/artifacts/2400b0aE.dag/Unity.Addressables.Editor.rsp2
[272/739    0s] WriteText Library/Bee/artifacts/2400b0aE.dag/Unity.Addressables.Editor.UnityAdditionalFile.txt
[273/739    0s] WriteText Library/Bee/artifacts/2400b0aE.dag/Unity.PerformanceTesting.UnityAdditionalFile.txt
[274/739    0s] WriteText Library/Bee/artifacts/2400b0aE.dag/Unity.InputSystem.ForUI.rsp
[275/739    0s] WriteText Library/Bee/artifacts/2400b0aE.dag/Unity.AI.Navigation.Editor.rsp2
[276/739    0s] WriteText Library/Bee/artifacts/2400b0aE.dag/Unity.AI.Navigation.Editor.UnityAdditionalFile.txt
[277/739    0s] WriteText Library/Bee/artifacts/2400b0aE.dag/Unity.PerformanceTesting.dll.mvfrm.rsp
[278/739    0s] WriteText Library/Bee/artifacts/2400b0aE.dag/Unity.TextMeshPro.rsp
[279/739    0s] WriteText Library/Bee/artifacts/2400b0aE.dag/glTFast.Export.rsp2
[280/739    0s] WriteText Library/Bee/artifacts/2400b0aE.dag/Unity.RenderPipelines.Universal.Editor.rsp
[281/739    0s] WriteText Library/Bee/artifacts/2400b0aE.dag/glTFast.Export.UnityAdditionalFile.txt
[282/739    0s] WriteText Library/Bee/artifacts/2400b0aE.dag/Unity.Addressables.Editor.dll.mvfrm.rsp
[283/739    0s] WriteText Library/Bee/artifacts/2400b0aE.dag/MiniMarket.Runtime.UnityAdditionalFile.txt
[284/739    0s] WriteText Library/Bee/artifacts/2400b0aE.dag/Unity.AI.Navigation.Editor.dll.mvfrm.rsp
[285/739    0s] WriteText Library/Bee/artifacts/2400b0aE.dag/MiniMarket.Runtime.rsp2
[286/739    0s] WriteText Library/Bee/artifacts/2400b0aE.dag/glTFast.Newtonsoft.rsp2
[287/739    0s] WriteText Library/Bee/artifacts/2400b0aE.dag/Unity.PerformanceTesting.rsp
[288/739    0s] WriteText Library/Bee/artifacts/2400b0aE.dag/glTFast.Export.dll.mvfrm.rsp
[289/739    0s] WriteText Library/Bee/artifacts/2400b0aE.dag/glTFast.Newtonsoft.UnityAdditionalFile.txt
[290/739    0s] WriteText Library/Bee/artifacts/2400b0aE.dag/Unity.AI.Navigation.Editor.rsp
[291/739    0s] WriteText Library/Bee/artifacts/2400b0aE.dag/glTFast.Newtonsoft.dll.mvfrm.rsp
[292/739    0s] WriteText Library/Bee/artifacts/2400b0aE.dag/Unity.Addressables.Editor.rsp
[293/739    0s] WriteText Library/Bee/artifacts/2400b0aE.dag/glTFast.dots.dll.mvfrm.rsp
[294/739    0s] WriteText Library/Bee/artifacts/2400b0aE.dag/Unity.RenderPipelines.Universal.Shaders.dll.mvfrm.rsp
[295/739    0s] WriteText Library/Bee/artifacts/2400b0aE.dag/glTFast.Newtonsoft.rsp
[296/739    0s] WriteText Library/Bee/artifacts/2400b0aE.dag/glTFast.Export.rsp
[297/739    0s] WriteText Library/Bee/artifacts/2400b0aE.dag/glTFast.Documentation.Examples.dll.mvfrm.rsp
[298/739    0s] WriteText Library/Bee/artifacts/2400b0aE.dag/MiniMarket.Runtime.dll.mvfrm.rsp
[299/739    0s] WriteText Library/Bee/artifacts/2400b0aE.dag/MiniMarket.Runtime.rsp
[300/739    0s] WriteText Library/Bee/artifacts/2400b0aE.dag/Unity.Collections.Editor.dll.mvfrm.rsp
[301/739    0s] WriteText Library/Bee/artifacts/2400b0aE.dag/Unity.RenderPipelines.Core.ShaderLibrary.dll.mvfrm.rsp
[302/739    0s] WriteText Library/Bee/artifacts/2400b0aE.dag/Unity.InputSystem.TestFramework.dll.mvfrm.rsp
[303/739    0s] WriteText Library/Bee/artifacts/2400b0aE.dag/Unity.TextMeshPro.Editor.dll.mvfrm.rsp
[304/739    0s] WriteText Library/Bee/artifacts/2400b0aE.dag/Unity.RenderPipelines.Universal.2D.Editor.Overrides.dll.mvfrm.rsp
[305/739    0s] WriteText Library/Bee/artifacts/2400b0aE.dag/Unity.RenderPipelines.ShaderGraph.ShaderGraphLibrary.dll.mvfrm.rsp
[306/739    0s] WriteText Library/Bee/artifacts/2400b0aE.dag/Unity.Addressables.DocExampleCode.Editor.Tests.dll.mvfrm.rsp
[307/739    0s] WriteText Library/Bee/artifacts/2400b0aE.dag/glTFast.Documentation.Examples.UnityAdditionalFile.txt
[308/739    0s] WriteText Library/Bee/artifacts/2400b0aE.dag/glTFast.dots.UnityAdditionalFile.txt
[309/739    0s] WriteText Library/Bee/artifacts/2400b0aE.dag/MiniMarket.Tests.dll.mvfrm.rsp
[310/739    0s] WriteText Library/Bee/artifacts/2400b0aE.dag/MiniMarket.Editor.dll.mvfrm.rsp
[311/739    0s] WriteText Library/Bee/artifacts/2400b0aE.dag/PPv2URPConverters.dll.mvfrm.rsp
[312/739    0s] WriteText Library/Bee/artifacts/2400b0aE.dag/UnityEditor.UI.Analytics.dll.mvfrm.rsp
[313/739    0s] WriteText Library/Bee/artifacts/2400b0aE.dag/Unity.InputSystem.TestFramework.rsp2
[314/739    0s] WriteText Library/Bee/artifacts/2400b0aE.dag/glTFast.dots.rsp2
[315/739    0s] WriteText Library/Bee/artifacts/2400b0aE.dag/Unity.RenderPipelines.Core.ShaderLibrary.rsp2
[316/739    0s] WriteText Library/Bee/artifacts/2400b0aE.dag/glTFast.Documentation.Examples.rsp2
[317/739    0s] WriteText Library/Bee/artifacts/2400b0aE.dag/Unity.RenderPipelines.ShaderGraph.ShaderGraphLibrary.UnityAdditionalFile.txt
[318/739    0s] WriteText Library/Bee/artifacts/2400b0aE.dag/glTFast.Editor.dll.mvfrm.rsp
[319/739    0s] WriteText Library/Bee/artifacts/2400b0aE.dag/Unity.Rendering.LightTransport.Editor.dll.mvfrm.rsp
[320/739    0s] WriteText Library/Bee/artifacts/2400b0aE.dag/Unity.InputSystem.TestFramework.UnityAdditionalFile.txt
[321/739    0s] WriteText Library/Bee/artifacts/2400b0aE.dag/Unity.InputSystem.DocCodeSamples.dll.mvfrm.rsp
[322/739    0s] WriteText Library/Bee/artifacts/2400b0aE.dag/Unity.RenderPipelines.Core.ShaderLibrary.UnityAdditionalFile.txt
[323/739    0s] WriteText Library/Bee/artifacts/2400b0aE.dag/Unity.PerformanceTesting.Editor.dll.mvfrm.rsp
[324/739    0s] WriteText Library/Bee/artifacts/2400b0aE.dag/Unity.RenderPipelines.Universal.Shaders.UnityAdditionalFile.txt
[325/739    0s] WriteText Library/Bee/artifacts/2400b0aE.dag/Unity.RenderPipelines.ShaderGraph.ShaderGraphLibrary.rsp2
[326/739    0s] WriteText Library/Bee/artifacts/2400b0aE.dag/Unity.AI.Navigation.Updater.dll.mvfrm.rsp
[327/739    0s] WriteText Library/Bee/artifacts/2400b0aE.dag/Unity.RenderPipelines.Universal.Shaders.rsp2
[328/739    0s] WriteText Library/Bee/artifacts/2400b0aE.dag/Unity.Rendering.LightTransport.Editor.rsp2
[329/739    0s] WriteText Library/Bee/artifacts/2400b0aE.dag/MiniMarket.Editor.rsp2
[330/739    0s] WriteText Library/Bee/artifacts/2400b0aE.dag/Unity.Rendering.LightTransport.Editor.UnityAdditionalFile.txt
[331/739    0s] WriteText Library/Bee/artifacts/2400b0aE.dag/glTFast.dots.rsp
[332/739    0s] WriteText Library/Bee/artifacts/2400b0aE.dag/PPv2URPConverters.rsp2
[333/739    0s] WriteText Library/Bee/artifacts/2400b0aE.dag/Unity.RenderPipelines.Universal.Shaders.rsp
[334/739    0s] WriteText Library/Bee/artifacts/2400b0aE.dag/Unity.Collections.Editor.rsp2
[335/739    0s] WriteText Library/Bee/artifacts/2400b0aE.dag/MiniMarket.Tests.UnityAdditionalFile.txt
[336/739    0s] WriteText Library/Bee/artifacts/2400b0aE.dag/Unity.InputSystem.DocCodeSamples.rsp2
[337/739    0s] WriteText Library/Bee/artifacts/2400b0aE.dag/MiniMarket.Editor.UnityAdditionalFile.txt
[338/739    0s] WriteText Library/Bee/artifacts/2400b0aE.dag/MiniMarket.Tests.rsp2
[339/739    0s] WriteText Library/Bee/artifacts/2400b0aE.dag/Unity.RenderPipelines.ShaderGraph.ShaderGraphLibrary.rsp
[340/739    0s] WriteText Library/Bee/artifacts/2400b0aE.dag/glTFast.Editor.rsp2
[341/739    0s] WriteText Library/Bee/artifacts/2400b0aE.dag/UnityEditor.UI.Analytics.UnityAdditionalFile.txt
[342/739    0s] WriteText Library/Bee/artifacts/2400b0aE.dag/Unity.Collections.Editor.UnityAdditionalFile.txt
[343/739    0s] WriteText Library/Bee/artifacts/2400b0aE.dag/Unity.AI.Navigation.Updater.rsp2
[344/739    0s] WriteText Library/Bee/artifacts/2400b0aE.dag/Unity.TextMeshPro.Editor.rsp2
[345/739    0s] WriteText Library/Bee/artifacts/2400b0aE.dag/Unity.Addressables.DocExampleCode.Editor.Tests.rsp2
[346/739    0s] WriteText Library/Bee/artifacts/2400b0aE.dag/Unity.AI.Navigation.Updater.UnityAdditionalFile.txt
[347/739    0s] WriteText Library/Bee/artifacts/2400b0aE.dag/Unity.InputSystem.DocCodeSamples.UnityAdditionalFile.txt
[348/739    0s] WriteText Library/Bee/artifacts/2400b0aE.dag/glTFast.Editor.UnityAdditionalFile.txt
[349/739    0s] WriteText Library/Bee/artifacts/2400b0aE.dag/UnityEditor.UI.Analytics.rsp2
[350/739    0s] WriteText Library/Bee/artifacts/2400b0aE.dag/Unity.TextMeshPro.Editor.UnityAdditionalFile.txt
[351/739    0s] WriteText Library/Bee/artifacts/2400b0aE.dag/Unity.Addressables.DocExampleCode.Editor.Tests.UnityAdditionalFile.txt
[352/739    0s] WriteText Library/Bee/artifacts/2400b0aE.dag/Unity.PerformanceTesting.Editor.UnityAdditionalFile.txt
[353/739    0s] WriteText Library/Bee/artifacts/2400b0aE.dag/Unity.PerformanceTesting.Editor.rsp2
[354/739    0s] WriteText Library/Bee/artifacts/2400b0aE.dag/Unity.RenderPipelines.Core.ShaderLibrary.rsp
[355/739    0s] WriteText Library/Bee/artifacts/2400b0aE.dag/glTFast.Documentation.Examples.rsp
[356/739    0s] WriteText Library/Bee/artifacts/2400b0aE.dag/Unity.RenderPipelines.Universal.2D.Editor.Overrides.UnityAdditionalFile.txt
[357/739    0s] WriteText Library/Bee/artifacts/2400b0aE.dag/Unity.InputSystem.TestFramework.rsp
[358/739    0s] WriteText Library/Bee/artifacts/2400b0aE.dag/glTFast.Editor.rsp
[359/739    0s] WriteText Library/Bee/artifacts/2400b0aE.dag/MiniMarket.Tests.rsp
[360/739    0s] WriteText Library/Bee/artifacts/2400b0aE.dag/Unity.RenderPipelines.Universal.2D.Editor.Overrides.rsp
[361/739    0s] WriteText Library/Bee/artifacts/2400b0aE.dag/MiniMarket.Editor.rsp
[362/739    0s] WriteText Library/Bee/artifacts/2400b0aE.dag/Unity.PerformanceTesting.Editor.rsp
[363/739    0s] WriteText Library/Bee/artifacts/2400b0aE.dag/Unity.RenderPipelines.Universal.2D.Editor.Overrides.rsp2
[364/739    0s] WriteText Library/Bee/artifacts/2400b0aE.dag/Unity.Rendering.LightTransport.Editor.rsp
[365/739    0s] WriteText Library/Bee/artifacts/2400b0aE.dag/Unity.AI.Navigation.Updater.rsp
[366/739    0s] WriteText Library/Bee/artifacts/2400b0aE.dag/PPv2URPConverters.UnityAdditionalFile.txt
[367/739    0s] WriteText Library/Bee/artifacts/2400b0aE.dag/Unity.Collections.Editor.rsp
[368/739    0s] WriteText Library/Bee/artifacts/2400b0aE.dag/PPv2URPConverters.rsp
[369/739    0s] WriteText Library/Bee/artifacts/2400b0aE.dag/UnityEditor.UI.Analytics.rsp
[370/739    0s] WriteText Library/Bee/artifacts/2400b0aE.dag/Unity.TextMeshPro.Editor.rsp
[371/739    0s] WriteText Library/Bee/artifacts/2400b0aE.dag/Unity.Addressables.DocExampleCode.Editor.Tests.rsp
[372/739    0s] WriteText Library/Bee/artifacts/2400b0aE.dag/Unity.InputSystem.DocCodeSamples.rsp
[373/739    0s] MovedFromExtractor Library/Bee/artifacts/mvdfrm/UnityEngine.ParticleSystemModule.dll_A905CA4748FDAF86.mvfrm
[374/739    0s] MovedFromExtractor Library/Bee/artifacts/mvdfrm/UnityEngine.HierarchyModule.dll_7E6C421E2ED20428.mvfrm
[375/739    0s] MovedFromExtractor Library/Bee/artifacts/mvdfrm/UnityEngine.ARModule.dll_3F32910BEDB441B2.mvfrm
[376/739    0s] MovedFromExtractor Library/Bee/artifacts/mvdfrm/UnityEngine.AdaptivePerformanceModule.dll_48630108D849A2ED.mvfrm
[377/739    0s] MovedFromExtractor Library/Bee/artifacts/mvdfrm/UnityEngine.UnityWebRequestAudioModule.dll_41F46D070F17D3B7.mvfrm
[378/739    0s] MovedFromExtractor Library/Bee/artifacts/mvdfrm/UnityEngine.UnityAnalyticsModule.dll_C8A53B10F5250182.mvfrm
[379/739    0s] MovedFromExtractor Library/Bee/artifacts/mvdfrm/UnityEditor.TerrainModule.dll_3F9BFD4CACC9C8F3.mvfrm
[380/739    0s] MovedFromExtractor Library/Bee/artifacts/mvdfrm/UnityEngine.WindModule.dll_94715B4C7C9F92C9.mvfrm
[381/739    0s] MovedFromExtractor Library/Bee/artifacts/mvdfrm/UnityEngine.AccessibilityModule.dll_A976DC189696E1C1.mvfrm
[382/739    0s] MovedFromExtractor Library/Bee/artifacts/mvdfrm/UnityEngine.XRModule.dll_06C453C017D2BB6B.mvfrm
[383/739    0s] MovedFromExtractor Library/Bee/artifacts/mvdfrm/UnityEngine.VideoModule.dll_8C61E9D65A8682FE.mvfrm
[384/739    0s] MovedFromExtractor Library/Bee/artifacts/mvdfrm/UnityEngine.ClothModule.dll_CE40C2667211463D.mvfrm
[385/739    0s] MovedFromExtractor Library/Bee/artifacts/mvdfrm/UnityEngine.VRModule.dll_D40590BB8E986E0D.mvfrm
[386/739    0s] MovedFromExtractor Library/Bee/artifacts/mvdfrm/UnityEngine.VehiclesModule.dll_AC4F8DDB32B74A18.mvfrm
[387/739    0s] MovedFromExtractor Library/Bee/artifacts/mvdfrm/Unity.Burst.Cecil.Mdb.dll_6FD61030478D2B8A.mvfrm
[388/739    0s] MovedFromExtractor Library/Bee/artifacts/mvdfrm/Unity.Burst.Cecil.Pdb.dll_8728889FC6422D0D.mvfrm
[389/739    0s] MovedFromExtractor Library/Bee/artifacts/mvdfrm/UnityEngine.VectorGraphicsModule.dll_404D007BDB0425CF.mvfrm
[390/739    0s] MovedFromExtractor Library/Bee/artifacts/mvdfrm/Unity.CompilationPipeline.Common.dll_2AE10CB55EDED143.mvfrm
[391/739    0s] MovedFromExtractor Library/Bee/artifacts/mvdfrm/UnityEngine.AMDModule.dll_CBE8BFD584325A4B.mvfrm
[392/739    0s] MovedFromExtractor Library/Bee/artifacts/mvdfrm/Unity.Burst.Cecil.Rocks.dll_B7B051B9044B80CD.mvfrm
[393/739    0s] MovedFromExtractor Library/Bee/artifacts/mvdfrm/Unity.Burst.Unsafe.dll_367F88A078579676.mvfrm
[394/739    0s] MovedFromExtractor-Combine Library/Bee/artifacts/2400b0aE.dag/UnityEngine.TestRunner.dll.mvfrm
[395/739    0s] MovedFromExtractor-Combine Library/Bee/artifacts/2400b0aE.dag/UnityEngine.UI.dll.mvfrm
[396/739    0s] MovedFromExtractor Library/Bee/artifacts/mvdfrm/Unity.Burst.Cecil.dll_D730C687224B8D0D.mvfrm
[397/739    0s] Csc Library/Bee/artifacts/2400b0aE.dag/UnityEngine.UI.dll (+2 others)
[           0s] Csc Library/Bee/artifacts/2400b0aE.dag/UnityEngine.UI.dll (+2 others) [CacheWrite 00000000000000000000000000000005]
[398/739    0s] MovedFromExtractor Library/Bee/artifacts/mvdfrm/UnityEngine.UI.ref.dll_01958F46DE82E516.mvfrm
[399/739    1s] Csc Library/Bee/artifacts/2400b0aE.dag/UnityEngine.TestRunner.dll (+2 others)
[           0s] Csc Library/Bee/artifacts/2400b0aE.dag/UnityEngine.TestRunner.dll (+2 others) [CacheWrite 00000000000000000000000000000005]
[400/739    0s] CopyFiles Library/ScriptAssemblies/UnityEngine.TestRunner.dll
[401/739    0s] CopyFiles Library/ScriptAssemblies/UnityEngine.TestRunner.pdb
[402/739    0s] MovedFromExtractor Library/Bee/artifacts/mvdfrm/UnityEngine.TestRunner.ref.dll_F1B32A9E2F71E054.mvfrm
[403/739    0s] MovedFromExtractor-Combine Library/Bee/artifacts/2400b0aE.dag/UnityEditor.TestRunner.dll.mvfrm
[404/739    0s] Csc Library/Bee/artifacts/2400b0aE.dag/UnityEditor.TestRunner.dll (+2 others)
[           0s] Csc Library/Bee/artifacts/2400b0aE.dag/UnityEditor.TestRunner.dll (+2 others) [CacheWrite 00000000000000000000000000000005]
[405/739    0s] CopyFiles Library/ScriptAssemblies/UnityEditor.TestRunner.dll
[406/739    0s] CopyFiles Library/ScriptAssemblies/UnityEditor.TestRunner.pdb
[407/739    0s] MovedFromExtractor Library/Bee/artifacts/mvdfrm/UnityEditor.TestRunner.ref.dll_2594DFF003AE8269.mvfrm
[408/739    0s] MovedFromExtractor-Combine Library/Bee/artifacts/2400b0aE.dag/UnityEditor.UI.dll.mvfrm
[409/739    0s] Csc Library/Bee/artifacts/2400b0aE.dag/UnityEditor.UI.dll (+2 others)
[           0s] Csc Library/Bee/artifacts/2400b0aE.dag/UnityEditor.UI.dll (+2 others) [CacheWrite 00000000000000000000000000000005]
[410/739    0s] MovedFromExtractor Library/Bee/artifacts/mvdfrm/UnityEditor.UI.ref.dll_452FB8EBD860BCAB.mvfrm
[411/739    0s] MovedFromExtractor-Combine Library/Bee/artifacts/2400b0aE.dag/Unity.AI.Navigation.dll.mvfrm
[412/739    0s] MovedFromExtractor-Combine Library/Bee/artifacts/2400b0aE.dag/Unity.Mathematics.dll.mvfrm
[413/739    0s] MovedFromExtractor-Combine Library/Bee/artifacts/2400b0aE.dag/Unity.ScriptableBuildPipeline.dll.mvfrm
[414/739    0s] MovedFromExtractor-Combine Library/Bee/artifacts/2400b0aE.dag/Unity.Burst.dll.mvfrm
[415/739    0s] MovedFromExtractor-Combine Library/Bee/artifacts/2400b0aE.dag/Unity.InputSystem.dll.mvfrm
[416/739    0s] MovedFromExtractor-Combine Library/Bee/artifacts/2400b0aE.dag/Unity.InternalAPIEngineBridge.004.dll.mvfrm
[417/739    0s] MovedFromExtractor-Combine Library/Bee/artifacts/2400b0aE.dag/Unity.ShaderGraph.Utilities.dll.mvfrm
[418/739    0s] MovedFromExtractor-Combine Library/Bee/artifacts/2400b0aE.dag/Unity.Searcher.Editor.dll.mvfrm
[419/739    0s] MovedFromExtractor-Combine Library/Bee/artifacts/2400b0aE.dag/Unity.PerformanceTesting.dll.mvfrm
[420/739    0s] MovedFromExtractor-Combine Library/Bee/artifacts/2400b0aE.dag/Unity.RenderPipelines.Core.ShaderLibrary.dll.mvfrm
[421/739    0s] MovedFromExtractor-Combine Library/Bee/artifacts/2400b0aE.dag/Unity.AI.Navigation.Editor.ConversionSystem.dll.mvfrm
[422/739    0s] MovedFromExtractor-Combine Library/Bee/artifacts/2400b0aE.dag/Unity.RenderPipelines.ShaderGraph.ShaderGraphLibrary.dll.mvfrm
[423/739    0s] MovedFromExtractor-Combine Library/Bee/artifacts/2400b0aE.dag/glTFast.Newtonsoft.dll.mvfrm
[424/739    0s] MovedFromExtractor-Combine Library/Bee/artifacts/2400b0aE.dag/Unity.RenderPipelines.Universal.Shaders.dll.mvfrm
[425/739    0s] MovedFromExtractor-Combine Library/Bee/artifacts/2400b0aE.dag/MiniMarket.Tests.dll.mvfrm
[426/739    0s] MovedFromExtractor-Combine Library/Bee/artifacts/2400b0aE.dag/Unity.Profiling.Core.dll.mvfrm
[427/739    0s] MovedFromExtractor-Combine Library/Bee/artifacts/2400b0aE.dag/Unity.Rendering.LightTransport.Editor.dll.mvfrm
[428/739    0s] Csc Library/Bee/artifacts/2400b0aE.dag/Unity.InternalAPIEngineBridge.004.dll (+2 others)
[429/739    0s] Csc Library/Bee/artifacts/2400b0aE.dag/Unity.ShaderGraph.Utilities.dll (+2 others)
[           0s] Csc Library/Bee/artifacts/2400b0aE.dag/Unity.ShaderGraph.Utilities.dll (+2 others) [CacheWrite 00000000000000000000000000000005]
[           0s] Csc Library/Bee/artifacts/2400b0aE.dag/Unity.InternalAPIEngineBridge.004.dll (+2 others) [CacheWrite 00000000000000000000000000000005]
[430/739    0s] Csc Library/Bee/artifacts/2400b0aE.dag/Unity.RenderPipelines.Core.ShaderLibrary.dll (+2 others)
[431/739    0s] Csc Library/Bee/artifacts/2400b0aE.dag/Unity.RenderPipelines.ShaderGraph.ShaderGraphLibrary.dll (+2 others)
[           0s] Csc Library/Bee/artifacts/2400b0aE.dag/Unity.RenderPipelines.Core.ShaderLibrary.dll (+2 others) [CacheWrite 00000000000000000000000000000005]
[           0s] Csc Library/Bee/artifacts/2400b0aE.dag/Unity.RenderPipelines.ShaderGraph.ShaderGraphLibrary.dll (+2 others) [CacheWrite 00000000000000000000000000000005]
[432/739    0s] Csc Library/Bee/artifacts/2400b0aE.dag/Unity.Rendering.LightTransport.Editor.dll (+2 others)
[           0s] Csc Library/Bee/artifacts/2400b0aE.dag/Unity.Rendering.LightTransport.Editor.dll (+2 others) [CacheWrite 00000000000000000000000000000005]
[433/739    0s] Csc Library/Bee/artifacts/2400b0aE.dag/Unity.RenderPipelines.Universal.Shaders.dll (+2 others)
[434/739    0s] Csc Library/Bee/artifacts/2400b0aE.dag/Unity.Profiling.Core.dll (+2 others)
[           0s] Csc Library/Bee/artifacts/2400b0aE.dag/Unity.RenderPipelines.Universal.Shaders.dll (+2 others) [CacheWrite 00000000000000000000000000000005]
[           0s] Csc Library/Bee/artifacts/2400b0aE.dag/Unity.Profiling.Core.dll (+2 others) [CacheWrite 00000000000000000000000000000005]
[435/739    0s] Csc Library/Bee/artifacts/2400b0aE.dag/Unity.AI.Navigation.Editor.ConversionSystem.dll (+2 others)
[           0s] Csc Library/Bee/artifacts/2400b0aE.dag/Unity.AI.Navigation.Editor.ConversionSystem.dll (+2 others) [CacheWrite 00000000000000000000000000000005]
[436/739    0s] Csc Library/Bee/artifacts/2400b0aE.dag/Unity.AI.Navigation.dll (+2 others)
[437/739    0s] Csc Library/Bee/artifacts/2400b0aE.dag/Unity.Searcher.Editor.dll (+2 others)
[           0s] Csc Library/Bee/artifacts/2400b0aE.dag/Unity.Searcher.Editor.dll (+2 others) [CacheWrite 00000000000000000000000000000005]
[438/739    0s] MovedFromExtractor Library/Bee/artifacts/mvdfrm/Unity.ShaderGraph.Utilities.ref.dll_2CC501C32FF68407.mvfrm
[439/739    0s] MovedFromExtractor Library/Bee/artifacts/mvdfrm/Unity.InternalAPIEngineBridge.004.ref.dll_9DD979BE3F8C8350.mvfrm
[440/739    0s] MovedFromExtractor Library/Bee/artifacts/mvdfrm/Unity.AI.Navigation.Editor.ConversionSystem.ref.dll_0D6E4E7A57F11024.mvfrm
[441/739    0s] MovedFromExtractor Library/Bee/artifacts/mvdfrm/Unity.Searcher.Editor.ref.dll_593125D8983B03B8.mvfrm
[442/739    0s] MovedFromExtractor Library/Bee/artifacts/mvdfrm/Unity.Profiling.Core.ref.dll_BB57BE87EB72E14B.mvfrm
[443/739    0s] MovedFromExtractor-Combine Library/Bee/artifacts/2400b0aE.dag/Unity.TextMeshPro.dll.mvfrm
[444/739    0s] MovedFromExtractor-Combine Library/Bee/artifacts/2400b0aE.dag/Unity.ResourceManager.dll.mvfrm
[445/739    0s] Csc Library/Bee/artifacts/2400b0aE.dag/Unity.ResourceManager.dll (+2 others)
[           0s] Csc Library/Bee/artifacts/2400b0aE.dag/Unity.ResourceManager.dll (+2 others) [CacheWrite 00000000000000000000000000000005]
[446/739    0s] Csc Library/Bee/artifacts/2400b0aE.dag/Unity.Burst.dll (+2 others)
[           0s] Csc Library/Bee/artifacts/2400b0aE.dag/Unity.Burst.dll (+2 others) [CacheWrite 00000000000000000000000000000005]
[447/739    0s] MovedFromExtractor Library/Bee/artifacts/mvdfrm/Unity.ResourceManager.ref.dll_9D6712A1B914D471.mvfrm
[448/739    0s] MovedFromExtractor Library/Bee/artifacts/mvdfrm/Unity.Burst.ref.dll_9CE15340CD9598D2.mvfrm
[449/739    0s] MovedFromExtractor-Combine Library/Bee/artifacts/2400b0aE.dag/Unity.Addressables.dll.mvfrm
[450/739    0s] MovedFromExtractor-Combine Library/Bee/artifacts/2400b0aE.dag/Unity.Burst.CodeGen.dll.mvfrm
[451/739    0s] MovedFromExtractor-Combine Library/Bee/artifacts/2400b0aE.dag/Unity.Burst.Editor.dll.mvfrm
[452/739    0s] Csc Library/Bee/artifacts/2400b0aE.dag/Unity.PerformanceTesting.dll (+2 others)
[           0s] Csc Library/Bee/artifacts/2400b0aE.dag/Unity.PerformanceTesting.dll (+2 others) [CacheWrite 00000000000000000000000000000005]
[453/739    0s] Csc Library/Bee/artifacts/2400b0aE.dag/Unity.TextMeshPro.dll (+2 others)
[           0s] Csc Library/Bee/artifacts/2400b0aE.dag/Unity.TextMeshPro.dll (+2 others) [CacheWrite 00000000000000000000000000000005]
[454/739    0s] MovedFromExtractor Library/Bee/artifacts/mvdfrm/Unity.PerformanceTesting.ref.dll_9CA924C712E203D4.mvfrm
[455/739    0s] Csc Library/Bee/artifacts/2400b0aE.dag/Unity.Burst.CodeGen.dll (+2 others)
[           0s] Csc Library/Bee/artifacts/2400b0aE.dag/Unity.Burst.CodeGen.dll (+2 others) [CacheWrite 00000000000000000000000000000005]
[456/739    0s] CopyFiles Library/ScriptAssemblies/Unity.Burst.CodeGen.pdb
[457/739    0s] CopyFiles Library/ScriptAssemblies/Unity.Burst.CodeGen.dll
[458/739    0s] MovedFromExtractor-Combine Library/Bee/artifacts/2400b0aE.dag/Unity.PerformanceTesting.Editor.dll.mvfrm
[459/739    0s] MovedFromExtractor Library/Bee/artifacts/mvdfrm/Unity.TextMeshPro.ref.dll_8DB7A3E3632A4E05.mvfrm
[460/739    0s] Csc Library/Bee/artifacts/2400b0aE.dag/Unity.Addressables.dll (+2 others)
[           0s] Csc Library/Bee/artifacts/2400b0aE.dag/Unity.Addressables.dll (+2 others) [CacheWrite 00000000000000000000000000000005]
[461/739    0s] MovedFromExtractor-Combine Library/Bee/artifacts/2400b0aE.dag/UnityEditor.UI.Analytics.dll.mvfrm
[462/739    0s] MovedFromExtractor Library/Bee/artifacts/mvdfrm/Unity.Addressables.ref.dll_DECBAD1A98AD9299.mvfrm
[463/739    0s] Csc Library/Bee/artifacts/2400b0aE.dag/Unity.PerformanceTesting.Editor.dll (+2 others)
[464/739    0s] Csc Library/Bee/artifacts/2400b0aE.dag/UnityEditor.UI.Analytics.dll (+2 others)
[           0s] Csc Library/Bee/artifacts/2400b0aE.dag/Unity.PerformanceTesting.Editor.dll (+2 others) [CacheWrite 00000000000000000000000000000005]
[           0s] Csc Library/Bee/artifacts/2400b0aE.dag/UnityEditor.UI.Analytics.dll (+2 others) [CacheWrite 00000000000000000000000000000005]
[           1s] Csc Library/Bee/artifacts/2400b0aE.dag/Unity.AI.Navigation.dll (+2 others) [CacheWrite 00000000000000000000000000000005]
[465/739    1s] Csc Library/Bee/artifacts/2400b0aE.dag/Unity.ScriptableBuildPipeline.dll (+2 others)
[           0s] Csc Library/Bee/artifacts/2400b0aE.dag/Unity.ScriptableBuildPipeline.dll (+2 others) [CacheWrite 00000000000000000000000000000005]
[466/739    1s] Csc Library/Bee/artifacts/2400b0aE.dag/Unity.InputSystem.dll (+2 others)
[           0s] Csc Library/Bee/artifacts/2400b0aE.dag/Unity.InputSystem.dll (+2 others) [CacheWrite 00000000000000000000000000000005]
[467/739    0s] MovedFromExtractor Library/Bee/artifacts/mvdfrm/Unity.AI.Navigation.ref.dll_DE872EE15FE1F97C.mvfrm
[468/739    0s] MovedFromExtractor Library/Bee/artifacts/mvdfrm/Unity.ScriptableBuildPipeline.ref.dll_17CEFD00006B1BBD.mvfrm
[469/739    0s] MovedFromExtractor Library/Bee/artifacts/mvdfrm/Unity.InputSystem.ref.dll_06424321BA44ABAB.mvfrm
[470/739    0s] MovedFromExtractor-Combine Library/Bee/artifacts/2400b0aE.dag/Unity.AI.Navigation.Editor.dll.mvfrm
[471/739    0s] MovedFromExtractor-Combine Library/Bee/artifacts/2400b0aE.dag/Unity.ScriptableBuildPipeline.Editor.dll.mvfrm
[472/739    0s] MovedFromExtractor-Combine Library/Bee/artifacts/2400b0aE.dag/Unity.InputSystem.TestFramework.dll.mvfrm
[473/739    0s] MovedFromExtractor-Combine Library/Bee/artifacts/2400b0aE.dag/Unity.InputSystem.ForUI.dll.mvfrm
[474/739    0s] MovedFromExtractor-Combine Library/Bee/artifacts/2400b0aE.dag/Unity.InputSystem.DocCodeSamples.dll.mvfrm
[475/739    0s] Csc Library/Bee/artifacts/2400b0aE.dag/Unity.AI.Navigation.Editor.dll (+2 others)
[           0s] Csc Library/Bee/artifacts/2400b0aE.dag/Unity.AI.Navigation.Editor.dll (+2 others) [CacheWrite 00000000000000000000000000000005]
[476/739    0s] Csc Library/Bee/artifacts/2400b0aE.dag/Unity.InputSystem.DocCodeSamples.dll (+2 others)
[477/739    0s] Csc Library/Bee/artifacts/2400b0aE.dag/Unity.InputSystem.ForUI.dll (+2 others)
[478/739    1s] Csc Library/Bee/artifacts/2400b0aE.dag/Unity.Mathematics.dll (+2 others)
[           0s] Csc Library/Bee/artifacts/2400b0aE.dag/Unity.InputSystem.ForUI.dll (+2 others) [CacheWrite 00000000000000000000000000000005]
[           0s] Csc Library/Bee/artifacts/2400b0aE.dag/Unity.InputSystem.DocCodeSamples.dll (+2 others) [CacheWrite 00000000000000000000000000000005]
[           0s] Csc Library/Bee/artifacts/2400b0aE.dag/Unity.Mathematics.dll (+2 others) [CacheWrite 00000000000000000000000000000005]
[479/739    0s] Csc Library/Bee/artifacts/2400b0aE.dag/Unity.InputSystem.TestFramework.dll (+2 others)
[           0s] Csc Library/Bee/artifacts/2400b0aE.dag/Unity.InputSystem.TestFramework.dll (+2 others) [CacheWrite 00000000000000000000000000000005]
[480/739    0s] Csc Library/Bee/artifacts/2400b0aE.dag/Unity.ScriptableBuildPipeline.Editor.dll (+2 others)
[481/739    0s] MovedFromExtractor Library/Bee/artifacts/mvdfrm/Unity.InputSystem.ForUI.ref.dll_CFD7856823C3CD5A.mvfrm
[           0s] Csc Library/Bee/artifacts/2400b0aE.dag/Unity.ScriptableBuildPipeline.Editor.dll (+2 others) [CacheWrite 00000000000000000000000000000005]
[482/739    0s] MovedFromExtractor Library/Bee/artifacts/mvdfrm/Unity.AI.Navigation.Editor.ref.dll_9C82A0E57CE4B9F5.mvfrm
[483/739    0s] MovedFromExtractor Library/Bee/artifacts/mvdfrm/Unity.Mathematics.ref.dll_F20355C132B4E278.mvfrm
[484/739    0s] MovedFromExtractor-Combine Library/Bee/artifacts/2400b0aE.dag/MiniMarket.Runtime.dll.mvfrm
[485/739    0s] MovedFromExtractor-Combine Library/Bee/artifacts/2400b0aE.dag/Unity.AI.Navigation.Updater.dll.mvfrm
[486/739    0s] MovedFromExtractor-Combine Library/Bee/artifacts/2400b0aE.dag/glTFast.Documentation.Examples.dll.mvfrm
[487/739    0s] MovedFromExtractor-Combine Library/Bee/artifacts/2400b0aE.dag/Unity.Collections.dll.mvfrm
[488/739    0s] MovedFromExtractor-Combine Library/Bee/artifacts/2400b0aE.dag/Unity.Mathematics.Editor.dll.mvfrm
[489/739    0s] MovedFromExtractor-Combine Library/Bee/artifacts/2400b0aE.dag/glTFast.Editor.dll.mvfrm
[490/739    0s] MovedFromExtractor Library/Bee/artifacts/mvdfrm/Unity.ScriptableBuildPipeline.Editor.ref.dll_BA537E85FFAC56C4.mvfrm
[491/739    0s] MovedFromExtractor-Combine Library/Bee/artifacts/2400b0aE.dag/Unity.Addressables.Editor.dll.mvfrm
[492/739    0s] Csc Library/Bee/artifacts/2400b0aE.dag/Unity.Mathematics.Editor.dll (+2 others)
[           0s] Csc Library/Bee/artifacts/2400b0aE.dag/Unity.Mathematics.Editor.dll (+2 others) [CacheWrite 00000000000000000000000000000005]
[493/739    0s] Csc Library/Bee/artifacts/2400b0aE.dag/Unity.AI.Navigation.Updater.dll (+2 others)
[494/739    0s] MovedFromExtractor Library/Bee/artifacts/mvdfrm/Unity.Mathematics.Editor.ref.dll_3D2C2B72ECCBF4B9.mvfrm
[495/739    0s] Csc Library/Bee/artifacts/2400b0aE.dag/Unity.Addressables.Editor.dll (+2 others)
[           0s] Csc Library/Bee/artifacts/2400b0aE.dag/Unity.Addressables.Editor.dll (+2 others) [CacheWrite 00000000000000000000000000000005]
[496/739    0s] MovedFromExtractor Library/Bee/artifacts/mvdfrm/Unity.Addressables.Editor.ref.dll_EC7E68E6175B81A8.mvfrm
[497/739    0s] MovedFromExtractor-Combine Library/Bee/artifacts/2400b0aE.dag/Unity.Addressables.DocExampleCode.Editor.Tests.dll.mvfrm
[           0s] Csc Library/Bee/artifacts/2400b0aE.dag/Unity.AI.Navigation.Updater.dll (+2 others) [CacheWrite 00000000000000000000000000000005]
[498/739    0s] Csc Library/Bee/artifacts/2400b0aE.dag/Unity.Collections.dll (+2 others)
[           0s] Csc Library/Bee/artifacts/2400b0aE.dag/Unity.Collections.dll (+2 others) [CacheWrite 00000000000000000000000000000005]
[499/739    0s] Csc Library/Bee/artifacts/2400b0aE.dag/Unity.Addressables.DocExampleCode.Editor.Tests.dll (+2 others)
[           0s] Csc Library/Bee/artifacts/2400b0aE.dag/Unity.Addressables.DocExampleCode.Editor.Tests.dll (+2 others) [CacheWrite 00000000000000000000000000000005]
[500/739    0s] MovedFromExtractor Library/Bee/artifacts/mvdfrm/Unity.Collections.ref.dll_6E80EEB68CD969F7.mvfrm
[501/739    1s] Csc Library/Bee/artifacts/2400b0aE.dag/Unity.Burst.Editor.dll (+2 others)
[           0s] Csc Library/Bee/artifacts/2400b0aE.dag/Unity.Burst.Editor.dll (+2 others) [CacheWrite 00000000000000000000000000000005]
[502/739    0s] MovedFromExtractor-Combine Library/Bee/artifacts/2400b0aE.dag/Unity.UnifiedRayTracing.Runtime.dll.mvfrm
[503/739    0s] MovedFromExtractor-Combine Library/Bee/artifacts/2400b0aE.dag/Unity.Collections.CodeGen.dll.mvfrm
[504/739    0s] MovedFromExtractor-Combine Library/Bee/artifacts/2400b0aE.dag/glTFast.dots.dll.mvfrm
[505/739    0s] MovedFromExtractor-Combine Library/Bee/artifacts/2400b0aE.dag/Unity.RenderPipelines.Core.Runtime.dll.mvfrm
[506/739    0s] MovedFromExtractor-Combine Library/Bee/artifacts/2400b0aE.dag/Unity.Collections.Editor.dll.mvfrm
[507/739    0s] MovedFromExtractor Library/Bee/artifacts/mvdfrm/Unity.Burst.Editor.ref.dll_D8E992B53B2FA1FF.mvfrm
[508/739    0s] Csc Library/Bee/artifacts/2400b0aE.dag/Unity.Collections.Editor.dll (+2 others)
[           0s] Csc Library/Bee/artifacts/2400b0aE.dag/Unity.Collections.Editor.dll (+2 others) [CacheWrite 00000000000000000000000000000005]
[509/739    0s] Csc Library/Bee/artifacts/2400b0aE.dag/Unity.Collections.CodeGen.dll (+2 others)
[           0s] Csc Library/Bee/artifacts/2400b0aE.dag/Unity.Collections.CodeGen.dll (+2 others) [CacheWrite 00000000000000000000000000000005]
[510/739    0s] CopyFiles Library/ScriptAssemblies/Unity.Collections.CodeGen.pdb
[511/739    0s] CopyFiles Library/ScriptAssemblies/Unity.Collections.CodeGen.dll
[512/739    0s] Csc Library/Bee/artifacts/2400b0aE.dag/Unity.UnifiedRayTracing.Runtime.dll (+2 others)
[           0s] Csc Library/Bee/artifacts/2400b0aE.dag/Unity.UnifiedRayTracing.Runtime.dll (+2 others) [CacheWrite 00000000000000000000000000000005]
[513/739    0s] ILPP-Configuration Library/ilpp-configuration.nevergeneratedoutput
[514/739    0s] MovedFromExtractor Library/Bee/artifacts/mvdfrm/Unity.UnifiedRayTracing.Runtime.ref.dll_3A55711EDCF371F6.mvfrm
[515/739    0s] ILPostProcess Library/Bee/artifacts/2400b0aE.dag/post-processed/Unity.AI.Navigation.Editor.dll (+pdb)
Processing assembly Library/Bee/artifacts/2400b0aE.dag/Unity.AI.Navigation.Editor.dll, with 130 defines and 275 references
processors: Unity.Jobs.CodeGen.JobsILPostProcessor, zzzUnity.Burst.CodeGen.BurstILPostProcessor
running Unity.Jobs.CodeGen.JobsILPostProcessor
running zzzUnity.Burst.CodeGen.BurstILPostProcessor
[516/739    0s] ILPostProcess Library/Bee/artifacts/2400b0aE.dag/post-processed/Unity.Rendering.LightTransport.Editor.dll (+pdb)
Processing assembly Library/Bee/artifacts/2400b0aE.dag/Unity.Rendering.LightTransport.Editor.dll, with 129 defines and 273 references
processors: Unity.Jobs.CodeGen.JobsILPostProcessor, zzzUnity.Burst.CodeGen.BurstILPostProcessor
running Unity.Jobs.CodeGen.JobsILPostProcessor
running zzzUnity.Burst.CodeGen.BurstILPostProcessor
[517/739    0s] ILPostProcess Library/Bee/artifacts/2400b0aE.dag/post-processed/Unity.Addressables.Editor.dll (+pdb)
Processing assembly Library/Bee/artifacts/2400b0aE.dag/Unity.Addressables.Editor.dll, with 130 defines and 277 references
processors: Unity.Jobs.CodeGen.JobsILPostProcessor, zzzUnity.Burst.CodeGen.BurstILPostProcessor
running Unity.Jobs.CodeGen.JobsILPostProcessor
running zzzUnity.Burst.CodeGen.BurstILPostProcessor
[518/739    0s] ILPostProcess Library/Bee/artifacts/2400b0aE.dag/post-processed/Unity.Collections.Editor.dll (+pdb)
Processing assembly Library/Bee/artifacts/2400b0aE.dag/Unity.Collections.Editor.dll, with 130 defines and 274 references
processors: Unity.Jobs.CodeGen.JobsILPostProcessor, zzzUnity.Burst.CodeGen.BurstILPostProcessor
running Unity.Jobs.CodeGen.JobsILPostProcessor
running zzzUnity.Burst.CodeGen.BurstILPostProcessor
[519/739    0s] ILPostProcess Library/Bee/artifacts/2400b0aE.dag/post-processed/Unity.Burst.Editor.dll (+pdb)
Processing assembly Library/Bee/artifacts/2400b0aE.dag/Unity.Burst.Editor.dll, with 129 defines and 274 references
processors: Unity.Jobs.CodeGen.JobsILPostProcessor, zzzUnity.Burst.CodeGen.BurstILPostProcessor
running Unity.Jobs.CodeGen.JobsILPostProcessor
running zzzUnity.Burst.CodeGen.BurstILPostProcessor
[520/739    0s] CopyFiles Library/ScriptAssemblies/Unity.Burst.Editor.pdb
[521/739    0s] CopyFiles Library/ScriptAssemblies/Unity.Burst.Editor.dll
[522/739    0s] CopyFiles Library/ScriptAssemblies/Unity.Collections.Editor.dll
[523/739    0s] CopyFiles Library/ScriptAssemblies/Unity.Collections.Editor.pdb
[524/739    0s] CopyFiles Library/ScriptAssemblies/Unity.Addressables.Editor.pdb
[525/739    0s] CopyFiles Library/ScriptAssemblies/Unity.Addressables.Editor.dll
[526/739    0s] CopyFiles Library/ScriptAssemblies/Unity.Rendering.LightTransport.Editor.dll
[527/739    0s] CopyFiles Library/ScriptAssemblies/Unity.Rendering.LightTransport.Editor.pdb
[528/739    0s] CopyFiles Library/ScriptAssemblies/Unity.AI.Navigation.Editor.dll
[529/739    0s] CopyFiles Library/ScriptAssemblies/Unity.AI.Navigation.Editor.pdb
[530/739    0s] ILPostProcess Library/Bee/artifacts/2400b0aE.dag/post-processed/Unity.PerformanceTesting.dll (+pdb)
Processing assembly Library/Bee/artifacts/2400b0aE.dag/Unity.PerformanceTesting.dll, with 132 defines and 236 references
processors: Unity.Jobs.CodeGen.JobsILPostProcessor, zzzUnity.Burst.CodeGen.BurstILPostProcessor
running Unity.Jobs.CodeGen.JobsILPostProcessor
running zzzUnity.Burst.CodeGen.BurstILPostProcessor
[531/739    0s] ILPostProcess Library/Bee/artifacts/2400b0aE.dag/post-processed/Unity.Addressables.DocExampleCode.Editor.Tests.dll (+pdb)
Processing assembly Library/Bee/artifacts/2400b0aE.dag/Unity.Addressables.DocExampleCode.Editor.Tests.dll, with 131 defines and 273 references
processors: Unity.Jobs.CodeGen.JobsILPostProcessor, zzzUnity.Burst.CodeGen.BurstILPostProcessor
running Unity.Jobs.CodeGen.JobsILPostProcessor
running zzzUnity.Burst.CodeGen.BurstILPostProcessor
[532/739    0s] ILPostProcess Library/Bee/artifacts/2400b0aE.dag/post-processed/Unity.Mathematics.dll (+pdb)
Processing assembly Library/Bee/artifacts/2400b0aE.dag/Unity.Mathematics.dll, with 131 defines and 241 references
processors: Unity.Jobs.CodeGen.JobsILPostProcessor, zzzUnity.Burst.CodeGen.BurstILPostProcessor
running Unity.Jobs.CodeGen.JobsILPostProcessor
running zzzUnity.Burst.CodeGen.BurstILPostProcessor
[533/739    0s] CopyFiles Library/ScriptAssemblies/Unity.Addressables.DocExampleCode.Editor.Tests.dll
[534/739    0s] CopyFiles Library/ScriptAssemblies/Unity.Addressables.DocExampleCode.Editor.Tests.pdb
[535/739    0s] CopyFiles Library/ScriptAssemblies/Unity.PerformanceTesting.dll
[536/739    0s] CopyFiles Library/ScriptAssemblies/Unity.PerformanceTesting.pdb
[537/739    0s] CopyFiles Library/ScriptAssemblies/Unity.Mathematics.dll
[538/739    0s] CopyFiles Library/ScriptAssemblies/Unity.Mathematics.pdb
[539/739    0s] ILPostProcess Library/Bee/artifacts/2400b0aE.dag/post-processed/Unity.Mathematics.Editor.dll (+pdb)
Processing assembly Library/Bee/artifacts/2400b0aE.dag/Unity.Mathematics.Editor.dll, with 129 defines and 274 references
processors: Unity.Jobs.CodeGen.JobsILPostProcessor, zzzUnity.Burst.CodeGen.BurstILPostProcessor
running Unity.Jobs.CodeGen.JobsILPostProcessor
running zzzUnity.Burst.CodeGen.BurstILPostProcessor
[540/739    0s] ILPostProcess Library/Bee/artifacts/2400b0aE.dag/post-processed/Unity.Searcher.Editor.dll (+pdb)
Processing assembly Library/Bee/artifacts/2400b0aE.dag/Unity.Searcher.Editor.dll, with 129 defines and 273 references
processors: Unity.Jobs.CodeGen.JobsILPostProcessor, zzzUnity.Burst.CodeGen.BurstILPostProcessor
running Unity.Jobs.CodeGen.JobsILPostProcessor
running zzzUnity.Burst.CodeGen.BurstILPostProcessor
[541/739    0s] ILPostProcess Library/Bee/artifacts/2400b0aE.dag/post-processed/Unity.Addressables.dll (+pdb)
Processing assembly Library/Bee/artifacts/2400b0aE.dag/Unity.Addressables.dll, with 131 defines and 242 references
processors: Unity.Jobs.CodeGen.JobsILPostProcessor, zzzUnity.Burst.CodeGen.BurstILPostProcessor
running Unity.Jobs.CodeGen.JobsILPostProcessor
running zzzUnity.Burst.CodeGen.BurstILPostProcessor
[542/739    0s] ILPostProcess Library/Bee/artifacts/2400b0aE.dag/post-processed/Unity.ScriptableBuildPipeline.dll (+pdb)
Processing assembly Library/Bee/artifacts/2400b0aE.dag/Unity.ScriptableBuildPipeline.dll, with 131 defines and 241 references
processors: Unity.Jobs.CodeGen.JobsILPostProcessor, zzzUnity.Burst.CodeGen.BurstILPostProcessor
running Unity.Jobs.CodeGen.JobsILPostProcessor
running zzzUnity.Burst.CodeGen.BurstILPostProcessor
[543/739    0s] ILPostProcess Library/Bee/artifacts/2400b0aE.dag/post-processed/Unity.Burst.dll (+pdb)
Processing assembly Library/Bee/artifacts/2400b0aE.dag/Unity.Burst.dll, with 131 defines and 238 references
processors: Unity.Jobs.CodeGen.JobsILPostProcessor, zzzUnity.Burst.CodeGen.BurstILPostProcessor
running Unity.Jobs.CodeGen.JobsILPostProcessor
running zzzUnity.Burst.CodeGen.BurstILPostProcessor
[544/739    0s] ILPostProcess Library/Bee/artifacts/2400b0aE.dag/post-processed/UnityEditor.UI.Analytics.dll (+pdb)
Processing assembly Library/Bee/artifacts/2400b0aE.dag/UnityEditor.UI.Analytics.dll, with 129 defines and 274 references
processors: Unity.Jobs.CodeGen.JobsILPostProcessor, zzzUnity.Burst.CodeGen.BurstILPostProcessor
running Unity.Jobs.CodeGen.JobsILPostProcessor
running zzzUnity.Burst.CodeGen.BurstILPostProcessor
[545/739    0s] ILPostProcess Library/Bee/artifacts/2400b0aE.dag/post-processed/Unity.TextMeshPro.dll (+pdb)
Processing assembly Library/Bee/artifacts/2400b0aE.dag/Unity.TextMeshPro.dll, with 132 defines and 242 references
processors: Unity.Jobs.CodeGen.JobsILPostProcessor, zzzUnity.Burst.CodeGen.BurstILPostProcessor
running Unity.Jobs.CodeGen.JobsILPostProcessor
running zzzUnity.Burst.CodeGen.BurstILPostProcessor
[546/739    0s] ILPostProcess Library/Bee/artifacts/2400b0aE.dag/post-processed/Unity.InputSystem.ForUI.dll (+pdb)
Processing assembly Library/Bee/artifacts/2400b0aE.dag/Unity.InputSystem.ForUI.dll, with 131 defines and 242 references
processors: Unity.Jobs.CodeGen.JobsILPostProcessor, zzzUnity.Burst.CodeGen.BurstILPostProcessor
running Unity.Jobs.CodeGen.JobsILPostProcessor
running zzzUnity.Burst.CodeGen.BurstILPostProcessor
[547/739    0s] ILPostProcess Library/Bee/artifacts/2400b0aE.dag/post-processed/Unity.InternalAPIEngineBridge.004.dll (+pdb)
Processing assembly Library/Bee/artifacts/2400b0aE.dag/Unity.InternalAPIEngineBridge.004.dll, with 131 defines and 241 references
processors: Unity.Jobs.CodeGen.JobsILPostProcessor, zzzUnity.Burst.CodeGen.BurstILPostProcessor
running Unity.Jobs.CodeGen.JobsILPostProcessor
running zzzUnity.Burst.CodeGen.BurstILPostProcessor
[548/739    0s] ILPostProcess Library/Bee/artifacts/2400b0aE.dag/post-processed/Unity.UnifiedRayTracing.Runtime.dll (+pdb)
Processing assembly Library/Bee/artifacts/2400b0aE.dag/Unity.UnifiedRayTracing.Runtime.dll, with 132 defines and 244 references
processors: Unity.Jobs.CodeGen.JobsILPostProcessor, zzzUnity.Burst.CodeGen.BurstILPostProcessor
running Unity.Jobs.CodeGen.JobsILPostProcessor
running zzzUnity.Burst.CodeGen.BurstILPostProcessor
[549/739    0s] ILPostProcess Library/Bee/artifacts/2400b0aE.dag/post-processed/UnityEditor.UI.dll (+pdb)
Processing assembly Library/Bee/artifacts/2400b0aE.dag/UnityEditor.UI.dll, with 131 defines and 272 references
processors: Unity.Jobs.CodeGen.JobsILPostProcessor, zzzUnity.Burst.CodeGen.BurstILPostProcessor
running Unity.Jobs.CodeGen.JobsILPostProcessor
running zzzUnity.Burst.CodeGen.BurstILPostProcessor
[550/739    0s] ILPostProcess Library/Bee/artifacts/2400b0aE.dag/post-processed/Unity.RenderPipelines.Core.ShaderLibrary.dll (+pdb)
Processing assembly Library/Bee/artifacts/2400b0aE.dag/Unity.RenderPipelines.Core.ShaderLibrary.dll, with 131 defines and 241 references
processors: Unity.Jobs.CodeGen.JobsILPostProcessor, zzzUnity.Burst.CodeGen.BurstILPostProcessor
running Unity.Jobs.CodeGen.JobsILPostProcessor
running zzzUnity.Burst.CodeGen.BurstILPostProcessor
[551/739    0s] ILPostProcess Library/Bee/artifacts/2400b0aE.dag/post-processed/UnityEngine.UI.dll (+pdb)
Processing assembly Library/Bee/artifacts/2400b0aE.dag/UnityEngine.UI.dll, with 135 defines and 239 references
processors: Unity.Jobs.CodeGen.JobsILPostProcessor, zzzUnity.Burst.CodeGen.BurstILPostProcessor
running Unity.Jobs.CodeGen.JobsILPostProcessor
running zzzUnity.Burst.CodeGen.BurstILPostProcessor
[552/739    0s] ILPostProcess Library/Bee/artifacts/2400b0aE.dag/post-processed/Unity.AI.Navigation.dll (+pdb)
Processing assembly Library/Bee/artifacts/2400b0aE.dag/Unity.AI.Navigation.dll, with 132 defines and 241 references
processors: Unity.Jobs.CodeGen.JobsILPostProcessor, zzzUnity.Burst.CodeGen.BurstILPostProcessor
running Unity.Jobs.CodeGen.JobsILPostProcessor
running zzzUnity.Burst.CodeGen.BurstILPostProcessor
[553/739    0s] ILPostProcess Library/Bee/artifacts/2400b0aE.dag/post-processed/Unity.AI.Navigation.Updater.dll (+pdb)
Processing assembly Library/Bee/artifacts/2400b0aE.dag/Unity.AI.Navigation.Updater.dll, with 129 defines and 276 references
processors: Unity.Jobs.CodeGen.JobsILPostProcessor, zzzUnity.Burst.CodeGen.BurstILPostProcessor
running Unity.Jobs.CodeGen.JobsILPostProcessor
running zzzUnity.Burst.CodeGen.BurstILPostProcessor
[554/739    0s] ILPostProcess Library/Bee/artifacts/2400b0aE.dag/post-processed/Unity.InputSystem.DocCodeSamples.dll (+pdb)
Processing assembly Library/Bee/artifacts/2400b0aE.dag/Unity.InputSystem.DocCodeSamples.dll, with 129 defines and 270 references
processors: Unity.Jobs.CodeGen.JobsILPostProcessor, zzzUnity.Burst.CodeGen.BurstILPostProcessor
running Unity.Jobs.CodeGen.JobsILPostProcessor
running zzzUnity.Burst.CodeGen.BurstILPostProcessor
[555/739    0s] ILPostProcess Library/Bee/artifacts/2400b0aE.dag/post-processed/Unity.ScriptableBuildPipeline.Editor.dll (+pdb)
Processing assembly Library/Bee/artifacts/2400b0aE.dag/Unity.ScriptableBuildPipeline.Editor.dll, with 132 defines and 274 references
processors: Unity.Jobs.CodeGen.JobsILPostProcessor, zzzUnity.Burst.CodeGen.BurstILPostProcessor
running Unity.Jobs.CodeGen.JobsILPostProcessor
running zzzUnity.Burst.CodeGen.BurstILPostProcessor
[556/739    0s] ILPostProcess Library/Bee/artifacts/2400b0aE.dag/post-processed/Unity.AI.Navigation.Editor.ConversionSystem.dll (+pdb)
Processing assembly Library/Bee/artifacts/2400b0aE.dag/Unity.AI.Navigation.Editor.ConversionSystem.dll, with 129 defines and 273 references
processors: Unity.Jobs.CodeGen.JobsILPostProcessor, zzzUnity.Burst.CodeGen.BurstILPostProcessor
running Unity.Jobs.CodeGen.JobsILPostProcessor
running zzzUnity.Burst.CodeGen.BurstILPostProcessor
[557/739    0s] ILPostProcess Library/Bee/artifacts/2400b0aE.dag/post-processed/Unity.RenderPipelines.Universal.Shaders.dll (+pdb)
Processing assembly Library/Bee/artifacts/2400b0aE.dag/Unity.RenderPipelines.Universal.Shaders.dll, with 131 defines and 241 references
processors: Unity.Jobs.CodeGen.JobsILPostProcessor, zzzUnity.Burst.CodeGen.BurstILPostProcessor
running Unity.Jobs.CodeGen.JobsILPostProcessor
running zzzUnity.Burst.CodeGen.BurstILPostProcessor
[558/739    0s] ILPostProcess Library/Bee/artifacts/2400b0aE.dag/post-processed/Unity.ShaderGraph.Utilities.dll (+pdb)
Processing assembly Library/Bee/artifacts/2400b0aE.dag/Unity.ShaderGraph.Utilities.dll, with 129 defines and 273 references
processors: Unity.Jobs.CodeGen.JobsILPostProcessor, zzzUnity.Burst.CodeGen.BurstILPostProcessor
running Unity.Jobs.CodeGen.JobsILPostProcessor
running zzzUnity.Burst.CodeGen.BurstILPostProcessor
[559/739    0s] ILPostProcess Library/Bee/artifacts/2400b0aE.dag/post-processed/Unity.PerformanceTesting.Editor.dll (+pdb)
Processing assembly Library/Bee/artifacts/2400b0aE.dag/Unity.PerformanceTesting.Editor.dll, with 130 defines and 270 references
processors: Unity.Jobs.CodeGen.JobsILPostProcessor, zzzUnity.Burst.CodeGen.BurstILPostProcessor
running Unity.Jobs.CodeGen.JobsILPostProcessor
running zzzUnity.Burst.CodeGen.BurstILPostProcessor
[560/739    0s] ILPostProcess Library/Bee/artifacts/2400b0aE.dag/post-processed/Unity.Collections.dll (+pdb)
Processing assembly Library/Bee/artifacts/2400b0aE.dag/Unity.Collections.dll, with 133 defines and 243 references
processors: Unity.Jobs.CodeGen.JobsILPostProcessor, zzzUnity.Burst.CodeGen.BurstILPostProcessor
running Unity.Jobs.CodeGen.JobsILPostProcessor
running zzzUnity.Burst.CodeGen.BurstILPostProcessor
[561/739    0s] ILPostProcess Library/Bee/artifacts/2400b0aE.dag/post-processed/Unity.ResourceManager.dll (+pdb)
Processing assembly Library/Bee/artifacts/2400b0aE.dag/Unity.ResourceManager.dll, with 132 defines and 242 references
processors: Unity.Jobs.CodeGen.JobsILPostProcessor, zzzUnity.Burst.CodeGen.BurstILPostProcessor
running Unity.Jobs.CodeGen.JobsILPostProcessor
running zzzUnity.Burst.CodeGen.BurstILPostProcessor
[562/739    0s] ILPostProcess Library/Bee/artifacts/2400b0aE.dag/post-processed/Unity.RenderPipelines.ShaderGraph.ShaderGraphLibrary.dll (+pdb)
Processing assembly Library/Bee/artifacts/2400b0aE.dag/Unity.RenderPipelines.ShaderGraph.ShaderGraphLibrary.dll, with 131 defines and 241 references
processors: Unity.Jobs.CodeGen.JobsILPostProcessor, zzzUnity.Burst.CodeGen.BurstILPostProcessor
running Unity.Jobs.CodeGen.JobsILPostProcessor
running zzzUnity.Burst.CodeGen.BurstILPostProcessor
[563/739    0s] ILPostProcess Library/Bee/artifacts/2400b0aE.dag/post-processed/Unity.Profiling.Core.dll (+pdb)
Processing assembly Library/Bee/artifacts/2400b0aE.dag/Unity.Profiling.Core.dll, with 131 defines and 241 references
processors: Unity.Jobs.CodeGen.JobsILPostProcessor, zzzUnity.Burst.CodeGen.BurstILPostProcessor
running Unity.Jobs.CodeGen.JobsILPostProcessor
running zzzUnity.Burst.CodeGen.BurstILPostProcessor
[564/739    0s] ILPostProcess Library/Bee/artifacts/2400b0aE.dag/post-processed/Unity.InputSystem.dll (+pdb)
Processing assembly Library/Bee/artifacts/2400b0aE.dag/Unity.InputSystem.dll, with 141 defines and 241 references
processors: Unity.Jobs.CodeGen.JobsILPostProcessor, zzzUnity.Burst.CodeGen.BurstILPostProcessor
running Unity.Jobs.CodeGen.JobsILPostProcessor
running zzzUnity.Burst.CodeGen.BurstILPostProcessor
[565/739    0s] ILPostProcess Library/Bee/artifacts/2400b0aE.dag/post-processed/Unity.InputSystem.TestFramework.dll (+pdb)
Processing assembly Library/Bee/artifacts/2400b0aE.dag/Unity.InputSystem.TestFramework.dll, with 132 defines and 238 references
processors: Unity.Jobs.CodeGen.JobsILPostProcessor, zzzUnity.Burst.CodeGen.BurstILPostProcessor
running Unity.Jobs.CodeGen.JobsILPostProcessor
running zzzUnity.Burst.CodeGen.BurstILPostProcessor
[566/739    0s] CopyFiles Library/ScriptAssemblies/Unity.Mathematics.Editor.pdb
[567/739    0s] CopyFiles Library/ScriptAssemblies/Unity.Mathematics.Editor.dll
[568/739    0s] CopyFiles Library/ScriptAssemblies/Unity.Searcher.Editor.pdb
[569/739    0s] CopyFiles Library/ScriptAssemblies/Unity.Searcher.Editor.dll
[570/739    0s] CopyFiles Library/ScriptAssemblies/Unity.InputSystem.ForUI.pdb
[571/739    0s] CopyFiles Library/ScriptAssemblies/Unity.InputSystem.ForUI.dll
[572/739    0s] CopyFiles Library/ScriptAssemblies/Unity.Burst.pdb
[573/739    0s] CopyFiles Library/ScriptAssemblies/Unity.Burst.dll
[574/739    0s] CopyFiles Library/ScriptAssemblies/Unity.InputSystem.TestFramework.dll
[575/739    0s] CopyFiles Library/ScriptAssemblies/Unity.InputSystem.TestFramework.pdb
[576/739    0s] CopyFiles Library/ScriptAssemblies/Unity.Addressables.pdb
[577/739    0s] CopyFiles Library/ScriptAssemblies/Unity.Addressables.dll
[578/739    0s] CopyFiles Library/ScriptAssemblies/Unity.ScriptableBuildPipeline.pdb
[579/739    0s] CopyFiles Library/ScriptAssemblies/Unity.ScriptableBuildPipeline.dll
[580/739    0s] CopyFiles Library/ScriptAssemblies/Unity.ResourceManager.pdb
[581/739    0s] CopyFiles Library/ScriptAssemblies/Unity.ResourceManager.dll
[582/739    0s] CopyFiles Library/ScriptAssemblies/Unity.TextMeshPro.pdb
[583/739    0s] CopyFiles Library/ScriptAssemblies/Unity.TextMeshPro.dll
[584/739    0s] CopyFiles Library/ScriptAssemblies/UnityEngine.UI.pdb
[585/739    0s] CopyFiles Library/ScriptAssemblies/UnityEngine.UI.dll
[586/739    0s] CopyFiles Library/ScriptAssemblies/UnityEditor.UI.Analytics.pdb
[587/739    0s] CopyFiles Library/ScriptAssemblies/UnityEditor.UI.Analytics.dll
[588/739    0s] CopyFiles Library/ScriptAssemblies/Unity.UnifiedRayTracing.Runtime.pdb
[589/739    0s] CopyFiles Library/ScriptAssemblies/Unity.UnifiedRayTracing.Runtime.dll
[590/739    0s] CopyFiles Library/ScriptAssemblies/Unity.InternalAPIEngineBridge.004.pdb
[591/739    0s] CopyFiles Library/ScriptAssemblies/Unity.InternalAPIEngineBridge.004.dll
[592/739    0s] CopyFiles Library/ScriptAssemblies/Unity.RenderPipelines.Universal.Shaders.dll
[593/739    0s] CopyFiles Library/ScriptAssemblies/Unity.RenderPipelines.Universal.Shaders.pdb
[594/739    0s] CopyFiles Library/ScriptAssemblies/Unity.AI.Navigation.Editor.ConversionSystem.pdb
[595/739    0s] CopyFiles Library/ScriptAssemblies/Unity.AI.Navigation.Editor.ConversionSystem.dll
[596/739    0s] CopyFiles Library/ScriptAssemblies/Unity.RenderPipelines.Core.ShaderLibrary.pdb
[597/739    0s] CopyFiles Library/ScriptAssemblies/Unity.RenderPipelines.Core.ShaderLibrary.dll
[598/739    0s] CopyFiles Library/ScriptAssemblies/Unity.InputSystem.DocCodeSamples.dll
[599/739    0s] CopyFiles Library/ScriptAssemblies/Unity.InputSystem.DocCodeSamples.pdb
[600/739    0s] CopyFiles Library/ScriptAssemblies/Unity.PerformanceTesting.Editor.dll
[601/739    0s] CopyFiles Library/ScriptAssemblies/Unity.PerformanceTesting.Editor.pdb
[602/739    0s] CopyFiles Library/ScriptAssemblies/Unity.ScriptableBuildPipeline.Editor.dll
[603/739    0s] CopyFiles Library/ScriptAssemblies/Unity.ScriptableBuildPipeline.Editor.pdb
[604/739    0s] CopyFiles Library/ScriptAssemblies/Unity.Profiling.Core.dll
[605/739    0s] CopyFiles Library/ScriptAssemblies/Unity.Profiling.Core.pdb
[606/739    0s] CopyFiles Library/ScriptAssemblies/Unity.RenderPipelines.ShaderGraph.ShaderGraphLibrary.dll
[607/739    0s] CopyFiles Library/ScriptAssemblies/Unity.RenderPipelines.ShaderGraph.ShaderGraphLibrary.pdb
[608/739    0s] CopyFiles Library/ScriptAssemblies/Unity.AI.Navigation.pdb
[609/739    0s] CopyFiles Library/ScriptAssemblies/Unity.ShaderGraph.Utilities.dll
[610/739    0s] CopyFiles Library/ScriptAssemblies/Unity.ShaderGraph.Utilities.pdb
[611/739    0s] CopyFiles Library/ScriptAssemblies/Unity.AI.Navigation.dll
[612/739    0s] CopyFiles Library/ScriptAssemblies/Unity.AI.Navigation.Updater.dll
[613/739    0s] CopyFiles Library/ScriptAssemblies/UnityEditor.UI.dll
[614/739    0s] CopyFiles Library/ScriptAssemblies/UnityEditor.UI.pdb
[615/739    0s] CopyFiles Library/ScriptAssemblies/Unity.AI.Navigation.Updater.pdb
[616/739    0s] CopyFiles Library/ScriptAssemblies/Unity.Collections.pdb
[617/739    0s] CopyFiles Library/ScriptAssemblies/Unity.Collections.dll
[618/739    0s] CopyFiles Library/ScriptAssemblies/Unity.InputSystem.pdb
[619/739    0s] CopyFiles Library/ScriptAssemblies/Unity.InputSystem.dll
[620/739    0s] Csc Library/Bee/artifacts/2400b0aE.dag/Unity.RenderPipelines.Core.Runtime.dll (+2 others)
[           0s] Csc Library/Bee/artifacts/2400b0aE.dag/Unity.RenderPipelines.Core.Runtime.dll (+2 others) [CacheWrite 00000000000000000000000000000005]
[621/739    0s] MovedFromExtractor Library/Bee/artifacts/mvdfrm/Unity.RenderPipelines.Core.Runtime.ref.dll_D1F0D7E10096C640.mvfrm
[622/739    0s] MovedFromExtractor-Combine Library/Bee/artifacts/2400b0aE.dag/Unity.TextMeshPro.Editor.dll.mvfrm
[623/739    0s] MovedFromExtractor-Combine Library/Bee/artifacts/2400b0aE.dag/Unity.RenderPipeline.Universal.ShaderLibrary.dll.mvfrm
[624/739    0s] MovedFromExtractor-Combine Library/Bee/artifacts/2400b0aE.dag/Unity.RenderPipelines.GPUDriven.Runtime.dll.mvfrm
[625/739    0s] MovedFromExtractor-Combine Library/Bee/artifacts/2400b0aE.dag/Unity.RenderPipelines.Universal.Config.Runtime.dll.mvfrm
[626/739    0s] MovedFromExtractor-Combine Library/Bee/artifacts/2400b0aE.dag/Unity.RenderPipelines.Core.Runtime.Shared.dll.mvfrm
[627/739    0s] ILPostProcess Library/Bee/artifacts/2400b0aE.dag/post-processed/Unity.RenderPipelines.Core.Runtime.dll (+pdb)
Processing assembly Library/Bee/artifacts/2400b0aE.dag/Unity.RenderPipelines.Core.Runtime.dll, with 132 defines and 245 references
processors: Unity.Jobs.CodeGen.JobsILPostProcessor, zzzUnity.Burst.CodeGen.BurstILPostProcessor
running Unity.Jobs.CodeGen.JobsILPostProcessor
running zzzUnity.Burst.CodeGen.BurstILPostProcessor
[628/739    0s] CopyFiles Library/ScriptAssemblies/Unity.RenderPipelines.Core.Runtime.pdb
[629/739    0s] CopyFiles Library/ScriptAssemblies/Unity.RenderPipelines.Core.Runtime.dll
[630/739    0s] Csc Library/Bee/artifacts/2400b0aE.dag/Unity.RenderPipelines.Universal.Config.Runtime.dll (+2 others)
[631/739    0s] Csc Library/Bee/artifacts/2400b0aE.dag/Unity.RenderPipeline.Universal.ShaderLibrary.dll (+2 others)
[632/739    0s] Csc Library/Bee/artifacts/2400b0aE.dag/Unity.RenderPipelines.Core.Runtime.Shared.dll (+2 others)
[           0s] Csc Library/Bee/artifacts/2400b0aE.dag/Unity.RenderPipelines.Core.Runtime.Shared.dll (+2 others) [CacheWrite 00000000000000000000000000000005]
[           0s] Csc Library/Bee/artifacts/2400b0aE.dag/Unity.RenderPipelines.Universal.Config.Runtime.dll (+2 others) [CacheWrite 00000000000000000000000000000005]
[           0s] Csc Library/Bee/artifacts/2400b0aE.dag/Unity.RenderPipeline.Universal.ShaderLibrary.dll (+2 others) [CacheWrite 00000000000000000000000000000005]
[633/739    0s] ILPostProcess Library/Bee/artifacts/2400b0aE.dag/post-processed/Unity.RenderPipelines.Core.Runtime.Shared.dll (+pdb)
Processing assembly Library/Bee/artifacts/2400b0aE.dag/Unity.RenderPipelines.Core.Runtime.Shared.dll, with 131 defines and 242 references
processors: Unity.Jobs.CodeGen.JobsILPostProcessor, zzzUnity.Burst.CodeGen.BurstILPostProcessor
running Unity.Jobs.CodeGen.JobsILPostProcessor
running zzzUnity.Burst.CodeGen.BurstILPostProcessor
[634/739    0s] ILPostProcess Library/Bee/artifacts/2400b0aE.dag/post-processed/Unity.RenderPipeline.Universal.ShaderLibrary.dll (+pdb)
Processing assembly Library/Bee/artifacts/2400b0aE.dag/Unity.RenderPipeline.Universal.ShaderLibrary.dll, with 131 defines and 242 references
processors: Unity.Jobs.CodeGen.JobsILPostProcessor, zzzUnity.Burst.CodeGen.BurstILPostProcessor
running Unity.Jobs.CodeGen.JobsILPostProcessor
running zzzUnity.Burst.CodeGen.BurstILPostProcessor
[635/739    0s] CopyFiles Library/ScriptAssemblies/Unity.RenderPipeline.Universal.ShaderLibrary.dll
[636/739    0s] CopyFiles Library/ScriptAssemblies/Unity.RenderPipeline.Universal.ShaderLibrary.pdb
[637/739    0s] CopyFiles Library/ScriptAssemblies/Unity.RenderPipelines.Core.Runtime.Shared.dll
[638/739    0s] CopyFiles Library/ScriptAssemblies/Unity.RenderPipelines.Core.Runtime.Shared.pdb
[639/739    0s] ILPostProcess Library/Bee/artifacts/2400b0aE.dag/post-processed/Unity.RenderPipelines.Universal.Config.Runtime.dll (+pdb)
Processing assembly Library/Bee/artifacts/2400b0aE.dag/Unity.RenderPipelines.Universal.Config.Runtime.dll, with 131 defines and 242 references
processors: Unity.Jobs.CodeGen.JobsILPostProcessor, zzzUnity.Burst.CodeGen.BurstILPostProcessor
running Unity.Jobs.CodeGen.JobsILPostProcessor
running zzzUnity.Burst.CodeGen.BurstILPostProcessor
[640/739    0s] CopyFiles Library/ScriptAssemblies/Unity.RenderPipelines.Universal.Config.Runtime.dll
[641/739    0s] CopyFiles Library/ScriptAssemblies/Unity.RenderPipelines.Universal.Config.Runtime.pdb
[642/739    0s] MovedFromExtractor Library/Bee/artifacts/mvdfrm/Unity.RenderPipeline.Universal.ShaderLibrary.ref.dll_DFD8F2B83DCEE681.mvfrm
[643/739    0s] MovedFromExtractor Library/Bee/artifacts/mvdfrm/Unity.RenderPipelines.Core.Runtime.Shared.ref.dll_EB59ACBB4531F4E9.mvfrm
[644/739    0s] MovedFromExtractor Library/Bee/artifacts/mvdfrm/Unity.RenderPipelines.Universal.Config.Runtime.ref.dll_A9D64A2136C99BF6.mvfrm
[645/739    0s] Csc Library/Bee/artifacts/2400b0aE.dag/Unity.RenderPipelines.GPUDriven.Runtime.dll (+2 others)
[           0s] Csc Library/Bee/artifacts/2400b0aE.dag/Unity.RenderPipelines.GPUDriven.Runtime.dll (+2 others) [CacheWrite 00000000000000000000000000000005]
[646/739    0s] Csc Library/Bee/artifacts/2400b0aE.dag/Unity.TextMeshPro.Editor.dll (+2 others)
[           0s] Csc Library/Bee/artifacts/2400b0aE.dag/Unity.TextMeshPro.Editor.dll (+2 others) [CacheWrite 00000000000000000000000000000005]
[647/739    0s] ILPostProcess Library/Bee/artifacts/2400b0aE.dag/post-processed/Unity.TextMeshPro.Editor.dll (+pdb)
Processing assembly Library/Bee/artifacts/2400b0aE.dag/Unity.TextMeshPro.Editor.dll, with 129 defines and 275 references
processors: Unity.Jobs.CodeGen.JobsILPostProcessor, zzzUnity.Burst.CodeGen.BurstILPostProcessor
running Unity.Jobs.CodeGen.JobsILPostProcessor
running zzzUnity.Burst.CodeGen.BurstILPostProcessor
[648/739    0s] CopyFiles Library/ScriptAssemblies/Unity.TextMeshPro.Editor.pdb
[649/739    0s] CopyFiles Library/ScriptAssemblies/Unity.TextMeshPro.Editor.dll
[650/739    0s] MovedFromExtractor Library/Bee/artifacts/mvdfrm/Unity.RenderPipelines.GPUDriven.Runtime.ref.dll_AD9DACDE34895289.mvfrm
[651/739    0s] ILPostProcess Library/Bee/artifacts/2400b0aE.dag/post-processed/Unity.RenderPipelines.GPUDriven.Runtime.dll (+pdb)
Processing assembly Library/Bee/artifacts/2400b0aE.dag/Unity.RenderPipelines.GPUDriven.Runtime.dll, with 131 defines and 245 references
processors: Unity.Jobs.CodeGen.JobsILPostProcessor, zzzUnity.Burst.CodeGen.BurstILPostProcessor
running Unity.Jobs.CodeGen.JobsILPostProcessor
running zzzUnity.Burst.CodeGen.BurstILPostProcessor
[652/739    0s] CopyFiles Library/ScriptAssemblies/Unity.RenderPipelines.GPUDriven.Runtime.pdb
[653/739    0s] CopyFiles Library/ScriptAssemblies/Unity.RenderPipelines.GPUDriven.Runtime.dll
[654/739    0s] MovedFromExtractor-Combine Library/Bee/artifacts/2400b0aE.dag/Unity.RenderPipelines.Universal.Runtime.dll.mvfrm
[655/739    0s] MovedFromExtractor-Combine Library/Bee/artifacts/2400b0aE.dag/Unity.RenderPipelines.Core.Editor.dll.mvfrm
[656/739    0s] Csc Library/Bee/artifacts/2400b0aE.dag/Unity.RenderPipelines.Universal.Runtime.dll (+2 others)
[           0s] Csc Library/Bee/artifacts/2400b0aE.dag/Unity.RenderPipelines.Universal.Runtime.dll (+2 others) [CacheWrite 00000000000000000000000000000005]
[657/739    0s] ILPostProcess Library/Bee/artifacts/2400b0aE.dag/post-processed/Unity.RenderPipelines.Universal.Runtime.dll (+pdb)
Processing assembly Library/Bee/artifacts/2400b0aE.dag/Unity.RenderPipelines.Universal.Runtime.dll, with 134 defines and 249 references
processors: Unity.Jobs.CodeGen.JobsILPostProcessor, zzzUnity.Burst.CodeGen.BurstILPostProcessor
running Unity.Jobs.CodeGen.JobsILPostProcessor
running zzzUnity.Burst.CodeGen.BurstILPostProcessor
[658/739    0s] CopyFiles Library/ScriptAssemblies/Unity.RenderPipelines.Universal.Runtime.pdb
[659/739    0s] CopyFiles Library/ScriptAssemblies/Unity.RenderPipelines.Universal.Runtime.dll
[660/739    0s] MovedFromExtractor Library/Bee/artifacts/mvdfrm/Unity.RenderPipelines.Universal.Runtime.ref.dll_6CA9085BBA00D4D4.mvfrm
[661/739    0s] Csc Library/Bee/artifacts/2400b0aE.dag/Unity.RenderPipelines.Core.Editor.dll (+2 others)
[           0s] Csc Library/Bee/artifacts/2400b0aE.dag/Unity.RenderPipelines.Core.Editor.dll (+2 others) [CacheWrite 00000000000000000000000000000005]
[662/739    0s] MovedFromExtractor-Combine Library/Bee/artifacts/2400b0aE.dag/Unity.RenderPipelines.Universal.2D.Runtime.dll.mvfrm
[663/739    0s] MovedFromExtractor-Combine Library/Bee/artifacts/2400b0aE.dag/glTFast.dll.mvfrm
[664/739    0s] MovedFromExtractor-Combine Library/Bee/artifacts/2400b0aE.dag/glTFast.Export.dll.mvfrm
[665/739    0s] MovedFromExtractor Library/Bee/artifacts/mvdfrm/Unity.RenderPipelines.Core.Editor.ref.dll_453323577D6CEEBB.mvfrm
[666/739    0s] ILPostProcess Library/Bee/artifacts/2400b0aE.dag/post-processed/Unity.RenderPipelines.Core.Editor.dll (+pdb)
Processing assembly Library/Bee/artifacts/2400b0aE.dag/Unity.RenderPipelines.Core.Editor.dll, with 130 defines and 279 references
processors: Unity.Jobs.CodeGen.JobsILPostProcessor, zzzUnity.Burst.CodeGen.BurstILPostProcessor
running Unity.Jobs.CodeGen.JobsILPostProcessor
running zzzUnity.Burst.CodeGen.BurstILPostProcessor
[667/739    0s] CopyFiles Library/ScriptAssemblies/Unity.RenderPipelines.Core.Editor.pdb
[668/739    0s] CopyFiles Library/ScriptAssemblies/Unity.RenderPipelines.Core.Editor.dll
[669/739    0s] MovedFromExtractor-Combine Library/Bee/artifacts/2400b0aE.dag/Unity.ShaderGraph.Editor.dll.mvfrm
[670/739    0s] MovedFromExtractor-Combine Library/Bee/artifacts/2400b0aE.dag/Unity.RenderPipelines.Core.Editor.Shared.dll.mvfrm
[671/739    0s] Csc Library/Bee/artifacts/2400b0aE.dag/Unity.RenderPipelines.Core.Editor.Shared.dll (+2 others)
[           0s] Csc Library/Bee/artifacts/2400b0aE.dag/Unity.RenderPipelines.Core.Editor.Shared.dll (+2 others) [CacheWrite 00000000000000000000000000000005]
[672/739    0s] ILPostProcess Library/Bee/artifacts/2400b0aE.dag/post-processed/Unity.RenderPipelines.Core.Editor.Shared.dll (+pdb)
Processing assembly Library/Bee/artifacts/2400b0aE.dag/Unity.RenderPipelines.Core.Editor.Shared.dll, with 129 defines and 274 references
processors: Unity.Jobs.CodeGen.JobsILPostProcessor, zzzUnity.Burst.CodeGen.BurstILPostProcessor
running Unity.Jobs.CodeGen.JobsILPostProcessor
running zzzUnity.Burst.CodeGen.BurstILPostProcessor
[673/739    0s] CopyFiles Library/ScriptAssemblies/Unity.RenderPipelines.Core.Editor.Shared.dll
[674/739    0s] CopyFiles Library/ScriptAssemblies/Unity.RenderPipelines.Core.Editor.Shared.pdb
[675/739    0s] Csc Library/Bee/artifacts/2400b0aE.dag/Unity.RenderPipelines.Universal.2D.Runtime.dll (+2 others)
[           0s] Csc Library/Bee/artifacts/2400b0aE.dag/Unity.RenderPipelines.Universal.2D.Runtime.dll (+2 others) [CacheWrite 00000000000000000000000000000005]
[676/739    0s] MovedFromExtractor Library/Bee/artifacts/mvdfrm/Unity.RenderPipelines.Core.Editor.Shared.ref.dll_392028955DEA8D1E.mvfrm
[677/739    0s] ILPostProcess Library/Bee/artifacts/2400b0aE.dag/post-processed/Unity.RenderPipelines.Universal.2D.Runtime.dll (+pdb)
Processing assembly Library/Bee/artifacts/2400b0aE.dag/Unity.RenderPipelines.Universal.2D.Runtime.dll, with 131 defines and 246 references
processors: Unity.Jobs.CodeGen.JobsILPostProcessor, zzzUnity.Burst.CodeGen.BurstILPostProcessor
running Unity.Jobs.CodeGen.JobsILPostProcessor
running zzzUnity.Burst.CodeGen.BurstILPostProcessor
[678/739    0s] CopyFiles Library/ScriptAssemblies/Unity.RenderPipelines.Universal.2D.Runtime.dll
[679/739    0s] CopyFiles Library/ScriptAssemblies/Unity.RenderPipelines.Universal.2D.Runtime.pdb
[680/739    0s] Csc Library/Bee/artifacts/2400b0aE.dag/glTFast.dll (+2 others)
[           0s] Csc Library/Bee/artifacts/2400b0aE.dag/glTFast.dll (+2 others) [CacheWrite 00000000000000000000000000000005]
[681/739    0s] MovedFromExtractor Library/Bee/artifacts/mvdfrm/Unity.RenderPipelines.Universal.2D.Runtime.ref.dll_DFDA5D4CA31262A6.mvfrm
[682/739    0s] ILPostProcess Library/Bee/artifacts/2400b0aE.dag/post-processed/glTFast.dll (+pdb)
Processing assembly Library/Bee/artifacts/2400b0aE.dag/glTFast.dll, with 140 defines and 245 references
processors: Unity.Jobs.CodeGen.JobsILPostProcessor, zzzUnity.Burst.CodeGen.BurstILPostProcessor
running Unity.Jobs.CodeGen.JobsILPostProcessor
running zzzUnity.Burst.CodeGen.BurstILPostProcessor
[683/739    0s] CopyFiles Library/ScriptAssemblies/glTFast.dll
[684/739    0s] CopyFiles Library/ScriptAssemblies/glTFast.pdb
[685/739    0s] Csc Library/Bee/artifacts/2400b0aE.dag/glTFast.Newtonsoft.dll (+2 others)
[           0s] Csc Library/Bee/artifacts/2400b0aE.dag/glTFast.Newtonsoft.dll (+2 others) [CacheWrite 00000000000000000000000000000005]
[686/739    0s] ILPostProcess Library/Bee/artifacts/2400b0aE.dag/post-processed/glTFast.Newtonsoft.dll (+pdb)
Processing assembly Library/Bee/artifacts/2400b0aE.dag/glTFast.Newtonsoft.dll, with 133 defines and 242 references
processors: Unity.Jobs.CodeGen.JobsILPostProcessor, zzzUnity.Burst.CodeGen.BurstILPostProcessor
running Unity.Jobs.CodeGen.JobsILPostProcessor
running zzzUnity.Burst.CodeGen.BurstILPostProcessor
[687/739    0s] CopyFiles Library/ScriptAssemblies/glTFast.Newtonsoft.dll
[688/739    0s] CopyFiles Library/ScriptAssemblies/glTFast.Newtonsoft.pdb
[689/739    0s] Csc Library/Bee/artifacts/2400b0aE.dag/glTFast.Export.dll (+2 others)
[690/739    0s] Csc Library/Bee/artifacts/2400b0aE.dag/glTFast.dots.dll (+2 others)
[           0s] Csc Library/Bee/artifacts/2400b0aE.dag/glTFast.Export.dll (+2 others) [CacheWrite 00000000000000000000000000000005]
[           0s] Csc Library/Bee/artifacts/2400b0aE.dag/glTFast.dots.dll (+2 others) [CacheWrite 00000000000000000000000000000005]
[691/739    0s] ILPostProcess Library/Bee/artifacts/2400b0aE.dag/post-processed/glTFast.Export.dll (+pdb)
Processing assembly Library/Bee/artifacts/2400b0aE.dag/glTFast.Export.dll, with 135 defines and 246 references
processors: Unity.Jobs.CodeGen.JobsILPostProcessor, zzzUnity.Burst.CodeGen.BurstILPostProcessor
running Unity.Jobs.CodeGen.JobsILPostProcessor
running zzzUnity.Burst.CodeGen.BurstILPostProcessor
[692/739    0s] CopyFiles Library/ScriptAssemblies/glTFast.Export.dll
[693/739    0s] CopyFiles Library/ScriptAssemblies/glTFast.Export.pdb
[694/739    0s] Csc Library/Bee/artifacts/2400b0aE.dag/glTFast.Documentation.Examples.dll (+2 others)
[           0s] Csc Library/Bee/artifacts/2400b0aE.dag/glTFast.Documentation.Examples.dll (+2 others) [CacheWrite 00000000000000000000000000000005]
[695/739    0s] ILPostProcess Library/Bee/artifacts/2400b0aE.dag/post-processed/glTFast.Documentation.Examples.dll (+pdb)
Processing assembly Library/Bee/artifacts/2400b0aE.dag/glTFast.Documentation.Examples.dll, with 134 defines and 246 references
processors: Unity.Jobs.CodeGen.JobsILPostProcessor, zzzUnity.Burst.CodeGen.BurstILPostProcessor
running Unity.Jobs.CodeGen.JobsILPostProcessor
running zzzUnity.Burst.CodeGen.BurstILPostProcessor
[696/739    0s] CopyFiles Library/ScriptAssemblies/glTFast.Documentation.Examples.dll
[697/739    0s] CopyFiles Library/ScriptAssemblies/glTFast.Documentation.Examples.pdb
[698/739    0s] Csc Library/Bee/artifacts/2400b0aE.dag/glTFast.Editor.dll (+2 others)
[699/739    0s] ILPostProcess Library/Bee/artifacts/2400b0aE.dag/post-processed/glTFast.dots.dll (+pdb)
Processing assembly Library/Bee/artifacts/2400b0aE.dag/glTFast.dots.dll, with 132 defines and 245 references
processors: Unity.Jobs.CodeGen.JobsILPostProcessor, zzzUnity.Burst.CodeGen.BurstILPostProcessor
running Unity.Jobs.CodeGen.JobsILPostProcessor
running zzzUnity.Burst.CodeGen.BurstILPostProcessor
[700/739    0s] CopyFiles Library/ScriptAssemblies/glTFast.dots.dll
[701/739    0s] CopyFiles Library/ScriptAssemblies/glTFast.dots.pdb
[           0s] Csc Library/Bee/artifacts/2400b0aE.dag/glTFast.Editor.dll (+2 others) [CacheWrite 00000000000000000000000000000005]
[702/739    0s] ILPostProcess Library/Bee/artifacts/2400b0aE.dag/post-processed/glTFast.Editor.dll (+pdb)
Processing assembly Library/Bee/artifacts/2400b0aE.dag/glTFast.Editor.dll, with 131 defines and 276 references
processors: Unity.Jobs.CodeGen.JobsILPostProcessor, zzzUnity.Burst.CodeGen.BurstILPostProcessor
running Unity.Jobs.CodeGen.JobsILPostProcessor
running zzzUnity.Burst.CodeGen.BurstILPostProcessor
[703/739    0s] CopyFiles Library/ScriptAssemblies/glTFast.Editor.pdb
[704/739    0s] CopyFiles Library/ScriptAssemblies/glTFast.Editor.dll
[705/739    0s] Csc Library/Bee/artifacts/2400b0aE.dag/Unity.ShaderGraph.Editor.dll (+2 others)
[           0s] Csc Library/Bee/artifacts/2400b0aE.dag/Unity.ShaderGraph.Editor.dll (+2 others) [CacheWrite 00000000000000000000000000000005]
[706/739    0s] ILPostProcess Library/Bee/artifacts/2400b0aE.dag/post-processed/Unity.ShaderGraph.Editor.dll (+pdb)
Processing assembly Library/Bee/artifacts/2400b0aE.dag/Unity.ShaderGraph.Editor.dll, with 129 defines and 277 references
processors: Unity.Jobs.CodeGen.JobsILPostProcessor, zzzUnity.Burst.CodeGen.BurstILPostProcessor
running Unity.Jobs.CodeGen.JobsILPostProcessor
running zzzUnity.Burst.CodeGen.BurstILPostProcessor
[707/739    0s] CopyFiles Library/ScriptAssemblies/Unity.ShaderGraph.Editor.pdb
[708/739    0s] CopyFiles Library/ScriptAssemblies/Unity.ShaderGraph.Editor.dll
[709/739    0s] MovedFromExtractor Library/Bee/artifacts/mvdfrm/Unity.ShaderGraph.Editor.ref.dll_B25B70C7A7E5DF46.mvfrm
[710/739    0s] MovedFromExtractor-Combine Library/Bee/artifacts/2400b0aE.dag/Unity.RenderPipelines.Universal.Editor.dll.mvfrm
[711/739    0s] MovedFromExtractor-Combine Library/Bee/artifacts/2400b0aE.dag/Unity.RenderPipelines.Universal.2D.Editor.Overrides.dll.mvfrm
[712/739    0s] Csc Library/Bee/artifacts/2400b0aE.dag/Unity.RenderPipelines.Universal.2D.Editor.Overrides.dll (+2 others)
[           0s] Csc Library/Bee/artifacts/2400b0aE.dag/Unity.RenderPipelines.Universal.2D.Editor.Overrides.dll (+2 others) [CacheWrite 00000000000000000000000000000005]
[713/739    0s] ILPostProcess Library/Bee/artifacts/2400b0aE.dag/post-processed/Unity.RenderPipelines.Universal.2D.Editor.Overrides.dll (+pdb)
Processing assembly Library/Bee/artifacts/2400b0aE.dag/Unity.RenderPipelines.Universal.2D.Editor.Overrides.dll, with 129 defines and 283 references
processors: Unity.Jobs.CodeGen.JobsILPostProcessor, zzzUnity.Burst.CodeGen.BurstILPostProcessor
running Unity.Jobs.CodeGen.JobsILPostProcessor
running zzzUnity.Burst.CodeGen.BurstILPostProcessor
[714/739    0s] CopyFiles Library/ScriptAssemblies/Unity.RenderPipelines.Universal.2D.Editor.Overrides.dll
[715/739    0s] CopyFiles Library/ScriptAssemblies/Unity.RenderPipelines.Universal.2D.Editor.Overrides.pdb
[716/739    0s] Csc Library/Bee/artifacts/2400b0aE.dag/Unity.RenderPipelines.Universal.Editor.dll (+2 others)
[           0s] Csc Library/Bee/artifacts/2400b0aE.dag/Unity.RenderPipelines.Universal.Editor.dll (+2 others) [CacheWrite 00000000000000000000000000000005]
[717/739    0s] ILPostProcess Library/Bee/artifacts/2400b0aE.dag/post-processed/Unity.RenderPipelines.Universal.Editor.dll (+pdb)
Processing assembly Library/Bee/artifacts/2400b0aE.dag/Unity.RenderPipelines.Universal.Editor.dll, with 129 defines and 283 references
processors: Unity.Jobs.CodeGen.JobsILPostProcessor, zzzUnity.Burst.CodeGen.BurstILPostProcessor
running Unity.Jobs.CodeGen.JobsILPostProcessor
running zzzUnity.Burst.CodeGen.BurstILPostProcessor
[718/739    0s] CopyFiles Library/ScriptAssemblies/Unity.RenderPipelines.Universal.Editor.pdb
[719/739    0s] CopyFiles Library/ScriptAssemblies/Unity.RenderPipelines.Universal.Editor.dll
[720/739    0s] MovedFromExtractor Library/Bee/artifacts/mvdfrm/Unity.RenderPipelines.Universal.Editor.ref.dll_677466F504AC0F67.mvfrm
[721/739    0s] MovedFromExtractor-Combine Library/Bee/artifacts/2400b0aE.dag/PPv2URPConverters.dll.mvfrm
[722/739    0s] MovedFromExtractor-Combine Library/Bee/artifacts/2400b0aE.dag/MiniMarket.Editor.dll.mvfrm
[723/739    0s] Csc Library/Bee/artifacts/2400b0aE.dag/PPv2URPConverters.dll (+2 others)
[           0s] Csc Library/Bee/artifacts/2400b0aE.dag/PPv2URPConverters.dll (+2 others) [CacheWrite 00000000000000000000000000000005]
[724/739    0s] ILPostProcess Library/Bee/artifacts/2400b0aE.dag/post-processed/PPv2URPConverters.dll (+pdb)
Processing assembly Library/Bee/artifacts/2400b0aE.dag/PPv2URPConverters.dll, with 129 defines and 277 references
processors: Unity.Jobs.CodeGen.JobsILPostProcessor, zzzUnity.Burst.CodeGen.BurstILPostProcessor
running Unity.Jobs.CodeGen.JobsILPostProcessor
running zzzUnity.Burst.CodeGen.BurstILPostProcessor
[725/739    0s] CopyFiles Library/ScriptAssemblies/PPv2URPConverters.dll
[726/739    0s] CopyFiles Library/ScriptAssemblies/PPv2URPConverters.pdb
[727/739    0s] Csc Library/Bee/artifacts/2400b0aE.dag/MiniMarket.Runtime.dll (+2 others)
##### CommandLine
"/home/ferney_oliveros/Unity/Hub/Editor/6000.3.23f1/Editor/Data/NetCoreRuntime/dotnet" exec "/home/ferney_oliveros/Unity/Hub/Editor/6000.3.23f1/Editor/Data/DotNetSdkRoslyn/csc.dll" /nostdlib /noconfig /shared "@Library/Bee/artifacts/2400b0aE.dag/MiniMarket.Runtime.rsp" "@Library/Bee/artifacts/2400b0aE.dag/MiniMarket.Runtime.rsp2"
##### Contents of Library/Bee/artifacts/2400b0aE.dag/MiniMarket.Runtime.rsp
-target:library
-out:"Library/Bee/artifacts/2400b0aE.dag/MiniMarket.Runtime.dll"
-refout:"Library/Bee/artifacts/2400b0aE.dag/MiniMarket.Runtime.ref.dll"
-define:UNITY_6000_3_23
-define:UNITY_6000_3
-define:UNITY_6000
-define:UNITY_5_3_OR_NEWER
-define:UNITY_5_4_OR_NEWER
-define:UNITY_5_5_OR_NEWER
-define:UNITY_5_6_OR_NEWER
-define:UNITY_2017_1_OR_NEWER
-define:UNITY_2017_2_OR_NEWER
-define:UNITY_2017_3_OR_NEWER
-define:UNITY_2017_4_OR_NEWER
-define:UNITY_2018_1_OR_NEWER
-define:UNITY_2018_2_OR_NEWER
-define:UNITY_2018_3_OR_NEWER
-define:UNITY_2018_4_OR_NEWER
-define:UNITY_2019_1_OR_NEWER
-define:UNITY_2019_2_OR_NEWER
-define:UNITY_2019_3_OR_NEWER
-define:UNITY_2019_4_OR_NEWER
-define:UNITY_2020_1_OR_NEWER
-define:UNITY_2020_2_OR_NEWER
-define:UNITY_2020_3_OR_NEWER
-define:UNITY_2021_1_OR_NEWER
-define:UNITY_2021_2_OR_NEWER
-define:UNITY_2021_3_OR_NEWER
-define:UNITY_2022_1_OR_NEWER
-define:UNITY_2022_2_OR_NEWER
-define:UNITY_2022_3_OR_NEWER
-define:UNITY_2023_1_OR_NEWER
-define:UNITY_2023_2_OR_NEWER
-define:UNITY_2023_3_OR_NEWER
-define:UNITY_6000_0_OR_NEWER
-define:UNITY_6000_1_OR_NEWER
-define:UNITY_6000_2_OR_NEWER
-define:UNITY_6000_3_OR_NEWER
-define:PLATFORM_ARCH_64
-define:UNITY_64
-define:UNITY_INCLUDE_TESTS
-define:ENABLE_AUDIO
-define:ENABLE_AUDIO_SCRIPTABLE_PIPELINE
-define:ENABLE_CACHING
-define:ENABLE_CLOTH
-define:ENABLE_MICROPHONE
-define:ENABLE_MULTIPLE_DISPLAYS
-define:ENABLE_PHYSICS
-define:ENABLE_TEXTURE_STREAMING
-define:ENABLE_VIRTUALTEXTURING
-define:ENABLE_LZMA
-define:ENABLE_UNITYEVENTS
-define:ENABLE_VR
-define:ENABLE_WEBCAM
-define:ENABLE_UNITYWEBREQUEST
-define:ENABLE_WWW
-define:ENABLE_CLOUD_SERVICES
-define:ENABLE_CLOUD_SERVICES_ADS
-define:ENABLE_CLOUD_SERVICES_USE_WEBREQUEST
-define:ENABLE_UNITY_CONSENT
-define:ENABLE_UNITY_CLOUD_IDENTIFIERS
-define:ENABLE_CLOUD_SERVICES_CRASH_REPORTING
-define:ENABLE_CLOUD_SERVICES_PURCHASING
-define:ENABLE_CLOUD_SERVICES_ANALYTICS
-define:ENABLE_CLOUD_SERVICES_BUILD
-define:ENABLE_EDITOR_GAME_SERVICES
-define:ENABLE_UNITY_GAME_SERVICES_ANALYTICS_SUPPORT
-define:ENABLE_CLOUD_LICENSE
-define:ENABLE_EDITOR_HUB_LICENSE
-define:ENABLE_WEBSOCKET_CLIENT
-define:ENABLE_GENERATE_NATIVE_PLUGINS_FOR_ASSEMBLIES_API
-define:ENABLE_DIRECTOR_AUDIO
-define:ENABLE_DIRECTOR_TEXTURE
-define:ENABLE_MANAGED_JOBS
-define:ENABLE_MANAGED_TRANSFORM_JOBS
-define:ENABLE_MANAGED_ANIMATION_JOBS
-define:ENABLE_MANAGED_AUDIO_JOBS
-define:ENABLE_MANAGED_UNITYTLS
-define:INCLUDE_DYNAMIC_GI
-define:ENABLE_SCRIPTING_GC_WBARRIERS
-define:PLATFORM_SUPPORTS_MONO
-define:RENDER_SOFTWARE_CURSOR
-define:ENABLE_MARSHALLING_TESTS
-define:ENABLE_VIDEO
-define:ENABLE_NAVIGATION_OFFMESHLINK_TO_NAVMESHLINK
-define:ENABLE_ACCELERATOR_CLIENT_DEBUGGING
-define:TEXTCORE_1_0_OR_NEWER
-define:EDITOR_ONLY_NAVMESH_BUILDER_DEPRECATED
-define:PLATFORM_STANDALONE_LINUX
-define:PLATFORM_STANDALONE
-define:UNITY_STANDALONE_LINUX
-define:UNITY_STANDALONE
-define:UNITY_STANDALONE_LINUX_API
-define:ENABLE_RUNTIME_GI
-define:ENABLE_MOVIES
-define:ENABLE_NETWORK
-define:ENABLE_CRUNCH_TEXTURE_COMPRESSION
-define:ENABLE_CLUSTER_SYNC
-define:ENABLE_CLUSTERINPUT
-define:ENABLE_SPATIALTRACKING
-define:ENABLE_MODULAR_UNITYENGINE_ASSEMBLIES
-define:PLATFORM_SUPPORTS_SPLIT_GRAPHICS_JOBS
-define:PLATFORM_USES_EXPLICIT_MEMORY_MANAGER_INITIALIZER
-define:PLATFORM_SUPPORTS_DISPLAYINFO_API
-define:ENABLE_MONO
-define:NET_STANDARD_2_0
-define:NET_STANDARD
-define:NET_STANDARD_2_1
-define:NETSTANDARD
-define:NETSTANDARD2_1
-define:ENABLE_PROFILER
-define:ENABLE_PROFILER_ASSISTANT_INTEGRATION
-define:DEBUG
-define:TRACE
-define:UNITY_ASSERTIONS
-define:UNITY_EDITOR
-define:UNITY_EDITOR_64
-define:UNITY_EDITOR_LINUX
-define:ENABLE_UNITY_COLLECTIONS_CHECKS
-define:ENABLE_BURST_AOT
-define:UNITY_TEAM_LICENSE
-define:ENABLE_CUSTOM_RENDER_TEXTURE
-define:ENABLE_DIRECTOR
-define:ENABLE_LOCALIZATION
-define:ENABLE_SPRITES
-define:ENABLE_TERRAIN
-define:ENABLE_TILEMAP
-define:ENABLE_TIMELINE
-define:ENABLE_LEGACY_INPUT_MANAGER
-define:TEXTCORE_FONT_ENGINE_1_5_OR_NEWER
-define:TEXTCORE_TEXT_ENGINE_1_5_OR_NEWER
-define:TEXTCORE_FONT_ENGINE_1_6_OR_NEWER
-define:CSHARP_7_OR_LATER
-define:CSHARP_7_3_OR_NEWER
-r:"/home/ferney_oliveros/Unity/Hub/Editor/6000.3.23f1/Editor/Data/Managed/UnityEditor.Graphs.dll"
-r:"/home/ferney_oliveros/Unity/Hub/Editor/6000.3.23f1/Editor/Data/Managed/UnityEngine/UnityEditor.AccessibilityModule.dll"
-r:"/home/ferney_oliveros/Unity/Hub/Editor/6000.3.23f1/Editor/Data/Managed/UnityEngine/UnityEditor.AdaptivePerformanceModule.dll"
-r:"/home/ferney_oliveros/Unity/Hub/Editor/6000.3.23f1/Editor/Data/Managed/UnityEngine/UnityEditor.AssetComplianceModule.dll"
-r:"/home/ferney_oliveros/Unity/Hub/Editor/6000.3.23f1/Editor/Data/Managed/UnityEngine/UnityEditor.BuildProfileModule.dll"
-r:"/home/ferney_oliveros/Unity/Hub/Editor/6000.3.23f1/Editor/Data/Managed/UnityEngine/UnityEditor.ClothModule.dll"
-r:"/home/ferney_oliveros/Unity/Hub/Editor/6000.3.23f1/Editor/Data/Managed/UnityEngine/UnityEditor.CoreBusinessMetricsModule.dll"
-r:"/home/ferney_oliveros/Unity/Hub/Editor/6000.3.23f1/Editor/Data/Managed/UnityEngine/UnityEditor.CoreModule.dll"
-r:"/home/ferney_oliveros/Unity/Hub/Editor/6000.3.23f1/Editor/Data/Managed/UnityEngine/UnityEditor.DeviceSimulatorModule.dll"
-r:"/home/ferney_oliveros/Unity/Hub/Editor/6000.3.23f1/Editor/Data/Managed/UnityEngine/UnityEditor.DiagnosticsModule.dll"
-r:"/home/ferney_oliveros/Unity/Hub/Editor/6000.3.23f1/Editor/Data/Managed/UnityEngine/UnityEditor.EditorToolbarModule.dll"
-r:"/home/ferney_oliveros/Unity/Hub/Editor/6000.3.23f1/Editor/Data/Managed/UnityEngine/UnityEditor.EmbreeModule.dll"
-r:"/home/ferney_oliveros/Unity/Hub/Editor/6000.3.23f1/Editor/Data/Managed/UnityEngine/UnityEditor.GIModule.dll"
-r:"/home/ferney_oliveros/Unity/Hub/Editor/6000.3.23f1/Editor/Data/Managed/UnityEngine/UnityEditor.GraphViewModule.dll"
-r:"/home/ferney_oliveros/Unity/Hub/Editor/6000.3.23f1/Editor/Data/Managed/UnityEngine/UnityEditor.GraphicsStateCollectionSerializerModule.dll"
-r:"/home/ferney_oliveros/Unity/Hub/Editor/6000.3.23f1/Editor/Data/Managed/UnityEngine/UnityEditor.GridAndSnapModule.dll"
-r:"/home/ferney_oliveros/Unity/Hub/Editor/6000.3.23f1/Editor/Data/Managed/UnityEngine/UnityEditor.GridModule.dll"
-r:"/home/ferney_oliveros/Unity/Hub/Editor/6000.3.23f1/Editor/Data/Managed/UnityEngine/UnityEditor.HierarchyModule.dll"
-r:"/home/ferney_oliveros/Unity/Hub/Editor/6000.3.23f1/Editor/Data/Managed/UnityEngine/UnityEditor.MediaModule.dll"
-r:"/home/ferney_oliveros/Unity/Hub/Editor/6000.3.23f1/Editor/Data/Managed/UnityEngine/UnityEditor.MultiplayerModule.dll"
-r:"/home/ferney_oliveros/Unity/Hub/Editor/6000.3.23f1/Editor/Data/Managed/UnityEngine/UnityEditor.Physics2DModule.dll"
-r:"/home/ferney_oliveros/Unity/Hub/Editor/6000.3.23f1/Editor/Data/Managed/UnityEngine/UnityEditor.PhysicsModule.dll"
-r:"/home/ferney_oliveros/Unity/Hub/Editor/6000.3.23f1/Editor/Data/Managed/UnityEngine/UnityEditor.PlayModeModule.dll"
-r:"/home/ferney_oliveros/Unity/Hub/Editor/6000.3.23f1/Editor/Data/Managed/UnityEngine/UnityEditor.PresetsUIModule.dll"
-r:"/home/ferney_oliveros/Unity/Hub/Editor/6000.3.23f1/Editor/Data/Managed/UnityEngine/UnityEditor.PropertiesModule.dll"
-r:"/home/ferney_oliveros/Unity/Hub/Editor/6000.3.23f1/Editor/Data/Managed/UnityEngine/UnityEditor.QuickInstallModule.dll"
-r:"/home/ferney_oliveros/Unity/Hub/Editor/6000.3.23f1/Editor/Data/Managed/UnityEngine/UnityEditor.QuickSearchModule.dll"
-r:"/home/ferney_oliveros/Unity/Hub/Editor/6000.3.23f1/Editor/Data/Managed/UnityEngine/UnityEditor.SafeModeModule.dll"
-r:"/home/ferney_oliveros/Unity/Hub/Editor/6000.3.23f1/Editor/Data/Managed/UnityEngine/UnityEditor.SceneTemplateModule.dll"
-r:"/home/ferney_oliveros/Unity/Hub/Editor/6000.3.23f1/Editor/Data/Managed/UnityEngine/UnityEditor.SceneViewModule.dll"
-r:"/home/ferney_oliveros/Unity/Hub/Editor/6000.3.23f1/Editor/Data/Managed/UnityEngine/UnityEditor.ShaderBuildSettingsModule.dll"
-r:"/home/ferney_oliveros/Unity/Hub/Editor/6000.3.23f1/Editor/Data/Managed/UnityEngine/UnityEditor.ShaderCompilationModule.dll"
-r:"/home/ferney_oliveros/Unity/Hub/Editor/6000.3.23f1/Editor/Data/Managed/UnityEngine/UnityEditor.ShaderFoundryModule.dll"
-r:"/home/ferney_oliveros/Unity/Hub/Editor/6000.3.23f1/Editor/Data/Managed/UnityEngine/UnityEditor.SketchUpModule.dll"
-r:"/home/ferney_oliveros/Unity/Hub/Editor/6000.3.23f1/Editor/Data/Managed/UnityEngine/UnityEditor.SpriteMaskModule.dll"
-r:"/home/ferney_oliveros/Unity/Hub/Editor/6000.3.23f1/Editor/Data/Managed/UnityEngine/UnityEditor.SpriteShapeModule.dll"
-r:"/home/ferney_oliveros/Unity/Hub/Editor/6000.3.23f1/Editor/Data/Managed/UnityEngine/UnityEditor.SubstanceModule.dll"
-r:"/home/ferney_oliveros/Unity/Hub/Editor/6000.3.23f1/Editor/Data/Managed/UnityEngine/UnityEditor.TerrainModule.dll"
-r:"/home/ferney_oliveros/Unity/Hub/Editor/6000.3.23f1/Editor/Data/Managed/UnityEngine/UnityEditor.TextCoreFontEngineModule.dll"
-r:"/home/ferney_oliveros/Unity/Hub/Editor/6000.3.23f1/Editor/Data/Managed/UnityEngine/UnityEditor.TextCoreTextEngineModule.dll"
-r:"/home/ferney_oliveros/Unity/Hub/Editor/6000.3.23f1/Editor/Data/Managed/UnityEngine/UnityEditor.TextRenderingModule.dll"
-r:"/home/ferney_oliveros/Unity/Hub/Editor/6000.3.23f1/Editor/Data/Managed/UnityEngine/UnityEditor.TilemapModule.dll"
-r:"/home/ferney_oliveros/Unity/Hub/Editor/6000.3.23f1/Editor/Data/Managed/UnityEngine/UnityEditor.TreeModule.dll"
-r:"/home/ferney_oliveros/Unity/Hub/Editor/6000.3.23f1/Editor/Data/Managed/UnityEngine/UnityEditor.UIAutomationModule.dll"
-r:"/home/ferney_oliveros/Unity/Hub/Editor/6000.3.23f1/Editor/Data/Managed/UnityEngine/UnityEditor.UIBuilderModule.dll"
-r:"/home/ferney_oliveros/Unity/Hub/Editor/6000.3.23f1/Editor/Data/Managed/UnityEngine/UnityEditor.UIElementsModule.dll"
-r:"/home/ferney_oliveros/Unity/Hub/Editor/6000.3.23f1/Editor/Data/Managed/UnityEngine/UnityEditor.UIElementsSamplesModule.dll"
-r:"/home/ferney_oliveros/Unity/Hub/Editor/6000.3.23f1/Editor/Data/Managed/UnityEngine/UnityEditor.UIToolkitAuthoringModule.dll"
-r:"/home/ferney_oliveros/Unity/Hub/Editor/6000.3.23f1/Editor/Data/Managed/UnityEngine/UnityEditor.UmbraModule.dll"
-r:"/home/ferney_oliveros/Unity/Hub/Editor/6000.3.23f1/Editor/Data/Managed/UnityEngine/UnityEditor.UnityConnectModule.dll"
-r:"/home/ferney_oliveros/Unity/Hub/Editor/6000.3.23f1/Editor/Data/Managed/UnityEngine/UnityEditor.VFXModule.dll"
-r:"/home/ferney_oliveros/Unity/Hub/Editor/6000.3.23f1/Editor/Data/Managed/UnityEngine/UnityEditor.VectorGraphicsModule.dll"
-r:"/home/ferney_oliveros/Unity/Hub/Editor/6000.3.23f1/Editor/Data/Managed/UnityEngine/UnityEditor.VideoModule.dll"
-r:"/home/ferney_oliveros/Unity/Hub/Editor/6000.3.23f1/Editor/Data/Managed/UnityEngine/UnityEditor.XRModule.dll"
-r:"/home/ferney_oliveros/Unity/Hub/Editor/6000.3.23f1/Editor/Data/Managed/UnityEngine/UnityEditor.dll"
-r:"/home/ferney_oliveros/Unity/Hub/Editor/6000.3.23f1/Editor/Data/Managed/UnityEngine/UnityEngine.AIModule.dll"
-r:"/home/ferney_oliveros/Unity/Hub/Editor/6000.3.23f1/Editor/Data/Managed/UnityEngine/UnityEngine.AnimationModule.dll"
-r:"/home/ferney_oliveros/Unity/Hub/Editor/6000.3.23f1/Editor/Data/Managed/UnityEngine/UnityEngine.AssetBundleModule.dll"
-r:"/home/ferney_oliveros/Unity/Hub/Editor/6000.3.23f1/Editor/Data/Managed/UnityEngine/UnityEngine.AudioModule.dll"
-r:"/home/ferney_oliveros/Unity/Hub/Editor/6000.3.23f1/Editor/Data/Managed/UnityEngine/UnityEngine.ClusterInputModule.dll"
-r:"/home/ferney_oliveros/Unity/Hub/Editor/6000.3.23f1/Editor/Data/Managed/UnityEngine/UnityEngine.ClusterRendererModule.dll"
-r:"/home/ferney_oliveros/Unity/Hub/Editor/6000.3.23f1/Editor/Data/Managed/UnityEngine/UnityEngine.ContentLoadModule.dll"
-r:"/home/ferney_oliveros/Unity/Hub/Editor/6000.3.23f1/Editor/Data/Managed/UnityEngine/UnityEngine.CoreModule.dll"
-r:"/home/ferney_oliveros/Unity/Hub/Editor/6000.3.23f1/Editor/Data/Managed/UnityEngine/UnityEngine.CrashReportingModule.dll"
-r:"/home/ferney_oliveros/Unity/Hub/Editor/6000.3.23f1/Editor/Data/Managed/UnityEngine/UnityEngine.DSPGraphModule.dll"
-r:"/home/ferney_oliveros/Unity/Hub/Editor/6000.3.23f1/Editor/Data/Managed/UnityEngine/UnityEngine.GIModule.dll"
-r:"/home/ferney_oliveros/Unity/Hub/Editor/6000.3.23f1/Editor/Data/Managed/UnityEngine/UnityEngine.GameCenterModule.dll"
-r:"/home/ferney_oliveros/Unity/Hub/Editor/6000.3.23f1/Editor/Data/Managed/UnityEngine/UnityEngine.GraphicsStateCollectionSerializerModule.dll"
-r:"/home/ferney_oliveros/Unity/Hub/Editor/6000.3.23f1/Editor/Data/Managed/UnityEngine/UnityEngine.GridModule.dll"
-r:"/home/ferney_oliveros/Unity/Hub/Editor/6000.3.23f1/Editor/Data/Managed/UnityEngine/UnityEngine.HierarchyCoreModule.dll"
-r:"/home/ferney_oliveros/Unity/Hub/Editor/6000.3.23f1/Editor/Data/Managed/UnityEngine/UnityEngine.HotReloadModule.dll"
-r:"/home/ferney_oliveros/Unity/Hub/Editor/6000.3.23f1/Editor/Data/Managed/UnityEngine/UnityEngine.IMGUIModule.dll"
-r:"/home/ferney_oliveros/Unity/Hub/Editor/6000.3.23f1/Editor/Data/Managed/UnityEngine/UnityEngine.IdentifiersModule.dll"
-r:"/home/ferney_oliveros/Unity/Hub/Editor/6000.3.23f1/Editor/Data/Managed/UnityEngine/UnityEngine.ImageConversionModule.dll"
-r:"/home/ferney_oliveros/Unity/Hub/Editor/6000.3.23f1/Editor/Data/Managed/UnityEngine/UnityEngine.InputForUIModule.dll"
-r:"/home/ferney_oliveros/Unity/Hub/Editor/6000.3.23f1/Editor/Data/Managed/UnityEngine/UnityEngine.InputLegacyModule.dll"
-r:"/home/ferney_oliveros/Unity/Hub/Editor/6000.3.23f1/Editor/Data/Managed/UnityEngine/UnityEngine.InputModule.dll"
-r:"/home/ferney_oliveros/Unity/Hub/Editor/6000.3.23f1/Editor/Data/Managed/UnityEngine/UnityEngine.JSONSerializeModule.dll"
-r:"/home/ferney_oliveros/Unity/Hub/Editor/6000.3.23f1/Editor/Data/Managed/UnityEngine/UnityEngine.LocalizationModule.dll"
-r:"/home/ferney_oliveros/Unity/Hub/Editor/6000.3.23f1/Editor/Data/Managed/UnityEngine/UnityEngine.MarshallingModule.dll"
-r:"/home/ferney_oliveros/Unity/Hub/Editor/6000.3.23f1/Editor/Data/Managed/UnityEngine/UnityEngine.MultiplayerModule.dll"
-r:"/home/ferney_oliveros/Unity/Hub/Editor/6000.3.23f1/Editor/Data/Managed/UnityEngine/UnityEngine.PerformanceReportingModule.dll"
-r:"/home/ferney_oliveros/Unity/Hub/Editor/6000.3.23f1/Editor/Data/Managed/UnityEngine/UnityEngine.PhysicsBackendPhysXModule.dll"
-r:"/home/ferney_oliveros/Unity/Hub/Editor/6000.3.23f1/Editor/Data/Managed/UnityEngine/UnityEngine.PhysicsModule.dll"
-r:"/home/ferney_oliveros/Unity/Hub/Editor/6000.3.23f1/Editor/Data/Managed/UnityEngine/UnityEngine.PropertiesModule.dll"
-r:"/home/ferney_oliveros/Unity/Hub/Editor/6000.3.23f1/Editor/Data/Managed/UnityEngine/UnityEngine.RenderAs2DModule.dll"
-r:"/home/ferney_oliveros/Unity/Hub/Editor/6000.3.23f1/Editor/Data/Managed/UnityEngine/UnityEngine.RuntimeInitializeOnLoadManagerInitializerModule.dll"
-r:"/home/ferney_oliveros/Unity/Hub/Editor/6000.3.23f1/Editor/Data/Managed/UnityEngine/UnityEngine.ShaderRuntimeModule.dll"
-r:"/home/ferney_oliveros/Unity/Hub/Editor/6000.3.23f1/Editor/Data/Managed/UnityEngine/UnityEngine.ShaderVariantAnalyticsModule.dll"
-r:"/home/ferney_oliveros/Unity/Hub/Editor/6000.3.23f1/Editor/Data/Managed/UnityEngine/UnityEngine.SharedInternalsModule.dll"
-r:"/home/ferney_oliveros/Unity/Hub/Editor/6000.3.23f1/Editor/Data/Managed/UnityEngine/UnityEngine.SpriteMaskModule.dll"
-r:"/home/ferney_oliveros/Unity/Hub/Editor/6000.3.23f1/Editor/Data/Managed/UnityEngine/UnityEngine.SpriteShapeModule.dll"
-r:"/home/ferney_oliveros/Unity/Hub/Editor/6000.3.23f1/Editor/Data/Managed/UnityEngine/UnityEngine.StreamingModule.dll"
-r:"/home/ferney_oliveros/Unity/Hub/Editor/6000.3.23f1/Editor/Data/Managed/UnityEngine/UnityEngine.SubstanceModule.dll"
-r:"/home/ferney_oliveros/Unity/Hub/Editor/6000.3.23f1/Editor/Data/Managed/UnityEngine/UnityEngine.TLSModule.dll"
-r:"/home/ferney_oliveros/Unity/Hub/Editor/6000.3.23f1/Editor/Data/Managed/UnityEngine/UnityEngine.TerrainModule.dll"
-r:"/home/ferney_oliveros/Unity/Hub/Editor/6000.3.23f1/Editor/Data/Managed/UnityEngine/UnityEngine.TextCoreFontEngineModule.dll"
-r:"/home/ferney_oliveros/Unity/Hub/Editor/6000.3.23f1/Editor/Data/Managed/UnityEngine/UnityEngine.TextCoreTextEngineModule.dll"
-r:"/home/ferney_oliveros/Unity/Hub/Editor/6000.3.23f1/Editor/Data/Managed/UnityEngine/UnityEngine.TextRenderingModule.dll"
-r:"/home/ferney_oliveros/Unity/Hub/Editor/6000.3.23f1/Editor/Data/Managed/UnityEngine/UnityEngine.UIElementsModule.dll"
-r:"/home/ferney_oliveros/Unity/Hub/Editor/6000.3.23f1/Editor/Data/Managed/UnityEngine/UnityEngine.UIModule.dll"
-r:"/home/ferney_oliveros/Unity/Hub/Editor/6000.3.23f1/Editor/Data/Managed/UnityEngine/UnityEngine.UnityAnalyticsCommonModule.dll"
-r:"/home/ferney_oliveros/Unity/Hub/Editor/6000.3.23f1/Editor/Data/Managed/UnityEngine/UnityEngine.UnityConnectModule.dll"
-r:"/home/ferney_oliveros/Unity/Hub/Editor/6000.3.23f1/Editor/Data/Managed/UnityEngine/UnityEngine.UnityConsentModule.dll"
-r:"/home/ferney_oliveros/Unity/Hub/Editor/6000.3.23f1/Editor/Data/Managed/UnityEngine/UnityEngine.UnityCurlModule.dll"
-r:"/home/ferney_oliveros/Unity/Hub/Editor/6000.3.23f1/Editor/Data/Managed/UnityEngine/UnityEngine.UnityWebRequestAssetBundleModule.dll"
-r:"/home/ferney_oliveros/Unity/Hub/Editor/6000.3.23f1/Editor/Data/Managed/UnityEngine/UnityEngine.UnityWebRequestModule.dll"
-r:"/home/ferney_oliveros/Unity/Hub/Editor/6000.3.23f1/Editor/Data/Managed/UnityEngine/UnityEngine.UnityWebRequestTextureModule.dll"
-r:"/home/ferney_oliveros/Unity/Hub/Editor/6000.3.23f1/Editor/Data/Managed/UnityEngine/UnityEngine.VFXModule.dll"
-r:"/home/ferney_oliveros/Unity/Hub/Editor/6000.3.23f1/Editor/Data/Managed/UnityEngine/UnityEngine.VirtualTexturingModule.dll"
-r:"/home/ferney_oliveros/Unity/Hub/Editor/6000.3.23f1/Editor/Data/Managed/UnityEngine/UnityEngine.dll"
-r:"/home/ferney_oliveros/Unity/Hub/Editor/6000.3.23f1/Editor/Data/NetStandard/Extensions/2.0.0/System.Runtime.InteropServices.WindowsRuntime.dll"
-r:"/home/ferney_oliveros/Unity/Hub/Editor/6000.3.23f1/Editor/Data/NetStandard/compat/2.1.0/shims/netfx/System.ComponentModel.Composition.dll"
-r:"/home/ferney_oliveros/Unity/Hub/Editor/6000.3.23f1/Editor/Data/NetStandard/compat/2.1.0/shims/netfx/System.Core.dll"
-r:"/home/ferney_oliveros/Unity/Hub/Editor/6000.3.23f1/Editor/Data/NetStandard/compat/2.1.0/shims/netfx/System.Data.dll"
-r:"/home/ferney_oliveros/Unity/Hub/Editor/6000.3.23f1/Editor/Data/NetStandard/compat/2.1.0/shims/netfx/System.Drawing.dll"
-r:"/home/ferney_oliveros/Unity/Hub/Editor/6000.3.23f1/Editor/Data/NetStandard/compat/2.1.0/shims/netfx/System.IO.Compression.FileSystem.dll"
-r:"/home/ferney_oliveros/Unity/Hub/Editor/6000.3.23f1/Editor/Data/NetStandard/compat/2.1.0/shims/netfx/System.Net.dll"
-r:"/home/ferney_oliveros/Unity/Hub/Editor/6000.3.23f1/Editor/Data/NetStandard/compat/2.1.0/shims/netfx/System.Numerics.dll"
-r:"/home/ferney_oliveros/Unity/Hub/Editor/6000.3.23f1/Editor/Data/NetStandard/compat/2.1.0/shims/netfx/System.Runtime.Serialization.dll"
-r:"/home/ferney_oliveros/Unity/Hub/Editor/6000.3.23f1/Editor/Data/NetStandard/compat/2.1.0/shims/netfx/System.ServiceModel.Web.dll"
-r:"/home/ferney_oliveros/Unity/Hub/Editor/6000.3.23f1/Editor/Data/NetStandard/compat/2.1.0/shims/netfx/System.Transactions.dll"
-r:"/home/ferney_oliveros/Unity/Hub/Editor/6000.3.23f1/Editor/Data/NetStandard/compat/2.1.0/shims/netfx/System.Web.dll"
-r:"/home/ferney_oliveros/Unity/Hub/Editor/6000.3.23f1/Editor/Data/NetStandard/compat/2.1.0/shims/netfx/System.Windows.dll"
-r:"/home/ferney_oliveros/Unity/Hub/Editor/6000.3.23f1/Editor/Data/NetStandard/compat/2.1.0/shims/netfx/System.Xml.Linq.dll"
-r:"/home/ferney_oliveros/Unity/Hub/Editor/6000.3.23f1/Editor/Data/NetStandard/compat/2.1.0/shims/netfx/System.Xml.Serialization.dll"
-r:"/home/ferney_oliveros/Unity/Hub/Editor/6000.3.23f1/Editor/Data/NetStandard/compat/2.1.0/shims/netfx/System.Xml.dll"
-r:"/home/ferney_oliveros/Unity/Hub/Editor/6000.3.23f1/Editor/Data/NetStandard/compat/2.1.0/shims/netfx/System.dll"
-r:"/home/ferney_oliveros/Unity/Hub/Editor/6000.3.23f1/Editor/Data/NetStandard/compat/2.1.0/shims/netfx/mscorlib.dll"
-r:"/home/ferney_oliveros/Unity/Hub/Editor/6000.3.23f1/Editor/Data/NetStandard/compat/2.1.0/shims/netstandard/Microsoft.Win32.Primitives.dll"
-r:"/home/ferney_oliveros/Unity/Hub/Editor/6000.3.23f1/Editor/Data/NetStandard/compat/2.1.0/shims/netstandard/System.AppContext.dll"
-r:"/home/ferney_oliveros/Unity/Hub/Editor/6000.3.23f1/Editor/Data/NetStandard/compat/2.1.0/shims/netstandard/System.Buffers.dll"
-r:"/home/ferney_oliveros/Unity/Hub/Editor/6000.3.23f1/Editor/Data/NetStandard/compat/2.1.0/shims/netstandard/System.Collections.Concurrent.dll"
-r:"/home/ferney_oliveros/Unity/Hub/Editor/6000.3.23f1/Editor/Data/NetStandard/compat/2.1.0/shims/netstandard/System.Collections.NonGeneric.dll"
-r:"/home/ferney_oliveros/Unity/Hub/Editor/6000.3.23f1/Editor/Data/NetStandard/compat/2.1.0/shims/netstandard/System.Collections.Specialized.dll"
-r:"/home/ferney_oliveros/Unity/Hub/Editor/6000.3.23f1/Editor/Data/NetStandard/compat/2.1.0/shims/netstandard/System.Collections.dll"
-r:"/home/ferney_oliveros/Unity/Hub/Editor/6000.3.23f1/Editor/Data/NetStandard/compat/2.1.0/shims/netstandard/System.ComponentModel.EventBasedAsync.dll"
-r:"/home/ferney_oliveros/Unity/Hub/Editor/6000.3.23f1/Editor/Data/NetStandard/compat/2.1.0/shims/netstandard/System.ComponentModel.Primitives.dll"
-r:"/home/ferney_oliveros/Unity/Hub/Editor/6000.3.23f1/Editor/Data/NetStandard/compat/2.1.0/shims/netstandard/System.ComponentModel.TypeConverter.dll"
-r:"/home/ferney_oliveros/Unity/Hub/Editor/6000.3.23f1/Editor/Data/NetStandard/compat/2.1.0/shims/netstandard/System.ComponentModel.dll"
-r:"/home/ferney_oliveros/Unity/Hub/Editor/6000.3.23f1/Editor/Data/NetStandard/compat/2.1.0/shims/netstandard/System.Console.dll"
-r:"/home/ferney_oliveros/Unity/Hub/Editor/6000.3.23f1/Editor/Data/NetStandard/compat/2.1.0/shims/netstandard/System.Data.Common.dll"
-r:"/home/ferney_oliveros/Unity/Hub/Editor/6000.3.23f1/Editor/Data/NetStandard/compat/2.1.0/shims/netstandard/System.Diagnostics.Contracts.dll"
-r:"/home/ferney_oliveros/Unity/Hub/Editor/6000.3.23f1/Editor/Data/NetStandard/compat/2.1.0/shims/netstandard/System.Diagnostics.Debug.dll"
-r:"/home/ferney_oliveros/Unity/Hub/Editor/6000.3.23f1/Editor/Data/NetStandard/compat/2.1.0/shims/netstandard/System.Diagnostics.FileVersionInfo.dll"
-r:"/home/ferney_oliveros/Unity/Hub/Editor/6000.3.23f1/Editor/Data/NetStandard/compat/2.1.0/shims/netstandard/System.Diagnostics.Process.dll"
-r:"/home/ferney_oliveros/Unity/Hub/Editor/6000.3.23f1/Editor/Data/NetStandard/compat/2.1.0/shims/netstandard/System.Diagnostics.StackTrace.dll"
-r:"/home/ferney_oliveros/Unity/Hub/Editor/6000.3.23f1/Editor/Data/NetStandard/compat/2.1.0/shims/netstandard/System.Diagnostics.TextWriterTraceListener.dll"
-r:"/home/ferney_oliveros/Unity/Hub/Editor/6000.3.23f1/Editor/Data/NetStandard/compat/2.1.0/shims/netstandard/System.Diagnostics.Tools.dll"
-r:"/home/ferney_oliveros/Unity/Hub/Editor/6000.3.23f1/Editor/Data/NetStandard/compat/2.1.0/shims/netstandard/System.Diagnostics.TraceSource.dll"
-r:"/home/ferney_oliveros/Unity/Hub/Editor/6000.3.23f1/Editor/Data/NetStandard/compat/2.1.0/shims/netstandard/System.Diagnostics.Tracing.dll"
-r:"/home/ferney_oliveros/Unity/Hub/Editor/6000.3.23f1/Editor/Data/NetStandard/compat/2.1.0/shims/netstandard/System.Drawing.Primitives.dll"
-r:"/home/ferney_oliveros/Unity/Hub/Editor/6000.3.23f1/Editor/Data/NetStandard/compat/2.1.0/shims/netstandard/System.Dynamic.Runtime.dll"
-r:"/home/ferney_oliveros/Unity/Hub/Editor/6000.3.23f1/Editor/Data/NetStandard/compat/2.1.0/shims/netstandard/System.Globalization.Calendars.dll"
-r:"/home/ferney_oliveros/Unity/Hub/Editor/6000.3.23f1/Editor/Data/NetStandard/compat/2.1.0/shims/netstandard/System.Globalization.Extensions.dll"
-r:"/home/ferney_oliveros/Unity/Hub/Editor/6000.3.23f1/Editor/Data/NetStandard/compat/2.1.0/shims/netstandard/System.Globalization.dll"
-r:"/home/ferney_oliveros/Unity/Hub/Editor/6000.3.23f1/Editor/Data/NetStandard/compat/2.1.0/shims/netstandard/System.IO.Compression.ZipFile.dll"
-r:"/home/ferney_oliveros/Unity/Hub/Editor/6000.3.23f1/Editor/Data/NetStandard/compat/2.1.0/shims/netstandard/System.IO.Compression.dll"
-r:"/home/ferney_oliveros/Unity/Hub/Editor/6000.3.23f1/Editor/Data/NetStandard/compat/2.1.0/shims/netstandard/System.IO.FileSystem.DriveInfo.dll"
-r:"/home/ferney_oliveros/Unity/Hub/Editor/6000.3.23f1/Editor/Data/NetStandard/compat/2.1.0/shims/netstandard/System.IO.FileSystem.Primitives.dll"
-r:"/home/ferney_oliveros/Unity/Hub/Editor/6000.3.23f1/Editor/Data/NetStandard/compat/2.1.0/shims/netstandard/System.IO.FileSystem.Watcher.dll"
-r:"/home/ferney_oliveros/Unity/Hub/Editor/6000.3.23f1/Editor/Data/NetStandard/compat/2.1.0/shims/netstandard/System.IO.FileSystem.dll"
-r:"/home/ferney_oliveros/Unity/Hub/Editor/6000.3.23f1/Editor/Data/NetStandard/compat/2.1.0/shims/netstandard/System.IO.IsolatedStorage.dll"
-r:"/home/ferney_oliveros/Unity/Hub/Editor/6000.3.23f1/Editor/Data/NetStandard/compat/2.1.0/shims/netstandard/System.IO.MemoryMappedFiles.dll"
-r:"/home/ferney_oliveros/Unity/Hub/Editor/6000.3.23f1/Editor/Data/NetStandard/compat/2.1.0/shims/netstandard/System.IO.Pipes.dll"
-r:"/home/ferney_oliveros/Unity/Hub/Editor/6000.3.23f1/Editor/Data/NetStandard/compat/2.1.0/shims/netstandard/System.IO.UnmanagedMemoryStream.dll"
-r:"/home/ferney_oliveros/Unity/Hub/Editor/6000.3.23f1/Editor/Data/NetStandard/compat/2.1.0/shims/netstandard/System.IO.dll"
-r:"/home/ferney_oliveros/Unity/Hub/Editor/6000.3.23f1/Editor/Data/NetStandard/compat/2.1.0/shims/netstandard/System.Linq.Expressions.dll"
-r:"/home/ferney_oliveros/Unity/Hub/Editor/6000.3.23f1/Editor/Data/NetStandard/compat/2.1.0/shims/netstandard/System.Linq.Parallel.dll"
-r:"/home/ferney_oliveros/Unity/Hub/Editor/6000.3.23f1/Editor/Data/NetStandard/compat/2.1.0/shims/netstandard/System.Linq.Queryable.dll"
-r:"/home/ferney_oliveros/Unity/Hub/Editor/6000.3.23f1/Editor/Data/NetStandard/compat/2.1.0/shims/netstandard/System.Linq.dll"
-r:"/home/ferney_oliveros/Unity/Hub/Editor/6000.3.23f1/Editor/Data/NetStandard/compat/2.1.0/shims/netstandard/System.Memory.dll"
-r:"/home/ferney_oliveros/Unity/Hub/Editor/6000.3.23f1/Editor/Data/NetStandard/compat/2.1.0/shims/netstandard/System.Net.Http.dll"
-r:"/home/ferney_oliveros/Unity/Hub/Editor/6000.3.23f1/Editor/Data/NetStandard/compat/2.1.0/shims/netstandard/System.Net.NameResolution.dll"
-r:"/home/ferney_oliveros/Unity/Hub/Editor/6000.3.23f1/Editor/Data/NetStandard/compat/2.1.0/shims/netstandard/System.Net.NetworkInformation.dll"
-r:"/home/ferney_oliveros/Unity/Hub/Editor/6000.3.23f1/Editor/Data/NetStandard/compat/2.1.0/shims/netstandard/System.Net.Ping.dll"
-r:"/home/ferney_oliveros/Unity/Hub/Editor/6000.3.23f1/Editor/Data/NetStandard/compat/2.1.0/shims/netstandard/System.Net.Primitives.dll"
-r:"/home/ferney_oliveros/Unity/Hub/Editor/6000.3.23f1/Editor/Data/NetStandard/compat/2.1.0/shims/netstandard/System.Net.Requests.dll"
-r:"/home/ferney_oliveros/Unity/Hub/Editor/6000.3.23f1/Editor/Data/NetStandard/compat/2.1.0/shims/netstandard/System.Net.Security.dll"
-r:"/home/ferney_oliveros/Unity/Hub/Editor/6000.3.23f1/Editor/Data/NetStandard/compat/2.1.0/shims/netstandard/System.Net.Sockets.dll"
-r:"/home/ferney_oliveros/Unity/Hub/Editor/6000.3.23f1/Editor/Data/NetStandard/compat/2.1.0/shims/netstandard/System.Net.WebHeaderCollection.dll"
-r:"/home/ferney_oliveros/Unity/Hub/Editor/6000.3.23f1/Editor/Data/NetStandard/compat/2.1.0/shims/netstandard/System.Net.WebSockets.Client.dll"
-r:"/home/ferney_oliveros/Unity/Hub/Editor/6000.3.23f1/Editor/Data/NetStandard/compat/2.1.0/shims/netstandard/System.Net.WebSockets.dll"
-r:"/home/ferney_oliveros/Unity/Hub/Editor/6000.3.23f1/Editor/Data/NetStandard/compat/2.1.0/shims/netstandard/System.Numerics.Vectors.dll"
-r:"/home/ferney_oliveros/Unity/Hub/Editor/6000.3.23f1/Editor/Data/NetStandard/compat/2.1.0/shims/netstandard/System.ObjectModel.dll"
-r:"/home/ferney_oliveros/Unity/Hub/Editor/6000.3.23f1/Editor/Data/NetStandard/compat/2.1.0/shims/netstandard/System.Reflection.DispatchProxy.dll"
-r:"/home/ferney_oliveros/Unity/Hub/Editor/6000.3.23f1/Editor/Data/NetStandard/compat/2.1.0/shims/netstandard/System.Reflection.Emit.ILGeneration.dll"
-r:"/home/ferney_oliveros/Unity/Hub/Editor/6000.3.23f1/Editor/Data/NetStandard/compat/2.1.0/shims/netstandard/System.Reflection.Emit.Lightweight.dll"
-r:"/home/ferney_oliveros/Unity/Hub/Editor/6000.3.23f1/Editor/Data/NetStandard/compat/2.1.0/shims/netstandard/System.Reflection.Emit.dll"
-r:"/home/ferney_oliveros/Unity/Hub/Editor/6000.3.23f1/Editor/Data/NetStandard/compat/2.1.0/shims/netstandard/System.Reflection.Extensions.dll"
-r:"/home/ferney_oliveros/Unity/Hub/Editor/6000.3.23f1/Editor/Data/NetStandard/compat/2.1.0/shims/netstandard/System.Reflection.Primitives.dll"
-r:"/home/ferney_oliveros/Unity/Hub/Editor/6000.3.23f1/Editor/Data/NetStandard/compat/2.1.0/shims/netstandard/System.Reflection.dll"
-r:"/home/ferney_oliveros/Unity/Hub/Editor/6000.3.23f1/Editor/Data/NetStandard/compat/2.1.0/shims/netstandard/System.Resources.Reader.dll"
-r:"/home/ferney_oliveros/Unity/Hub/Editor/6000.3.23f1/Editor/Data/NetStandard/compat/2.1.0/shims/netstandard/System.Resources.ResourceManager.dll"
-r:"/home/ferney_oliveros/Unity/Hub/Editor/6000.3.23f1/Editor/Data/NetStandard/compat/2.1.0/shims/netstandard/System.Resources.Writer.dll"
-r:"/home/ferney_oliveros/Unity/Hub/Editor/6000.3.23f1/Editor/Data/NetStandard/compat/2.1.0/shims/netstandard/System.Runtime.CompilerServices.VisualC.dll"
-r:"/home/ferney_oliveros/Unity/Hub/Editor/6000.3.23f1/Editor/Data/NetStandard/compat/2.1.0/shims/netstandard/System.Runtime.Extensions.dll"
-r:"/home/ferney_oliveros/Unity/Hub/Editor/6000.3.23f1/Editor/Data/NetStandard/compat/2.1.0/shims/netstandard/System.Runtime.Handles.dll"
-r:"/home/ferney_oliveros/Unity/Hub/Editor/6000.3.23f1/Editor/Data/NetStandard/compat/2.1.0/shims/netstandard/System.Runtime.InteropServices.RuntimeInformation.dll"
-r:"/home/ferney_oliveros/Unity/Hub/Editor/6000.3.23f1/Editor/Data/NetStandard/compat/2.1.0/shims/netstandard/System.Runtime.InteropServices.dll"
-r:"/home/ferney_oliveros/Unity/Hub/Editor/6000.3.23f1/Editor/Data/NetStandard/compat/2.1.0/shims/netstandard/System.Runtime.Numerics.dll"
-r:"/home/ferney_oliveros/Unity/Hub/Editor/6000.3.23f1/Editor/Data/NetStandard/compat/2.1.0/shims/netstandard/System.Runtime.Serialization.Formatters.dll"
-r:"/home/ferney_oliveros/Unity/Hub/Editor/6000.3.23f1/Editor/Data/NetStandard/compat/2.1.0/shims/netstandard/System.Runtime.Serialization.Json.dll"
-r:"/home/ferney_oliveros/Unity/Hub/Editor/6000.3.23f1/Editor/Data/NetStandard/compat/2.1.0/shims/netstandard/System.Runtime.Serialization.Primitives.dll"
-r:"/home/ferney_oliveros/Unity/Hub/Editor/6000.3.23f1/Editor/Data/NetStandard/compat/2.1.0/shims/netstandard/System.Runtime.Serialization.Xml.dll"
-r:"/home/ferney_oliveros/Unity/Hub/Editor/6000.3.23f1/Editor/Data/NetStandard/compat/2.1.0/shims/netstandard/System.Runtime.dll"
-r:"/home/ferney_oliveros/Unity/Hub/Editor/6000.3.23f1/Editor/Data/NetStandard/compat/2.1.0/shims/netstandard/System.Security.Claims.dll"
-r:"/home/ferney_oliveros/Unity/Hub/Editor/6000.3.23f1/Editor/Data/NetStandard/compat/2.1.0/shims/netstandard/System.Security.Cryptography.Algorithms.dll"
-r:"/home/ferney_oliveros/Unity/Hub/Editor/6000.3.23f1/Editor/Data/NetStandard/compat/2.1.0/shims/netstandard/System.Security.Cryptography.Csp.dll"
-r:"/home/ferney_oliveros/Unity/Hub/Editor/6000.3.23f1/Editor/Data/NetStandard/compat/2.1.0/shims/netstandard/System.Security.Cryptography.Encoding.dll"
-r:"/home/ferney_oliveros/Unity/Hub/Editor/6000.3.23f1/Editor/Data/NetStandard/compat/2.1.0/shims/netstandard/System.Security.Cryptography.Primitives.dll"
-r:"/home/ferney_oliveros/Unity/Hub/Editor/6000.3.23f1/Editor/Data/NetStandard/compat/2.1.0/shims/netstandard/System.Security.Cryptography.X509Certificates.dll"
-r:"/home/ferney_oliveros/Unity/Hub/Editor/6000.3.23f1/Editor/Data/NetStandard/compat/2.1.0/shims/netstandard/System.Security.Principal.dll"
-r:"/home/ferney_oliveros/Unity/Hub/Editor/6000.3.23f1/Editor/Data/NetStandard/compat/2.1.0/shims/netstandard/System.Security.SecureString.dll"
-r:"/home/ferney_oliveros/Unity/Hub/Editor/6000.3.23f1/Editor/Data/NetStandard/compat/2.1.0/shims/netstandard/System.Text.Encoding.Extensions.dll"
-r:"/home/ferney_oliveros/Unity/Hub/Editor/6000.3.23f1/Editor/Data/NetStandard/compat/2.1.0/shims/netstandard/System.Text.Encoding.dll"
-r:"/home/ferney_oliveros/Unity/Hub/Editor/6000.3.23f1/Editor/Data/NetStandard/compat/2.1.0/shims/netstandard/System.Text.RegularExpressions.dll"
-r:"/home/ferney_oliveros/Unity/Hub/Editor/6000.3.23f1/Editor/Data/NetStandard/compat/2.1.0/shims/netstandard/System.Threading.Overlapped.dll"
-r:"/home/ferney_oliveros/Unity/Hub/Editor/6000.3.23f1/Editor/Data/NetStandard/compat/2.1.0/shims/netstandard/System.Threading.Tasks.Extensions.dll"
-r:"/home/ferney_oliveros/Unity/Hub/Editor/6000.3.23f1/Editor/Data/NetStandard/compat/2.1.0/shims/netstandard/System.Threading.Tasks.Parallel.dll"
-r:"/home/ferney_oliveros/Unity/Hub/Editor/6000.3.23f1/Editor/Data/NetStandard/compat/2.1.0/shims/netstandard/System.Threading.Tasks.dll"
-r:"/home/ferney_oliveros/Unity/Hub/Editor/6000.3.23f1/Editor/Data/NetStandard/compat/2.1.0/shims/netstandard/System.Threading.Thread.dll"
-r:"/home/ferney_oliveros/Unity/Hub/Editor/6000.3.23f1/Editor/Data/NetStandard/compat/2.1.0/shims/netstandard/System.Threading.ThreadPool.dll"
-r:"/home/ferney_oliveros/Unity/Hub/Editor/6000.3.23f1/Editor/Data/NetStandard/compat/2.1.0/shims/netstandard/System.Threading.Timer.dll"
-r:"/home/ferney_oliveros/Unity/Hub/Editor/6000.3.23f1/Editor/Data/NetStandard/compat/2.1.0/shims/netstandard/System.Threading.dll"
-r:"/home/ferney_oliveros/Unity/Hub/Editor/6000.3.23f1/Editor/Data/NetStandard/compat/2.1.0/shims/netstandard/System.ValueTuple.dll"
-r:"/home/ferney_oliveros/Unity/Hub/Editor/6000.3.23f1/Editor/Data/NetStandard/compat/2.1.0/shims/netstandard/System.Xml.ReaderWriter.dll"
-r:"/home/ferney_oliveros/Unity/Hub/Editor/6000.3.23f1/Editor/Data/NetStandard/compat/2.1.0/shims/netstandard/System.Xml.XDocument.dll"
-r:"/home/ferney_oliveros/Unity/Hub/Editor/6000.3.23f1/Editor/Data/NetStandard/compat/2.1.0/shims/netstandard/System.Xml.XPath.XDocument.dll"
-r:"/home/ferney_oliveros/Unity/Hub/Editor/6000.3.23f1/Editor/Data/NetStandard/compat/2.1.0/shims/netstandard/System.Xml.XPath.dll"
-r:"/home/ferney_oliveros/Unity/Hub/Editor/6000.3.23f1/Editor/Data/NetStandard/compat/2.1.0/shims/netstandard/System.Xml.XmlDocument.dll"
-r:"/home/ferney_oliveros/Unity/Hub/Editor/6000.3.23f1/Editor/Data/NetStandard/compat/2.1.0/shims/netstandard/System.Xml.XmlSerializer.dll"
-r:"/home/ferney_oliveros/Unity/Hub/Editor/6000.3.23f1/Editor/Data/NetStandard/ref/2.1.0/netstandard.dll"
-r:"/home/ferney_oliveros/Unity/Hub/Editor/6000.3.23f1/Editor/Data/PlaybackEngines/LinuxStandaloneSupport/UnityEditor.LinuxStandalone.Extensions.dll"
-r:"/home/ferney_oliveros/Unity/Hub/Editor/6000.3.23f1/Editor/Data/PlaybackEngines/WebGLSupport/UnityEditor.WebGL.Extensions.dll"
-r:"Library/PackageCache/com.unity.collections@84e8eb3fc12e/Unity.Collections.LowLevel.ILSupport/Unity.Collections.LowLevel.ILSupport.dll"
-r:"Library/PackageCache/com.unity.ext.nunit@ec2d0043d6fc/net40/unity-custom/nunit.framework.dll"
-r:"Library/PackageCache/com.unity.nuget.mono-cecil@ecb9724e46ff/Mono.Cecil.dll"
-r:"Library/PackageCache/com.unity.nuget.newtonsoft-json@74deb55db2a0/Runtime/Newtonsoft.Json.dll"
-r:"Library/Bee/artifacts/2400b0aE.dag/Unity.AI.Navigation.ref.dll"
-r:"Library/Bee/artifacts/2400b0aE.dag/Unity.InputSystem.ForUI.ref.dll"
-r:"Library/Bee/artifacts/2400b0aE.dag/Unity.InputSystem.ref.dll"
-r:"Library/Bee/artifacts/2400b0aE.dag/UnityEditor.UI.ref.dll"
-r:"Library/Bee/artifacts/2400b0aE.dag/UnityEngine.UI.ref.dll"
-r:"Library/Bee/artifacts/2400b0aE.dag/glTFast.ref.dll"
-analyzer:"/home/ferney_oliveros/Unity/Hub/Editor/6000.3.23f1/Editor/Data/Tools/BuildPipeline/Unity.SourceGenerators/Unity.Properties.SourceGenerator.dll"
-analyzer:"/home/ferney_oliveros/Unity/Hub/Editor/6000.3.23f1/Editor/Data/Tools/BuildPipeline/Unity.SourceGenerators/Unity.SourceGenerators.dll"
-analyzer:"/home/ferney_oliveros/Unity/Hub/Editor/6000.3.23f1/Editor/Data/Tools/BuildPipeline/Unity.SourceGenerators/Unity.UIToolkit.SourceGenerator.dll"
"Assets/Scripts/Animations/CharacterActor.cs"
"Assets/Scripts/Animations/CharacterLodController.cs"
"Assets/Scripts/Animations/CharacterSockets.cs"
"Assets/Scripts/Animations/HandPoseDriver.cs"
"Assets/Scripts/Animations/PlayerAnimationBridge.cs"
"Assets/Scripts/Assets/RuntimeAssetCatalog.cs"
"Assets/Scripts/Assets/RuntimeGltfLoader.cs"
"Assets/Scripts/Audio/AudioManager.cs"
"Assets/Scripts/Characters/AvatarAppearanceSystem.cs"
"Assets/Scripts/Characters/CharacterFactory.cs"
"Assets/Scripts/Core/GameSignals.cs"
"Assets/Scripts/Core/MiniMarketRuntime.cs"
"Assets/Scripts/Customers/CustomerAgent.cs"
"Assets/Scripts/Customers/CustomerManager.cs"
"Assets/Scripts/Customers/QueueSystem.cs"
"Assets/Scripts/Data/Definitions.cs"
"Assets/Scripts/Data/GameSpecRepository.cs"
"Assets/Scripts/Data/GameStateDocument.cs"
"Assets/Scripts/Economy/EconomySystem.cs"
"Assets/Scripts/Employees/EmployeeManager.cs"
"Assets/Scripts/Farm/FarmSystem.cs"
"Assets/Scripts/Interactions/GameplayInteractionSystem.cs"
"Assets/Scripts/Interactions/InteractionDirector.cs"
"Assets/Scripts/Interactions/InteractionPoint.cs"
"Assets/Scripts/Inventory/InventorySystem.cs"
"Assets/Scripts/Networking/MarketApiClient.cs"
"Assets/Scripts/Performance/PerformanceGovernor.cs"
"Assets/Scripts/Persistence/SaveCoordinator.cs"
"Assets/Scripts/Player/IsometricCamera.cs"
"Assets/Scripts/Player/PlayerController.cs"
"Assets/Scripts/Production/ProductionSystem.cs"
"Assets/Scripts/Progression/ProgressionSystem.cs"
"Assets/Scripts/Progression/UpgradeSystem.cs"
"Assets/Scripts/Store/DaySystem.cs"
"Assets/Scripts/Store/HiringSystem.cs"
"Assets/Scripts/Store/OrderSystem.cs"
"Assets/Scripts/Store/ProductShelf.cs"
"Assets/Scripts/Store/ProductVisualSystem.cs"
"Assets/Scripts/Store/StoreWorld.cs"
"Assets/Scripts/Store/StoreWorldBuilder.cs"
"Assets/Scripts/UI/ResponsiveHudLayout.cs"
"Assets/Scripts/UI/RuntimeHud.cs"
"Assets/Scripts/UI/VirtualJoystick.cs"
-langversion:9.0
/deterministic
/optimize+
/debug:portable
/nologo
/RuntimeMetadataVersion:v4.0.30319
/nowarn:0169
/nowarn:0649
/nowarn:0282
/nowarn:1701
/nowarn:1702
/utf8output
/preferreduilang:en-US
/additionalfile:"Library/Bee/artifacts/2400b0aE.dag/MiniMarket.Runtime.UnityAdditionalFile.txt"
##### Custom Environment Variables
DOTNET_MULTILEVEL_LOOKUP=0
##### ExitCode
1
##### Output
Assets/Scripts/UI/RuntimeHud.cs(16,48): warning CS0108: 'RuntimeHud.audio' hides inherited member 'Component.audio'. Use the new keyword if hiding was intended.
Assets/Scripts/Store/ProductVisualSystem.cs(33,95): error CS0029: Cannot implicitly convert type 'System.Threading.Tasks.Task' to 'int'
Assets/Scripts/Interactions/GameplayInteractionSystem.cs(45,80): error CS7036: There is no argument given that corresponds to the required formal parameter 'key' of 'JToken.Value<T>(object)'
*** Tundra build failed (7.37 seconds), 727 items updated, 739 evaluated
## Script Compilation Error for: Csc Library/Bee/artifacts/2400b0aE.dag/MiniMarket.Runtime.dll (+2 others)
## CmdLine: "/home/ferney_oliveros/Unity/Hub/Editor/6000.3.23f1/Editor/Data/NetCoreRuntime/dotnet" exec "/home/ferney_oliveros/Unity/Hub/Editor/6000.3.23f1/Editor/Data/DotNetSdkRoslyn/csc.dll" /nostdlib /noconfig /shared "@Library/Bee/artifacts/2400b0aE.dag/MiniMarket.Runtime.rsp" "@Library/Bee/artifacts/2400b0aE.dag/MiniMarket.Runtime.rsp2"
## Output:
Assets/Scripts/UI/RuntimeHud.cs(16,48): warning CS0108: 'RuntimeHud.audio' hides inherited member 'Component.audio'. Use the new keyword if hiding was intended.
Assets/Scripts/Store/ProductVisualSystem.cs(33,95): error CS0029: Cannot implicitly convert type 'System.Threading.Tasks.Task' to 'int'
Assets/Scripts/Interactions/GameplayInteractionSystem.cs(45,80): error CS7036: There is no argument given that corresponds to the required formal parameter 'key' of 'JToken.Value<T>(object)'

Total cache size 25946592
Assets/Scripts/UI/RuntimeHud.cs(16,48): warning CS0108: 'RuntimeHud.audio' hides inherited member 'Component.audio'. Use the new keyword if hiding was intended.
Assets/Scripts/Store/ProductVisualSystem.cs(33,95): error CS0029: Cannot implicitly convert type 'System.Threading.Tasks.Task' to 'int'
Assets/Scripts/Interactions/GameplayInteractionSystem.cs(45,80): error CS7036: There is no argument given that corresponds to the required formal parameter 'key' of 'JToken.Value<T>(object)'
AssetDatabase: script compilation time: 8.138716s
Total cache size after purge 25946592, took 00:00:00.0113384
Scripts have compiler errors.
