Unity Editor version:    6000.3.23f1 (09d2ecc7fb28)
Branch:                  6000.3/staging
Build type:              Release
Batch mode:              YES
System name:             Linux
Distro version:          #1 SMP PREEMPT_DYNAMIC Wed, 08 Jul 2026 19:47:07 +0000
Kernel version:          6.18.38-2-cachyos-lts
Architecture:            x86_64
Window Protocol:         Wayland (XWayland)
Available memory:        64123 MB
Date:                    2026-09-03T02:57:30Z
[Licensing::Module] Trying to connect to existing licensing client channel...
Initialize udev device monitor.
[Licensing::IpcConnector] Successfully connected to: "LicenseClient-ferney_oliveros" at "2026-09-03T02:57:30.936492Z"
[SignatureVerifier] Application signature verification not supported on this platform.

COMMAND LINE ARGUMENTS:
/home/ferney_oliveros/Unity/Hub/Editor/6000.3.23f1/Editor/Unity
-batchmode
-nographics
-quit
-projectPath
/home/ferney_oliveros/Mini Market/Unity/MiniMarketUnity
-executeMethod
MiniMarket.Editor.MiniMarketProjectBuilder.BuildWeb
-logFile
/home/ferney_oliveros/Mini Market/Unity/unity-web-build-5.log
Successfully changed project path to: /home/ferney_oliveros/Mini Market/Unity/MiniMarketUnity
[Licensing::Client] Error: HandshakeResponse reported an error:
	ResponseCode: 505
	ResponseStatus: Unsupported protocol version '1.18.3'.
[Licensing::Module] Error: Failed to handshake to channel: "LicenseClient-ferney_oliveros"
[Licensing::IpcConnector] LicenseClient-ferney_oliveros channel disconnected successfully.
[Licensing::IpcConnector] Channel LicenseClient-ferney_oliveros-6000.3.23 doesn't exist
[Licensing::Module] Successfully launched the LicensingClient (PId: 237415)
/home/ferney_oliveros/Mini Market/Unity/MiniMarketUnity
[UnityMemory] Configuration Parameters - Can be set up in boot.config
    "memorysetup-allocator-temp-initial-block-size-main=262144"
    "memorysetup-allocator-temp-initial-block-size-worker=262144"
    "memorysetup-temp-allocator-size-background-worker=32768"
    "memorysetup-temp-allocator-size-job-worker=262144"
    "memorysetup-temp-allocator-size-preload-manager=33554432"
    "memorysetup-remapper-allocator-initial-capacity=32768"
    "memorysetup-temp-allocator-size-nav-mesh-worker=65536"
    "memorysetup-temp-allocator-size-audio-worker=65536"
    "memorysetup-temp-allocator-size-cloud-worker=32768"
    "memorysetup-temp-allocator-size-gi-baking-worker=262144"
    "memorysetup-temp-allocator-size-gi-baking-worker=262144"
    "memorysetup-temp-allocator-size-gi-baking-worker=262144"
    "memorysetup-temp-allocator-size-gi-baking-worker=262144"
    "memorysetup-temp-allocator-size-gi-baking-worker=262144"
    "memorysetup-bucket-allocator-granularity=16"
    "memorysetup-bucket-allocator-bucket-count=8"
    "memorysetup-bucket-allocator-block-size=33554432"
    "memorysetup-bucket-allocator-block-count=8"
    "memorysetup-main-allocator-block-size=16777216"
    "memorysetup-thread-allocator-block-size=16777216"
    "memorysetup-gfx-main-allocator-block-size=16777216"
    "memorysetup-gfx-thread-allocator-block-size=16777216"
    "memorysetup-cache-allocator-block-size=4194304"
    "memorysetup-typetree-allocator-block-size=2097152"
    "memorysetup-profiler-bucket-allocator-granularity=16"
    "memorysetup-profiler-bucket-allocator-bucket-count=8"
    "memorysetup-profiler-bucket-allocator-block-size=33554432"
    "memorysetup-profiler-bucket-allocator-block-count=8"
    "memorysetup-profiler-allocator-block-size=16777216"
    "memorysetup-profiler-editor-allocator-block-size=1048576"
    "memorysetup-temp-allocator-size-main=16777216"
    "memorysetup-job-temp-allocator-block-size=2097152"
    "memorysetup-job-temp-allocator-block-size-background=1048576"
    "memorysetup-job-temp-allocator-reduction-small-platforms=262144"
    "memorysetup-temp-allocator-size-gfx=262144"
Player connection [140520860527744]  Target information:

Player connection [140520860527744]  * "[IP] 192.168.1.136 [Port] 55504 [Flags] 2 [Guid] 2457964503 [EditorId] 2457964503 [Version] 1048832 [Id] LinuxEditor(16,192.168.1.136) [Debug] 1 [PackageName] LinuxEditor [ProjectName] Editor" 

Player connection [140520860527744] Host joined multi-casting on [225.0.0.222:54997]...
Player connection [140520860527744] Host joined alternative multi-casting on [225.0.0.222:34997]...
Input System module state changed to: Initialized.
[Physics::Module] Initialized fallback backend.
[Physics::Module] Id: 0xdecafbad
[Package Manager] Connected to IPC stream "Upm-237375" after 0.1 seconds.
[Licensing::Module] Licensing is not yet initialized.
[Licensing::IpcConnector] Successfully connected to: "LicenseClient-ferney_oliveros-6000.3.23" at "2026-09-03T02:57:31.099731Z"
[SignatureVerifier] Application signature verification not supported on this platform.
[Licensing::Client] Handshaking with LicensingClient:
  Version:                 1.18.3+d7ffd15
  Session Id:              0906d5193de64565b72ddb0998b9267c
  Correlation Id:          a46caeba26302e1fc7d983eba10c42b1
  External correlation Id: 8354316877235788140
  Machine Id:              3wrSyLp21P1kN0z9UG6hOyX7dyc=
[Licensing::Module] Successfully connected to LicensingClient on channel: "LicenseClient-ferney_oliveros-6000.3.23" (connect: 0.16s, validation: 0.03s, handshake: 0.00s)
[Licensing::IpcConnector] Successfully connected to: "LicenseClient-ferney_oliveros-6000.3.23-notifications" at "2026-09-03T02:57:31.128749Z"
[Licensing::Module] Connected to LicensingClient (PId: 237415, launch time: 0.00, total connection time: 0.19s)
[Licensing::Module] Error: Access token is unavailable; failed to update
[Licensing::Client] Successfully resolved entitlement details
[Licensing::Module] License group:
  Id: 6872882819583-UnityPersXXXX
  Product: Unity Personal
  Type: Assigned
  Expiration: Unlimited
[Licensing::Client] Successfully updated license, isAsync: True, time: 0.00
[Licensing::Client] Successfully resolved entitlement details
[Licensing::Module] Licensing Background thread has ended after 0.21s
[Licensing::Module] Licensing is initialized (took 0.08s).
[Licensing::Client] Successfully resolved entitlement details
Library Redirect Path: Library/
[Physics::Module] Selected backend.
[Physics::Module] Name: PhysX
[Physics::Module] Id: 0xf2b8ea05
[Physics::Module] SDK Version: 4.1.2
[Physics::Module] Integration Version: 1.0.0
[Physics::Module] Threading Mode: Multi-Threaded
Artifact Garbage Collection - Removed 2 unused hashed content files
Refreshing native plugins compatible for Editor in 0.04 ms, found 0 plugins.
Preloading 0 native plugins for Editor in 0.00 ms.
Initialize engine version: 6000.3.23f1 (09d2ecc7fb28)
[Subsystems] Discovering subsystems at path /home/ferney_oliveros/Unity/Hub/Editor/6000.3.23f1/Editor/Data/Resources/UnitySubsystems
[Subsystems] Discovering subsystems at path /home/ferney_oliveros/Mini Market/Unity/MiniMarketUnity/Assets
Forcing GfxDevice: Null
GfxDevice: creating device client; kGfxThreadingModeNonThreaded
NullGfxDevice:
    Version:  NULL 1.0 [1.0]
    Renderer: Null Device
    Vendor:   Unity Technologies
Initialize mono
Mono path[0] = '/home/ferney_oliveros/Unity/Hub/Editor/6000.3.23f1/Editor/Data/Managed'
Mono path[1] = '/home/ferney_oliveros/Unity/Hub/Editor/6000.3.23f1/Editor/Data/MonoBleedingEdge/lib/mono/unityjit-linux'
Mono config path = '/home/ferney_oliveros/Unity/Hub/Editor/6000.3.23f1/Editor/Data/MonoBleedingEdge/etc'
Using monoOptions --debugger-agent=transport=dt_socket,embedding=1,server=y,suspend=n,address=127.0.0.1:56375
Using cacheserver namespaces - metadata:defaultmetadata, artifacts:defaultartifacts
Using cacheserver namespaces - metadata:defaultmetadata, artifacts:defaultartifacts
ImportWorker Server TCP listen port: 0
AcceleratorClientConnectionCallback - disconnected - :0
Begin MonoManager ReloadAssembly
Registering precompiled unity dll's ...
Register platform support module: /home/ferney_oliveros/Unity/Hub/Editor/6000.3.23f1/Editor/Data/PlaybackEngines/WebGLSupport/UnityEditor.WebGL.Extensions.dll
Register platform support module: /home/ferney_oliveros/Unity/Hub/Editor/6000.3.23f1/Editor/Data/PlaybackEngines/LinuxStandaloneSupport/UnityEditor.LinuxStandalone.Extensions.dll
Registered in 0.000812 seconds.
- Loaded All Assemblies, in  0.205 seconds
Native extension for LinuxStandalone target not found
Native extension for WebGL target not found
Package Manager log level set to [2]
[Licensing::Client] Successfully resolved entitlement details
ScheduleIndexationOnStartup MainProcess:False IndexOnStartup:False
Mono: successfully reloaded assembly
- Finished resetting the current domain, in  1.529 seconds
Domain Reload Profiling: 1735ms
	BeginReloadAssembly (61ms)
		ExecutionOrderSort (0ms)
		DisableScriptedObjects (0ms)
		BackupInstance (0ms)
		ReleaseScriptingObjects (0ms)
		CreateAndSetChildDomain (21ms)
	RebuildCommonClasses (21ms)
	RebuildNativeTypeToScriptingClass (5ms)
	initialDomainReloadingComplete (28ms)
	LoadAllAssembliesAndSetupDomain (91ms)
		LoadAssemblies (40ms)
		RebuildTransferFunctionScriptingTraits (0ms)
		AnalyzeDomain (89ms)
			TypeCache.Refresh (89ms)
				TypeCache.ScanAssembly (80ms)
			BuildScriptInfoCaches (0ms)
			ResolveRequiredComponents (0ms)
	FinalizeReload (1530ms)
		ReleaseScriptCaches (0ms)
		RebuildScriptCaches (0ms)
		SetupLoadedEditorAssemblies (1508ms)
			LogAssemblyErrors (0ms)
			InitializePlatformSupportModulesInManaged (29ms)
			SetLoadedEditorAssemblies (3ms)
			BeforeProcessingInitializeOnLoad (53ms)
			ProcessInitializeOnLoadAttributes (72ms)
			ProcessInitializeOnLoadMethodAttributes (1352ms)
			AfterProcessingInitializeOnLoad (0ms)
			EditorAssembliesLoaded (0ms)
		ExecutionOrderSort2 (0ms)
		AwakeInstancesAfterBackupRestoration (0ms)
[Licensing::Client] Successfully resolved entitlement details
Application.AssetDatabase Initial Refresh Start
[Package Manager] Restoring resolved packages state from cache
[Licensing::Client] Successfully resolved entitlement details
[Package Manager] Registered 35 packages:
  Packages from [https://packages.unity.com]:
    com.unity.inputsystem@1.14.2 (location: /home/ferney_oliveros/Mini Market/Unity/MiniMarketUnity/Library/PackageCache/com.unity.inputsystem@be6c4fd0abf5)
    com.unity.ai.navigation@2.0.9 (location: /home/ferney_oliveros/Mini Market/Unity/MiniMarketUnity/Library/PackageCache/com.unity.ai.navigation@5218e4bf7edc)
    com.unity.addressables@2.7.6 (location: /home/ferney_oliveros/Mini Market/Unity/MiniMarketUnity/Library/PackageCache/com.unity.addressables@45e9abf44299)
    com.unity.cloud.gltfast@6.18.0 (location: /home/ferney_oliveros/Mini Market/Unity/MiniMarketUnity/Library/PackageCache/com.unity.cloud.gltfast@17a3b690793e)
    com.unity.nuget.newtonsoft-json@3.2.1 (location: /home/ferney_oliveros/Mini Market/Unity/MiniMarketUnity/Library/PackageCache/com.unity.nuget.newtonsoft-json@74deb55db2a0)
    com.unity.burst@1.8.30 (location: /home/ferney_oliveros/Mini Market/Unity/MiniMarketUnity/Library/PackageCache/com.unity.burst@2f3d916873ea)
    com.unity.collections@2.6.8 (location: /home/ferney_oliveros/Mini Market/Unity/MiniMarketUnity/Library/PackageCache/com.unity.collections@84e8eb3fc12e)
    com.unity.mathematics@1.3.3 (location: /home/ferney_oliveros/Mini Market/Unity/MiniMarketUnity/Library/PackageCache/com.unity.mathematics@19a9377c4ffa)
    com.unity.profiling.core@1.0.3 (location: /home/ferney_oliveros/Mini Market/Unity/MiniMarketUnity/Library/PackageCache/com.unity.profiling.core@8a49f7027d06)
    com.unity.scriptablebuildpipeline@2.6.1 (location: /home/ferney_oliveros/Mini Market/Unity/MiniMarketUnity/Library/PackageCache/com.unity.scriptablebuildpipeline@36e3b5898ee2)
    com.unity.nuget.mono-cecil@1.11.6 (location: /home/ferney_oliveros/Mini Market/Unity/MiniMarketUnity/Library/PackageCache/com.unity.nuget.mono-cecil@ecb9724e46ff)
    com.unity.test-framework.performance@3.5.0 (location: /home/ferney_oliveros/Mini Market/Unity/MiniMarketUnity/Library/PackageCache/com.unity.test-framework.performance@8b56083ec0f0)
    com.unity.searcher@4.9.5 (location: /home/ferney_oliveros/Mini Market/Unity/MiniMarketUnity/Library/PackageCache/com.unity.searcher@a463122f2c00)
  Built-in packages:
    com.unity.render-pipelines.universal@17.3.0 (location: /home/ferney_oliveros/Mini Market/Unity/MiniMarketUnity/Library/PackageCache/com.unity.render-pipelines.universal@f240f8c369cb)
    com.unity.test-framework@1.6.0 (location: /home/ferney_oliveros/Mini Market/Unity/MiniMarketUnity/Library/PackageCache/com.unity.test-framework@0bd5c5194236)
    com.unity.ugui@2.0.0 (location: /home/ferney_oliveros/Mini Market/Unity/MiniMarketUnity/Library/PackageCache/com.unity.ugui@6207c5620340)
    com.unity.modules.ai@1.0.0 (location: /home/ferney_oliveros/Mini Market/Unity/MiniMarketUnity/Library/PackageCache/com.unity.modules.ai)
    com.unity.modules.animation@1.0.0 (location: /home/ferney_oliveros/Mini Market/Unity/MiniMarketUnity/Library/PackageCache/com.unity.modules.animation)
    com.unity.modules.audio@1.0.0 (location: /home/ferney_oliveros/Mini Market/Unity/MiniMarketUnity/Library/PackageCache/com.unity.modules.audio)
    com.unity.modules.imageconversion@1.0.0 (location: /home/ferney_oliveros/Mini Market/Unity/MiniMarketUnity/Library/PackageCache/com.unity.modules.imageconversion)
    com.unity.modules.jsonserialize@1.0.0 (location: /home/ferney_oliveros/Mini Market/Unity/MiniMarketUnity/Library/PackageCache/com.unity.modules.jsonserialize)
    com.unity.modules.physics@1.0.0 (location: /home/ferney_oliveros/Mini Market/Unity/MiniMarketUnity/Library/PackageCache/com.unity.modules.physics)
    com.unity.modules.ui@1.0.0 (location: /home/ferney_oliveros/Mini Market/Unity/MiniMarketUnity/Library/PackageCache/com.unity.modules.ui)
    com.unity.modules.unitywebrequest@1.0.0 (location: /home/ferney_oliveros/Mini Market/Unity/MiniMarketUnity/Library/PackageCache/com.unity.modules.unitywebrequest)
    com.unity.modules.unitywebrequesttexture@1.0.0 (location: /home/ferney_oliveros/Mini Market/Unity/MiniMarketUnity/Library/PackageCache/com.unity.modules.unitywebrequesttexture)
    com.unity.modules.imgui@1.0.0 (location: /home/ferney_oliveros/Mini Market/Unity/MiniMarketUnity/Library/PackageCache/com.unity.modules.imgui)
    com.unity.ext.nunit@2.0.5 (location: /home/ferney_oliveros/Mini Market/Unity/MiniMarketUnity/Library/PackageCache/com.unity.ext.nunit@ec2d0043d6fc)
    com.unity.modules.assetbundle@1.0.0 (location: /home/ferney_oliveros/Mini Market/Unity/MiniMarketUnity/Library/PackageCache/com.unity.modules.assetbundle)
    com.unity.modules.unitywebrequestassetbundle@1.0.0 (location: /home/ferney_oliveros/Mini Market/Unity/MiniMarketUnity/Library/PackageCache/com.unity.modules.unitywebrequestassetbundle)
    com.unity.modules.uielements@1.0.0 (location: /home/ferney_oliveros/Mini Market/Unity/MiniMarketUnity/Library/PackageCache/com.unity.modules.uielements)
    com.unity.render-pipelines.core@17.3.0 (location: /home/ferney_oliveros/Mini Market/Unity/MiniMarketUnity/Library/PackageCache/com.unity.render-pipelines.core@21d6c4fca829)
    com.unity.shadergraph@17.3.0 (location: /home/ferney_oliveros/Mini Market/Unity/MiniMarketUnity/Library/PackageCache/com.unity.shadergraph@f391c7e5c168)
    com.unity.render-pipelines.universal-config@17.0.3 (location: /home/ferney_oliveros/Mini Market/Unity/MiniMarketUnity/Library/PackageCache/com.unity.render-pipelines.universal-config@dbe3fd082d8f)
    com.unity.modules.hierarchycore@1.0.0 (location: /home/ferney_oliveros/Mini Market/Unity/MiniMarketUnity/Library/PackageCache/com.unity.modules.hierarchycore)
    com.unity.modules.terrain@1.0.0 (location: /home/ferney_oliveros/Mini Market/Unity/MiniMarketUnity/Library/PackageCache/com.unity.modules.terrain)
[Subsystems] No new subsystems found in resolved package list.
[Package Manager] Done registering packages in 0.00 seconds
[ScriptCompilation] Requested script compilation because: Assetdatabase observed changes in script compilation related files
[40m[32minfo[39m[22m[49m: Microsoft.Hosting.Lifetime[14]
      Now listening on: http://unix:/tmp/ilpp.sock-0e8c7941c7e11cf9e2d6a8995576a104
[40m[32minfo[39m[22m[49m: Microsoft.Hosting.Lifetime[0]
      Application started. Press Ctrl+C to shut down.
[40m[32minfo[39m[22m[49m: Microsoft.Hosting.Lifetime[0]
      Hosting environment: Production
[40m[32minfo[39m[22m[49m: Microsoft.Hosting.Lifetime[0]
      Content root path: /home/ferney_oliveros/Mini Market/Unity/MiniMarketUnity/
[40m[32minfo[39m[22m[49m: Microsoft.AspNetCore.Hosting.Diagnostics[1]
      Request starting HTTP/2 POST http://ilpp/UnityILPP.PostProcessing/Ping application/grpc -
[40m[32minfo[39m[22m[49m: Microsoft.AspNetCore.Routing.EndpointMiddleware[0]
      Executing endpoint 'gRPC - /UnityILPP.PostProcessing/Ping'
[40m[32minfo[39m[22m[49m: Microsoft.AspNetCore.Routing.EndpointMiddleware[1]
      Executed endpoint 'gRPC - /UnityILPP.PostProcessing/Ping'
[40m[32minfo[39m[22m[49m: Microsoft.AspNetCore.Hosting.Diagnostics[2]
      Request finished HTTP/2 POST http://ilpp/UnityILPP.PostProcessing/Ping application/grpc - - 200 - application/grpc 21.5002ms
Starting: /home/ferney_oliveros/Unity/Hub/Editor/6000.3.23f1/Editor/Data/Tools/BuildPipeline/bee_backend --ipc --defer-dag-verification --dagfile="Library/Bee/2000b0aE.dag" --continue-on-failure --profile="Library/Bee/backend1.traceevents" ScriptAssemblies
WorkingDir: /home/ferney_oliveros/Mini Market/Unity/MiniMarketUnity
[40m[32minfo[39m[22m[49m: Microsoft.AspNetCore.Hosting.Diagnostics[1]
      Request starting HTTP/2 POST http://ilpp/UnityILPP.PostProcessing/ConfigurePostProcessors application/grpc -
[40m[32minfo[39m[22m[49m: Microsoft.AspNetCore.Routing.EndpointMiddleware[0]
      Executing endpoint 'gRPC - /UnityILPP.PostProcessing/ConfigurePostProcessors'
DisplayProgressbar: Compiling Scripts
[40m[1m[33mwarn[39m[22m[49m: Unity.ILPP.Runner.PostProcessingAssemblyLoadContext[0]
      Assembly system.runtime.interopservices.windowsruntime has duplicate hint path. Ignoring "/home/ferney_oliveros/Unity/Hub/Editor/6000.3.23f1/Editor/Data/UnityReferenceAssemblies/unity-4.8-api/Facades/System.Runtime.InteropServices.WindowsRuntime.dll" in favor of "/home/ferney_oliveros/Unity/Hub/Editor/6000.3.23f1/Editor/Data/NetStandard/Extensions/2.0.0/System.Runtime.InteropServices.WindowsRuntime.dll"
[40m[1m[33mwarn[39m[22m[49m: Unity.ILPP.Runner.PostProcessingAssemblyLoadContext[0]
      Assembly system.componentmodel.composition has duplicate hint path. Ignoring "/home/ferney_oliveros/Unity/Hub/Editor/6000.3.23f1/Editor/Data/UnityReferenceAssemblies/unity-4.8-api/System.ComponentModel.Composition.dll" in favor of "/home/ferney_oliveros/Unity/Hub/Editor/6000.3.23f1/Editor/Data/NetStandard/compat/2.1.0/shims/netfx/System.ComponentModel.Composition.dll"
[40m[32minfo[39m[22m[49m: Unity.ILPP.Runner.PostProcessingAssemblyLoadContext[0]
      Resolved Unity.Burst.Cecil, Version=0.11.6.0, Culture=neutral, PublicKeyToken=50cebf1cceb9d05e with Library/PackageCache/com.unity.burst@2f3d916873ea/Unity.Burst.CodeGen/Unity.Burst.Cecil.dll
[40m[32minfo[39m[22m[49m: Unity.ILPP.Runner.PostProcessingAssemblyLoadContext[0]
      Resolved Mono.Cecil, Version=0.11.5.0, Culture=neutral, PublicKeyToken=50cebf1cceb9d05e with Library/PackageCache/com.unity.nuget.mono-cecil@ecb9724e46ff/Mono.Cecil.dll
[40m[32minfo[39m[22m[49m: Microsoft.AspNetCore.Routing.EndpointMiddleware[1]
      Executed endpoint 'gRPC - /UnityILPP.PostProcessing/ConfigurePostProcessors'
[40m[32minfo[39m[22m[49m: Microsoft.AspNetCore.Hosting.Diagnostics[2]
      Request finished HTTP/2 POST http://ilpp/UnityILPP.PostProcessing/ConfigurePostProcessors application/grpc - - 200 - application/grpc 25.8042ms
[40m[32minfo[39m[22m[49m: Microsoft.AspNetCore.Hosting.Diagnostics[1]
      Request starting HTTP/2 POST http://ilpp/UnityILPP.PostProcessing/PostProcessAssembly application/grpc -
[40m[32minfo[39m[22m[49m: Microsoft.AspNetCore.Routing.EndpointMiddleware[0]
      Executing endpoint 'gRPC - /UnityILPP.PostProcessing/PostProcessAssembly'
[40m[32minfo[39m[22m[49m: Unity.ILPP.Runner.PostProcessingPipeline[0]
      Processing assembly Library/Bee/artifacts/2000b0aE.dag/MiniMarket.Runtime.dll, with 114 defines and 243 references
[40m[32minfo[39m[22m[49m: Unity.ILPP.Runner.PostProcessingPipeline[0]
      processors: Unity.Jobs.CodeGen.JobsILPostProcessor, zzzUnity.Burst.CodeGen.BurstILPostProcessor
[40m[32minfo[39m[22m[49m: Unity.ILPP.Runner.PostProcessingPipeline[0]
      running Unity.Jobs.CodeGen.JobsILPostProcessor
[40m[32minfo[39m[22m[49m: Unity.ILPP.Runner.PostProcessingPipeline[0]
      running zzzUnity.Burst.CodeGen.BurstILPostProcessor
[40m[32minfo[39m[22m[49m: Microsoft.AspNetCore.Routing.EndpointMiddleware[1]
      Executed endpoint 'gRPC - /UnityILPP.PostProcessing/PostProcessAssembly'
[40m[32minfo[39m[22m[49m: Microsoft.AspNetCore.Hosting.Diagnostics[2]
      Request finished HTTP/2 POST http://ilpp/UnityILPP.PostProcessing/PostProcessAssembly application/grpc - - 200 - application/grpc 10.5844ms
[40m[32minfo[39m[22m[49m: Microsoft.AspNetCore.Hosting.Diagnostics[1]
      Request starting HTTP/2 POST http://ilpp/UnityILPP.PostProcessing/PostProcessAssembly application/grpc -
[40m[32minfo[39m[22m[49m: Microsoft.AspNetCore.Hosting.Diagnostics[1]
      Request starting HTTP/2 POST http://ilpp/UnityILPP.PostProcessing/PostProcessAssembly application/grpc -
[40m[32minfo[39m[22m[49m: Microsoft.AspNetCore.Routing.EndpointMiddleware[0]
      Executing endpoint 'gRPC - /UnityILPP.PostProcessing/PostProcessAssembly'
[40m[32minfo[39m[22m[49m: Microsoft.AspNetCore.Routing.EndpointMiddleware[0]
      Executing endpoint 'gRPC - /UnityILPP.PostProcessing/PostProcessAssembly'
[40m[32minfo[39m[22m[49m: Unity.ILPP.Runner.PostProcessingPipeline[0]
      Processing assembly Library/Bee/artifacts/2000b0aE.dag/MiniMarket.Editor.dll, with 112 defines and 277 references
[40m[32minfo[39m[22m[49m: Unity.ILPP.Runner.PostProcessingPipeline[0]
      Processing assembly Library/Bee/artifacts/2000b0aE.dag/MiniMarket.Tests.dll, with 112 defines and 272 references
[40m[32minfo[39m[22m[49m: Unity.ILPP.Runner.PostProcessingPipeline[0]
      processors: Unity.Jobs.CodeGen.JobsILPostProcessor, zzzUnity.Burst.CodeGen.BurstILPostProcessor
[40m[32minfo[39m[22m[49m: Unity.ILPP.Runner.PostProcessingPipeline[0]
      processors: Unity.Jobs.CodeGen.JobsILPostProcessor, zzzUnity.Burst.CodeGen.BurstILPostProcessor
[40m[32minfo[39m[22m[49m: Unity.ILPP.Runner.PostProcessingPipeline[0]
      running Unity.Jobs.CodeGen.JobsILPostProcessor
[40m[32minfo[39m[22m[49m: Unity.ILPP.Runner.PostProcessingPipeline[0]
      running Unity.Jobs.CodeGen.JobsILPostProcessor
[40m[32minfo[39m[22m[49m: Unity.ILPP.Runner.PostProcessingPipeline[0]
      running zzzUnity.Burst.CodeGen.BurstILPostProcessor
[40m[32minfo[39m[22m[49m: Unity.ILPP.Runner.PostProcessingPipeline[0]
      running zzzUnity.Burst.CodeGen.BurstILPostProcessor
[40m[32minfo[39m[22m[49m: Microsoft.AspNetCore.Routing.EndpointMiddleware[1]
      Executed endpoint 'gRPC - /UnityILPP.PostProcessing/PostProcessAssembly'
[40m[32minfo[39m[22m[49m: Microsoft.AspNetCore.Hosting.Diagnostics[2]
      Request finished HTTP/2 POST http://ilpp/UnityILPP.PostProcessing/PostProcessAssembly application/grpc - - 200 - application/grpc 0.9599ms
[40m[32minfo[39m[22m[49m: Microsoft.AspNetCore.Routing.EndpointMiddleware[1]
      Executed endpoint 'gRPC - /UnityILPP.PostProcessing/PostProcessAssembly'
[40m[32minfo[39m[22m[49m: Microsoft.AspNetCore.Hosting.Diagnostics[2]
      Request finished HTTP/2 POST http://ilpp/UnityILPP.PostProcessing/PostProcessAssembly application/grpc - - 200 - application/grpc 1.0188ms
ExitCode: 0 Duration: 1s797ms
[562/740    0s] ILPP-Configuration Library/ilpp-configuration.nevergeneratedoutput
[728/740    1s] Csc Library/Bee/artifacts/2000b0aE.dag/MiniMarket.Runtime.dll (+2 others)
Assets/Scripts/UI/RuntimeHud.cs(16,48): warning CS0108: 'RuntimeHud.audio' hides inherited member 'Component.audio'. Use the new keyword if hiding was intended.
[729/740    0s] ILPostProcess Library/Bee/artifacts/2000b0aE.dag/post-processed/MiniMarket.Runtime.dll (+pdb)
Processing assembly Library/Bee/artifacts/2000b0aE.dag/MiniMarket.Runtime.dll, with 114 defines and 243 references
processors: Unity.Jobs.CodeGen.JobsILPostProcessor, zzzUnity.Burst.CodeGen.BurstILPostProcessor
running Unity.Jobs.CodeGen.JobsILPostProcessor
running zzzUnity.Burst.CodeGen.BurstILPostProcessor
[730/740    0s] CopyFiles Library/ScriptAssemblies/MiniMarket.Runtime.pdb
[731/740    0s] CopyFiles Library/ScriptAssemblies/MiniMarket.Runtime.dll
[732/740    0s] Csc Library/Bee/artifacts/2000b0aE.dag/MiniMarket.Tests.dll (+2 others)
[733/740    0s] Csc Library/Bee/artifacts/2000b0aE.dag/MiniMarket.Editor.dll (+2 others)
[734/740    0s] ILPostProcess Library/Bee/artifacts/2000b0aE.dag/post-processed/MiniMarket.Tests.dll (+pdb)
Processing assembly Library/Bee/artifacts/2000b0aE.dag/MiniMarket.Tests.dll, with 112 defines and 272 references
processors: Unity.Jobs.CodeGen.JobsILPostProcessor, zzzUnity.Burst.CodeGen.BurstILPostProcessor
running Unity.Jobs.CodeGen.JobsILPostProcessor
running zzzUnity.Burst.CodeGen.BurstILPostProcessor
[735/740    0s] ILPostProcess Library/Bee/artifacts/2000b0aE.dag/post-processed/MiniMarket.Editor.dll (+pdb)
Processing assembly Library/Bee/artifacts/2000b0aE.dag/MiniMarket.Editor.dll, with 112 defines and 277 references
processors: Unity.Jobs.CodeGen.JobsILPostProcessor, zzzUnity.Burst.CodeGen.BurstILPostProcessor
running Unity.Jobs.CodeGen.JobsILPostProcessor
running zzzUnity.Burst.CodeGen.BurstILPostProcessor
[736/740    0s] CopyFiles Library/ScriptAssemblies/MiniMarket.Editor.dll
[737/740    0s] CopyFiles Library/ScriptAssemblies/MiniMarket.Tests.pdb
[738/740    0s] CopyFiles Library/ScriptAssemblies/MiniMarket.Editor.pdb
[739/740    0s] CopyFiles Library/ScriptAssemblies/MiniMarket.Tests.dll
*** Tundra build success (1.79 seconds), 13 items updated, 740 evaluated
Assets/Scripts/UI/RuntimeHud.cs(16,48): warning CS0108: 'RuntimeHud.audio' hides inherited member 'Component.audio'. Use the new keyword if hiding was intended.
AssetDatabase: script compilation time: 2.060380s
Total cache size 89496810
Total cache size after purge 89496810, took 00:00:00.0240007
Begin MonoManager ReloadAssembly
Symbol file LoadedFromMemory is not a mono symbol file
- Loaded All Assemblies, in  0.291 seconds
Refreshing native plugins compatible for Editor in 0.09 ms, found 0 plugins.
Native extension for LinuxStandalone target not found
Native extension for WebGL target not found
ScheduleIndexationOnStartup MainProcess:True IndexOnStartup:True
Mono: successfully reloaded assembly
- Finished resetting the current domain, in  1.449 seconds
Domain Reload Profiling: 1740ms
	BeginReloadAssembly (90ms)
		ExecutionOrderSort (0ms)
		DisableScriptedObjects (10ms)
		BackupInstance (0ms)
		ReleaseScriptingObjects (0ms)
		CreateAndSetChildDomain (30ms)
	RebuildCommonClasses (18ms)
	RebuildNativeTypeToScriptingClass (5ms)
	initialDomainReloadingComplete (13ms)
	LoadAllAssembliesAndSetupDomain (164ms)
		LoadAssemblies (116ms)
		RebuildTransferFunctionScriptingTraits (0ms)
		AnalyzeDomain (78ms)
			TypeCache.Refresh (55ms)
				TypeCache.ScanAssembly (49ms)
			BuildScriptInfoCaches (18ms)
			ResolveRequiredComponents (4ms)
	FinalizeReload (1449ms)
		ReleaseScriptCaches (0ms)
		RebuildScriptCaches (0ms)
		SetupLoadedEditorAssemblies (1355ms)
			LogAssemblyErrors (0ms)
			InitializePlatformSupportModulesInManaged (13ms)
			SetLoadedEditorAssemblies (2ms)
			BeforeProcessingInitializeOnLoad (74ms)
			ProcessInitializeOnLoadAttributes (1177ms)
			ProcessInitializeOnLoadMethodAttributes (88ms)
			AfterProcessingInitializeOnLoad (2ms)
			EditorAssembliesLoaded (0ms)
		ExecutionOrderSort2 (0ms)
		AwakeInstancesAfterBackupRestoration (10ms)
Start importing Assets/StreamingAssets/Data/runtime-asset-catalog.json using Guid(09dbb5feb1801d905b50e4c5021020bd) (DefaultImporter) -> (artifact id: 'aba5793b48823c679827a1b5fa89a2de') in 0.087960835 seconds
Start importing Assets/StreamingAssets/Art/Hair/Hair_13_BobBangs.glb using Guid(00dc92d5011c98f9388b93c10f0547aa) (DefaultImporter) -> (artifact id: 'ec6c69c3c93707fffcf33349504765e2') in 0.000321596 seconds
Start importing Assets/StreamingAssets/Art/Hair/Hair_08_Bun.glb using Guid(3056c0731e3b11fce96c358b4bea6de3) (DefaultImporter) -> (artifact id: '08ea8db28c63a4c389b67635228cb544') in 0.00023852 seconds
Start importing Assets/StreamingAssets/Art/Furniture/BreadOven.glb using Guid(30b84b7c8ecd7ae2e9d594bc0d905acd) (DefaultImporter) -> (artifact id: '1371360514ca6ae5a25cf86361bfeb08') in 0.000210612 seconds
Start importing Assets/StreamingAssets/Art/StoreDisplays/BasketStackAlt.glb using Guid(703170728fd5dfef9b1f8278ffa21eb2) (DefaultImporter) -> (artifact id: '10dbd855914ab03fb40d42ee9431c4ab') in 0.000230008 seconds
Start importing Assets/StreamingAssets/Art/Furniture/Pallet.glb using Guid(70f8ba2cc9734e4a59adb82987b19ce8) (DefaultImporter) -> (artifact id: 'ba59b47b4d1025007457ee0d2d0e26dd') in 0.000198911 seconds
Start importing Assets/StreamingAssets/Art/StoreEquipment/DeliveryDock.glb using Guid(a0eea9fa52f536d2fb62b0685e88a58c) (DefaultImporter) -> (artifact id: 'a7f4798568b34011f1797a0555777a5d') in 0.000202682 seconds
Start importing Assets/StreamingAssets/Art/Farm/Sprinkler.glb using Guid(a04fe776c546792539ca534ed58526a2) (DefaultImporter) -> (artifact id: 'b1f2a6ccd878636e84899dd8455dc767') in 0.000199937 seconds
Start importing Assets/StreamingAssets/Art/Furniture/StockroomRack.glb using Guid(c07d27e47def6c5939178812ef0703d2) (DefaultImporter) -> (artifact id: 'e168c9231f55682691cfe3fe3129c2e3') in 0.000216849 seconds
Start importing Assets/StreamingAssets/Art/Utility/SeasonalDisplay.glb using Guid(d083005ce0bf50e24b896959ff41e5a1) (DefaultImporter) -> (artifact id: 'c124f7f4b077948d85fc78b9b4cd25be') in 0.000191521 seconds
Start importing Assets/StreamingAssets/Art/Hair/Hair_09_MessyMale.glb using Guid(010f6aa6e18ca682bb89f2e044437058) (DefaultImporter) -> (artifact id: 'e9b56d9866476f731a5f832c9c49bb83') in 0.000188643 seconds
Start importing Assets/StreamingAssets/Art/Furniture/Parcel.glb using Guid(11e64801a43e955968ed8c95cdc1c1f9) (DefaultImporter) -> (artifact id: 'b95a255957e921c8b620e620c40bb3e4') in 0.000183798 seconds
Start importing Assets/StreamingAssets/Art/StoreDisplays/MilkCan.glb using Guid(111eb17373752afa28789bbee4417f84) (DefaultImporter) -> (artifact id: 'cec7d659d04050f648a5576119355a66') in 0.000178346 seconds
Start importing Assets/StreamingAssets/Art/StoreDisplays/BaggingAreaAlt.glb using Guid(212015d9679d8ef91871619cdc6c3523) (DefaultImporter) -> (artifact id: 'ef460a239f445cbf55af1a98f9181a1b') in 0.000176255 seconds
Start importing Assets/StreamingAssets/Art/Furniture/ChestFreezer.glb using Guid(313211d9f7f003ee7bfcf301311de092) (DefaultImporter) -> (artifact id: '46a6764de04dd986d5c15b102c58de1c') in 0.000200156 seconds
Start importing Assets/StreamingAssets/Art/Furniture/UtilitySink.glb using Guid(410df4e7bd9bd2aa397104b232f2dddc) (DefaultImporter) -> (artifact id: '5d906dedb4e66fff6e93493d1bad3f04') in 0.000180697 seconds
Start importing Assets/StreamingAssets/Art/Exterior/RoadSegment.glb using Guid(6124916315658ce4182db06de9743909) (DefaultImporter) -> (artifact id: '1232c18f25cb763d26e443f4c28ef6a0') in 0.000179283 seconds
Start importing Assets/StreamingAssets/Art/StoreDisplays/DeliveryDockAlt.glb using Guid(616b38cea609093598997032806bcaab) (DefaultImporter) -> (artifact id: 'ee326534df37f6d4c9dd7ba23a942b97') in 0.000175292 seconds
Start importing Assets/StreamingAssets/Art/Products/Juice.glb using Guid(618d92b124bd03126bfcc96e3a9dc1ae) (DefaultImporter) -> (artifact id: '2dea119ec00239764d9eca207194866a') in 0.000165699 seconds
Start importing Assets/StreamingAssets/Art/Hair/Hair_11_SideSweepMale.glb using Guid(61dde7357c13e66b082c0a4c3c3e857c) (DefaultImporter) -> (artifact id: '8ea71e7d83123f0058c47f3f6d5ed17f') in 0.000183863 seconds
Start importing Assets/StreamingAssets/Art/Products/Wheat.glb using Guid(814a9318e675e5541b7765ff20d216dc) (DefaultImporter) -> (artifact id: '34810f4154aa8dfbddaf9c21d1bf3cf1') in 0.000171115 seconds
Start importing Assets/StreamingAssets/Art/Hair/Hair_07_LongWavy.glb using Guid(b10447f36358ccc94897ffc8cdc95eaa) (DefaultImporter) -> (artifact id: '8fe41c246e1618557146a83bd5d91c20') in 0.000168598 seconds
Start importing Assets/StreamingAssets/Art/Furniture/FloorTileBeige.glb using Guid(b13b6c44e6d38f1a195d81beb4ab7703) (DefaultImporter) -> (artifact id: 'ca13c7d2da31670fe94e138e93165ac3') in 0.00017195 seconds
Start importing Assets/StreamingAssets/Art/Hats/Hat_08_Panda.glb using Guid(d1f230c6ca38770189a5cd959c863f96) (DefaultImporter) -> (artifact id: 'e1cea52f883b6ea613f863736b350046') in 0.000164168 seconds
Start importing Assets/StreamingAssets/Art/Farm/FarmPlotWatered.glb using Guid(d16b30125d8399860ba5fd3649a3a9d2) (DefaultImporter) -> (artifact id: '1016c84383e50bc8bcac105be9669d20') in 0.000181841 seconds
Start importing Assets/StreamingAssets/Art/Products/Coffee.glb using Guid(d16e63f943a47367cb828ed4737a0a3e) (DefaultImporter) -> (artifact id: '65149082c496421212492f7815ddf84c') in 0.000170446 seconds
Start importing Assets/StreamingAssets/Art/StoreDisplays/PromotionalBasket.glb using Guid(029a95905f2358048ac814e28274a499) (DefaultImporter) -> (artifact id: 'be74eaa8d6002eb988b91c538a91379b') in 0.000169933 seconds
Start importing Assets/StreamingAssets/Art/Products/Flour.glb using Guid(4250f4b8213bbb7e9a334f660068cb8e) (DefaultImporter) -> (artifact id: '01f72159d5e150577a991f42ad51faee') in 0.000169196 seconds
Start importing Assets/StreamingAssets/Art/StoreDisplays/OperationsWall.glb using Guid(8276c00a1f78aad11949a0a3a72afaac) (DefaultImporter) -> (artifact id: '84a96f40613088166d1d83cfd75a9ca3') in 0.000185211 seconds
Start importing Assets/StreamingAssets/Art/Farm/FarmGate.glb using Guid(b2057e3b6ea9a146e9eab02d9c6a62a0) (DefaultImporter) -> (artifact id: '78998420711b489765105723c74f686f') in 0.000168751 seconds
Start importing Assets/StreamingAssets/Art/Products/Egg.glb using Guid(b28f653506f33657e92acd4684f3c3f6) (DefaultImporter) -> (artifact id: 'ad86482a27271a7e5d68c8213abd588f') in 0.000177677 seconds
Start importing Assets/StreamingAssets/Art/Furniture2/WoodCrate.glb using Guid(d21d61ea6d769365e8bc8f220b53c67e) (DefaultImporter) -> (artifact id: '6ad2401cf4d19abd7fd24bdd41dbd043') in 0.00017052 seconds
Start importing Assets/StreamingAssets/Art/Hats/Hat_09_Frog.glb using Guid(d29ddfc1df35b30b8b5da8b00214dc9f) (DefaultImporter) -> (artifact id: '918aed9ec6e52b6563139174f542759a') in 0.000198914 seconds
Start importing Assets/StreamingAssets/Art/Hats/Hat_06_Rhino.glb using Guid(d21f1f4fb2e8b49fb80eff8a1bb68d18) (DefaultImporter) -> (artifact id: 'ffa0baecf2e8be6bb4934a94492c103b') in 0.000175985 seconds
Start importing Assets/StreamingAssets/Art/Farm/CropSprout.glb using Guid(e2f7341b4f2fcd848ae96e915f87870e) (DefaultImporter) -> (artifact id: '03f123005e0a08ea32a0f6ccf3af1277') in 0.000186418 seconds
Start importing Assets/StreamingAssets/Art/Furniture/ShoppingCart.glb using Guid(f29fc5b7a5f95977b9fb6018de9db72d) (DefaultImporter) -> (artifact id: 'b1f57479af39d91bd4dbe238f2ca91dc') in 0.000178356 seconds
Start importing Assets/StreamingAssets/Art/Farm/CarrotRipe.glb using Guid(331de1fbf8f55e3469dd9a3893dd0ce3) (DefaultImporter) -> (artifact id: '954df1ef205b4a8ee86e66eb580aef98') in 0.0001799 seconds
Start importing Assets/StreamingAssets/Art/StoreDisplays/Cow.glb using Guid(53c00abbb7f47d505bc40827879d9f75) (DefaultImporter) -> (artifact id: '9b06c3622a65e1dc76f9b64809b7d292') in 0.000174189 seconds
Start importing Assets/StreamingAssets/Art/Furniture/FloorTileWhite.glb using Guid(53988514d3fdb21249232bc0be47a918) (DefaultImporter) -> (artifact id: '61450abfde54b57059f55e524737708b') in 0.000166993 seconds
Start importing Assets/StreamingAssets/Art/StoreEquipment/StoreEntrance.glb using Guid(739ada323b27d8fb89e953f95413fef0) (DefaultImporter) -> (artifact id: '3f3c71e21075b2006e5a1d454c6f221b') in 0.000173155 seconds
Start importing Assets/StreamingAssets/Art/Farm/WoodCrate.glb using Guid(9357b13666d8e2cd1875af337e40c42b) (DefaultImporter) -> (artifact id: 'e6cc7fbc1a38c587a3bb1108100866c9') in 0.00017906 seconds
Start importing Assets/StreamingAssets/Art/StoreDisplays/CheckoutArea.glb using Guid(933b41aff1b79f2e69fd95626b62d236) (DefaultImporter) -> (artifact id: '4d7df2332a22dfc73f81ef84510d89f4') in 0.000172535 seconds
Start importing Assets/StreamingAssets/Art/Furniture/WorkCounter.glb using Guid(c305d49ca36cc88a79a0439a17ee915a) (DefaultImporter) -> (artifact id: '8c17e4a4d4c1d30030d5714afb448175') in 0.000169176 seconds
Start importing Assets/StreamingAssets/Art/Hats/Hat_07_Giraffe.glb using Guid(e3a9bdaf899644f538128e80c064f2a4) (DefaultImporter) -> (artifact id: '655c3e887ff5ab0ceab8321a4838b6c0') in 0.000211512 seconds
Start importing Assets/StreamingAssets/Art/Furniture2/DisplayRefrigeratedDoors.glb using Guid(f3b8575d46f5ed181b0d318635a977b6) (DefaultImporter) -> (artifact id: '1372940ab909a26681a100bd944d504f') in 0.000175251 seconds
Start importing Assets/StreamingAssets/Art/Farm/MiniGreenhouse.glb using Guid(f3ffafa60b8cd817287f53f13aa5627b) (DefaultImporter) -> (artifact id: '644afecd29847b4d5cf99bb8c68371ce') in 0.000167312 seconds
Start importing Assets/StreamingAssets/Art/Farm/CropSeed.glb using Guid(442ce87b023a1995cb33897d108cf489) (DefaultImporter) -> (artifact id: '7730cfb0aae0793da060c679d0df8d53') in 0.00016871 seconds
Start importing Assets/StreamingAssets/Art/Furniture2/ShelfPriceRail.glb using Guid(84c5bd91f28a9e9f89dc2c8765656ab3) (DefaultImporter) -> (artifact id: 'b340f14e33eff38e305b5b71807d3551') in 0.000177723 seconds
Start importing Assets/StreamingAssets/Art/Exterior/StreetLight.glb using Guid(948aaebb00bc12b5c8c4589a0341f897) (DefaultImporter) -> (artifact id: 'bc5c385076442d3249f7288444958758') in 0.000173819 seconds
Start importing Assets/StreamingAssets/Art/Hats/Hat_03_Chicken.glb using Guid(943fb4ecabf124c5ca0f03d04f314bcc) (DefaultImporter) -> (artifact id: 'e01f13dba2b77c9196c603114f796aa6') in 0.000169735 seconds
Start importing Assets/StreamingAssets/Art/Hats/Hat_11_Rabbit.glb using Guid(a484a6af07a6dc5bdb9586670c002aa9) (DefaultImporter) -> (artifact id: 'a13dbd3bd07ddd798948289e92976594') in 0.000168933 seconds
Start importing Assets/StreamingAssets/Art/Hats/Hat_02_Fox.glb using Guid(c4b7a57245ec9ecd99f0959995f6f3a3) (DefaultImporter) -> (artifact id: '58e8ced653d2fa69656fff7e18735a1a') in 0.00017469 seconds
Start importing Assets/StreamingAssets/Art/StoreDisplays/EggDisplay.glb using Guid(d449e6b4a8e4aac97834a738659b9bc5) (DefaultImporter) -> (artifact id: 'd04b30628feb8ebc58261b0851790ec1') in 0.000177635 seconds
Start importing Assets/StreamingAssets/Art/Hair/Hair_06_Ponytail.glb using Guid(f4490a8ca19035b37a4f2870fc0bab3f) (DefaultImporter) -> (artifact id: '2120f3faa2ccd858f85fd626b6703003') in 0.000175105 seconds
Start importing Assets/StreamingAssets/Art/Products/Corn.glb using Guid(053be8bcff624270fa5438b07f2ccfde) (DefaultImporter) -> (artifact id: '35e9218bbf89a6b0294dd5a12ac8c4ad') in 0.000163967 seconds
Start importing Assets/StreamingAssets/Art/Utility/ReturnsStation.glb using Guid(05cc0dab69582cff4bee9547029de89f) (DefaultImporter) -> (artifact id: '8239f76c413f296b69abc81fb329df2c') in 0.000168965 seconds
Start importing Assets/StreamingAssets/Art/Utility/HarvestBasket.glb using Guid(15d54693591ab589eb491b70cf38541a) (DefaultImporter) -> (artifact id: 'e76c85fb322faf8d48f6d98c3837b422') in 0.000173091 seconds
Start importing Assets/StreamingAssets/Art/Hair/Hair_12_SpikyMale.glb using Guid(3500b6260d5ec45abb18c3764203a776) (DefaultImporter) -> (artifact id: '2e63736df5d34cd16dde73742e5aac0e') in 0.0001792 seconds
Start importing Assets/StreamingAssets/Art/Farm/RaisedBed.glb using Guid(8596518e7ec1f7383b10133ac799313b) (DefaultImporter) -> (artifact id: '7fa56ce361e0739cbea557f578a18df6') in 0.000177477 seconds
Start importing Assets/StreamingAssets/Art/Furniture/AutomaticDoor.glb using Guid(952442ba8a5f7565da7e632511e3b0e4) (DefaultImporter) -> (artifact id: 'd841bf03c2cbf7f2fa20bd8cd76b9c67') in 0.000174035 seconds
Start importing Assets/StreamingAssets/Art/StoreEquipment/FlourMill.glb using Guid(a55c8c0b11e35678c98c288590e73844) (DefaultImporter) -> (artifact id: 'fd2419e99e7246e23eaa154f3a25ff54') in 0.000168793 seconds
Start importing Assets/StreamingAssets/Art/Utility/CashierStool.glb using Guid(06f47340fd2edba29885282b8048f07e) (DefaultImporter) -> (artifact id: '9775425e7d70cd21ec896210565a9c72') in 0.000168064 seconds
Start importing Assets/StreamingAssets/Art/Farm/IrrigationBed.glb using Guid(462d511130f1be0b4b9d87925580ac5d) (DefaultImporter) -> (artifact id: 'a5439ec8ec58c9fc78ac61029dc1b0a6') in 0.000179759 seconds
Start importing Assets/StreamingAssets/Art/Furniture2/ShelfGondolaSingle.glb using Guid(86a3c7f697de9bf2a900ea1f5ab9af79) (DefaultImporter) -> (artifact id: '015afced40f3da4705c0710028a0186f') in 0.000193943 seconds
Start importing Assets/StreamingAssets/Art/Exterior/SidewalkSegment.glb using Guid(86ea66c6b67001062ba4308eb9f46a2e) (DefaultImporter) -> (artifact id: 'df69da0aef5c212e4f173021ccf42636') in 0.000184245 seconds
Start importing Assets/StreamingAssets/Art/StoreEquipment/CashDrawer.glb using Guid(b6a14dbe74dc9e3398741114a8eed5a5) (DefaultImporter) -> (artifact id: '766dfbe57683c3c3307d1f615fa2d0f6') in 0.000210875 seconds
Start importing Assets/StreamingAssets/Art/Utility/BackroomStorage.glb using Guid(b685a356a599f6302bd68fb9e6d4f45c) (DefaultImporter) -> (artifact id: '27e5b1e84232f50aa3aecf8e051a25d2') in 0.000183973 seconds
Start importing Assets/StreamingAssets/Art/StoreDisplays/EggTray.glb using Guid(0728a436d8e4a5daa944f6cf8412d8d6) (DefaultImporter) -> (artifact id: '7fdca647b13737f409351bbd6e4d1d85') in 0.000178939 seconds
Start importing Assets/StreamingAssets/Art/Furniture2/DisplayTable.glb using Guid(178c2221e20947169a650179ad3e2604) (DefaultImporter) -> (artifact id: '285cf1e59fc7c8ef22fed615641dd7e3') in 0.000177184 seconds
Start importing Assets/StreamingAssets/Art/StoreDisplays/Chicken.glb using Guid(271717537a5a4eb979b98f3ba1714e50) (DefaultImporter) -> (artifact id: '467437466443d8703c3eabcfe19c06dd') in 0.000171388 seconds
Start importing Assets/StreamingAssets/Art/Furniture2/DisplayProduceSloped.glb using Guid(271d469d4c1117cd5931ab93040256a2) (DefaultImporter) -> (artifact id: '5790fdec918d5b417a8b501d31672641') in 0.000165411 seconds
Start importing Assets/StreamingAssets/Art/Farm/FarmFenceLong.glb using Guid(37494c7eafc42c46dbddfac3a248f24a) (DefaultImporter) -> (artifact id: 'ecee6aa295e60759e4aebbcce1bbe985') in 0.000162653 seconds
Start importing Assets/StreamingAssets/Art/Hair/Hair_14_Pigtails.glb using Guid(379c629b60e16786ba84c59b0ec77a1b) (DefaultImporter) -> (artifact id: '40995c48bfdd6c78d85f9c20da0ddf9f') in 0.000177627 seconds
Start importing Assets/StreamingAssets/Art/Furniture2/ShelfWallTall.glb using Guid(6747c58f283104c4f9fb6822fb94b9b2) (DefaultImporter) -> (artifact id: 'b35e61e328f1dbc371729f748b931f98') in 0.000171028 seconds
Start importing Assets/StreamingAssets/Art/Exterior/Car.glb using Guid(77b7dfbde27328ebea88c401486d5877) (DefaultImporter) -> (artifact id: '1a4b82b4fa42fadba2dd684ba783e7bd') in 0.00016784 seconds
Start importing Assets/StreamingAssets/Art/Farm/IrrigationChannel.glb using Guid(a7663fa602f78028ca5a45d63308958e) (DefaultImporter) -> (artifact id: '707584cb708ea024f46d131e078f28e6') in 0.000170495 seconds
Start importing Assets/StreamingAssets/Art/Furniture2/ShelfWallWide.glb using Guid(e777f7030feafec75ba948b6b00f3aa9) (DefaultImporter) -> (artifact id: 'c633377cea9a5eaf02e31bed5dc708d0') in 0.0001741 seconds
Start importing Assets/StreamingAssets/Art/Farm/PumpkinRipe.glb using Guid(f78489a04d9cf451893a075a79606002) (DefaultImporter) -> (artifact id: '33a24c068ed391e2f0d420b0c6a44851') in 0.000169095 seconds
Start importing Assets/StreamingAssets/Art/Utility/CowPaddock.glb using Guid(18498718c03df84d7b7106a079162d23) (DefaultImporter) -> (artifact id: '2ee075f17960914796dd9e3512c5c1e4') in 0.000163615 seconds
Start importing Assets/StreamingAssets/Art/Farm/FarmPlotSeeded.glb using Guid(281d744c1b1de5fb4928f57f837a23bd) (DefaultImporter) -> (artifact id: '3b9ca56bfe9f740d559a37b136b533d7') in 0.000167661 seconds
Start importing Assets/StreamingAssets/Art/Hair/Hair_10_CurlyMale.glb using Guid(4827c78ddab7826a391c4b4d5da6da86) (DefaultImporter) -> (artifact id: 'fa4eb37acf674f20dbb30e881efe4b90') in 0.000177234 seconds
Start importing Assets/StreamingAssets/Art/Hats/Hat_10_Cow.glb using Guid(58bdb0b02a5c5c167bbffbc31c978efa) (DefaultImporter) -> (artifact id: '1810210aab18a7ece503ddf4793da7f7') in 0.000171174 seconds
Start importing Assets/StreamingAssets/Art/Furniture/SecurityCamera.glb using Guid(782488ca7ecb760898fef6072e3cf6e5) (DefaultImporter) -> (artifact id: '88c49eb9fe7a5b2a5942e29c9e523555') in 0.000171797 seconds
Start importing Assets/StreamingAssets/Art/StoreDisplays/StoreEntranceAlt.glb using Guid(88dee9d545e65e43ca281e61f14f95dd) (DefaultImporter) -> (artifact id: '5cd45e571cb8a0e362fff0c15645d407') in 0.000177684 seconds
Start importing Assets/StreamingAssets/Art/Furniture/WallStraight.glb using Guid(b8b6d64b00f28d0ac908dbde05053a61) (DefaultImporter) -> (artifact id: 'e2f7547c1d1f78b0cc30b13eef65233b') in 0.000167086 seconds
Start importing Assets/StreamingAssets/Art/StoreDisplays/FarmToolSet.glb using Guid(b8773ea5c7472b5248faf73a28d5cf7a) (DefaultImporter) -> (artifact id: 'df60c415e60faa3c3ef85f860b6698aa') in 0.000173339 seconds
Start importing Assets/StreamingAssets/Art/Hair/Hair_01_SidePart.glb using Guid(d816047a83d6cdb4aa84f7363957006f) (DefaultImporter) -> (artifact id: '248679e6ce4645cb5050662f43e5e4d6') in 0.000170009 seconds
Start importing Assets/StreamingAssets/Art/Hair/Hair_05_Bob.glb using Guid(09e50ae75cca666c087175480980884b) (DefaultImporter) -> (artifact id: '7dfe6e3d320096bc21d52310233dd833') in 0.000169758 seconds
Start importing Assets/StreamingAssets/Art/Hats/Hat_04_Owl.glb using Guid(09064fd5b5b1701178c383b9767bf77f) (DefaultImporter) -> (artifact id: '845f9ce4176cc5ccf4a9d23723bdfda1') in 0.000162999 seconds
Start importing Assets/StreamingAssets/Art/StoreDisplays/UpgradePlatformAlt.glb using Guid(190b1077be7e98864bef5627ba50e806) (DefaultImporter) -> (artifact id: '856e960f491c443248a716c56bb693e6') in 0.000171107 seconds
Start importing Assets/StreamingAssets/Art/StoreEquipment/BasketStack.glb using Guid(191c1146977eedf25beadff979e43210) (DefaultImporter) -> (artifact id: 'f57e9a7d732064f7ee08e0d11bb9f2d4') in 0.000163574 seconds
Start importing Assets/StreamingAssets/Art/StoreDisplays/CheckoutScannerAlt.glb using Guid(19cdffc329977f51591babdf24028a7f) (DefaultImporter) -> (artifact id: '1fabc39def5d513e151037b8148479f4') in 0.000171369 seconds
Start importing Assets/StreamingAssets/Art/Farm/CropGrowing.glb using Guid(39ac918931e1106e2bc86eab7b1c591e) (DefaultImporter) -> (artifact id: 'cdd38add752fb55154aec9531d8bb363') in 0.000161511 seconds
Start importing Assets/StreamingAssets/Art/Furniture/Conveyor.glb using Guid(a96631d30bdd6335696ee9dbf7e3742e) (DefaultImporter) -> (artifact id: 'ae8cc21a926df63f12d3b5d9e3ee8a2b') in 0.000162134 seconds
Start importing Assets/StreamingAssets/Art/Farm/CompostBin.glb using Guid(b940e1770d43e6e16ad14e3d6fb35fbe) (DefaultImporter) -> (artifact id: '07fb499bb7b8e22cb82104f2c17e1b70') in 0.000162381 seconds
Start importing Assets/StreamingAssets/Art/Farm/WheatRipe.glb using Guid(d9b2046e24e68fc789a3be6bbfab0e48) (DefaultImporter) -> (artifact id: '81e9d7967b09761cebb7662b5c33e352') in 0.000169922 seconds
Start importing Assets/StreamingAssets/Art/Products/Milk.glb using Guid(e9540afb3e37de817bcee08141ff3d41) (DefaultImporter) -> (artifact id: '541ce8dd21cfecb98ea23a8aa2749bf3') in 0.00016772 seconds
Start importing Assets/StreamingAssets/Art/StoreEquipment/UpgradePlatform.glb using Guid(e95c5414fef39859896bf76ab8edc60d) (DefaultImporter) -> (artifact id: 'b14215e1d07aa73d19b0ea674fb06288') in 0.000159227 seconds
Start importing Assets/StreamingAssets/Art/Furniture/RefrigeratedDisplay.glb using Guid(f935322e9d0e5c309937463da2c5fc45) (DefaultImporter) -> (artifact id: '60471a1399914edd95644e983fe82100') in 0.000175489 seconds
Start importing Assets/StreamingAssets/Art/Products/Bread.glb using Guid(0a50ba50180d033c1bd8a470fd37e755) (DefaultImporter) -> (artifact id: '16890aa13e67828101f738f738f8bb13') in 0.000178681 seconds
Start importing Assets/StreamingAssets/Art/Products/Tomato.glb using Guid(5a4c2e9a118c3eadeaae1e5b998814e3) (DefaultImporter) -> (artifact id: 'da440a0cd628bdc8c504513a11b77ab4') in 0.00016612 seconds
Start importing Assets/StreamingAssets/Art/Furniture2/ShoppingBasketAlt.glb using Guid(6a0aca15d4c15305c837d2f1a4bfb8a9) (DefaultImporter) -> (artifact id: 'd78d77decf5bded5f5fffe75823dfd21') in 0.000170377 seconds
Start importing Assets/StreamingAssets/Art/Furniture2/CheckoutShelf.glb using Guid(6a7d89914e17118f39a0fee45c20ad29) (DefaultImporter) -> (artifact id: 'ca7940ff2b955f503f9166a6fef226f9') in 0.0001704 seconds
Start importing Assets/StreamingAssets/Art/Exterior/Tree.glb using Guid(8a359c79a93f5e2c6a2238142709ca04) (DefaultImporter) -> (artifact id: '8cf15ead6b2a62e29f5845311ac817d6') in 0.000172894 seconds
Start importing Assets/StreamingAssets/Art/Exterior/Bench.glb using Guid(ba63ec4dd48a349a3be63887895dadcf) (DefaultImporter) -> (artifact id: '65afbd6dad515c174e25a4d0291c47e2') in 0.000165208 seconds
Start importing Assets/StreamingAssets/Art/StoreEquipment/CheeseMachine.glb using Guid(cae8d1e8307c34c9987f9746af1709dc) (DefaultImporter) -> (artifact id: 'febe343188fb4718513f5d4530d1e929') in 0.000173036 seconds
Start importing Assets/StreamingAssets/Art/Utility/BakeryWorkArea.glb using Guid(caca1027ffe4bdd0b8726155af43d8ae) (DefaultImporter) -> (artifact id: '4076792112d68cb98e00acba67aa6d2f') in 0.000167654 seconds
Start importing Assets/StreamingAssets/Art/Farm/CropSmall.glb using Guid(ea5a2195f058e4d8986495b93ea90bd7) (DefaultImporter) -> (artifact id: 'e3d672c8dbe3462c9f3c5c66780b85be') in 0.000168587 seconds
Start importing Assets/StreamingAssets/Art/Farm/FarmPlotEmpty.glb using Guid(ea9c9c38b9eb4b33da9944cb2807b638) (DefaultImporter) -> (artifact id: '6df9f3a7afc6da3e93229d4413b6f798') in 0.00016074 seconds
Start importing Assets/StreamingAssets/Art/Exterior/Crosswalk.glb using Guid(fa921bb1316fe29c6b0753081fc0ef6d) (DefaultImporter) -> (artifact id: '6bc2a6c51944069491ac9dffe85cbd05') in 0.000159574 seconds
Start importing Assets/StreamingAssets/Art/StoreDisplays/CashDrawerAlt.glb using Guid(fab9164364217602a8c8400e724f092c) (DefaultImporter) -> (artifact id: '031abb8b96e44c8a4fedcd04f2233cb5') in 0.000165977 seconds
Start importing Assets/StreamingAssets/Art/Furniture/WallCorner.glb using Guid(fa3c56c55fb5e76e49330bcc350b766c) (DefaultImporter) -> (artifact id: '9a83f40defc50e8fafb58f5528245541') in 0.000176632 seconds
Start importing Assets/StreamingAssets/Art/Hair/Hair_04_SlickBack.glb using Guid(0b7386e520396ec899817bafab03a616) (DefaultImporter) -> (artifact id: '940e8143f11cc0a36caa61cd0e65dd59') in 0.000166622 seconds
Start importing Assets/StreamingAssets/Art/StoreEquipment/ReusableShoppingBag.glb using Guid(2bfcf198293f02b99bba1cd2d4e98b45) (DefaultImporter) -> (artifact id: '429daf655c9ee73d2a60ee8992338d1f') in 0.000164451 seconds
Start importing Assets/StreamingAssets/Art/Hats/Hat_01_RedPanda.glb using Guid(2b5d8c84a09a00effb7d8430d9e51392) (DefaultImporter) -> (artifact id: '71f5c1ace8f4a61d55a21665f419f2d0') in 0.000172655 seconds
Start importing Assets/StreamingAssets/Art/Farm/WateringCan.glb using Guid(5b1bc39f1a6c69a28acd0d34a3ddb62d) (DefaultImporter) -> (artifact id: 'ea9703d2133feb3734fc081e57304c54') in 0.000173009 seconds
Start importing Assets/StreamingAssets/Art/Utility/GlassPartition.glb using Guid(6b121085d8d02f133bbca29c17dc9386) (DefaultImporter) -> (artifact id: '8cb48782b8e02fe044d33ff6d967d3c3') in 0.00016664 seconds
Start importing Assets/StreamingAssets/Art/Furniture/CheckoutCounter.glb using Guid(9b8d45f43a57ff882ac341f573ca9647) (DefaultImporter) -> (artifact id: '40feba1d13b555dbe4cf2649cb559acd') in 0.000173661 seconds
Start importing Assets/StreamingAssets/Art/Farm/TomatoRipe.glb using Guid(fb72c2ab22100735ba86e6a1b8b76f22) (DefaultImporter) -> (artifact id: 'bf7178f68075d9be8cfb4d040a04c9a3') in 0.000168507 seconds
Start importing Assets/StreamingAssets/Art/Exterior/CityBuilding.glb using Guid(0cd33974b594708ed85aa7c90f17215c) (DefaultImporter) -> (artifact id: 'c777030eff47a889ad1a45a3bbf23437') in 0.000170305 seconds
Start importing Assets/StreamingAssets/Art/StoreEquipment/BaggingArea.glb using Guid(0c47ad7e4ce82ffd8af9e64ce23c9505) (DefaultImporter) -> (artifact id: '94c5560dbe1deb732b5ab0636d3d4d7d') in 0.000166273 seconds
Start importing Assets/StreamingAssets/Art/Hats/Hat_12_Capybara.glb using Guid(6c322223811526ce89853f8d647edd25) (DefaultImporter) -> (artifact id: '5d56e9dbcc30156a1b744750ffb9cde2') in 0.000174068 seconds
Start importing Assets/StreamingAssets/Art/Utility/CheckoutBag.glb using Guid(6cb9df95c31239c97b4657c357881c7a) (DefaultImporter) -> (artifact id: '370024f853025b6c78b84e317ec02a23') in 0.000169522 seconds
Start importing Assets/StreamingAssets/Art/Exterior/BusStop.glb using Guid(6cfd4095b6511bde898042e81da7874a) (DefaultImporter) -> (artifact id: '704091b9c5fb51319076127a7ca2ca3b') in 0.000174434 seconds
Start importing Assets/StreamingAssets/Art/Furniture/ReceiptPrinter.glb using Guid(8cd1bdcaaa8f2c6fa9237e9e6c922669) (DefaultImporter) -> (artifact id: '53cf012e8344104ada05f10e3e1fc7cd') in 0.000165525 seconds
Start importing Assets/StreamingAssets/Art/Utility/CartBay.glb using Guid(bc1869590398de24990d726a3ca0e852) (DefaultImporter) -> (artifact id: '21a8c87b74057f9d961ca01e86394213') in 0.000173251 seconds
Start importing Assets/StreamingAssets/Art/Furniture/HangingSign.glb using Guid(cc45e040741b3ab75b80a16e1750574b) (DefaultImporter) -> (artifact id: '4ea617bdbb2fab1a073c2b008d34206a') in 0.000170455 seconds
Start importing Assets/StreamingAssets/Art/Farm/CornRipe.glb using Guid(fc0c84c6221bfe304959510fbaa2d72b) (DefaultImporter) -> (artifact id: 'b74eeb93fc67ee4613e8919ed699aaa7') in 0.000168992 seconds
Start importing Assets/StreamingAssets/Art/Utility/FarmWaterTank.glb using Guid(0d72b47768d86fdd0a0e527da0dfa567) (DefaultImporter) -> (artifact id: '79a99791b37671c05124911c819ea421') in 0.000163487 seconds
Start importing Assets/StreamingAssets/Art/Exterior/ParkingSpace.glb using Guid(0dbb0944f3340baff9e2921df092697f) (DefaultImporter) -> (artifact id: '5be2149df4fcd352879f39382ee6fa6f') in 0.000174233 seconds
Start importing Assets/StreamingAssets/Art/Farm/FarmFenceShort.glb using Guid(0dbfb87674ec85114afbc5351ff6a8b8) (DefaultImporter) -> (artifact id: '204eb15e5b006aabf937775432b25ba6') in 0.000172011 seconds
Start importing Assets/StreamingAssets/Art/Furniture/ShoppingBasket.glb using Guid(2de2d10b2bc302d08bb8e320e082e622) (DefaultImporter) -> (artifact id: 'b932954fa23c729bc1e3dbb9b6b33bd2') in 0.000180774 seconds
Start importing Assets/StreamingAssets/Art/Furniture/CardTerminal.glb using Guid(4dd6a2fb546aa7fa99fba5e2b88d54ad) (DefaultImporter) -> (artifact id: '7e229b174d0f4f13e5736f976a481b11') in 0.000168122 seconds
Start importing Assets/StreamingAssets/Art/Products/Cheese.glb using Guid(5daf5a80897945d4688b42e1690d268b) (DefaultImporter) -> (artifact id: 'a7a7d2332376b5e1bce0ad2b112853ea') in 0.000164467 seconds
Start importing Assets/StreamingAssets/Art/StoreEquipment/HiringPoint.glb using Guid(6d18792b324bcac128f522259b01e0d0) (DefaultImporter) -> (artifact id: 'aa2379773bc1860d1a0a75dff5876457') in 0.000175252 seconds
Start importing Assets/StreamingAssets/Art/Hair/Hair_02_Fade.glb using Guid(7de28e25f1c35faf3b5025367684b069) (DefaultImporter) -> (artifact id: '58bfa71250f06e326379b5d630af9e2b') in 0.00019094 seconds
Start importing Assets/StreamingAssets/Art/StoreDisplays/FlourMillAlt.glb using Guid(9d932e6ede0a5405ea42a1e02a87f4b4) (DefaultImporter) -> (artifact id: '26b21f582632a24158a68607205efc44') in 0.000171692 seconds
Start importing Assets/StreamingAssets/Art/Furniture/CashRegister.glb using Guid(ada4de63cca8fdc49b65687b2c143f34) (DefaultImporter) -> (artifact id: '4d2b21d67cc0554c8b3669925232fcb3') in 0.000174164 seconds
Start importing Assets/StreamingAssets/Art/Farm/WheatGrowing.glb using Guid(bdf66cecc6b19f2578abb079197250b1) (DefaultImporter) -> (artifact id: '049aa1d5d3e9772e96f2ee3d482334c4') in 0.000190319 seconds
Start importing Assets/StreamingAssets/Art/Farm/FarmFenceCorner.glb using Guid(bd1d86a4031cc85e7b012b8c4c66e2be) (DefaultImporter) -> (artifact id: '8485d1c8a2de62f6d0171d9579e582f6') in 0.000169335 seconds
Start importing Assets/StreamingAssets/Art/Furniture2/DisplayProduceMixed.glb using Guid(ddc473101534a0758a7739e7a582e826) (DefaultImporter) -> (artifact id: '4b2f0a6ec06022669292c406922fd50e') in 0.000168287 seconds
Start importing Assets/StreamingAssets/Art/Furniture2/DisplayBakery.glb using Guid(fd2d02d4ec41dce369e34480179daca4) (DefaultImporter) -> (artifact id: '5d636b19641bf151a95fd017dda58749') in 0.000164457 seconds
Start importing Assets/StreamingAssets/Art/Utility/ChickenPaddock.glb using Guid(0e41752175d48c71587cb008115722b2) (DefaultImporter) -> (artifact id: '5c747e250b54f8832b877601f55681be') in 0.000166968 seconds
Start importing Assets/StreamingAssets/Art/Furniture2/ShelfDivider.glb using Guid(1ed9089b7ef953683a36cf912f9d8fb8) (DefaultImporter) -> (artifact id: 'afaf8aacdae1fe276bf62a88f83f289c') in 0.000158796 seconds
Start importing Assets/StreamingAssets/Art/Furniture/StorefrontWindow.glb using Guid(3e80225f6d060b75a9786d53e96bfcb9) (DefaultImporter) -> (artifact id: '174aee19eb5d6ee14012be6f973a7816') in 0.000235512 seconds
Start importing Assets/StreamingAssets/Art/StoreDisplays/JuiceMachineAlt.glb using Guid(3eca49cb4513ba1cb924b4e1893a1fe2) (DefaultImporter) -> (artifact id: '50d620cbf3d357af90ed2abc750cefcc') in 0.000168694 seconds
Start importing Assets/StreamingAssets/Art/Hair/Hair_03_Wavy.glb using Guid(7e256858c8390c6dabd6a4524015ec9e) (DefaultImporter) -> (artifact id: '67172da32118109665facba4dd7ff57f') in 0.000165156 seconds
Start importing Assets/StreamingAssets/Art/Furniture2/ShelfCorner.glb using Guid(7eac70449a7d73188ba718491872aa3c) (DefaultImporter) -> (artifact id: 'c4c24aa511a7d58e54cddc5e1be97212') in 0.000160885 seconds
Start importing Assets/StreamingAssets/Art/StoreEquipment/CheckoutScanner.glb using Guid(8e0a1111874dfec63a9fb07a6fa77921) (DefaultImporter) -> (artifact id: '79c0645f10c9e682462169eb58033f67') in 0.000200467 seconds
Start importing Assets/StreamingAssets/Art/Utility/SupplierTerminal.glb using Guid(9e78a5ed7aac68fdb9ab4fef610b7e41) (DefaultImporter) -> (artifact id: 'e8745ed23342811b88fa8d2b4d03770f') in 0.000169664 seconds
Start importing Assets/StreamingAssets/Art/Furniture2/ShelfGondolaDouble.glb using Guid(ae6f77cc1a7583285b9808addbf5fcc1) (DefaultImporter) -> (artifact id: 'eba897c7c8288c38c91b6b094cfd2ac9') in 0.000166203 seconds
Start importing Assets/StreamingAssets/Art/Farm/SeedSack.glb using Guid(fee034409f88b99eb8e8062b9f9b65b7) (DefaultImporter) -> (artifact id: '842bdf5c00099db581685174df8c0842') in 0.000160034 seconds
Start importing Assets/StreamingAssets/Art/Farm/Scarecrow.glb using Guid(fe97f00fd2bdceb8abb6ff0a0eed80f8) (DefaultImporter) -> (artifact id: '9423915b1404058993190789c3586b5f') in 0.000154871 seconds
Start importing Assets/StreamingAssets/Art/Products/Apple.glb using Guid(3f87a471c186d1d2da39728ff9062614) (DefaultImporter) -> (artifact id: '99f69e9be952ea02ba069658e623f8aa') in 0.000162967 seconds
Start importing Assets/StreamingAssets/Art/Farm/LettuceRipe.glb using Guid(4fbe86916866858d4a7cfe0121583943) (DefaultImporter) -> (artifact id: '7ec584891588639091185fb662b969a7') in 0.000166613 seconds
Start importing Assets/StreamingAssets/Art/Hair/Hair_15_SideBraid.glb using Guid(6f6554e3619fb16eeaeeb5db915c1973) (DefaultImporter) -> (artifact id: '4416f8778356c87a672674409d91367d') in 0.000162598 seconds
Start importing Assets/StreamingAssets/Art/Farm/FarmPlotFurrows.glb using Guid(8fd522e41c274f8d38511e04df296d89) (DefaultImporter) -> (artifact id: '5e09fe0d72d72e08eb00bc08bfe92158') in 0.000156089 seconds
Start importing Assets/StreamingAssets/Art/Hats/Hat_05_Elephant.glb using Guid(8f9b1790e46a5802d9c750a75b83bc07) (DefaultImporter) -> (artifact id: '0ab352f265e2fd48f75674717f00e1d1') in 0.000158483 seconds
Start importing Assets/StreamingAssets/Art/Furniture2/ShelfEndcap.glb using Guid(9f23a263c795acc1db6c7d6ec94adaba) (DefaultImporter) -> (artifact id: 'e2aaa55d9ac4a23e9730b9dbcabbcc69') in 0.000167312 seconds
Start importing Assets/StreamingAssets/Art/Hair/Hair_16_HighPonytail.glb using Guid(bf7d7732ac94d9a19aef5d8772545d1c) (DefaultImporter) -> (artifact id: 'ef4e50054c606aa6ad8b751df72341b7') in 0.000162272 seconds
Start importing Assets/StreamingAssets/Art/Furniture/CeilingLight.glb using Guid(cf8641f18380d2faab4bf9a2abd1bb3f) (DefaultImporter) -> (artifact id: 'cc3050262d95e52db2259fce491bb35d') in 0.000158793 seconds
Start importing Assets/StreamingAssets/Art/Furniture/WallClock.glb using Guid(cf9821dc4e2163a0eb061e12697f1650) (DefaultImporter) -> (artifact id: '3274a03a2bef87519f431ce4c1a29a34') in 0.000159337 seconds
Start importing Assets/StreamingAssets/Art/StoreEquipment/JuiceMachine.glb using Guid(ff9b99303081dea7394817a3cf0d7874) (DefaultImporter) -> (artifact id: 'd78eb2dcec3007f07deff794f525ad46') in 0.000177181 seconds
Refreshing native plugins compatible for Editor in 0.10 ms, found 0 plugins.
Preloading 0 native plugins for Editor in 0.00 ms.
Asset Pipeline Refresh (id=f9e28e637971a1b81b5671b40f72df71): Total: 4.408 seconds - Initiated by InitialRefreshV2(ForceSynchronousImport)
	Summary:
		Imports: total=163 (actual=163, local cache=0, cache server=0)
		Asset DB Process Time: managed=4 ms, native=1900 ms
		Asset DB Callback time: managed=124 ms, native=5 ms
		Scripting: domain reloads=1, domain reload time=291 ms, compile time=2063 ms, other=17 ms
		Project Asset Count: scripts=998, non-scripts=2088
		Asset File Changes: new=0, changed=166, moved=0, deleted=0
		Scan Filter Count: 1
	InvokeCustomDependenciesCallbacks: 0.001ms
	InvokePackagesCallback: 2.497ms
	ApplyChangesToAssetFolders: 0.149ms
	Scan: 178.341ms
	OnSourceAssetsModified: 0.712ms
	CategorizeAssetsWithTransientArtifact: 11.815ms
	ProcessAssetsWithTransientArtifactChanges: 23.116ms
	CategorizeAssets: 30.527ms
	ImportOutOfDateAssets: 1603.402ms (-611.388ms without children)
		ImportManagerImport: 149.319ms (19.409ms without children)
			ImportInProcess: 129.473ms
			UpdateCategorizedAssets: 0.438ms
		CompileScripts: 2063.462ms
		ReloadNativeAssets: 0.015ms
		UnloadImportedAssets: 1.092ms
		ReloadImportedAssets: 0.008ms
		EnsureUptoDateAssetsAreRegisteredWithGuidPM: 0.263ms
		InitializingProgressBar: 0.004ms
		PostProcessAllAssetNotificationsAddChangedAssets: 0.000ms
		OnDemandSchedulerStart: 0.625ms
	PostProcessAllAssets: 125.072ms
	Hotreload: 1.580ms
	GatherAllCurrentPrimaryArtifactRevisions: 0.000ms
	UnloadStreamsBegin: 1.002ms
	PersistCurrentRevisions: 0.313ms
	UnloadStreamsEnd: 0.000ms
	GenerateScriptTypeHashes: 5.621ms
	Untracked: 2429.084ms

Application.AssetDatabase Initial Refresh End
Scanning for USB devices : 2.657ms
Initializing Unity extensions:
UpdateMenuTitleForLanguage: 10
[MODES] ModeService[none].Initialize
[MODES] ModeService[none].LoadModes
[MODES] Loading mode Default (0) for mode-current-id-Mini Market
Unloading 42 Unused Serialized files (Serialized files now loaded: 0)
Unloading 4597 unused Assets / (7.1 MB). Loaded Objects now: 5414.
Memory consumption went from 228.6 MB to 221.5 MB.
Total: 7.630029 ms (FindLiveObjects: 0.277643 ms CreateObjectMapping: 0.115054 ms MarkObjects: 4.484089 ms  DeleteObjects: 2.752812 ms)

Unloading 5 Unused Serialized files (Serialized files now loaded: 0)
Unloading 0 unused Assets / (11.0 KB). Loaded Objects now: 5423.
Memory consumption went from 211.0 MB to 211.0 MB.
Total: 4.648577 ms (FindLiveObjects: 0.131882 ms CreateObjectMapping: 0.043865 ms MarkObjects: 4.467409 ms  DeleteObjects: 0.005082 ms)

Start importing ProjectSettings/ProjectSettings.asset using Guid(00000000000000004000000000000000) (LibraryAssetImporter) -> (artifact id: '492468a80562898fd09e44e2139aa15b') in 0.001124722 seconds
Start importing ProjectSettings/GraphicsSettings.asset using Guid(00000000000000006100000000000000) (LibraryAssetImporter) -> (artifact id: 'f42cb4c3ed87b6b8887447e0a5072760') in 0.000539037 seconds
Refreshing native plugins compatible for Editor in 0.09 ms, found 0 plugins.
Preloading 0 native plugins for Editor in 0.00 ms.
Asset Pipeline Refresh (id=21d72cc88ab17f8e08268b4a7c5cbaab): Total: 0.032 seconds - Initiated by StopAssetImportingV2(NoUpdateAssetOptions)
Start importing Assets/Scenes/Store.unity using Guid(6a2213220b0c9ea2caef6ca2288412d3) (DefaultImporter) -> (artifact id: '7b3250e715fa09095799d22a02f0b1bb') in 0.000460749 seconds
Refreshing native plugins compatible for Editor in 0.08 ms, found 0 plugins.
Preloading 0 native plugins for Editor in 0.00 ms.
Asset Pipeline Refresh (id=2373a5f8a31f1837c80738532dcf73de): Total: 0.014 seconds - Initiated by StopAssetImportingV2(NoUpdateAssetOptions)
Asset Pipeline Refresh (id=a31a7e82965cbce2f9112d07cd64a820): Total: 0.030 seconds - Initiated by RefreshV2(NoUpdateAssetOptions)
Mini Market Unity configurado para Web/PWA; Android/iOS quedan preparados.
UnityEngine.Debug:ExtractStackTraceNoAlloc (byte*,int,string)
UnityEngine.StackTraceUtility:ExtractStackTrace () (at /home/bokken/build/output/unity/unity/Runtime/Export/Scripting/StackTrace.cs:35)
UnityEngine.DebugLogHandler:Internal_Log (UnityEngine.LogType,UnityEngine.LogOption,string,UnityEngine.Object)
UnityEngine.DebugLogHandler:LogFormat (UnityEngine.LogType,UnityEngine.Object,string,object[])
UnityEngine.Logger:Log (UnityEngine.LogType,object)
UnityEngine.Debug:Log (object)
MiniMarket.Editor.MiniMarketProjectBuilder:Configure () (at Assets/Editor/MiniMarketProjectBuilder.cs:25)
MiniMarket.Editor.MiniMarketProjectBuilder:BuildWeb () (at Assets/Editor/MiniMarketProjectBuilder.cs:89)

(Filename: Assets/Editor/MiniMarketProjectBuilder.cs Line: 25)

Start importing Assets/Settings/MiniMarketURP.asset using Guid(5a1fb319fd960f0218aef7071d7f77da) (NativeFormatImporter) -> (artifact id: '076fe09fd86956467f2b323941e3cf42') in 0.000462441 seconds
Refreshing native plugins compatible for Editor in 0.08 ms, found 0 plugins.
Preloading 0 native plugins for Editor in 0.00 ms.
Asset Pipeline Refresh (id=42b934ba3645836b7903646d6112d7c5): Total: 0.005 seconds - Initiated by StopAssetImportingV2(NoUpdateAssetOptions)
1 URP assets included in build
- MiniMarketURP - Assets/Settings/MiniMarketURP.asset
	 - MiniMarketRenderer - Assets/Settings/MiniMarketRenderer.asset - UnityEngine.Rendering.Universal.UniversalRendererData
UnityEngine.Debug:ExtractStackTraceNoAlloc (byte*,int,string)
UnityEngine.StackTraceUtility:ExtractStackTrace () (at /home/bokken/build/output/unity/unity/Runtime/Export/Scripting/StackTrace.cs:35)
UnityEngine.DebugLogHandler:Internal_Log (UnityEngine.LogType,UnityEngine.LogOption,string,UnityEngine.Object)
UnityEngine.DebugLogHandler:LogFormat (UnityEngine.LogType,UnityEngine.Object,string,object[])
UnityEngine.Logger:Log (UnityEngine.LogType,object)
UnityEngine.Debug:Log (object)
UnityEditor.Rendering.Universal.URPPreprocessBuild:LogIncludedAssets (System.Collections.Generic.List`1<UnityEngine.Rendering.Universal.UniversalRenderPipelineAsset>) (at ./Library/PackageCache/com.unity.render-pipelines.universal@f240f8c369cb/Editor/BuildProcessors/URPPreprocessBuild.cs:73)
UnityEditor.Rendering.Universal.URPPreprocessBuild:OnPreprocessBuild (UnityEditor.Build.Reporting.BuildReport) (at ./Library/PackageCache/com.unity.render-pipelines.universal@f240f8c369cb/Editor/BuildProcessors/URPPreprocessBuild.cs:32)
UnityEditor.Build.BuildPipelineInterfaces/<>c__DisplayClass17_0:<OnBuildPreProcess>b__1 (UnityEditor.Build.IPreprocessBuildWithReport) (at /home/bokken/build/output/unity/unity/Editor/Mono/BuildPipeline/BuildPipelineInterfaces.cs:526)
UnityEditor.Build.BuildPipelineInterfaces:InvokeCallbackInterfacesPair<UnityEditor.Build.IPreprocessBuild, UnityEditor.Build.IPreprocessBuildWithReport> (System.Collections.Generic.List`1<UnityEditor.Build.IPreprocessBuild>,System.Action`1<UnityEditor.Build.IPreprocessBuild>,System.Collections.Generic.List`1<UnityEditor.Build.IPreprocessBuildWithReport>,System.Action`1<UnityEditor.Build.IPreprocessBuildWithReport>,bool) (at /home/bokken/build/output/unity/unity/Editor/Mono/BuildPipeline/BuildPipelineInterfaces.cs:492)
UnityEditor.Build.BuildPipelineInterfaces:OnBuildPreProcess (UnityEditor.Build.Reporting.BuildReport) (at /home/bokken/build/output/unity/unity/Editor/Mono/BuildPipeline/BuildPipelineInterfaces.cs:524)
UnityEditor.BuildPipeline:BuildPlayerInternalNoCheck (string[],string,string,UnityEditor.BuildTargetGroup,UnityEditor.BuildTarget,int,UnityEditor.BuildOptions,string[],bool)
UnityEditor.BuildPipeline:BuildPlayerInternal (string[],string,string,UnityEditor.BuildTargetGroup,UnityEditor.BuildTarget,int,UnityEditor.BuildOptions,string[]) (at /home/bokken/build/output/unity/unity/Editor/Mono/BuildPipeline.bindings.cs:494)
UnityEditor.BuildPipeline:BuildPlayer (string[],string,string,UnityEditor.BuildTargetGroup,UnityEditor.BuildTarget,int,UnityEditor.BuildOptions,string[]) (at /home/bokken/build/output/unity/unity/Editor/Mono/BuildPipeline.bindings.cs:410)
UnityEditor.BuildPipeline:BuildPlayer (UnityEditor.BuildPlayerOptions) (at /home/bokken/build/output/unity/unity/Editor/Mono/BuildPipeline.bindings.cs:356)
MiniMarket.Editor.MiniMarketProjectBuilder:BuildWeb () (at Assets/Editor/MiniMarketProjectBuilder.cs:90)

(Filename: ./Library/PackageCache/com.unity.render-pipelines.universal@f240f8c369cb/Editor/BuildProcessors/URPPreprocessBuild.cs Line: 73)

Start importing Assets/Settings/MiniMarketURP.asset using Guid(5a1fb319fd960f0218aef7071d7f77da) (NativeFormatImporter) -> (artifact id: '076fe09fd86956467f2b323941e3cf42') in 0.000464113 seconds
Refreshing native plugins compatible for Editor in 0.09 ms, found 0 plugins.
Preloading 0 native plugins for Editor in 0.00 ms.
Asset Pipeline Refresh (id=69f574cbf57e85fa1bfe95692031d0ca): Total: 0.006 seconds - Initiated by StopAssetImportingV2(NoUpdateAssetOptions)
Start importing Assets/Resources using Guid(ad417a528d0e58acf9381c655ab05a06) (DefaultImporter) -> (artifact id: 'e811e206e2987ddbbd14039bf6f58854') in 0.000618806 seconds
Refreshing native plugins compatible for Editor in 0.09 ms, found 0 plugins.
Preloading 0 native plugins for Editor in 0.00 ms.
Asset Pipeline Refresh (id=fa2c9bd70ee6fd89f9bd852c2d818ea8): Total: 0.015 seconds - Initiated by StopAssetImportingV2(NoUpdateAssetOptions)
[TestRunBuilder] Creating new file 'Assets/Resources/PerformanceTestRunInfo.json' (2072 bytes)
UnityEngine.Debug:ExtractStackTraceNoAlloc (byte*,int,string)
UnityEngine.StackTraceUtility:ExtractStackTrace () (at /home/bokken/build/output/unity/unity/Runtime/Export/Scripting/StackTrace.cs:35)
UnityEngine.DebugLogHandler:Internal_Log (UnityEngine.LogType,UnityEngine.LogOption,string,UnityEngine.Object)
UnityEngine.DebugLogHandler:LogFormat (UnityEngine.LogType,UnityEngine.Object,string,object[])
UnityEngine.Logger:Log (UnityEngine.LogType,object)
UnityEngine.Debug:Log (object)
Unity.PerformanceTesting.Editor.TestRunBuilder:SaveToStorage (object,string) (at ./Library/PackageCache/com.unity.test-framework.performance@8b56083ec0f0/Editor/TestRunBuilder.cs:242)
Unity.PerformanceTesting.Editor.TestRunBuilder:OnPreprocessBuild (UnityEditor.Build.Reporting.BuildReport) (at ./Library/PackageCache/com.unity.test-framework.performance@8b56083ec0f0/Editor/TestRunBuilder.cs:35)
UnityEditor.Build.BuildPipelineInterfaces/<>c__DisplayClass17_0:<OnBuildPreProcess>b__1 (UnityEditor.Build.IPreprocessBuildWithReport) (at /home/bokken/build/output/unity/unity/Editor/Mono/BuildPipeline/BuildPipelineInterfaces.cs:526)
UnityEditor.Build.BuildPipelineInterfaces:InvokeCallbackInterfacesPair<UnityEditor.Build.IPreprocessBuild, UnityEditor.Build.IPreprocessBuildWithReport> (System.Collections.Generic.List`1<UnityEditor.Build.IPreprocessBuild>,System.Action`1<UnityEditor.Build.IPreprocessBuild>,System.Collections.Generic.List`1<UnityEditor.Build.IPreprocessBuildWithReport>,System.Action`1<UnityEditor.Build.IPreprocessBuildWithReport>,bool) (at /home/bokken/build/output/unity/unity/Editor/Mono/BuildPipeline/BuildPipelineInterfaces.cs:492)
UnityEditor.Build.BuildPipelineInterfaces:OnBuildPreProcess (UnityEditor.Build.Reporting.BuildReport) (at /home/bokken/build/output/unity/unity/Editor/Mono/BuildPipeline/BuildPipelineInterfaces.cs:524)
UnityEditor.BuildPipeline:BuildPlayerInternalNoCheck (string[],string,string,UnityEditor.BuildTargetGroup,UnityEditor.BuildTarget,int,UnityEditor.BuildOptions,string[],bool)
UnityEditor.BuildPipeline:BuildPlayerInternal (string[],string,string,UnityEditor.BuildTargetGroup,UnityEditor.BuildTarget,int,UnityEditor.BuildOptions,string[]) (at /home/bokken/build/output/unity/unity/Editor/Mono/BuildPipeline.bindings.cs:494)
UnityEditor.BuildPipeline:BuildPlayer (string[],string,string,UnityEditor.BuildTargetGroup,UnityEditor.BuildTarget,int,UnityEditor.BuildOptions,string[]) (at /home/bokken/build/output/unity/unity/Editor/Mono/BuildPipeline.bindings.cs:410)
UnityEditor.BuildPipeline:BuildPlayer (UnityEditor.BuildPlayerOptions) (at /home/bokken/build/output/unity/unity/Editor/Mono/BuildPipeline.bindings.cs:356)
MiniMarket.Editor.MiniMarketProjectBuilder:BuildWeb () (at Assets/Editor/MiniMarketProjectBuilder.cs:90)

(Filename: ./Library/PackageCache/com.unity.test-framework.performance@8b56083ec0f0/Editor/TestRunBuilder.cs Line: 242)

[TestRunBuilder] Creating new file 'Assets/Resources/PerformanceTestRunSettings.json' (23 bytes)
UnityEngine.Debug:ExtractStackTraceNoAlloc (byte*,int,string)
UnityEngine.StackTraceUtility:ExtractStackTrace () (at /home/bokken/build/output/unity/unity/Runtime/Export/Scripting/StackTrace.cs:35)
UnityEngine.DebugLogHandler:Internal_Log (UnityEngine.LogType,UnityEngine.LogOption,string,UnityEngine.Object)
UnityEngine.DebugLogHandler:LogFormat (UnityEngine.LogType,UnityEngine.Object,string,object[])
UnityEngine.Logger:Log (UnityEngine.LogType,object)
UnityEngine.Debug:Log (object)
Unity.PerformanceTesting.Editor.TestRunBuilder:SaveToStorage (object,string) (at ./Library/PackageCache/com.unity.test-framework.performance@8b56083ec0f0/Editor/TestRunBuilder.cs:242)
Unity.PerformanceTesting.Editor.TestRunBuilder:OnPreprocessBuild (UnityEditor.Build.Reporting.BuildReport) (at ./Library/PackageCache/com.unity.test-framework.performance@8b56083ec0f0/Editor/TestRunBuilder.cs:38)
UnityEditor.Build.BuildPipelineInterfaces/<>c__DisplayClass17_0:<OnBuildPreProcess>b__1 (UnityEditor.Build.IPreprocessBuildWithReport) (at /home/bokken/build/output/unity/unity/Editor/Mono/BuildPipeline/BuildPipelineInterfaces.cs:526)
UnityEditor.Build.BuildPipelineInterfaces:InvokeCallbackInterfacesPair<UnityEditor.Build.IPreprocessBuild, UnityEditor.Build.IPreprocessBuildWithReport> (System.Collections.Generic.List`1<UnityEditor.Build.IPreprocessBuild>,System.Action`1<UnityEditor.Build.IPreprocessBuild>,System.Collections.Generic.List`1<UnityEditor.Build.IPreprocessBuildWithReport>,System.Action`1<UnityEditor.Build.IPreprocessBuildWithReport>,bool) (at /home/bokken/build/output/unity/unity/Editor/Mono/BuildPipeline/BuildPipelineInterfaces.cs:492)
UnityEditor.Build.BuildPipelineInterfaces:OnBuildPreProcess (UnityEditor.Build.Reporting.BuildReport) (at /home/bokken/build/output/unity/unity/Editor/Mono/BuildPipeline/BuildPipelineInterfaces.cs:524)
UnityEditor.BuildPipeline:BuildPlayerInternalNoCheck (string[],string,string,UnityEditor.BuildTargetGroup,UnityEditor.BuildTarget,int,UnityEditor.BuildOptions,string[],bool)
UnityEditor.BuildPipeline:BuildPlayerInternal (string[],string,string,UnityEditor.BuildTargetGroup,UnityEditor.BuildTarget,int,UnityEditor.BuildOptions,string[]) (at /home/bokken/build/output/unity/unity/Editor/Mono/BuildPipeline.bindings.cs:494)
UnityEditor.BuildPipeline:BuildPlayer (string[],string,string,UnityEditor.BuildTargetGroup,UnityEditor.BuildTarget,int,UnityEditor.BuildOptions,string[]) (at /home/bokken/build/output/unity/unity/Editor/Mono/BuildPipeline.bindings.cs:410)
UnityEditor.BuildPipeline:BuildPlayer (UnityEditor.BuildPlayerOptions) (at /home/bokken/build/output/unity/unity/Editor/Mono/BuildPipeline.bindings.cs:356)
MiniMarket.Editor.MiniMarketProjectBuilder:BuildWeb () (at Assets/Editor/MiniMarketProjectBuilder.cs:90)

(Filename: ./Library/PackageCache/com.unity.test-framework.performance@8b56083ec0f0/Editor/TestRunBuilder.cs Line: 242)

Start importing ProjectSettings/ProjectSettings.asset using Guid(00000000000000004000000000000000) (LibraryAssetImporter) -> (artifact id: '492468a80562898fd09e44e2139aa15b') in 0.000465045 seconds
Start importing ProjectSettings/GraphicsSettings.asset using Guid(00000000000000006100000000000000) (LibraryAssetImporter) -> (artifact id: 'f42cb4c3ed87b6b8887447e0a5072760') in 0.000322639 seconds
Start importing Assets/UniversalRenderPipelineGlobalSettings.asset using Guid(1595ec09f85e3c09eb1fc3b64c97d86d) (NativeFormatImporter) -> (artifact id: 'e1848c7fff2f0739b5eb7a140c71c301') in 0.00040014 seconds
Refreshing native plugins compatible for Editor in 0.08 ms, found 0 plugins.
Preloading 0 native plugins for Editor in 0.00 ms.
Asset Pipeline Refresh (id=624c412032445ad29ae37600e0a244e3): Total: 0.008 seconds - Initiated by StopAssetImportingV2(NoUpdateAssetOptions)
Launched and connected shader compiler UnityShaderCompiler after 0.01 seconds
[40m[32minfo[39m[22m[49m: Microsoft.AspNetCore.Hosting.Diagnostics[1]
      Request starting HTTP/2 POST http://ilpp/UnityILPP.PostProcessing/Ping application/grpc -
[40m[32minfo[39m[22m[49m: Microsoft.AspNetCore.Routing.EndpointMiddleware[0]
      Executing endpoint 'gRPC - /UnityILPP.PostProcessing/Ping'
[40m[32minfo[39m[22m[49m: Microsoft.AspNetCore.Routing.EndpointMiddleware[1]
      Executed endpoint 'gRPC - /UnityILPP.PostProcessing/Ping'
[40m[32minfo[39m[22m[49m: Microsoft.AspNetCore.Hosting.Diagnostics[2]
      Request finished HTTP/2 POST http://ilpp/UnityILPP.PostProcessing/Ping application/grpc - - 200 - application/grpc 0.2289ms
Starting: /home/ferney_oliveros/Unity/Hub/Editor/6000.3.23f1/Editor/Data/Tools/BuildPipeline/bee_backend --ipc --defer-dag-verification --dagfile="Library/Bee/2000b0aESkipCompile.dag" --continue-on-failure --profile="Library/Bee/backend1.traceevents" ScriptAssembliesAndTypeDB
WorkingDir: /home/ferney_oliveros/Mini Market/Unity/MiniMarketUnity
ExitCode: 0 Duration: 0s661ms
[2/3        0s] BuildPlayerDataGenerator Library/BuildPlayerData/Editor/TypeDb-All.json
*** Tundra build success (0.64 seconds), 1 items updated, 3 evaluated
Total cache size 89496810
Total cache size after purge 89496810, took 00:00:00.0285329
Start importing Assets/Resources/PerformanceTestRunInfo.json using Guid(702d722f3f5431fee9194b1569ac6cd1) (TextScriptImporter) -> (artifact id: 'c26ca9eb71cf564bddaaddf5c640e0a1') in 0.001119688 seconds
Start importing Assets/Resources/PerformanceTestRunSettings.json using Guid(3c49db1dadf64f4abb229315070c08a7) (TextScriptImporter) -> (artifact id: '43986711578e484728d4594a6b6df60f') in 0.000495999 seconds
Refreshing native plugins compatible for Editor in 0.09 ms, found 0 plugins.
Preloading 0 native plugins for Editor in 0.00 ms.
Asset Pipeline Refresh (id=a290b15bd94c612098b0d1bd578309d8): Total: 0.046 seconds - Initiated by RefreshV2(NoUpdateAssetOptions)
[ScriptCompilation] Requested script compilation because: Recompiling scripts for player build.
BuildPlayer: start building target 20
[40m[32minfo[39m[22m[49m: Microsoft.AspNetCore.Hosting.Diagnostics[1]
      Request starting HTTP/2 POST http://ilpp/UnityILPP.PostProcessing/Ping application/grpc -
[40m[32minfo[39m[22m[49m: Microsoft.AspNetCore.Routing.EndpointMiddleware[0]
      Executing endpoint 'gRPC - /UnityILPP.PostProcessing/Ping'
[40m[32minfo[39m[22m[49m: Microsoft.AspNetCore.Routing.EndpointMiddleware[1]
      Executed endpoint 'gRPC - /UnityILPP.PostProcessing/Ping'
[40m[32minfo[39m[22m[49m: Microsoft.AspNetCore.Hosting.Diagnostics[2]
      Request finished HTTP/2 POST http://ilpp/UnityILPP.PostProcessing/Ping application/grpc - - 200 - application/grpc 0.1380ms
Starting: /home/ferney_oliveros/Unity/Hub/Editor/6000.3.23f1/Editor/Data/Tools/BuildPipeline/bee_backend --ipc --defer-dag-verification --dagfile="Library/Bee/2000b0aP.dag" --continue-on-failure --profile="Library/Bee/backend1.traceevents" ScriptAssembliesAndTypeDB
WorkingDir: /home/ferney_oliveros/Mini Market/Unity/MiniMarketUnity
[40m[32minfo[39m[22m[49m: Microsoft.AspNetCore.Hosting.Diagnostics[1]
      Request starting HTTP/2 POST http://ilpp/UnityILPP.PostProcessing/ConfigurePostProcessors application/grpc -
[40m[32minfo[39m[22m[49m: Microsoft.AspNetCore.Routing.EndpointMiddleware[0]
      Executing endpoint 'gRPC - /UnityILPP.PostProcessing/ConfigurePostProcessors'
[40m[32minfo[39m[22m[49m: Unity.ILPP.Runner.PostProcessingAssemblyLoadContext[0]
      ALC ILPP context 1 is unloading
[40m[1m[33mwarn[39m[22m[49m: Unity.ILPP.Runner.PostProcessingAssemblyLoadContext[0]
      Assembly system.runtime.interopservices.windowsruntime has duplicate hint path. Ignoring "/home/ferney_oliveros/Unity/Hub/Editor/6000.3.23f1/Editor/Data/UnityReferenceAssemblies/unity-4.8-api/Facades/System.Runtime.InteropServices.WindowsRuntime.dll" in favor of "/home/ferney_oliveros/Unity/Hub/Editor/6000.3.23f1/Editor/Data/NetStandard/Extensions/2.0.0/System.Runtime.InteropServices.WindowsRuntime.dll"
[40m[1m[33mwarn[39m[22m[49m: Unity.ILPP.Runner.PostProcessingAssemblyLoadContext[0]
      Assembly system.componentmodel.composition has duplicate hint path. Ignoring "/home/ferney_oliveros/Unity/Hub/Editor/6000.3.23f1/Editor/Data/UnityReferenceAssemblies/unity-4.8-api/System.ComponentModel.Composition.dll" in favor of "/home/ferney_oliveros/Unity/Hub/Editor/6000.3.23f1/Editor/Data/NetStandard/compat/2.1.0/shims/netfx/System.ComponentModel.Composition.dll"
[40m[32minfo[39m[22m[49m: Unity.ILPP.Runner.PostProcessingAssemblyLoadContext[0]
      Resolved Unity.Burst.Cecil, Version=0.11.6.0, Culture=neutral, PublicKeyToken=50cebf1cceb9d05e with Library/PackageCache/com.unity.burst@2f3d916873ea/Unity.Burst.CodeGen/Unity.Burst.Cecil.dll
[40m[32minfo[39m[22m[49m: Unity.ILPP.Runner.PostProcessingAssemblyLoadContext[0]
      Resolved Mono.Cecil, Version=0.11.5.0, Culture=neutral, PublicKeyToken=50cebf1cceb9d05e with Library/PackageCache/com.unity.nuget.mono-cecil@ecb9724e46ff/Mono.Cecil.dll
[40m[32minfo[39m[22m[49m: Microsoft.AspNetCore.Routing.EndpointMiddleware[1]
      Executed endpoint 'gRPC - /UnityILPP.PostProcessing/ConfigurePostProcessors'
[40m[32minfo[39m[22m[49m: Microsoft.AspNetCore.Hosting.Diagnostics[2]
      Request finished HTTP/2 POST http://ilpp/UnityILPP.PostProcessing/ConfigurePostProcessors application/grpc - - 200 - application/grpc 3.9854ms
[40m[32minfo[39m[22m[49m: Microsoft.AspNetCore.Hosting.Diagnostics[1]
      Request starting HTTP/2 POST http://ilpp/UnityILPP.PostProcessing/PostProcessAssembly application/grpc -
[40m[32minfo[39m[22m[49m: Microsoft.AspNetCore.Routing.EndpointMiddleware[0]
      Executing endpoint 'gRPC - /UnityILPP.PostProcessing/PostProcessAssembly'
[40m[32minfo[39m[22m[49m: Unity.ILPP.Runner.PostProcessingPipeline[0]
      Processing assembly Library/Bee/artifacts/2000b0aP.dag/MiniMarket.Runtime.dll, with 102 defines and 184 references
[40m[32minfo[39m[22m[49m: Unity.ILPP.Runner.PostProcessingPipeline[0]
      processors: Unity.Jobs.CodeGen.JobsILPostProcessor, zzzUnity.Burst.CodeGen.BurstILPostProcessor
[40m[32minfo[39m[22m[49m: Unity.ILPP.Runner.PostProcessingPipeline[0]
      running Unity.Jobs.CodeGen.JobsILPostProcessor
[40m[32minfo[39m[22m[49m: Unity.ILPP.Runner.PostProcessingPipeline[0]
      running zzzUnity.Burst.CodeGen.BurstILPostProcessor
[40m[32minfo[39m[22m[49m: Microsoft.AspNetCore.Routing.EndpointMiddleware[1]
      Executed endpoint 'gRPC - /UnityILPP.PostProcessing/PostProcessAssembly'
[40m[32minfo[39m[22m[49m: Microsoft.AspNetCore.Hosting.Diagnostics[2]
      Request finished HTTP/2 POST http://ilpp/UnityILPP.PostProcessing/PostProcessAssembly application/grpc - - 200 - application/grpc 2.3497ms
ExitCode: 0 Duration: 0s573ms
[451/542    0s] ILPP-Configuration Library/ilpp-configuration.nevergeneratedoutput
[479/542    0s] CopyFiles Library/Bee/PlayerScriptAssemblies/Unity.InternalAPIEngineBridge.004.dll
[481/542    0s] CopyFiles Library/Bee/PlayerScriptAssemblies/Unity.RenderPipeline.Universal.ShaderLibrary.dll
[482/542    0s] CopyFiles Library/Bee/PlayerScriptAssemblies/Unity.Profiling.Core.dll
[483/542    0s] CopyFiles Library/Bee/PlayerScriptAssemblies/Unity.RenderPipelines.Core.ShaderLibrary.dll
[484/542    0s] CopyFiles Library/Bee/PlayerScriptAssemblies/glTFast.Export.dll
[485/542    0s] CopyFiles Library/Bee/PlayerScriptAssemblies/Unity.RenderPipelines.Universal.Config.Runtime.dll
[486/542    0s] CopyFiles Library/Bee/PlayerScriptAssemblies/Unity.RenderPipelines.GPUDriven.Runtime.dll
[487/542    0s] CopyFiles Library/Bee/PlayerScriptAssemblies/glTFast.Documentation.Examples.pdb
[488/542    0s] CopyFiles Library/Bee/PlayerScriptAssemblies/Unity.AI.Navigation.dll
[489/542    0s] CopyFiles Library/Bee/PlayerScriptAssemblies/Unity.InternalAPIEngineBridge.004.pdb
[490/542    0s] CopyFiles Library/Bee/PlayerScriptAssemblies/Unity.RenderPipelines.Core.Runtime.Shared.dll
[491/542    0s] CopyFiles Library/Bee/PlayerScriptAssemblies/Unity.RenderPipelines.Universal.2D.Runtime.dll
[492/542    0s] CopyFiles Library/Bee/PlayerScriptAssemblies/Unity.Burst.dll
[493/542    0s] CopyFiles Library/Bee/PlayerScriptAssemblies/Unity.Mathematics.dll
[494/542    0s] CopyFiles Library/Bee/PlayerScriptAssemblies/glTFast.dll
[495/542    0s] CopyFiles Library/Bee/PlayerScriptAssemblies/Unity.InputSystem.dll
[496/542    0s] CopyFiles Library/Bee/PlayerScriptAssemblies/Unity.InputSystem.ForUI.pdb
[497/542    0s] CopyFiles Library/Bee/PlayerScriptAssemblies/Unity.RenderPipelines.Universal.Config.Runtime.pdb
[498/542    0s] CopyFiles Library/Bee/PlayerScriptAssemblies/Unity.RenderPipelines.Universal.Shaders.pdb
[499/542    0s] CopyFiles Library/Bee/PlayerScriptAssemblies/glTFast.Newtonsoft.pdb
[500/542    0s] CopyFiles Library/Bee/PlayerScriptAssemblies/Unity.Collections.pdb
[501/542    0s] CopyFiles Library/Bee/PlayerScriptAssemblies/Unity.RenderPipelines.Universal.2D.Runtime.pdb
[502/542    0s] CopyFiles Library/Bee/PlayerScriptAssemblies/Unity.RenderPipelines.Core.Runtime.Shared.pdb
[503/542    0s] CopyFiles Library/Bee/PlayerScriptAssemblies/Unity.AI.Navigation.pdb
[504/542    0s] CopyFiles Library/Bee/PlayerScriptAssemblies/Unity.Profiling.Core.pdb
[505/542    0s] CopyFiles Library/Bee/PlayerScriptAssemblies/Unity.RenderPipelines.GPUDriven.Runtime.pdb
[506/542    0s] CopyFiles Library/Bee/PlayerScriptAssemblies/glTFast.Export.pdb
[507/542    0s] CopyFiles Library/Bee/PlayerScriptAssemblies/Unity.InputSystem.pdb
[508/542    0s] CopyFiles Library/Bee/PlayerScriptAssemblies/Unity.RenderPipelines.Universal.Runtime.pdb
[509/542    0s] CopyFiles Library/Bee/PlayerScriptAssemblies/Unity.Addressables.pdb
[510/542    0s] CopyFiles Library/Bee/PlayerScriptAssemblies/Unity.RenderPipelines.Core.ShaderLibrary.pdb
[511/542    0s] CopyFiles Library/Bee/PlayerScriptAssemblies/glTFast.dots.pdb
[512/542    0s] CopyFiles Library/Bee/PlayerScriptAssemblies/Unity.ScriptableBuildPipeline.pdb
[513/542    0s] CopyFiles Library/Bee/PlayerScriptAssemblies/Unity.Burst.pdb
[514/542    0s] CopyFiles Library/Bee/PlayerScriptAssemblies/UnityEngine.UI.pdb
[515/542    0s] CopyFiles Library/Bee/PlayerScriptAssemblies/glTFast.dots.dll
[516/542    0s] CopyFiles Library/Bee/PlayerScriptAssemblies/Unity.RenderPipelines.ShaderGraph.ShaderGraphLibrary.dll
[517/542    0s] CopyFiles Library/Bee/PlayerScriptAssemblies/Unity.RenderPipeline.Universal.ShaderLibrary.pdb
[518/542    0s] CopyFiles Library/Bee/PlayerScriptAssemblies/glTFast.Newtonsoft.dll
[519/542    0s] CopyFiles Library/Bee/PlayerScriptAssemblies/glTFast.Documentation.Examples.dll
[520/542    0s] CopyFiles Library/Bee/PlayerScriptAssemblies/Unity.RenderPipelines.Universal.Shaders.dll
[521/542    0s] CopyFiles Library/Bee/PlayerScriptAssemblies/Unity.ScriptableBuildPipeline.dll
[522/542    0s] CopyFiles Library/Bee/PlayerScriptAssemblies/Unity.Addressables.dll
[523/542    0s] CopyFiles Library/Bee/PlayerScriptAssemblies/Unity.ResourceManager.pdb
[524/542    0s] CopyFiles Library/Bee/PlayerScriptAssemblies/Unity.InputSystem.ForUI.dll
[525/542    0s] CopyFiles Library/Bee/PlayerScriptAssemblies/glTFast.pdb
[526/542    0s] CopyFiles Library/Bee/PlayerScriptAssemblies/UnityEngine.UI.dll
[527/542    0s] CopyFiles Library/Bee/PlayerScriptAssemblies/Unity.RenderPipelines.ShaderGraph.ShaderGraphLibrary.pdb
[528/542    0s] CopyFiles Library/Bee/PlayerScriptAssemblies/Unity.TextMeshPro.pdb
[529/542    0s] CopyFiles Library/Bee/PlayerScriptAssemblies/Unity.ResourceManager.dll
[530/542    0s] CopyFiles Library/Bee/PlayerScriptAssemblies/Unity.Mathematics.pdb
[531/542    0s] CopyFiles Library/Bee/PlayerScriptAssemblies/Unity.TextMeshPro.dll
[532/542    0s] CopyFiles Library/Bee/PlayerScriptAssemblies/Unity.RenderPipelines.Core.Runtime.pdb
[533/542    0s] CopyFiles Library/Bee/PlayerScriptAssemblies/Unity.RenderPipelines.Universal.Runtime.dll
[534/542    0s] CopyFiles Library/Bee/PlayerScriptAssemblies/Unity.Collections.dll
[535/542    0s] CopyFiles Library/Bee/PlayerScriptAssemblies/Unity.RenderPipelines.Core.Runtime.dll
[536/542    0s] Csc Library/Bee/artifacts/2000b0aP.dag/MiniMarket.Runtime.dll (+2 others)
[537/542    0s] ILPostProcess Library/Bee/artifacts/2000b0aP.dag/post-processed/MiniMarket.Runtime.dll (+pdb)
Processing assembly Library/Bee/artifacts/2000b0aP.dag/MiniMarket.Runtime.dll, with 102 defines and 184 references
processors: Unity.Jobs.CodeGen.JobsILPostProcessor, zzzUnity.Burst.CodeGen.BurstILPostProcessor
running Unity.Jobs.CodeGen.JobsILPostProcessor
running zzzUnity.Burst.CodeGen.BurstILPostProcessor
[538/542    0s] CopyFiles Library/Bee/PlayerScriptAssemblies/MiniMarket.Runtime.pdb
[539/542    0s] CopyFiles Library/Bee/PlayerScriptAssemblies/MiniMarket.Runtime.dll
[541/542    0s] BuildPlayerDataGenerator Library/BuildPlayerData/Player/RuntimeInitializeOnLoads.json (+1 other)
*** Tundra build success (0.56 seconds), 62 items updated, 542 evaluated
Total cache size 89496810
Total cache size after purge 89496810, took 00:00:00.0156587
Rebuilding Data files because Assets/Scenes/Store.unity is dirty (hash)
Opening scene 'Assets/Scenes/Store.unity'
Unloading 2 Unused Serialized files (Serialized files now loaded: 0)
Loaded scene 'Assets/Scenes/Store.unity'
	Deserialize:            0.777 ms
	Integration:            94.966 ms
	Integration of assets:  0.001 ms
	Thread Wait Time:       0.004 ms
	Total Operation Time:   95.747 ms
Unloading 192 unused Assets / (0.9 MB). Loaded Objects now: 5439.
Memory consumption went from 219.6 MB to 218.7 MB.
Total: 6.040937 ms (FindLiveObjects: 0.195218 ms CreateObjectMapping: 0.084853 ms MarkObjects: 5.292768 ms  DeleteObjects: 0.467609 ms)

Created GICache directory at /home/ferney_oliveros/.cache/unity3d/GiCache. Took: 0.001s, timestamps: [8.599 - 8.600]


Mono dependencies included in the build
Dependency assembly - System.Globalization.Extensions.dll
Dependency assembly - System.IO.FileSystem.dll
Dependency assembly - System.dll
Dependency assembly - Unity.InternalAPIEngineBridge.004.dll
Dependency assembly - System.Security.Cryptography.Encryption.ECDiffieHellman.dll
Dependency assembly - System.Threading.AccessControl.dll
Dependency assembly - Unity.RenderPipelines.Core.ShaderLibrary.dll
Dependency assembly - System.Drawing.Design.dll
Dependency assembly - System.IdentityModel.Selectors.dll
Dependency assembly - Unity.RenderPipeline.Universal.ShaderLibrary.dll
Dependency assembly - System.Xml.XmlDocument.dll
Dependency assembly - System.ServiceModel.Activation.dll
Dependency assembly - System.Runtime.InteropServices.RuntimeInformation.dll
Dependency assembly - Mono.Security.dll
Dependency assembly - System.IdentityModel.dll
Dependency assembly - System.Web.Services.dll
Dependency assembly - System.IO.Compression.ZipFile.dll
Dependency assembly - System.Diagnostics.Tracing.dll
Dependency assembly - glTFast.Export.dll
Dependency assembly - System.Security.Cryptography.Primitives.dll
Dependency assembly - Unity.RenderPipelines.GPUDriven.Runtime.dll
Dependency assembly - System.Runtime.Serialization.dll
Dependency assembly - System.Data.Common.dll
Dependency assembly - MiniMarket.Runtime.dll
Dependency assembly - System.ComponentModel.Composition.dll
Dependency assembly - System.Linq.Expressions.dll
Dependency assembly - System.Diagnostics.Process.dll
Dependency assembly - glTFast.dll
Dependency assembly - Unity.Addressables.dll
Dependency assembly - System.ServiceModel.Web.dll
Dependency assembly - System.Security.Cryptography.ProtectedData.dll
Dependency assembly - System.Data.SqlClient.dll
Dependency assembly - System.Configuration.dll
Dependency assembly - System.ServiceModel.Primitives.dll
Dependency assembly - System.Net.Http.WebRequest.dll
Dependency assembly - System.Web.Extensions.dll
Dependency assembly - System.Net.Cache.dll
Dependency assembly - System.Security.Cryptography.DeriveBytes.dll
Dependency assembly - Accessibility.dll
Dependency assembly - System.Security.Claims.dll
Dependency assembly - System.Web.RegularExpressions.dll
Dependency assembly - System.Security.AccessControl.dll
Dependency assembly - System.Threading.Overlapped.dll
Dependency assembly - System.Reflection.DispatchProxy.dll
Dependency assembly - System.Net.NameResolution.dll
Dependency assembly - System.Net.WebHeaderCollection.dll
Dependency assembly - System.IO.IsolatedStorage.dll
Dependency assembly - System.Text.Encoding.Extensions.dll
Dependency assembly - System.Collections.dll
Dependency assembly - System.EnterpriseServices.dll
Dependency assembly - System.Core.dll
Dependency assembly - System.Net.HttpListener.dll
Dependency assembly - System.Runtime.CompilerServices.VisualC.dll
Dependency assembly - System.Security.Cryptography.X509Certificates.dll
Dependency assembly - System.Runtime.InteropServices.dll
Dependency assembly - System.ServiceProcess.dll
Dependency assembly - System.Security.Cryptography.Csp.dll
Dependency assembly - System.Runtime.Serialization.Formatters.Soap.dll
Dependency assembly - System.Web.Extensions.Design.dll
Dependency assembly - System.ServiceModel.Routing.dll
Dependency assembly - System.Net.Mail.dll
Dependency assembly - System.Security.Cryptography.Encryption.Aes.dll
Dependency assembly - System.Net.Requests.dll
Dependency assembly - System.Transactions.dll
Dependency assembly - System.Threading.Tasks.dll
Dependency assembly - System.Data.Linq.dll
Dependency assembly - System.Diagnostics.StackTrace.dll
Dependency assembly - System.ComponentModel.EventBasedAsync.dll
Dependency assembly - System.Runtime.Serialization.Json.dll
Dependency assembly - System.Net.Security.dll
Dependency assembly - Microsoft.Win32.Primitives.dll
Dependency assembly - mscorlib.dll
Dependency assembly - System.Runtime.InteropServices.WindowsRuntime.dll
Dependency assembly - I18N.West.dll
Dependency assembly - I18N.Other.dll
Dependency assembly - System.Collections.NonGeneric.dll
Dependency assembly - System.Memory.dll
Dependency assembly - System.Runtime.dll
Dependency assembly - System.Threading.Timer.dll
Dependency assembly - Mono.Data.Sqlite.dll
Dependency assembly - System.IO.FileSystem.Watcher.dll
Dependency assembly - System.Linq.Parallel.dll
Dependency assembly - System.Net.Primitives.dll
Dependency assembly - System.Xml.XmlSerializer.dll
Dependency assembly - glTFast.dots.dll
Dependency assembly - System.Design.dll
Dependency assembly - System.AppContext.dll
Dependency assembly - System.Security.Cryptography.Cng.dll
Dependency assembly - System.Reflection.Emit.Lightweight.dll
Dependency assembly - I18N.CJK.dll
Dependency assembly - System.Runtime.Handles.dll
Dependency assembly - I18N.Rare.dll
Dependency assembly - System.ValueTuple.dll
Dependency assembly - Unity.RenderPipelines.Core.Runtime.Shared.dll
Dependency assembly - Unity.RenderPipelines.Universal.Runtime.dll
Dependency assembly - System.Resources.Writer.dll
Dependency assembly - System.IO.FileSystem.DriveInfo.dll
Dependency assembly - Unity.RenderPipelines.Universal.Shaders.dll
Dependency assembly - System.Buffers.dll
Dependency assembly - System.Threading.ThreadPool.dll
Dependency assembly - Unity.RenderPipelines.ShaderGraph.ShaderGraphLibrary.dll
Dependency assembly - System.Console.dll
Dependency assembly - System.Globalization.Calendars.dll
Dependency assembly - Unity.ResourceManager.dll
Dependency assembly - System.Diagnostics.TraceEvent.dll
Dependency assembly - Unity.Burst.Unsafe.dll
Dependency assembly - System.ServiceProcess.ServiceController.dll
Dependency assembly - System.Resources.Reader.dll
Dependency assembly - System.Runtime.Serialization.Formatters.dll
Dependency assembly - System.Data.Services.Client.dll
Dependency assembly - System.Net.WebSockets.dll
Dependency assembly - System.Security.Cryptography.Encoding.dll
Dependency assembly - System.Net.dll
Dependency assembly - System.Security.Cryptography.Algorithms.dll
Dependency assembly - System.ServiceModel.Security.dll
Dependency assembly - Unity.Profiling.Core.dll
Dependency assembly - System.Reflection.TypeExtensions.dll
Dependency assembly - System.Resources.ResourceManager.dll
Dependency assembly - System.Runtime.Numerics.dll
Dependency assembly - System.Xml.Serialization.dll
Dependency assembly - System.Text.Encoding.dll
Dependency assembly - System.Globalization.dll
Dependency assembly - System.IO.FileSystem.Primitives.dll
Dependency assembly - System.ObjectModel.dll
Dependency assembly - System.Runtime.Serialization.Xml.dll
Dependency assembly - System.Data.Entity.dll
Dependency assembly - System.ComponentModel.Primitives.dll
Dependency assembly - System.Xml.XPath.dll
Dependency assembly - System.IO.dll
Dependency assembly - System.Xml.Xsl.Primitives.dll
Dependency assembly - System.Data.OracleClient.dll
Dependency assembly - System.Diagnostics.FileVersionInfo.dll
Dependency assembly - System.Xml.XPath.XmlDocument.dll
Dependency assembly - System.IO.UnmanagedMemoryStream.dll
Dependency assembly - System.Reflection.Emit.dll
Dependency assembly - System.Net.AuthenticationManager.dll
Dependency assembly - System.Security.Cryptography.Hashing.dll
Dependency assembly - System.Reflection.Context.dll
Dependency assembly - System.DirectoryServices.dll
Dependency assembly - System.Net.Sockets.dll
Dependency assembly - System.ServiceModel.Internals.dll
Dependency assembly - System.Resources.ReaderWriter.dll
Dependency assembly - System.Data.dll
Dependency assembly - System.Xml.dll
Dependency assembly - System.Web.DynamicData.dll
Dependency assembly - System.Diagnostics.TraceSource.dll
Dependency assembly - System.Diagnostics.Contracts.dll
Dependency assembly - System.ServiceModel.Discovery.dll
Dependency assembly - System.Runtime.Serialization.Primitives.dll
Dependency assembly - System.ComponentModel.dll
Dependency assembly - UnityEngine.UI.dll
Dependency assembly - Mono.Data.Tds.dll
Dependency assembly - System.Configuration.Install.dll
Dependency assembly - System.Web.dll
Dependency assembly - System.IO.Compression.dll
Dependency assembly - Unity.Collections.dll
Dependency assembly - System.Collections.Concurrent.dll
Dependency assembly - System.Reflection.Emit.ILGeneration.dll
Dependency assembly - System.Reflection.dll
Dependency assembly - System.ServiceModel.dll
Dependency assembly - Unity.RenderPipelines.Universal.Config.Runtime.dll
Dependency assembly - System.Security.Cryptography.Encryption.dll
Dependency assembly - I18N.MidEast.dll
Dependency assembly - System.Drawing.dll
Dependency assembly - System.IO.MemoryMappedFiles.dll
Dependency assembly - Unity.ScriptableBuildPipeline.dll
Dependency assembly - Unity.TextMeshPro.dll
Dependency assembly - System.ComponentModel.DataAnnotations.dll
Dependency assembly - System.Windows.Forms.dll
Dependency assembly - System.Security.Cryptography.RandomNumberGenerator.dll
Dependency assembly - System.IO.FileSystem.AccessControl.dll
Dependency assembly - I18N.dll
Dependency assembly - System.Net.NetworkInformation.dll
Dependency assembly - System.Security.Principal.dll
Dependency assembly - System.Xml.Linq.dll
Dependency assembly - Unity.InputSystem.ForUI.dll
Dependency assembly - System.Security.Cryptography.Pkcs.dll
Dependency assembly - System.ServiceModel.Duplex.dll
Dependency assembly - System.Windows.Forms.DataVisualization.dll
Dependency assembly - Microsoft.Win32.Registry.AccessControl.dll
Dependency assembly - System.Net.WebSockets.Client.dll
Dependency assembly - System.Security.Cryptography.RSA.dll
Dependency assembly - System.ComponentModel.Annotations.dll
Dependency assembly - System.Security.dll
Dependency assembly - System.Numerics.dll
Dependency assembly - Unity.AI.Navigation.dll
Dependency assembly - glTFast.Documentation.Examples.dll
Dependency assembly - System.Threading.dll
Dependency assembly - System.Net.Utilities.dll
Dependency assembly - System.Xml.XPath.XDocument.dll
Dependency assembly - netstandard.dll
Dependency assembly - System.Text.RegularExpressions.dll
Dependency assembly - System.Xml.ReaderWriter.dll
Dependency assembly - System.Collections.Specialized.dll
Dependency assembly - Unity.Burst.dll
Dependency assembly - System.Runtime.DurableInstancing.dll
Dependency assembly - System.Xml.XDocument.dll
Dependency assembly - Unity.RenderPipelines.Universal.2D.Runtime.dll
Dependency assembly - System.Drawing.Primitives.dll
Dependency assembly - System.Linq.dll
Dependency assembly - System.Linq.Queryable.dll
Dependency assembly - System.IO.Pipes.dll
Dependency assembly - System.Net.Ping.dll
Dependency assembly - System.Management.dll
Dependency assembly - glTFast.Newtonsoft.dll
Dependency assembly - System.Net.Http.dll
Dependency assembly - System.Threading.Tasks.Parallel.dll
Dependency assembly - System.ServiceModel.Http.dll
Dependency assembly - System.Runtime.Extensions.dll
Dependency assembly - Microsoft.CSharp.dll
Dependency assembly - System.Threading.Tasks.Extensions.dll
Dependency assembly - Unity.Collections.LowLevel.ILSupport.dll
Dependency assembly - System.Windows.dll
Dependency assembly - System.Net.ServicePoint.dll
Dependency assembly - System.Diagnostics.Debug.dll
Dependency assembly - System.Messaging.dll
Dependency assembly - System.Dynamic.Runtime.dll
Dependency assembly - System.Runtime.Loader.dll
Dependency assembly - System.ServiceModel.NetTcp.dll
Dependency assembly - System.Diagnostics.Tools.dll
Dependency assembly - System.Web.ApplicationServices.dll
Dependency assembly - Unity.RenderPipelines.Core.Runtime.dll
Dependency assembly - Unity.Mathematics.dll
Dependency assembly - Microsoft.Win32.Registry.dll
Dependency assembly - System.Threading.Thread.dll
Dependency assembly - System.Security.Cryptography.OpenSsl.dll
Dependency assembly - System.Json.dll
Dependency assembly - System.Numerics.Vectors.dll
Dependency assembly - System.Security.Principal.Windows.dll
Dependency assembly - Newtonsoft.Json.dll
Dependency assembly - System.Data.DataSetExtensions.dll
Dependency assembly - System.Data.Services.dll
Dependency assembly - System.Diagnostics.TextWriterTraceListener.dll
Dependency assembly - System.Security.Cryptography.Hashing.Algorithms.dll
Dependency assembly - System.DirectoryServices.Protocols.dll
Dependency assembly - System.ComponentModel.TypeConverter.dll
Dependency assembly - System.Runtime.Caching.dll
Dependency assembly - System.Xaml.dll
Dependency assembly - System.Security.Cryptography.Encryption.ECDsa.dll
Dependency assembly - System.Reflection.Extensions.dll
Dependency assembly - System.Text.Encoding.CodePages.dll
Dependency assembly - Unity.InputSystem.dll
Dependency assembly - System.Security.SecureString.dll
Dependency assembly - System.Reflection.Primitives.dll
Dependency assembly - System.Runtime.Remoting.dll
Dependency assembly - System.IO.Compression.FileSystem.dll

Unloading 41 Unused Serialized files (Serialized files now loaded: 0)
Unloading 2027 unused Assets / (1.2 MB). Loaded Objects now: 5445.
Memory consumption went from 220.4 MB to 219.2 MB.
Total: 6.111629 ms (FindLiveObjects: 0.120681 ms CreateObjectMapping: 0.065789 ms MarkObjects: 5.041325 ms  DeleteObjects: 0.883408 ms)

Unloading 0 Unused Serialized files (Serialized files now loaded: 0)
Unloading 0 unused Assets / (0 B). Loaded Objects now: 5445.
Memory consumption went from 219.2 MB to 219.2 MB.
Total: 4.292766 ms (FindLiveObjects: 0.099365 ms CreateObjectMapping: 0.037308 ms MarkObjects: 4.150246 ms  DeleteObjects: 0.005546 ms)

Unloading 1 Unused Serialized files (Serialized files now loaded: 0)
Unloading 186 unused Assets / (146.3 MB). Loaded Objects now: 5445.
Memory consumption went from 362.3 MB to 215.9 MB.
Total: 19.374386 ms (FindLiveObjects: 0.124786 ms CreateObjectMapping: 0.049065 ms MarkObjects: 7.176663 ms  DeleteObjects: 12.023442 ms)

Compiling shader "Shader Graphs/glTF-pbrSpecularGlossiness"
  Pass "Universal Forward" (vp)
    Target graphics API: gles3
    Full variant space:         18.119.393.280
    After settings filtering:   6.144
    After built-in stripping:   12
    After scriptable stripping: 4
    Processed in 0.03 seconds
  Pass "GBuffer" (vp)
  Pass "ShadowCaster" (vp)
    Target graphics API: gles3
    Full variant space:         8
    After settings filtering:   8
    After built-in stripping:   2
    After scriptable stripping: 1
    Processed in 0.00 seconds
  Pass "MotionVectors" (vp)
    Target graphics API: gles3
    Full variant space:         8
    After settings filtering:   4
    After built-in stripping:   1
    After scriptable stripping: 1
    Processed in 0.00 seconds
  Pass "DepthOnly" (vp)
    Target graphics API: gles3
    Full variant space:         4
    After settings filtering:   4
    After built-in stripping:   1
    After scriptable stripping: 1
    Processed in 0.00 seconds
  Pass "DepthNormals" (vp)
    Target graphics API: gles3
    Full variant space:         8
    After settings filtering:   4
    After built-in stripping:   1
    After scriptable stripping: 1
    Processed in 0.00 seconds
  Pass "Universal 2D" (vp)
    Target graphics API: gles3
    Full variant space:         1
    After settings filtering:   1
    After built-in stripping:   1
    After scriptable stripping: 1
    Processed in 0.00 seconds
  Pass "BuiltIn Forward" (vp)
STRIPPING: Shader Graphs/glTF-pbrSpecularGlossiness (BuiltIn Forward pass) (Vertex) - Remaining shader variants = 0/768 = 0% - Total = 0/768 = 0%
UnityEngine.Debug:ExtractStackTraceNoAlloc (byte*,int,string)
UnityEngine.StackTraceUtility:ExtractStackTrace () (at /home/bokken/build/output/unity/unity/Runtime/Export/Scripting/StackTrace.cs:35)
UnityEngine.DebugLogHandler:Internal_Log (UnityEngine.LogType,UnityEngine.LogOption,string,UnityEngine.Object)
UnityEngine.DebugLogHandler:LogFormat (UnityEngine.LogType,UnityEngine.Object,string,object[])
UnityEngine.Logger:Log (UnityEngine.LogType,object)
UnityEngine.Debug:Log (object)
UnityEditor.Rendering.BuiltIn.ShaderPreprocessor:LogShaderVariants (UnityEngine.Shader,UnityEditor.Rendering.ShaderSnippetData,int,int) (at ./Library/PackageCache/com.unity.shadergraph@f391c7e5c168/Editor/Generation/Targets/BuiltIn/Editor/ShaderPreprocessor.cs:362)
UnityEditor.Rendering.BuiltIn.ShaderPreprocessor:OnProcessShader (UnityEngine.Shader,UnityEditor.Rendering.ShaderSnippetData,System.Collections.Generic.IList`1<UnityEditor.Rendering.ShaderCompilerData>) (at ./Library/PackageCache/com.unity.shadergraph@f391c7e5c168/Editor/Generation/Targets/BuiltIn/Editor/ShaderPreprocessor.cs:416)
UnityEditor.Build.BuildPipelineInterfaces:OnPreprocessShaders (UnityEngine.Shader,UnityEditor.Rendering.ShaderSnippetData,UnityEditor.Rendering.ShaderCompilerData[]) (at /home/bokken/build/output/unity/unity/Editor/Mono/BuildPipeline/BuildPipelineInterfaces.cs:716)
UnityEditor.BuildPipeline:BuildPlayerInternalNoCheck (string[],string,string,UnityEditor.BuildTargetGroup,UnityEditor.BuildTarget,int,UnityEditor.BuildOptions,string[],bool)
UnityEditor.BuildPipeline:BuildPlayerInternal (string[],string,string,UnityEditor.BuildTargetGroup,UnityEditor.BuildTarget,int,UnityEditor.BuildOptions,string[]) (at /home/bokken/build/output/unity/unity/Editor/Mono/BuildPipeline.bindings.cs:494)
UnityEditor.BuildPipeline:BuildPlayer (string[],string,string,UnityEditor.BuildTargetGroup,UnityEditor.BuildTarget,int,UnityEditor.BuildOptions,string[]) (at /home/bokken/build/output/unity/unity/Editor/Mono/BuildPipeline.bindings.cs:410)
UnityEditor.BuildPipeline:BuildPlayer (UnityEditor.BuildPlayerOptions) (at /home/bokken/build/output/unity/unity/Editor/Mono/BuildPipeline.bindings.cs:356)
MiniMarket.Editor.MiniMarketProjectBuilder:BuildWeb () (at Assets/Editor/MiniMarketProjectBuilder.cs:90)

(Filename: ./Library/PackageCache/com.unity.shadergraph@f391c7e5c168/Editor/Generation/Targets/BuiltIn/Editor/ShaderPreprocessor.cs Line: 362)

    Target graphics API: gles3
    Full variant space:         1.019.904
    After settings filtering:   1.019.904
    After built-in stripping:   768
    After scriptable stripping: 0
    Processed in 0.02 seconds
  Pass "BuiltIn ForwardAdd" (vp)
STRIPPING: Shader Graphs/glTF-pbrSpecularGlossiness (BuiltIn ForwardAdd pass) (Vertex) - Remaining shader variants = 0/1248 = 0% - Total = 0/2016 = 0%
UnityEngine.Debug:ExtractStackTraceNoAlloc (byte*,int,string)
UnityEngine.StackTraceUtility:ExtractStackTrace () (at /home/bokken/build/output/unity/unity/Runtime/Export/Scripting/StackTrace.cs:35)
UnityEngine.DebugLogHandler:Internal_Log (UnityEngine.LogType,UnityEngine.LogOption,string,UnityEngine.Object)
UnityEngine.DebugLogHandler:LogFormat (UnityEngine.LogType,UnityEngine.Object,string,object[])
UnityEngine.Logger:Log (UnityEngine.LogType,object)
UnityEngine.Debug:Log (object)
UnityEditor.Rendering.BuiltIn.ShaderPreprocessor:LogShaderVariants (UnityEngine.Shader,UnityEditor.Rendering.ShaderSnippetData,int,int) (at ./Library/PackageCache/com.unity.shadergraph@f391c7e5c168/Editor/Generation/Targets/BuiltIn/Editor/ShaderPreprocessor.cs:362)
UnityEditor.Rendering.BuiltIn.ShaderPreprocessor:OnProcessShader (UnityEngine.Shader,UnityEditor.Rendering.ShaderSnippetData,System.Collections.Generic.IList`1<UnityEditor.Rendering.ShaderCompilerData>) (at ./Library/PackageCache/com.unity.shadergraph@f391c7e5c168/Editor/Generation/Targets/BuiltIn/Editor/ShaderPreprocessor.cs:416)
UnityEditor.Build.BuildPipelineInterfaces:OnPreprocessShaders (UnityEngine.Shader,UnityEditor.Rendering.ShaderSnippetData,UnityEditor.Rendering.ShaderCompilerData[]) (at /home/bokken/build/output/unity/unity/Editor/Mono/BuildPipeline/BuildPipelineInterfaces.cs:716)
UnityEditor.BuildPipeline:BuildPlayerInternalNoCheck (string[],string,string,UnityEditor.BuildTargetGroup,UnityEditor.BuildTarget,int,UnityEditor.BuildOptions,string[],bool)
UnityEditor.BuildPipeline:BuildPlayerInternal (string[],string,string,UnityEditor.BuildTargetGroup,UnityEditor.BuildTarget,int,UnityEditor.BuildOptions,string[]) (at /home/bokken/build/output/unity/unity/Editor/Mono/BuildPipeline.bindings.cs:494)
UnityEditor.BuildPipeline:BuildPlayer (string[],string,string,UnityEditor.BuildTargetGroup,UnityEditor.BuildTarget,int,UnityEditor.BuildOptions,string[]) (at /home/bokken/build/output/unity/unity/Editor/Mono/BuildPipeline.bindings.cs:410)
UnityEditor.BuildPipeline:BuildPlayer (UnityEditor.BuildPlayerOptions) (at /home/bokken/build/output/unity/unity/Editor/Mono/BuildPipeline.bindings.cs:356)
MiniMarket.Editor.MiniMarketProjectBuilder:BuildWeb () (at Assets/Editor/MiniMarketProjectBuilder.cs:90)

(Filename: ./Library/PackageCache/com.unity.shadergraph@f391c7e5c168/Editor/Generation/Targets/BuiltIn/Editor/ShaderPreprocessor.cs Line: 362)

    Target graphics API: gles3
    Full variant space:         577.536
    After settings filtering:   577.536
    After built-in stripping:   1.248
    After scriptable stripping: 0
    Processed in 0.01 seconds
  Pass "BuiltIn Deferred" (vp)
STRIPPING: Shader Graphs/glTF-pbrSpecularGlossiness (BuiltIn Deferred pass) (Vertex) - Remaining shader variants = 0/128 = 0% - Total = 0/2144 = 0%
UnityEngine.Debug:ExtractStackTraceNoAlloc (byte*,int,string)
UnityEngine.StackTraceUtility:ExtractStackTrace () (at /home/bokken/build/output/unity/unity/Runtime/Export/Scripting/StackTrace.cs:35)
UnityEngine.DebugLogHandler:Internal_Log (UnityEngine.LogType,UnityEngine.LogOption,string,UnityEngine.Object)
UnityEngine.DebugLogHandler:LogFormat (UnityEngine.LogType,UnityEngine.Object,string,object[])
UnityEngine.Logger:Log (UnityEngine.LogType,object)
UnityEngine.Debug:Log (object)
UnityEditor.Rendering.BuiltIn.ShaderPreprocessor:LogShaderVariants (UnityEngine.Shader,UnityEditor.Rendering.ShaderSnippetData,int,int) (at ./Library/PackageCache/com.unity.shadergraph@f391c7e5c168/Editor/Generation/Targets/BuiltIn/Editor/ShaderPreprocessor.cs:362)
UnityEditor.Rendering.BuiltIn.ShaderPreprocessor:OnProcessShader (UnityEngine.Shader,UnityEditor.Rendering.ShaderSnippetData,System.Collections.Generic.IList`1<UnityEditor.Rendering.ShaderCompilerData>) (at ./Library/PackageCache/com.unity.shadergraph@f391c7e5c168/Editor/Generation/Targets/BuiltIn/Editor/ShaderPreprocessor.cs:416)
UnityEditor.Build.BuildPipelineInterfaces:OnPreprocessShaders (UnityEngine.Shader,UnityEditor.Rendering.ShaderSnippetData,UnityEditor.Rendering.ShaderCompilerData[]) (at /home/bokken/build/output/unity/unity/Editor/Mono/BuildPipeline/BuildPipelineInterfaces.cs:716)
UnityEditor.BuildPipeline:BuildPlayerInternalNoCheck (string[],string,string,UnityEditor.BuildTargetGroup,UnityEditor.BuildTarget,int,UnityEditor.BuildOptions,string[],bool)
UnityEditor.BuildPipeline:BuildPlayerInternal (string[],string,string,UnityEditor.BuildTargetGroup,UnityEditor.BuildTarget,int,UnityEditor.BuildOptions,string[]) (at /home/bokken/build/output/unity/unity/Editor/Mono/BuildPipeline.bindings.cs:494)
UnityEditor.BuildPipeline:BuildPlayer (string[],string,string,UnityEditor.BuildTargetGroup,UnityEditor.BuildTarget,int,UnityEditor.BuildOptions,string[]) (at /home/bokken/build/output/unity/unity/Editor/Mono/BuildPipeline.bindings.cs:410)
UnityEditor.BuildPipeline:BuildPlayer (UnityEditor.BuildPlayerOptions) (at /home/bokken/build/output/unity/unity/Editor/Mono/BuildPipeline.bindings.cs:356)
MiniMarket.Editor.MiniMarketProjectBuilder:BuildWeb () (at Assets/Editor/MiniMarketProjectBuilder.cs:90)

(Filename: ./Library/PackageCache/com.unity.shadergraph@f391c7e5c168/Editor/Generation/Targets/BuiltIn/Editor/ShaderPreprocessor.cs Line: 362)

    Target graphics API: gles3
    Full variant space:         4.864
    After settings filtering:   4.864
    After built-in stripping:   128
    After scriptable stripping: 0
    Processed in 0.00 seconds
  Pass "ShadowCaster" (vp)
STRIPPING: Shader Graphs/glTF-pbrSpecularGlossiness (ShadowCaster pass) (Vertex) - Remaining shader variants = 0/4 = 0% - Total = 0/2148 = 0%
UnityEngine.Debug:ExtractStackTraceNoAlloc (byte*,int,string)
UnityEngine.StackTraceUtility:ExtractStackTrace () (at /home/bokken/build/output/unity/unity/Runtime/Export/Scripting/StackTrace.cs:35)
UnityEngine.DebugLogHandler:Internal_Log (UnityEngine.LogType,UnityEngine.LogOption,string,UnityEngine.Object)
UnityEngine.DebugLogHandler:LogFormat (UnityEngine.LogType,UnityEngine.Object,string,object[])
UnityEngine.Logger:Log (UnityEngine.LogType,object)
UnityEngine.Debug:Log (object)
UnityEditor.Rendering.BuiltIn.ShaderPreprocessor:LogShaderVariants (UnityEngine.Shader,UnityEditor.Rendering.ShaderSnippetData,int,int) (at ./Library/PackageCache/com.unity.shadergraph@f391c7e5c168/Editor/Generation/Targets/BuiltIn/Editor/ShaderPreprocessor.cs:362)
UnityEditor.Rendering.BuiltIn.ShaderPreprocessor:OnProcessShader (UnityEngine.Shader,UnityEditor.Rendering.ShaderSnippetData,System.Collections.Generic.IList`1<UnityEditor.Rendering.ShaderCompilerData>) (at ./Library/PackageCache/com.unity.shadergraph@f391c7e5c168/Editor/Generation/Targets/BuiltIn/Editor/ShaderPreprocessor.cs:416)
UnityEditor.Build.BuildPipelineInterfaces:OnPreprocessShaders (UnityEngine.Shader,UnityEditor.Rendering.ShaderSnippetData,UnityEditor.Rendering.ShaderCompilerData[]) (at /home/bokken/build/output/unity/unity/Editor/Mono/BuildPipeline/BuildPipelineInterfaces.cs:716)
UnityEditor.BuildPipeline:BuildPlayerInternalNoCheck (string[],string,string,UnityEditor.BuildTargetGroup,UnityEditor.BuildTarget,int,UnityEditor.BuildOptions,string[],bool)
UnityEditor.BuildPipeline:BuildPlayerInternal (string[],string,string,UnityEditor.BuildTargetGroup,UnityEditor.BuildTarget,int,UnityEditor.BuildOptions,string[]) (at /home/bokken/build/output/unity/unity/Editor/Mono/BuildPipeline.bindings.cs:494)
UnityEditor.BuildPipeline:BuildPlayer (string[],string,string,UnityEditor.BuildTargetGroup,UnityEditor.BuildTarget,int,UnityEditor.BuildOptions,string[]) (at /home/bokken/build/output/unity/unity/Editor/Mono/BuildPipeline.bindings.cs:410)
UnityEditor.BuildPipeline:BuildPlayer (UnityEditor.BuildPlayerOptions) (at /home/bokken/build/output/unity/unity/Editor/Mono/BuildPipeline.bindings.cs:356)
MiniMarket.Editor.MiniMarketProjectBuilder:BuildWeb () (at Assets/Editor/MiniMarketProjectBuilder.cs:90)

(Filename: ./Library/PackageCache/com.unity.shadergraph@f391c7e5c168/Editor/Generation/Targets/BuiltIn/Editor/ShaderPreprocessor.cs Line: 362)

    Target graphics API: gles3
    Full variant space:         4
    After settings filtering:   4
    After built-in stripping:   4
    After scriptable stripping: 0
    Processed in 0.00 seconds
  Pass "DepthOnly" (vp)
    Target graphics API: gles3
    Full variant space:         2
    After settings filtering:   2
    After built-in stripping:   1
    After scriptable stripping: 0
    Processed in 0.00 seconds
  Pass Universal Forward (vp, gles3) finished in 0.03 seconds. Local cache hits 4 (0.00s CPU time), remote cache hits 0 (0.00s CPU time), compiled 0 variants (0.00s CPU time), skipped 0 variants.
    Prepared data for serialisation in 0.00s
    Prepared data for serialisation in 0.00s
  Pass ShadowCaster (vp, gles3) finished in 0.03 seconds. Local cache hits 1 (0.00s CPU time), remote cache hits 0 (0.00s CPU time), compiled 0 variants (0.00s CPU time), skipped 0 variants.
    Prepared data for serialisation in 0.00s
  Pass MotionVectors (vp, gles3) finished in 0.03 seconds. Local cache hits 1 (0.00s CPU time), remote cache hits 0 (0.00s CPU time), compiled 0 variants (0.00s CPU time), skipped 0 variants.
    Prepared data for serialisation in 0.00s
  Pass DepthOnly (vp, gles3) finished in 0.03 seconds. Local cache hits 1 (0.00s CPU time), remote cache hits 0 (0.00s CPU time), compiled 0 variants (0.00s CPU time), skipped 0 variants.
    Prepared data for serialisation in 0.00s
  Pass DepthNormals (vp, gles3) finished in 0.03 seconds. Local cache hits 1 (0.00s CPU time), remote cache hits 0 (0.00s CPU time), compiled 0 variants (0.00s CPU time), skipped 0 variants.
    Prepared data for serialisation in 0.00s
  Pass Universal 2D (vp, gles3) finished in 0.03 seconds. Local cache hits 1 (0.00s CPU time), remote cache hits 0 (0.00s CPU time), compiled 0 variants (0.00s CPU time), skipped 0 variants.
    Prepared data for serialisation in 0.00s
Serialized binary data for shader Shader Graphs/glTF-pbrSpecularGlossiness in 0.00s
    gles3 (total internal programs: 9, unique: 9)
Compiling shader "Shader Graphs/glTF-pbrMetallicRoughness"
  Pass "Universal Forward" (vp)
    Target graphics API: gles3
    Full variant space:         18.119.393.280
    After settings filtering:   6.144
    After built-in stripping:   12
    After scriptable stripping: 4
    Processed in 0.00 seconds
  Pass "GBuffer" (vp)
  Pass "ShadowCaster" (vp)
    Target graphics API: gles3
    Full variant space:         8
    After settings filtering:   8
    After built-in stripping:   2
    After scriptable stripping: 1
    Processed in 0.00 seconds
  Pass "MotionVectors" (vp)
    Target graphics API: gles3
    Full variant space:         8
    After settings filtering:   4
    After built-in stripping:   1
    After scriptable stripping: 1
    Processed in 0.00 seconds
  Pass "DepthOnly" (vp)
    Target graphics API: gles3
    Full variant space:         4
    After settings filtering:   4
    After built-in stripping:   1
    After scriptable stripping: 1
    Processed in 0.00 seconds
  Pass "DepthNormals" (vp)
    Target graphics API: gles3
    Full variant space:         8
    After settings filtering:   4
    After built-in stripping:   1
    After scriptable stripping: 1
    Processed in 0.00 seconds
  Pass "Universal 2D" (vp)
    Target graphics API: gles3
    Full variant space:         1
    After settings filtering:   1
    After built-in stripping:   1
    After scriptable stripping: 1
    Processed in 0.00 seconds
  Pass "BuiltIn Forward" (vp)
STRIPPING: Shader Graphs/glTF-pbrMetallicRoughness (BuiltIn Forward pass) (Vertex) - Remaining shader variants = 0/768 = 0% - Total = 0/2917 = 0%
UnityEngine.Debug:ExtractStackTraceNoAlloc (byte*,int,string)
UnityEngine.StackTraceUtility:ExtractStackTrace () (at /home/bokken/build/output/unity/unity/Runtime/Export/Scripting/StackTrace.cs:35)
UnityEngine.DebugLogHandler:Internal_Log (UnityEngine.LogType,UnityEngine.LogOption,string,UnityEngine.Object)
UnityEngine.DebugLogHandler:LogFormat (UnityEngine.LogType,UnityEngine.Object,string,object[])
UnityEngine.Logger:Log (UnityEngine.LogType,object)
UnityEngine.Debug:Log (object)
UnityEditor.Rendering.BuiltIn.ShaderPreprocessor:LogShaderVariants (UnityEngine.Shader,UnityEditor.Rendering.ShaderSnippetData,int,int) (at ./Library/PackageCache/com.unity.shadergraph@f391c7e5c168/Editor/Generation/Targets/BuiltIn/Editor/ShaderPreprocessor.cs:362)
UnityEditor.Rendering.BuiltIn.ShaderPreprocessor:OnProcessShader (UnityEngine.Shader,UnityEditor.Rendering.ShaderSnippetData,System.Collections.Generic.IList`1<UnityEditor.Rendering.ShaderCompilerData>) (at ./Library/PackageCache/com.unity.shadergraph@f391c7e5c168/Editor/Generation/Targets/BuiltIn/Editor/ShaderPreprocessor.cs:416)
UnityEditor.Build.BuildPipelineInterfaces:OnPreprocessShaders (UnityEngine.Shader,UnityEditor.Rendering.ShaderSnippetData,UnityEditor.Rendering.ShaderCompilerData[]) (at /home/bokken/build/output/unity/unity/Editor/Mono/BuildPipeline/BuildPipelineInterfaces.cs:716)
UnityEditor.BuildPipeline:BuildPlayerInternalNoCheck (string[],string,string,UnityEditor.BuildTargetGroup,UnityEditor.BuildTarget,int,UnityEditor.BuildOptions,string[],bool)
UnityEditor.BuildPipeline:BuildPlayerInternal (string[],string,string,UnityEditor.BuildTargetGroup,UnityEditor.BuildTarget,int,UnityEditor.BuildOptions,string[]) (at /home/bokken/build/output/unity/unity/Editor/Mono/BuildPipeline.bindings.cs:494)
UnityEditor.BuildPipeline:BuildPlayer (string[],string,string,UnityEditor.BuildTargetGroup,UnityEditor.BuildTarget,int,UnityEditor.BuildOptions,string[]) (at /home/bokken/build/output/unity/unity/Editor/Mono/BuildPipeline.bindings.cs:410)
UnityEditor.BuildPipeline:BuildPlayer (UnityEditor.BuildPlayerOptions) (at /home/bokken/build/output/unity/unity/Editor/Mono/BuildPipeline.bindings.cs:356)
MiniMarket.Editor.MiniMarketProjectBuilder:BuildWeb () (at Assets/Editor/MiniMarketProjectBuilder.cs:90)

(Filename: ./Library/PackageCache/com.unity.shadergraph@f391c7e5c168/Editor/Generation/Targets/BuiltIn/Editor/ShaderPreprocessor.cs Line: 362)

    Target graphics API: gles3
    Full variant space:         1.019.904
    After settings filtering:   1.019.904
    After built-in stripping:   768
    After scriptable stripping: 0
    Processed in 0.02 seconds
  Pass "BuiltIn ForwardAdd" (vp)
STRIPPING: Shader Graphs/glTF-pbrMetallicRoughness (BuiltIn ForwardAdd pass) (Vertex) - Remaining shader variants = 0/1248 = 0% - Total = 0/4165 = 0%
UnityEngine.Debug:ExtractStackTraceNoAlloc (byte*,int,string)
UnityEngine.StackTraceUtility:ExtractStackTrace () (at /home/bokken/build/output/unity/unity/Runtime/Export/Scripting/StackTrace.cs:35)
UnityEngine.DebugLogHandler:Internal_Log (UnityEngine.LogType,UnityEngine.LogOption,string,UnityEngine.Object)
UnityEngine.DebugLogHandler:LogFormat (UnityEngine.LogType,UnityEngine.Object,string,object[])
UnityEngine.Logger:Log (UnityEngine.LogType,object)
UnityEngine.Debug:Log (object)
UnityEditor.Rendering.BuiltIn.ShaderPreprocessor:LogShaderVariants (UnityEngine.Shader,UnityEditor.Rendering.ShaderSnippetData,int,int) (at ./Library/PackageCache/com.unity.shadergraph@f391c7e5c168/Editor/Generation/Targets/BuiltIn/Editor/ShaderPreprocessor.cs:362)
UnityEditor.Rendering.BuiltIn.ShaderPreprocessor:OnProcessShader (UnityEngine.Shader,UnityEditor.Rendering.ShaderSnippetData,System.Collections.Generic.IList`1<UnityEditor.Rendering.ShaderCompilerData>) (at ./Library/PackageCache/com.unity.shadergraph@f391c7e5c168/Editor/Generation/Targets/BuiltIn/Editor/ShaderPreprocessor.cs:416)
UnityEditor.Build.BuildPipelineInterfaces:OnPreprocessShaders (UnityEngine.Shader,UnityEditor.Rendering.ShaderSnippetData,UnityEditor.Rendering.ShaderCompilerData[]) (at /home/bokken/build/output/unity/unity/Editor/Mono/BuildPipeline/BuildPipelineInterfaces.cs:716)
UnityEditor.BuildPipeline:BuildPlayerInternalNoCheck (string[],string,string,UnityEditor.BuildTargetGroup,UnityEditor.BuildTarget,int,UnityEditor.BuildOptions,string[],bool)
UnityEditor.BuildPipeline:BuildPlayerInternal (string[],string,string,UnityEditor.BuildTargetGroup,UnityEditor.BuildTarget,int,UnityEditor.BuildOptions,string[]) (at /home/bokken/build/output/unity/unity/Editor/Mono/BuildPipeline.bindings.cs:494)
UnityEditor.BuildPipeline:BuildPlayer (string[],string,string,UnityEditor.BuildTargetGroup,UnityEditor.BuildTarget,int,UnityEditor.BuildOptions,string[]) (at /home/bokken/build/output/unity/unity/Editor/Mono/BuildPipeline.bindings.cs:410)
UnityEditor.BuildPipeline:BuildPlayer (UnityEditor.BuildPlayerOptions) (at /home/bokken/build/output/unity/unity/Editor/Mono/BuildPipeline.bindings.cs:356)
MiniMarket.Editor.MiniMarketProjectBuilder:BuildWeb () (at Assets/Editor/MiniMarketProjectBuilder.cs:90)

(Filename: ./Library/PackageCache/com.unity.shadergraph@f391c7e5c168/Editor/Generation/Targets/BuiltIn/Editor/ShaderPreprocessor.cs Line: 362)

    Target graphics API: gles3
    Full variant space:         577.536
    After settings filtering:   577.536
    After built-in stripping:   1.248
    After scriptable stripping: 0
    Processed in 0.01 seconds
  Pass "BuiltIn Deferred" (vp)
STRIPPING: Shader Graphs/glTF-pbrMetallicRoughness (BuiltIn Deferred pass) (Vertex) - Remaining shader variants = 0/128 = 0% - Total = 0/4293 = 0%
UnityEngine.Debug:ExtractStackTraceNoAlloc (byte*,int,string)
UnityEngine.StackTraceUtility:ExtractStackTrace () (at /home/bokken/build/output/unity/unity/Runtime/Export/Scripting/StackTrace.cs:35)
UnityEngine.DebugLogHandler:Internal_Log (UnityEngine.LogType,UnityEngine.LogOption,string,UnityEngine.Object)
UnityEngine.DebugLogHandler:LogFormat (UnityEngine.LogType,UnityEngine.Object,string,object[])
UnityEngine.Logger:Log (UnityEngine.LogType,object)
UnityEngine.Debug:Log (object)
UnityEditor.Rendering.BuiltIn.ShaderPreprocessor:LogShaderVariants (UnityEngine.Shader,UnityEditor.Rendering.ShaderSnippetData,int,int) (at ./Library/PackageCache/com.unity.shadergraph@f391c7e5c168/Editor/Generation/Targets/BuiltIn/Editor/ShaderPreprocessor.cs:362)
UnityEditor.Rendering.BuiltIn.ShaderPreprocessor:OnProcessShader (UnityEngine.Shader,UnityEditor.Rendering.ShaderSnippetData,System.Collections.Generic.IList`1<UnityEditor.Rendering.ShaderCompilerData>) (at ./Library/PackageCache/com.unity.shadergraph@f391c7e5c168/Editor/Generation/Targets/BuiltIn/Editor/ShaderPreprocessor.cs:416)
UnityEditor.Build.BuildPipelineInterfaces:OnPreprocessShaders (UnityEngine.Shader,UnityEditor.Rendering.ShaderSnippetData,UnityEditor.Rendering.ShaderCompilerData[]) (at /home/bokken/build/output/unity/unity/Editor/Mono/BuildPipeline/BuildPipelineInterfaces.cs:716)
UnityEditor.BuildPipeline:BuildPlayerInternalNoCheck (string[],string,string,UnityEditor.BuildTargetGroup,UnityEditor.BuildTarget,int,UnityEditor.BuildOptions,string[],bool)
UnityEditor.BuildPipeline:BuildPlayerInternal (string[],string,string,UnityEditor.BuildTargetGroup,UnityEditor.BuildTarget,int,UnityEditor.BuildOptions,string[]) (at /home/bokken/build/output/unity/unity/Editor/Mono/BuildPipeline.bindings.cs:494)
UnityEditor.BuildPipeline:BuildPlayer (string[],string,string,UnityEditor.BuildTargetGroup,UnityEditor.BuildTarget,int,UnityEditor.BuildOptions,string[]) (at /home/bokken/build/output/unity/unity/Editor/Mono/BuildPipeline.bindings.cs:410)
UnityEditor.BuildPipeline:BuildPlayer (UnityEditor.BuildPlayerOptions) (at /home/bokken/build/output/unity/unity/Editor/Mono/BuildPipeline.bindings.cs:356)
MiniMarket.Editor.MiniMarketProjectBuilder:BuildWeb () (at Assets/Editor/MiniMarketProjectBuilder.cs:90)

(Filename: ./Library/PackageCache/com.unity.shadergraph@f391c7e5c168/Editor/Generation/Targets/BuiltIn/Editor/ShaderPreprocessor.cs Line: 362)

    Target graphics API: gles3
    Full variant space:         4.864
    After settings filtering:   4.864
    After built-in stripping:   128
    After scriptable stripping: 0
    Processed in 0.00 seconds
  Pass "ShadowCaster" (vp)
STRIPPING: Shader Graphs/glTF-pbrMetallicRoughness (ShadowCaster pass) (Vertex) - Remaining shader variants = 0/4 = 0% - Total = 0/4297 = 0%
UnityEngine.Debug:ExtractStackTraceNoAlloc (byte*,int,string)
UnityEngine.StackTraceUtility:ExtractStackTrace () (at /home/bokken/build/output/unity/unity/Runtime/Export/Scripting/StackTrace.cs:35)
UnityEngine.DebugLogHandler:Internal_Log (UnityEngine.LogType,UnityEngine.LogOption,string,UnityEngine.Object)
UnityEngine.DebugLogHandler:LogFormat (UnityEngine.LogType,UnityEngine.Object,string,object[])
UnityEngine.Logger:Log (UnityEngine.LogType,object)
UnityEngine.Debug:Log (object)
UnityEditor.Rendering.BuiltIn.ShaderPreprocessor:LogShaderVariants (UnityEngine.Shader,UnityEditor.Rendering.ShaderSnippetData,int,int) (at ./Library/PackageCache/com.unity.shadergraph@f391c7e5c168/Editor/Generation/Targets/BuiltIn/Editor/ShaderPreprocessor.cs:362)
UnityEditor.Rendering.BuiltIn.ShaderPreprocessor:OnProcessShader (UnityEngine.Shader,UnityEditor.Rendering.ShaderSnippetData,System.Collections.Generic.IList`1<UnityEditor.Rendering.ShaderCompilerData>) (at ./Library/PackageCache/com.unity.shadergraph@f391c7e5c168/Editor/Generation/Targets/BuiltIn/Editor/ShaderPreprocessor.cs:416)
UnityEditor.Build.BuildPipelineInterfaces:OnPreprocessShaders (UnityEngine.Shader,UnityEditor.Rendering.ShaderSnippetData,UnityEditor.Rendering.ShaderCompilerData[]) (at /home/bokken/build/output/unity/unity/Editor/Mono/BuildPipeline/BuildPipelineInterfaces.cs:716)
UnityEditor.BuildPipeline:BuildPlayerInternalNoCheck (string[],string,string,UnityEditor.BuildTargetGroup,UnityEditor.BuildTarget,int,UnityEditor.BuildOptions,string[],bool)
UnityEditor.BuildPipeline:BuildPlayerInternal (string[],string,string,UnityEditor.BuildTargetGroup,UnityEditor.BuildTarget,int,UnityEditor.BuildOptions,string[]) (at /home/bokken/build/output/unity/unity/Editor/Mono/BuildPipeline.bindings.cs:494)
UnityEditor.BuildPipeline:BuildPlayer (string[],string,string,UnityEditor.BuildTargetGroup,UnityEditor.BuildTarget,int,UnityEditor.BuildOptions,string[]) (at /home/bokken/build/output/unity/unity/Editor/Mono/BuildPipeline.bindings.cs:410)
UnityEditor.BuildPipeline:BuildPlayer (UnityEditor.BuildPlayerOptions) (at /home/bokken/build/output/unity/unity/Editor/Mono/BuildPipeline.bindings.cs:356)
MiniMarket.Editor.MiniMarketProjectBuilder:BuildWeb () (at Assets/Editor/MiniMarketProjectBuilder.cs:90)

(Filename: ./Library/PackageCache/com.unity.shadergraph@f391c7e5c168/Editor/Generation/Targets/BuiltIn/Editor/ShaderPreprocessor.cs Line: 362)

    Target graphics API: gles3
    Full variant space:         4
    After settings filtering:   4
    After built-in stripping:   4
    After scriptable stripping: 0
    Processed in 0.00 seconds
  Pass "DepthOnly" (vp)
    Target graphics API: gles3
    Full variant space:         2
    After settings filtering:   2
    After built-in stripping:   1
    After scriptable stripping: 0
    Processed in 0.00 seconds
  Pass Universal Forward (vp, gles3) finished in 0.03 seconds. Local cache hits 4 (0.00s CPU time), remote cache hits 0 (0.00s CPU time), compiled 0 variants (0.00s CPU time), skipped 0 variants.
    Prepared data for serialisation in 0.00s
    Prepared data for serialisation in 0.00s
  Pass ShadowCaster (vp, gles3) finished in 0.03 seconds. Local cache hits 1 (0.00s CPU time), remote cache hits 0 (0.00s CPU time), compiled 0 variants (0.00s CPU time), skipped 0 variants.
    Prepared data for serialisation in 0.00s
  Pass MotionVectors (vp, gles3) finished in 0.03 seconds. Local cache hits 1 (0.00s CPU time), remote cache hits 0 (0.00s CPU time), compiled 0 variants (0.00s CPU time), skipped 0 variants.
    Prepared data for serialisation in 0.00s
  Pass DepthOnly (vp, gles3) finished in 0.03 seconds. Local cache hits 1 (0.00s CPU time), remote cache hits 0 (0.00s CPU time), compiled 0 variants (0.00s CPU time), skipped 0 variants.
    Prepared data for serialisation in 0.00s
  Pass DepthNormals (vp, gles3) finished in 0.03 seconds. Local cache hits 1 (0.00s CPU time), remote cache hits 0 (0.00s CPU time), compiled 0 variants (0.00s CPU time), skipped 0 variants.
    Prepared data for serialisation in 0.00s
  Pass Universal 2D (vp, gles3) finished in 0.03 seconds. Local cache hits 1 (0.00s CPU time), remote cache hits 0 (0.00s CPU time), compiled 0 variants (0.00s CPU time), skipped 0 variants.
    Prepared data for serialisation in 0.00s
Serialized binary data for shader Shader Graphs/glTF-pbrMetallicRoughness in 0.00s
    gles3 (total internal programs: 9, unique: 9)
Compiling shader "Shader Graphs/glTF-pbrMetallicRoughness-Clearcoat"
  Pass "Universal Forward Only" (vp)
    Target graphics API: gles3
    Full variant space:         18.119.393.280
    After settings filtering:   6.144
    After built-in stripping:   12
    After scriptable stripping: 4
    Processed in 0.00 seconds
  Pass "GBuffer" (vp)
  Pass "ShadowCaster" (vp)
    Target graphics API: gles3
    Full variant space:         8
    After settings filtering:   8
    After built-in stripping:   2
    After scriptable stripping: 1
    Processed in 0.00 seconds
  Pass "MotionVectors" (vp)
    Target graphics API: gles3
    Full variant space:         8
    After settings filtering:   4
    After built-in stripping:   1
    After scriptable stripping: 1
    Processed in 0.00 seconds
  Pass "DepthOnly" (vp)
    Target graphics API: gles3
    Full variant space:         4
    After settings filtering:   4
    After built-in stripping:   1
    After scriptable stripping: 1
    Processed in 0.00 seconds
  Pass "DepthNormalsOnly" (vp)
    Target graphics API: gles3
    Full variant space:         8
    After settings filtering:   4
    After built-in stripping:   1
    After scriptable stripping: 1
    Processed in 0.00 seconds
  Pass "Universal 2D" (vp)
    Target graphics API: gles3
    Full variant space:         1
    After settings filtering:   1
    After built-in stripping:   1
    After scriptable stripping: 1
    Processed in 0.00 seconds
  Pass "BuiltIn Forward" (vp)
STRIPPING: Shader Graphs/glTF-pbrMetallicRoughness-Clearcoat (BuiltIn Forward pass) (Vertex) - Remaining shader variants = 0/768 = 0% - Total = 0/5066 = 0%
UnityEngine.Debug:ExtractStackTraceNoAlloc (byte*,int,string)
UnityEngine.StackTraceUtility:ExtractStackTrace () (at /home/bokken/build/output/unity/unity/Runtime/Export/Scripting/StackTrace.cs:35)
UnityEngine.DebugLogHandler:Internal_Log (UnityEngine.LogType,UnityEngine.LogOption,string,UnityEngine.Object)
UnityEngine.DebugLogHandler:LogFormat (UnityEngine.LogType,UnityEngine.Object,string,object[])
UnityEngine.Logger:Log (UnityEngine.LogType,object)
UnityEngine.Debug:Log (object)
UnityEditor.Rendering.BuiltIn.ShaderPreprocessor:LogShaderVariants (UnityEngine.Shader,UnityEditor.Rendering.ShaderSnippetData,int,int) (at ./Library/PackageCache/com.unity.shadergraph@f391c7e5c168/Editor/Generation/Targets/BuiltIn/Editor/ShaderPreprocessor.cs:362)
UnityEditor.Rendering.BuiltIn.ShaderPreprocessor:OnProcessShader (UnityEngine.Shader,UnityEditor.Rendering.ShaderSnippetData,System.Collections.Generic.IList`1<UnityEditor.Rendering.ShaderCompilerData>) (at ./Library/PackageCache/com.unity.shadergraph@f391c7e5c168/Editor/Generation/Targets/BuiltIn/Editor/ShaderPreprocessor.cs:416)
UnityEditor.Build.BuildPipelineInterfaces:OnPreprocessShaders (UnityEngine.Shader,UnityEditor.Rendering.ShaderSnippetData,UnityEditor.Rendering.ShaderCompilerData[]) (at /home/bokken/build/output/unity/unity/Editor/Mono/BuildPipeline/BuildPipelineInterfaces.cs:716)
UnityEditor.BuildPipeline:BuildPlayerInternalNoCheck (string[],string,string,UnityEditor.BuildTargetGroup,UnityEditor.BuildTarget,int,UnityEditor.BuildOptions,string[],bool)
UnityEditor.BuildPipeline:BuildPlayerInternal (string[],string,string,UnityEditor.BuildTargetGroup,UnityEditor.BuildTarget,int,UnityEditor.BuildOptions,string[]) (at /home/bokken/build/output/unity/unity/Editor/Mono/BuildPipeline.bindings.cs:494)
UnityEditor.BuildPipeline:BuildPlayer (string[],string,string,UnityEditor.BuildTargetGroup,UnityEditor.BuildTarget,int,UnityEditor.BuildOptions,string[]) (at /home/bokken/build/output/unity/unity/Editor/Mono/BuildPipeline.bindings.cs:410)
UnityEditor.BuildPipeline:BuildPlayer (UnityEditor.BuildPlayerOptions) (at /home/bokken/build/output/unity/unity/Editor/Mono/BuildPipeline.bindings.cs:356)
MiniMarket.Editor.MiniMarketProjectBuilder:BuildWeb () (at Assets/Editor/MiniMarketProjectBuilder.cs:90)

(Filename: ./Library/PackageCache/com.unity.shadergraph@f391c7e5c168/Editor/Generation/Targets/BuiltIn/Editor/ShaderPreprocessor.cs Line: 362)

    Target graphics API: gles3
    Full variant space:         1.019.904
    After settings filtering:   1.019.904
    After built-in stripping:   768
    After scriptable stripping: 0
    Processed in 0.02 seconds
  Pass "BuiltIn ForwardAdd" (vp)
STRIPPING: Shader Graphs/glTF-pbrMetallicRoughness-Clearcoat (BuiltIn ForwardAdd pass) (Vertex) - Remaining shader variants = 0/1248 = 0% - Total = 0/6314 = 0%
UnityEngine.Debug:ExtractStackTraceNoAlloc (byte*,int,string)
UnityEngine.StackTraceUtility:ExtractStackTrace () (at /home/bokken/build/output/unity/unity/Runtime/Export/Scripting/StackTrace.cs:35)
UnityEngine.DebugLogHandler:Internal_Log (UnityEngine.LogType,UnityEngine.LogOption,string,UnityEngine.Object)
UnityEngine.DebugLogHandler:LogFormat (UnityEngine.LogType,UnityEngine.Object,string,object[])
UnityEngine.Logger:Log (UnityEngine.LogType,object)
UnityEngine.Debug:Log (object)
UnityEditor.Rendering.BuiltIn.ShaderPreprocessor:LogShaderVariants (UnityEngine.Shader,UnityEditor.Rendering.ShaderSnippetData,int,int) (at ./Library/PackageCache/com.unity.shadergraph@f391c7e5c168/Editor/Generation/Targets/BuiltIn/Editor/ShaderPreprocessor.cs:362)
UnityEditor.Rendering.BuiltIn.ShaderPreprocessor:OnProcessShader (UnityEngine.Shader,UnityEditor.Rendering.ShaderSnippetData,System.Collections.Generic.IList`1<UnityEditor.Rendering.ShaderCompilerData>) (at ./Library/PackageCache/com.unity.shadergraph@f391c7e5c168/Editor/Generation/Targets/BuiltIn/Editor/ShaderPreprocessor.cs:416)
UnityEditor.Build.BuildPipelineInterfaces:OnPreprocessShaders (UnityEngine.Shader,UnityEditor.Rendering.ShaderSnippetData,UnityEditor.Rendering.ShaderCompilerData[]) (at /home/bokken/build/output/unity/unity/Editor/Mono/BuildPipeline/BuildPipelineInterfaces.cs:716)
UnityEditor.BuildPipeline:BuildPlayerInternalNoCheck (string[],string,string,UnityEditor.BuildTargetGroup,UnityEditor.BuildTarget,int,UnityEditor.BuildOptions,string[],bool)
UnityEditor.BuildPipeline:BuildPlayerInternal (string[],string,string,UnityEditor.BuildTargetGroup,UnityEditor.BuildTarget,int,UnityEditor.BuildOptions,string[]) (at /home/bokken/build/output/unity/unity/Editor/Mono/BuildPipeline.bindings.cs:494)
UnityEditor.BuildPipeline:BuildPlayer (string[],string,string,UnityEditor.BuildTargetGroup,UnityEditor.BuildTarget,int,UnityEditor.BuildOptions,string[]) (at /home/bokken/build/output/unity/unity/Editor/Mono/BuildPipeline.bindings.cs:410)
UnityEditor.BuildPipeline:BuildPlayer (UnityEditor.BuildPlayerOptions) (at /home/bokken/build/output/unity/unity/Editor/Mono/BuildPipeline.bindings.cs:356)
MiniMarket.Editor.MiniMarketProjectBuilder:BuildWeb () (at Assets/Editor/MiniMarketProjectBuilder.cs:90)

(Filename: ./Library/PackageCache/com.unity.shadergraph@f391c7e5c168/Editor/Generation/Targets/BuiltIn/Editor/ShaderPreprocessor.cs Line: 362)

    Target graphics API: gles3
    Full variant space:         577.536
    After settings filtering:   577.536
    After built-in stripping:   1.248
    After scriptable stripping: 0
    Processed in 0.01 seconds
  Pass "BuiltIn Deferred" (vp)
STRIPPING: Shader Graphs/glTF-pbrMetallicRoughness-Clearcoat (BuiltIn Deferred pass) (Vertex) - Remaining shader variants = 0/128 = 0% - Total = 0/6442 = 0%
UnityEngine.Debug:ExtractStackTraceNoAlloc (byte*,int,string)
UnityEngine.StackTraceUtility:ExtractStackTrace () (at /home/bokken/build/output/unity/unity/Runtime/Export/Scripting/StackTrace.cs:35)
UnityEngine.DebugLogHandler:Internal_Log (UnityEngine.LogType,UnityEngine.LogOption,string,UnityEngine.Object)
UnityEngine.DebugLogHandler:LogFormat (UnityEngine.LogType,UnityEngine.Object,string,object[])
UnityEngine.Logger:Log (UnityEngine.LogType,object)
UnityEngine.Debug:Log (object)
UnityEditor.Rendering.BuiltIn.ShaderPreprocessor:LogShaderVariants (UnityEngine.Shader,UnityEditor.Rendering.ShaderSnippetData,int,int) (at ./Library/PackageCache/com.unity.shadergraph@f391c7e5c168/Editor/Generation/Targets/BuiltIn/Editor/ShaderPreprocessor.cs:362)
UnityEditor.Rendering.BuiltIn.ShaderPreprocessor:OnProcessShader (UnityEngine.Shader,UnityEditor.Rendering.ShaderSnippetData,System.Collections.Generic.IList`1<UnityEditor.Rendering.ShaderCompilerData>) (at ./Library/PackageCache/com.unity.shadergraph@f391c7e5c168/Editor/Generation/Targets/BuiltIn/Editor/ShaderPreprocessor.cs:416)
UnityEditor.Build.BuildPipelineInterfaces:OnPreprocessShaders (UnityEngine.Shader,UnityEditor.Rendering.ShaderSnippetData,UnityEditor.Rendering.ShaderCompilerData[]) (at /home/bokken/build/output/unity/unity/Editor/Mono/BuildPipeline/BuildPipelineInterfaces.cs:716)
UnityEditor.BuildPipeline:BuildPlayerInternalNoCheck (string[],string,string,UnityEditor.BuildTargetGroup,UnityEditor.BuildTarget,int,UnityEditor.BuildOptions,string[],bool)
UnityEditor.BuildPipeline:BuildPlayerInternal (string[],string,string,UnityEditor.BuildTargetGroup,UnityEditor.BuildTarget,int,UnityEditor.BuildOptions,string[]) (at /home/bokken/build/output/unity/unity/Editor/Mono/BuildPipeline.bindings.cs:494)
UnityEditor.BuildPipeline:BuildPlayer (string[],string,string,UnityEditor.BuildTargetGroup,UnityEditor.BuildTarget,int,UnityEditor.BuildOptions,string[]) (at /home/bokken/build/output/unity/unity/Editor/Mono/BuildPipeline.bindings.cs:410)
UnityEditor.BuildPipeline:BuildPlayer (UnityEditor.BuildPlayerOptions) (at /home/bokken/build/output/unity/unity/Editor/Mono/BuildPipeline.bindings.cs:356)
MiniMarket.Editor.MiniMarketProjectBuilder:BuildWeb () (at Assets/Editor/MiniMarketProjectBuilder.cs:90)

(Filename: ./Library/PackageCache/com.unity.shadergraph@f391c7e5c168/Editor/Generation/Targets/BuiltIn/Editor/ShaderPreprocessor.cs Line: 362)

    Target graphics API: gles3
    Full variant space:         4.864
    After settings filtering:   4.864
    After built-in stripping:   128
    After scriptable stripping: 0
    Processed in 0.00 seconds
  Pass "ShadowCaster" (vp)
STRIPPING: Shader Graphs/glTF-pbrMetallicRoughness-Clearcoat (ShadowCaster pass) (Vertex) - Remaining shader variants = 0/4 = 0% - Total = 0/6446 = 0%
UnityEngine.Debug:ExtractStackTraceNoAlloc (byte*,int,string)
UnityEngine.StackTraceUtility:ExtractStackTrace () (at /home/bokken/build/output/unity/unity/Runtime/Export/Scripting/StackTrace.cs:35)
UnityEngine.DebugLogHandler:Internal_Log (UnityEngine.LogType,UnityEngine.LogOption,string,UnityEngine.Object)
UnityEngine.DebugLogHandler:LogFormat (UnityEngine.LogType,UnityEngine.Object,string,object[])
UnityEngine.Logger:Log (UnityEngine.LogType,object)
UnityEngine.Debug:Log (object)
UnityEditor.Rendering.BuiltIn.ShaderPreprocessor:LogShaderVariants (UnityEngine.Shader,UnityEditor.Rendering.ShaderSnippetData,int,int) (at ./Library/PackageCache/com.unity.shadergraph@f391c7e5c168/Editor/Generation/Targets/BuiltIn/Editor/ShaderPreprocessor.cs:362)
UnityEditor.Rendering.BuiltIn.ShaderPreprocessor:OnProcessShader (UnityEngine.Shader,UnityEditor.Rendering.ShaderSnippetData,System.Collections.Generic.IList`1<UnityEditor.Rendering.ShaderCompilerData>) (at ./Library/PackageCache/com.unity.shadergraph@f391c7e5c168/Editor/Generation/Targets/BuiltIn/Editor/ShaderPreprocessor.cs:416)
UnityEditor.Build.BuildPipelineInterfaces:OnPreprocessShaders (UnityEngine.Shader,UnityEditor.Rendering.ShaderSnippetData,UnityEditor.Rendering.ShaderCompilerData[]) (at /home/bokken/build/output/unity/unity/Editor/Mono/BuildPipeline/BuildPipelineInterfaces.cs:716)
UnityEditor.BuildPipeline:BuildPlayerInternalNoCheck (string[],string,string,UnityEditor.BuildTargetGroup,UnityEditor.BuildTarget,int,UnityEditor.BuildOptions,string[],bool)
UnityEditor.BuildPipeline:BuildPlayerInternal (string[],string,string,UnityEditor.BuildTargetGroup,UnityEditor.BuildTarget,int,UnityEditor.BuildOptions,string[]) (at /home/bokken/build/output/unity/unity/Editor/Mono/BuildPipeline.bindings.cs:494)
UnityEditor.BuildPipeline:BuildPlayer (string[],string,string,UnityEditor.BuildTargetGroup,UnityEditor.BuildTarget,int,UnityEditor.BuildOptions,string[]) (at /home/bokken/build/output/unity/unity/Editor/Mono/BuildPipeline.bindings.cs:410)
UnityEditor.BuildPipeline:BuildPlayer (UnityEditor.BuildPlayerOptions) (at /home/bokken/build/output/unity/unity/Editor/Mono/BuildPipeline.bindings.cs:356)
MiniMarket.Editor.MiniMarketProjectBuilder:BuildWeb () (at Assets/Editor/MiniMarketProjectBuilder.cs:90)

(Filename: ./Library/PackageCache/com.unity.shadergraph@f391c7e5c168/Editor/Generation/Targets/BuiltIn/Editor/ShaderPreprocessor.cs Line: 362)

    Target graphics API: gles3
    Full variant space:         4
    After settings filtering:   4
    After built-in stripping:   4
    After scriptable stripping: 0
    Processed in 0.00 seconds
  Pass "DepthOnly" (vp)
    Target graphics API: gles3
    Full variant space:         2
    After settings filtering:   2
    After built-in stripping:   1
    After scriptable stripping: 0
    Processed in 0.00 seconds
  Pass Universal Forward Only (vp, gles3) finished in 0.03 seconds. Local cache hits 4 (0.00s CPU time), remote cache hits 0 (0.00s CPU time), compiled 0 variants (0.00s CPU time), skipped 0 variants.
    Prepared data for serialisation in 0.00s
    Prepared data for serialisation in 0.00s
  Pass ShadowCaster (vp, gles3) finished in 0.03 seconds. Local cache hits 1 (0.00s CPU time), remote cache hits 0 (0.00s CPU time), compiled 0 variants (0.00s CPU time), skipped 0 variants.
    Prepared data for serialisation in 0.00s
  Pass MotionVectors (vp, gles3) finished in 0.03 seconds. Local cache hits 1 (0.00s CPU time), remote cache hits 0 (0.00s CPU time), compiled 0 variants (0.00s CPU time), skipped 0 variants.
    Prepared data for serialisation in 0.00s
  Pass DepthOnly (vp, gles3) finished in 0.03 seconds. Local cache hits 1 (0.00s CPU time), remote cache hits 0 (0.00s CPU time), compiled 0 variants (0.00s CPU time), skipped 0 variants.
    Prepared data for serialisation in 0.00s
  Pass DepthNormalsOnly (vp, gles3) finished in 0.03 seconds. Local cache hits 1 (0.00s CPU time), remote cache hits 0 (0.00s CPU time), compiled 0 variants (0.00s CPU time), skipped 0 variants.
    Prepared data for serialisation in 0.00s
  Pass Universal 2D (vp, gles3) finished in 0.03 seconds. Local cache hits 1 (0.00s CPU time), remote cache hits 0 (0.00s CPU time), compiled 0 variants (0.00s CPU time), skipped 0 variants.
    Prepared data for serialisation in 0.00s
Serialized binary data for shader Shader Graphs/glTF-pbrMetallicRoughness-Clearcoat in 0.00s
    gles3 (total internal programs: 9, unique: 9)
Compiling shader "Shader Graphs/glTF-unlit"
  Pass "Universal Forward" (vp)
    Target graphics API: gles3
    Full variant space:         8.192
    After settings filtering:   64
    After built-in stripping:   1
    After scriptable stripping: 1
    Processed in 0.00 seconds
  Pass "DepthOnly" (vp)
    Target graphics API: gles3
    Full variant space:         4
    After settings filtering:   4
    After built-in stripping:   1
    After scriptable stripping: 1
    Processed in 0.00 seconds
  Pass "MotionVectors" (vp)
    Target graphics API: gles3
    Full variant space:         8
    After settings filtering:   4
    After built-in stripping:   1
    After scriptable stripping: 1
    Processed in 0.00 seconds
  Pass "DepthNormalsOnly" (vp)
    Target graphics API: gles3
    Full variant space:         16
    After settings filtering:   4
    After built-in stripping:   1
    After scriptable stripping: 1
    Processed in 0.00 seconds
  Pass "ShadowCaster" (vp)
    Target graphics API: gles3
    Full variant space:         8
    After settings filtering:   8
    After built-in stripping:   2
    After scriptable stripping: 1
    Processed in 0.00 seconds
  Pass "GBuffer" (vp)
  Pass "Pass" (vp)
STRIPPING: Shader Graphs/glTF-unlit (Pass pass) (Vertex) - Remaining shader variants = 0/8 = 0% - Total = 0/6455 = 0%
UnityEngine.Debug:ExtractStackTraceNoAlloc (byte*,int,string)
UnityEngine.StackTraceUtility:ExtractStackTrace () (at /home/bokken/build/output/unity/unity/Runtime/Export/Scripting/StackTrace.cs:35)
UnityEngine.DebugLogHandler:Internal_Log (UnityEngine.LogType,UnityEngine.LogOption,string,UnityEngine.Object)
UnityEngine.DebugLogHandler:LogFormat (UnityEngine.LogType,UnityEngine.Object,string,object[])
UnityEngine.Logger:Log (UnityEngine.LogType,object)
UnityEngine.Debug:Log (object)
UnityEditor.Rendering.BuiltIn.ShaderPreprocessor:LogShaderVariants (UnityEngine.Shader,UnityEditor.Rendering.ShaderSnippetData,int,int) (at ./Library/PackageCache/com.unity.shadergraph@f391c7e5c168/Editor/Generation/Targets/BuiltIn/Editor/ShaderPreprocessor.cs:362)
UnityEditor.Rendering.BuiltIn.ShaderPreprocessor:OnProcessShader (UnityEngine.Shader,UnityEditor.Rendering.ShaderSnippetData,System.Collections.Generic.IList`1<UnityEditor.Rendering.ShaderCompilerData>) (at ./Library/PackageCache/com.unity.shadergraph@f391c7e5c168/Editor/Generation/Targets/BuiltIn/Editor/ShaderPreprocessor.cs:416)
UnityEditor.Build.BuildPipelineInterfaces:OnPreprocessShaders (UnityEngine.Shader,UnityEditor.Rendering.ShaderSnippetData,UnityEditor.Rendering.ShaderCompilerData[]) (at /home/bokken/build/output/unity/unity/Editor/Mono/BuildPipeline/BuildPipelineInterfaces.cs:716)
UnityEditor.BuildPipeline:BuildPlayerInternalNoCheck (string[],string,string,UnityEditor.BuildTargetGroup,UnityEditor.BuildTarget,int,UnityEditor.BuildOptions,string[],bool)
UnityEditor.BuildPipeline:BuildPlayerInternal (string[],string,string,UnityEditor.BuildTargetGroup,UnityEditor.BuildTarget,int,UnityEditor.BuildOptions,string[]) (at /home/bokken/build/output/unity/unity/Editor/Mono/BuildPipeline.bindings.cs:494)
UnityEditor.BuildPipeline:BuildPlayer (string[],string,string,UnityEditor.BuildTargetGroup,UnityEditor.BuildTarget,int,UnityEditor.BuildOptions,string[]) (at /home/bokken/build/output/unity/unity/Editor/Mono/BuildPipeline.bindings.cs:410)
UnityEditor.BuildPipeline:BuildPlayer (UnityEditor.BuildPlayerOptions) (at /home/bokken/build/output/unity/unity/Editor/Mono/BuildPipeline.bindings.cs:356)
MiniMarket.Editor.MiniMarketProjectBuilder:BuildWeb () (at Assets/Editor/MiniMarketProjectBuilder.cs:90)

(Filename: ./Library/PackageCache/com.unity.shadergraph@f391c7e5c168/Editor/Generation/Targets/BuiltIn/Editor/ShaderPreprocessor.cs Line: 362)

    Target graphics API: gles3
    Full variant space:         664
    After settings filtering:   664
    After built-in stripping:   8
    After scriptable stripping: 0
    Processed in 0.00 seconds
  Pass "DepthOnly" (vp)
    Target graphics API: gles3
    Full variant space:         2
    After settings filtering:   2
    After built-in stripping:   1
    After scriptable stripping: 0
    Processed in 0.00 seconds
  Pass "ShadowCaster" (vp)
STRIPPING: Shader Graphs/glTF-unlit (ShadowCaster pass) (Vertex) - Remaining shader variants = 0/4 = 0% - Total = 0/6460 = 0%
UnityEngine.Debug:ExtractStackTraceNoAlloc (byte*,int,string)
UnityEngine.StackTraceUtility:ExtractStackTrace () (at /home/bokken/build/output/unity/unity/Runtime/Export/Scripting/StackTrace.cs:35)
UnityEngine.DebugLogHandler:Internal_Log (UnityEngine.LogType,UnityEngine.LogOption,string,UnityEngine.Object)
UnityEngine.DebugLogHandler:LogFormat (UnityEngine.LogType,UnityEngine.Object,string,object[])
UnityEngine.Logger:Log (UnityEngine.LogType,object)
UnityEngine.Debug:Log (object)
UnityEditor.Rendering.BuiltIn.ShaderPreprocessor:LogShaderVariants (UnityEngine.Shader,UnityEditor.Rendering.ShaderSnippetData,int,int) (at ./Library/PackageCache/com.unity.shadergraph@f391c7e5c168/Editor/Generation/Targets/BuiltIn/Editor/ShaderPreprocessor.cs:362)
UnityEditor.Rendering.BuiltIn.ShaderPreprocessor:OnProcessShader (UnityEngine.Shader,UnityEditor.Rendering.ShaderSnippetData,System.Collections.Generic.IList`1<UnityEditor.Rendering.ShaderCompilerData>) (at ./Library/PackageCache/com.unity.shadergraph@f391c7e5c168/Editor/Generation/Targets/BuiltIn/Editor/ShaderPreprocessor.cs:416)
UnityEditor.Build.BuildPipelineInterfaces:OnPreprocessShaders (UnityEngine.Shader,UnityEditor.Rendering.ShaderSnippetData,UnityEditor.Rendering.ShaderCompilerData[]) (at /home/bokken/build/output/unity/unity/Editor/Mono/BuildPipeline/BuildPipelineInterfaces.cs:716)
UnityEditor.BuildPipeline:BuildPlayerInternalNoCheck (string[],string,string,UnityEditor.BuildTargetGroup,UnityEditor.BuildTarget,int,UnityEditor.BuildOptions,string[],bool)
UnityEditor.BuildPipeline:BuildPlayerInternal (string[],string,string,UnityEditor.BuildTargetGroup,UnityEditor.BuildTarget,int,UnityEditor.BuildOptions,string[]) (at /home/bokken/build/output/unity/unity/Editor/Mono/BuildPipeline.bindings.cs:494)
UnityEditor.BuildPipeline:BuildPlayer (string[],string,string,UnityEditor.BuildTargetGroup,UnityEditor.BuildTarget,int,UnityEditor.BuildOptions,string[]) (at /home/bokken/build/output/unity/unity/Editor/Mono/BuildPipeline.bindings.cs:410)
UnityEditor.BuildPipeline:BuildPlayer (UnityEditor.BuildPlayerOptions) (at /home/bokken/build/output/unity/unity/Editor/Mono/BuildPipeline.bindings.cs:356)
MiniMarket.Editor.MiniMarketProjectBuilder:BuildWeb () (at Assets/Editor/MiniMarketProjectBuilder.cs:90)

(Filename: ./Library/PackageCache/com.unity.shadergraph@f391c7e5c168/Editor/Generation/Targets/BuiltIn/Editor/ShaderPreprocessor.cs Line: 362)

    Target graphics API: gles3
    Full variant space:         4
    After settings filtering:   4
    After built-in stripping:   4
    After scriptable stripping: 0
    Processed in 0.00 seconds
  Pass Universal Forward (vp, gles3) finished in 0.00 seconds. Local cache hits 1 (0.00s CPU time), remote cache hits 0 (0.00s CPU time), compiled 0 variants (0.00s CPU time), skipped 0 variants.
    Prepared data for serialisation in 0.00s
  Pass DepthOnly (vp, gles3) finished in 0.00 seconds. Local cache hits 1 (0.00s CPU time), remote cache hits 0 (0.00s CPU time), compiled 0 variants (0.00s CPU time), skipped 0 variants.
    Prepared data for serialisation in 0.00s
  Pass MotionVectors (vp, gles3) finished in 0.00 seconds. Local cache hits 1 (0.00s CPU time), remote cache hits 0 (0.00s CPU time), compiled 0 variants (0.00s CPU time), skipped 0 variants.
    Prepared data for serialisation in 0.00s
  Pass DepthNormalsOnly (vp, gles3) finished in 0.00 seconds. Local cache hits 1 (0.00s CPU time), remote cache hits 0 (0.00s CPU time), compiled 0 variants (0.00s CPU time), skipped 0 variants.
    Prepared data for serialisation in 0.00s
  Pass ShadowCaster (vp, gles3) finished in 0.00 seconds. Local cache hits 1 (0.00s CPU time), remote cache hits 0 (0.00s CPU time), compiled 0 variants (0.00s CPU time), skipped 0 variants.
    Prepared data for serialisation in 0.00s
    Prepared data for serialisation in 0.00s
Serialized binary data for shader Shader Graphs/glTF-unlit in 0.00s
    gles3 (total internal programs: 5, unique: 5)
Compiling shader "Hidden/Universal Render Pipeline/Sampling"
  Pass "BoxDownsample" (vp)
    Target graphics API: gles3
    Full variant space:         1
    After settings filtering:   1
    After built-in stripping:   1
    After scriptable stripping: 1
    Processed in 0.00 seconds
  Pass BoxDownsample (vp, gles3) finished in 0.00 seconds. Local cache hits 1 (0.00s CPU time), remote cache hits 0 (0.00s CPU time), compiled 0 variants (0.00s CPU time), skipped 0 variants.
    Prepared data for serialisation in 0.00s
Serialized binary data for shader Hidden/Universal Render Pipeline/Sampling in 0.00s
    gles3 (total internal programs: 1, unique: 1)
Compiling shader "Hidden/CoreSRP/CoreCopy"
  Pass "Copy" (vp)
    Target graphics API: gles3
    Full variant space:         2
    After settings filtering:   2
    After built-in stripping:   2
    After scriptable stripping: 2
    Processed in 0.00 seconds
  Pass "CopyMS" (vp)
    Target graphics API: gles3
    Full variant space:         2
    After settings filtering:   2
    After built-in stripping:   2
    After scriptable stripping: 2
    Processed in 0.00 seconds
  Pass Copy (vp, gles3) finished in 0.00 seconds. Local cache hits 2 (0.00s CPU time), remote cache hits 0 (0.00s CPU time), compiled 0 variants (0.00s CPU time), skipped 0 variants.
    Prepared data for serialisation in 0.00s
  Pass CopyMS (vp, gles3) finished in 0.00 seconds. Local cache hits 2 (0.00s CPU time), remote cache hits 0 (0.00s CPU time), compiled 0 variants (0.00s CPU time), skipped 0 variants.
    Prepared data for serialisation in 0.00s
Serialized binary data for shader Hidden/CoreSRP/CoreCopy in 0.00s
    gles3 (total internal programs: 4, unique: 4)
Compiling shader "Hidden/Universal Render Pipeline/ClusterDeferred"
  Pass "Deferred Clustered Lights (Lit)" (vp)
  Pass "Deferred Clustered Lights (SimpleLit)" (vp)
  Pass "Fog" (vp)
    Prepared data for serialisation in 0.00s
    Prepared data for serialisation in 0.00s
    Prepared data for serialisation in 0.00s
Serialized binary data for shader Hidden/Universal Render Pipeline/ClusterDeferred in 0.00s
    gles3 (total internal programs: 0, unique: 0)
Compiling shader "Hidden/TerrainEngine/Details/UniversalPipeline/BillboardWavingDoublePass"
  Pass "ForwardLit" (vp)
    Target graphics API: gles3
    Full variant space:         491.520
    After settings filtering:   256
    After built-in stripping:   2
    After scriptable stripping: 2
    Processed in 0.00 seconds
  Pass "GBuffer" (vp)
  Pass "DepthOnly" (vp)
    Target graphics API: gles3
    Full variant space:         2
    After settings filtering:   2
    After built-in stripping:   1
    After scriptable stripping: 1
    Processed in 0.00 seconds
  Pass "DepthNormals" (vp)
    Target graphics API: gles3
    Full variant space:         2
    After settings filtering:   2
    After built-in stripping:   1
    After scriptable stripping: 1
    Processed in 0.00 seconds
  Pass ForwardLit (vp, gles3) finished in 0.00 seconds. Local cache hits 2 (0.00s CPU time), remote cache hits 0 (0.00s CPU time), compiled 0 variants (0.00s CPU time), skipped 0 variants.
    Prepared data for serialisation in 0.00s
    Prepared data for serialisation in 0.00s
  Pass DepthOnly (vp, gles3) finished in 0.00 seconds. Local cache hits 1 (0.00s CPU time), remote cache hits 0 (0.00s CPU time), compiled 0 variants (0.00s CPU time), skipped 0 variants.
    Prepared data for serialisation in 0.00s
  Pass DepthNormals (vp, gles3) finished in 0.00 seconds. Local cache hits 1 (0.00s CPU time), remote cache hits 0 (0.00s CPU time), compiled 0 variants (0.00s CPU time), skipped 0 variants.
    Prepared data for serialisation in 0.00s
Serialized binary data for shader Hidden/TerrainEngine/Details/UniversalPipeline/BillboardWavingDoublePass in 0.00s
    gles3 (total internal programs: 4, unique: 4)
Compiling shader "Hidden/Core/FallbackError"
  Pass "" (vp)
    Target graphics API: gles3
    Full variant space:         3
    After settings filtering:   3
    After built-in stripping:   1
    After scriptable stripping: 1
    Processed in 0.00 seconds
  Pass  (vp, gles3) finished in 0.00 seconds. Local cache hits 1 (0.00s CPU time), remote cache hits 0 (0.00s CPU time), compiled 0 variants (0.00s CPU time), skipped 0 variants.
    Prepared data for serialisation in 0.00s
Serialized binary data for shader Hidden/Core/FallbackError in 0.00s
    gles3 (total internal programs: 1, unique: 1)
Compiling shader "Hidden/Universal Render Pipeline/XR/XROcclusionMesh"
  Pass "" (vp)
    Target graphics API: gles3
    Full variant space:         2
    After settings filtering:   1
    After built-in stripping:   1
    After scriptable stripping: 0
    Processed in 0.00 seconds
Serialized binary data for shader Hidden/Universal Render Pipeline/XR/XROcclusionMesh in 0.00s
    gles3 (total internal programs: 0, unique: 0)
Compiling shader "Hidden/Universal/HDRDebugView"
  Pass "" (vp)
    Target graphics API: gles3
    Full variant space:         4
    After settings filtering:   1
    After built-in stripping:   1
    After scriptable stripping: 1
    Processed in 0.00 seconds
  Pass "" (vp)
    Target graphics API: gles3
    Full variant space:         4
    After settings filtering:   1
    After built-in stripping:   1
    After scriptable stripping: 1
    Processed in 0.00 seconds
  Pass  (vp, gles3) finished in 0.00 seconds. Local cache hits 1 (0.00s CPU time), remote cache hits 0 (0.00s CPU time), compiled 0 variants (0.00s CPU time), skipped 0 variants.
    Prepared data for serialisation in 0.00s
  Pass  (vp, gles3) finished in 0.00 seconds. Local cache hits 1 (0.00s CPU time), remote cache hits 0 (0.00s CPU time), compiled 0 variants (0.00s CPU time), skipped 0 variants.
    Prepared data for serialisation in 0.00s
Serialized binary data for shader Hidden/Universal/HDRDebugView in 0.00s
    gles3 (total internal programs: 2, unique: 2)
Compiling shader "Hidden/Core/VrsVisualization"
  Pass "VrsVisualization" (vp)
    Prepared data for serialisation in 0.00s
Serialized binary data for shader Hidden/Core/VrsVisualization in 0.00s
    gles3 (total internal programs: 0, unique: 0)
Compiling shader "Hidden/Universal Render Pipeline/StencilDitherMaskSeed"
  Pass "StencilDitherMaskSeed" (vp)
    Target graphics API: gles3
    Full variant space:         1
    After settings filtering:   1
    After built-in stripping:   1
    After scriptable stripping: 1
    Processed in 0.00 seconds
  Pass StencilDitherMaskSeed (vp, gles3) finished in 0.00 seconds. Local cache hits 1 (0.00s CPU time), remote cache hits 0 (0.00s CPU time), compiled 0 variants (0.00s CPU time), skipped 0 variants.
    Prepared data for serialisation in 0.00s
Serialized binary data for shader Hidden/Universal Render Pipeline/StencilDitherMaskSeed in 0.00s
    gles3 (total internal programs: 1, unique: 1)
Compiling shader "Universal Render Pipeline/Lit"
  Pass "ForwardLit" (vp)
    Target graphics API: gles3
    Full variant space:         36.238.786.560
    After settings filtering:   12.288
    After built-in stripping:   24
    After scriptable stripping: 8
    Processed in 0.00 seconds
  Pass "ShadowCaster" (vp)
    Target graphics API: gles3
    Full variant space:         16
    After settings filtering:   16
    After built-in stripping:   4
    After scriptable stripping: 2
    Processed in 0.00 seconds
  Pass "GBuffer" (vp)
  Pass "DepthOnly" (vp)
    Target graphics API: gles3
    Full variant space:         8
    After settings filtering:   8
    After built-in stripping:   2
    After scriptable stripping: 2
    Processed in 0.00 seconds
  Pass "DepthNormals" (vp)
    Target graphics API: gles3
    Full variant space:         16
    After settings filtering:   8
    After built-in stripping:   2
    After scriptable stripping: 2
    Processed in 0.00 seconds
  Pass "Universal2D" (vp)
    Target graphics API: gles3
    Full variant space:         2
    After settings filtering:   2
    After built-in stripping:   1
    After scriptable stripping: 0
    Processed in 0.00 seconds
  Pass "MotionVectors" (vp)
    Target graphics API: gles3
    Full variant space:         8
    After settings filtering:   8
    After built-in stripping:   2
    After scriptable stripping: 2
    Processed in 0.00 seconds
  Pass "XRMotionVectors" (vp)
    Target graphics API: gles3
    Full variant space:         8
    After settings filtering:   8
    After built-in stripping:   2
    After scriptable stripping: 0
    Processed in 0.00 seconds
  Pass ForwardLit (vp, gles3) finished in 0.00 seconds. Local cache hits 8 (0.00s CPU time), remote cache hits 0 (0.00s CPU time), compiled 0 variants (0.00s CPU time), skipped 0 variants.
    Prepared data for serialisation in 0.00s
  Pass ShadowCaster (vp, gles3) finished in 0.00 seconds. Local cache hits 2 (0.00s CPU time), remote cache hits 0 (0.00s CPU time), compiled 0 variants (0.00s CPU time), skipped 0 variants.
    Prepared data for serialisation in 0.00s
    Prepared data for serialisation in 0.00s
  Pass DepthOnly (vp, gles3) finished in 0.00 seconds. Local cache hits 2 (0.00s CPU time), remote cache hits 0 (0.00s CPU time), compiled 0 variants (0.00s CPU time), skipped 0 variants.
    Prepared data for serialisation in 0.00s
  Pass DepthNormals (vp, gles3) finished in 0.00 seconds. Local cache hits 2 (0.00s CPU time), remote cache hits 0 (0.00s CPU time), compiled 0 variants (0.00s CPU time), skipped 0 variants.
    Prepared data for serialisation in 0.00s
  Pass MotionVectors (vp, gles3) finished in 0.00 seconds. Local cache hits 2 (0.00s CPU time), remote cache hits 0 (0.00s CPU time), compiled 0 variants (0.00s CPU time), skipped 0 variants.
    Prepared data for serialisation in 0.00s
Serialized binary data for shader Universal Render Pipeline/Lit in 0.00s
    gles3 (total internal programs: 16, unique: 16)
Compiling shader "Hidden/Universal/CoreBlit"
  Pass "Nearest" (vp)
    Target graphics API: gles3
    Full variant space:         1
    After settings filtering:   1
    After built-in stripping:   1
    After scriptable stripping: 1
    Processed in 0.00 seconds
  Pass "Bilinear" (vp)
    Target graphics API: gles3
    Full variant space:         1
    After settings filtering:   1
    After built-in stripping:   1
    After scriptable stripping: 1
    Processed in 0.00 seconds
  Pass "NearestQuad" (vp)
    Target graphics API: gles3
    Full variant space:         1
    After settings filtering:   1
    After built-in stripping:   1
    After scriptable stripping: 1
    Processed in 0.00 seconds
  Pass "BilinearQuad" (vp)
    Target graphics API: gles3
    Full variant space:         1
    After settings filtering:   1
    After built-in stripping:   1
    After scriptable stripping: 1
    Processed in 0.00 seconds
  Pass "NearestQuadPadding" (vp)
    Target graphics API: gles3
    Full variant space:         1
    After settings filtering:   1
    After built-in stripping:   1
    After scriptable stripping: 1
    Processed in 0.00 seconds
  Pass "BilinearQuadPadding" (vp)
    Target graphics API: gles3
    Full variant space:         1
    After settings filtering:   1
    After built-in stripping:   1
    After scriptable stripping: 1
    Processed in 0.00 seconds
  Pass "NearestQuadPaddingRepeat" (vp)
    Target graphics API: gles3
    Full variant space:         1
    After settings filtering:   1
    After built-in stripping:   1
    After scriptable stripping: 1
    Processed in 0.00 seconds
  Pass "BilinearQuadPaddingRepeat" (vp)
    Target graphics API: gles3
    Full variant space:         1
    After settings filtering:   1
    After built-in stripping:   1
    After scriptable stripping: 1
    Processed in 0.00 seconds
  Pass "BilinearQuadPaddingOctahedral" (vp)
    Target graphics API: gles3
    Full variant space:         1
    After settings filtering:   1
    After built-in stripping:   1
    After scriptable stripping: 1
    Processed in 0.00 seconds
  Pass "NearestQuadPaddingAlphaBlend" (vp)
    Target graphics API: gles3
    Full variant space:         1
    After settings filtering:   1
    After built-in stripping:   1
    After scriptable stripping: 1
    Processed in 0.00 seconds
  Pass "BilinearQuadPaddingAlphaBlend" (vp)
    Target graphics API: gles3
    Full variant space:         1
    After settings filtering:   1
    After built-in stripping:   1
    After scriptable stripping: 1
    Processed in 0.00 seconds
  Pass "NearestQuadPaddingAlphaBlendRepeat" (vp)
    Target graphics API: gles3
    Full variant space:         1
    After settings filtering:   1
    After built-in stripping:   1
    After scriptable stripping: 1
    Processed in 0.00 seconds
  Pass "BilinearQuadPaddingAlphaBlendRepeat" (vp)
    Target graphics API: gles3
    Full variant space:         1
    After settings filtering:   1
    After built-in stripping:   1
    After scriptable stripping: 1
    Processed in 0.00 seconds
  Pass "BilinearQuadPaddingAlphaBlendOctahedral" (vp)
    Target graphics API: gles3
    Full variant space:         1
    After settings filtering:   1
    After built-in stripping:   1
    After scriptable stripping: 1
    Processed in 0.00 seconds
  Pass "CubeToOctahedral" (vp)
    Target graphics API: gles3
    Full variant space:         1
    After settings filtering:   1
    After built-in stripping:   1
    After scriptable stripping: 1
    Processed in 0.00 seconds
  Pass "CubeToOctahedralLuminance" (vp)
    Target graphics API: gles3
    Full variant space:         1
    After settings filtering:   1
    After built-in stripping:   1
    After scriptable stripping: 1
    Processed in 0.00 seconds
  Pass "CubeToOctahedralAlpha" (vp)
    Target graphics API: gles3
    Full variant space:         1
    After settings filtering:   1
    After built-in stripping:   1
    After scriptable stripping: 1
    Processed in 0.00 seconds
  Pass "CubeToOctahedralRed" (vp)
    Target graphics API: gles3
    Full variant space:         1
    After settings filtering:   1
    After built-in stripping:   1
    After scriptable stripping: 1
    Processed in 0.00 seconds
  Pass "BilinearQuadLuminance" (vp)
    Target graphics API: gles3
    Full variant space:         1
    After settings filtering:   1
    After built-in stripping:   1
    After scriptable stripping: 1
    Processed in 0.00 seconds
  Pass "BilinearQuadAlpha" (vp)
    Target graphics API: gles3
    Full variant space:         1
    After settings filtering:   1
    After built-in stripping:   1
    After scriptable stripping: 1
    Processed in 0.00 seconds
  Pass "BilinearQuadRed" (vp)
    Target graphics API: gles3
    Full variant space:         1
    After settings filtering:   1
    After built-in stripping:   1
    After scriptable stripping: 1
    Processed in 0.00 seconds
  Pass "NearestCubeToOctahedralPadding" (vp)
    Target graphics API: gles3
    Full variant space:         2
    After settings filtering:   2
    After built-in stripping:   2
    After scriptable stripping: 2
    Processed in 0.00 seconds
  Pass "BilinearCubeToOctahedralPadding" (vp)
    Target graphics API: gles3
    Full variant space:         2
    After settings filtering:   2
    After built-in stripping:   2
    After scriptable stripping: 2
    Processed in 0.00 seconds
  Pass "BilinearDebugDraw" (vp)
    Target graphics API: gles3
    Full variant space:         4
    After settings filtering:   2
    After built-in stripping:   2
    After scriptable stripping: 2
    Processed in 0.00 seconds
  Pass "NearestDebugDraw" (vp)
    Target graphics API: gles3
    Full variant space:         4
    After settings filtering:   2
    After built-in stripping:   2
    After scriptable stripping: 2
    Processed in 0.00 seconds
  Pass Nearest (vp, gles3) finished in 0.01 seconds. Local cache hits 1 (0.00s CPU time), remote cache hits 0 (0.00s CPU time), compiled 0 variants (0.00s CPU time), skipped 0 variants.
    Prepared data for serialisation in 0.00s
  Pass Bilinear (vp, gles3) finished in 0.01 seconds. Local cache hits 1 (0.00s CPU time), remote cache hits 0 (0.00s CPU time), compiled 0 variants (0.00s CPU time), skipped 0 variants.
    Prepared data for serialisation in 0.00s
  Pass NearestQuad (vp, gles3) finished in 0.01 seconds. Local cache hits 1 (0.00s CPU time), remote cache hits 0 (0.00s CPU time), compiled 0 variants (0.00s CPU time), skipped 0 variants.
    Prepared data for serialisation in 0.00s
  Pass BilinearQuad (vp, gles3) finished in 0.01 seconds. Local cache hits 1 (0.00s CPU time), remote cache hits 0 (0.00s CPU time), compiled 0 variants (0.00s CPU time), skipped 0 variants.
    Prepared data for serialisation in 0.00s
  Pass NearestQuadPadding (vp, gles3) finished in 0.01 seconds. Local cache hits 1 (0.00s CPU time), remote cache hits 0 (0.00s CPU time), compiled 0 variants (0.00s CPU time), skipped 0 variants.
    Prepared data for serialisation in 0.00s
  Pass BilinearQuadPadding (vp, gles3) finished in 0.01 seconds. Local cache hits 1 (0.00s CPU time), remote cache hits 0 (0.00s CPU time), compiled 0 variants (0.00s CPU time), skipped 0 variants.
    Prepared data for serialisation in 0.00s
  Pass NearestQuadPaddingRepeat (vp, gles3) finished in 0.01 seconds. Local cache hits 1 (0.00s CPU time), remote cache hits 0 (0.00s CPU time), compiled 0 variants (0.00s CPU time), skipped 0 variants.
    Prepared data for serialisation in 0.00s
  Pass BilinearQuadPaddingRepeat (vp, gles3) finished in 0.01 seconds. Local cache hits 1 (0.00s CPU time), remote cache hits 0 (0.00s CPU time), compiled 0 variants (0.00s CPU time), skipped 0 variants.
    Prepared data for serialisation in 0.00s
  Pass BilinearQuadPaddingOctahedral (vp, gles3) finished in 0.01 seconds. Local cache hits 1 (0.00s CPU time), remote cache hits 0 (0.00s CPU time), compiled 0 variants (0.00s CPU time), skipped 0 variants.
    Prepared data for serialisation in 0.00s
  Pass NearestQuadPaddingAlphaBlend (vp, gles3) finished in 0.01 seconds. Local cache hits 1 (0.00s CPU time), remote cache hits 0 (0.00s CPU time), compiled 0 variants (0.00s CPU time), skipped 0 variants.
    Prepared data for serialisation in 0.00s
  Pass BilinearQuadPaddingAlphaBlend (vp, gles3) finished in 0.01 seconds. Local cache hits 1 (0.00s CPU time), remote cache hits 0 (0.00s CPU time), compiled 0 variants (0.00s CPU time), skipped 0 variants.
    Prepared data for serialisation in 0.00s
  Pass NearestQuadPaddingAlphaBlendRepeat (vp, gles3) finished in 0.01 seconds. Local cache hits 1 (0.00s CPU time), remote cache hits 0 (0.00s CPU time), compiled 0 variants (0.00s CPU time), skipped 0 variants.
    Prepared data for serialisation in 0.00s
  Pass BilinearQuadPaddingAlphaBlendRepeat (vp, gles3) finished in 0.01 seconds. Local cache hits 1 (0.00s CPU time), remote cache hits 0 (0.00s CPU time), compiled 0 variants (0.00s CPU time), skipped 0 variants.
    Prepared data for serialisation in 0.00s
  Pass BilinearQuadPaddingAlphaBlendOctahedral (vp, gles3) finished in 0.01 seconds. Local cache hits 1 (0.00s CPU time), remote cache hits 0 (0.00s CPU time), compiled 0 variants (0.00s CPU time), skipped 0 variants.
    Prepared data for serialisation in 0.00s
  Pass CubeToOctahedral (vp, gles3) finished in 0.01 seconds. Local cache hits 1 (0.00s CPU time), remote cache hits 0 (0.00s CPU time), compiled 0 variants (0.00s CPU time), skipped 0 variants.
    Prepared data for serialisation in 0.00s
  Pass CubeToOctahedralLuminance (vp, gles3) finished in 0.00 seconds. Local cache hits 1 (0.00s CPU time), remote cache hits 0 (0.00s CPU time), compiled 0 variants (0.00s CPU time), skipped 0 variants.
    Prepared data for serialisation in 0.00s
  Pass CubeToOctahedralAlpha (vp, gles3) finished in 0.00 seconds. Local cache hits 1 (0.00s CPU time), remote cache hits 0 (0.00s CPU time), compiled 0 variants (0.00s CPU time), skipped 0 variants.
    Prepared data for serialisation in 0.00s
  Pass CubeToOctahedralRed (vp, gles3) finished in 0.00 seconds. Local cache hits 1 (0.00s CPU time), remote cache hits 0 (0.00s CPU time), compiled 0 variants (0.00s CPU time), skipped 0 variants.
    Prepared data for serialisation in 0.00s
  Pass BilinearQuadLuminance (vp, gles3) finished in 0.00 seconds. Local cache hits 1 (0.00s CPU time), remote cache hits 0 (0.00s CPU time), compiled 0 variants (0.00s CPU time), skipped 0 variants.
    Prepared data for serialisation in 0.00s
  Pass BilinearQuadAlpha (vp, gles3) finished in 0.00 seconds. Local cache hits 1 (0.00s CPU time), remote cache hits 0 (0.00s CPU time), compiled 0 variants (0.00s CPU time), skipped 0 variants.
    Prepared data for serialisation in 0.00s
  Pass BilinearQuadRed (vp, gles3) finished in 0.00 seconds. Local cache hits 1 (0.00s CPU time), remote cache hits 0 (0.00s CPU time), compiled 0 variants (0.00s CPU time), skipped 0 variants.
    Prepared data for serialisation in 0.00s
  Pass NearestCubeToOctahedralPadding (vp, gles3) finished in 0.00 seconds. Local cache hits 2 (0.00s CPU time), remote cache hits 0 (0.00s CPU time), compiled 0 variants (0.00s CPU time), skipped 0 variants.
    Prepared data for serialisation in 0.00s
  Pass BilinearCubeToOctahedralPadding (vp, gles3) finished in 0.00 seconds. Local cache hits 2 (0.00s CPU time), remote cache hits 0 (0.00s CPU time), compiled 0 variants (0.00s CPU time), skipped 0 variants.
    Prepared data for serialisation in 0.00s
  Pass BilinearDebugDraw (vp, gles3) finished in 0.00 seconds. Local cache hits 2 (0.00s CPU time), remote cache hits 0 (0.00s CPU time), compiled 0 variants (0.00s CPU time), skipped 0 variants.
    Prepared data for serialisation in 0.00s
  Pass NearestDebugDraw (vp, gles3) finished in 0.00 seconds. Local cache hits 2 (0.00s CPU time), remote cache hits 0 (0.00s CPU time), compiled 0 variants (0.00s CPU time), skipped 0 variants.
    Prepared data for serialisation in 0.00s
Serialized binary data for shader Hidden/Universal/CoreBlit in 0.00s
    gles3 (total internal programs: 29, unique: 15)
Compiling shader "Hidden/Universal/BlitHDROverlay"
  Pass "BilinearDebugDraw" (vp)
    Target graphics API: gles3
    Full variant space:         8
    After settings filtering:   1
    After built-in stripping:   1
    After scriptable stripping: 0
    Processed in 0.00 seconds
  Pass "NearestDebugDraw" (vp)
    Target graphics API: gles3
    Full variant space:         8
    After settings filtering:   1
    After built-in stripping:   1
    After scriptable stripping: 0
    Processed in 0.00 seconds
Serialized binary data for shader Hidden/Universal/BlitHDROverlay in 0.00s
    gles3 (total internal programs: 0, unique: 0)
Compiling shader "Hidden/Universal Render Pipeline/CameraMotionVectors"
  Pass "Camera Motion Vectors" (vp)
    Target graphics API: gles3
    Full variant space:         1
    After settings filtering:   1
    After built-in stripping:   1
    After scriptable stripping: 1
    Processed in 0.00 seconds
  Pass Camera Motion Vectors (vp, gles3) finished in 0.00 seconds. Local cache hits 1 (0.00s CPU time), remote cache hits 0 (0.00s CPU time), compiled 0 variants (0.00s CPU time), skipped 0 variants.
    Prepared data for serialisation in 0.00s
Serialized binary data for shader Hidden/Universal Render Pipeline/CameraMotionVectors in 0.00s
    gles3 (total internal programs: 1, unique: 1)
Compiling shader "Hidden/Universal Render Pipeline/Debug/DebugReplacement"
  Pass "Vertex Attributes" (vp)
    Target graphics API: gles3
    Full variant space:         2
    After settings filtering:   2
    After built-in stripping:   1
    After scriptable stripping: 1
    Processed in 0.00 seconds
  Pass Vertex Attributes (vp, gles3) finished in 0.00 seconds. Local cache hits 1 (0.00s CPU time), remote cache hits 0 (0.00s CPU time), compiled 0 variants (0.00s CPU time), skipped 0 variants.
    Prepared data for serialisation in 0.00s
Serialized binary data for shader Hidden/Universal Render Pipeline/Debug/DebugReplacement in 0.00s
    gles3 (total internal programs: 1, unique: 1)
Compiling shader "Hidden/Universal/CoreBlitColorAndDepth"
  Pass "ColorOnly" (vp)
    Target graphics API: gles3
    Full variant space:         4
    After settings filtering:   4
    After built-in stripping:   4
    After scriptable stripping: 4
    Processed in 0.00 seconds
  Pass "ColorAndDepth" (vp)
    Target graphics API: gles3
    Full variant space:         4
    After settings filtering:   4
    After built-in stripping:   4
    After scriptable stripping: 4
    Processed in 0.00 seconds
  Pass "DepthOnly" (vp)
    Target graphics API: gles3
    Full variant space:         4
    After settings filtering:   4
    After built-in stripping:   4
    After scriptable stripping: 4
    Processed in 0.00 seconds
  Pass ColorOnly (vp, gles3) finished in 0.00 seconds. Local cache hits 4 (0.00s CPU time), remote cache hits 0 (0.00s CPU time), compiled 0 variants (0.00s CPU time), skipped 0 variants.
    Prepared data for serialisation in 0.00s
  Pass ColorAndDepth (vp, gles3) finished in 0.00 seconds. Local cache hits 4 (0.00s CPU time), remote cache hits 0 (0.00s CPU time), compiled 0 variants (0.00s CPU time), skipped 0 variants.
    Prepared data for serialisation in 0.00s
  Pass DepthOnly (vp, gles3) finished in 0.00 seconds. Local cache hits 4 (0.00s CPU time), remote cache hits 0 (0.00s CPU time), compiled 0 variants (0.00s CPU time), skipped 0 variants.
    Prepared data for serialisation in 0.00s
Serialized binary data for shader Hidden/Universal/CoreBlitColorAndDepth in 0.00s
    gles3 (total internal programs: 12, unique: 12)
Compiling shader "Hidden/Universal Render Pipeline/XR/XRMirrorView"
  Pass "" (vp)
    Target graphics API: gles3
    Full variant space:         4
    After settings filtering:   2
    After built-in stripping:   2
    After scriptable stripping: 0
    Processed in 0.00 seconds
Serialized binary data for shader Hidden/Universal Render Pipeline/XR/XRMirrorView in 0.00s
    gles3 (total internal programs: 0, unique: 0)
Compiling shader "Hidden/Universal Render Pipeline/CopyDepth"
  Pass "CopyDepth" (vp)
    Target graphics API: gles3
    Full variant space:         8
    After settings filtering:   8
    After built-in stripping:   8
    After scriptable stripping: 8
    Processed in 0.00 seconds
  Pass CopyDepth (vp, gles3) finished in 0.00 seconds. Local cache hits 8 (0.00s CPU time), remote cache hits 0 (0.00s CPU time), compiled 0 variants (0.00s CPU time), skipped 0 variants.
    Prepared data for serialisation in 0.00s
Serialized binary data for shader Hidden/Universal Render Pipeline/CopyDepth in 0.00s
    gles3 (total internal programs: 8, unique: 8)
Compiling shader "Hidden/Shader Graph/FallbackError"
  Pass "" (vp)
    Target graphics API: gles3
    Full variant space:         4
    After settings filtering:   4
    After built-in stripping:   1
    After scriptable stripping: 1
    Processed in 0.00 seconds
  Pass  (vp, gles3) finished in 0.00 seconds. Local cache hits 1 (0.00s CPU time), remote cache hits 0 (0.00s CPU time), compiled 0 variants (0.00s CPU time), skipped 0 variants.
    Prepared data for serialisation in 0.00s
Serialized binary data for shader Hidden/Shader Graph/FallbackError in 0.00s
    gles3 (total internal programs: 1, unique: 1)
Compiling shader "Hidden/TerrainEngine/Details/UniversalPipeline/WavingDoublePass"
  Pass "ForwardLit" (vp)
    Target graphics API: gles3
    Full variant space:         35.389.440
    After settings filtering:   1.536
    After built-in stripping:   12
    After scriptable stripping: 4
    Processed in 0.00 seconds
  Pass "GBuffer" (vp)
  Pass "DepthOnly" (vp)
    Target graphics API: gles3
    Full variant space:         2
    After settings filtering:   2
    After built-in stripping:   1
    After scriptable stripping: 1
    Processed in 0.00 seconds
  Pass "DepthNormalsOnly" (vp)
    Target graphics API: gles3
    Full variant space:         8
    After settings filtering:   2
    After built-in stripping:   1
    After scriptable stripping: 1
    Processed in 0.00 seconds
  Pass ForwardLit (vp, gles3) finished in 0.00 seconds. Local cache hits 4 (0.00s CPU time), remote cache hits 0 (0.00s CPU time), compiled 0 variants (0.00s CPU time), skipped 0 variants.
    Prepared data for serialisation in 0.00s
    Prepared data for serialisation in 0.00s
  Pass DepthOnly (vp, gles3) finished in 0.00 seconds. Local cache hits 1 (0.00s CPU time), remote cache hits 0 (0.00s CPU time), compiled 0 variants (0.00s CPU time), skipped 0 variants.
    Prepared data for serialisation in 0.00s
  Pass DepthNormalsOnly (vp, gles3) finished in 0.00 seconds. Local cache hits 1 (0.00s CPU time), remote cache hits 0 (0.00s CPU time), compiled 0 variants (0.00s CPU time), skipped 0 variants.
    Prepared data for serialisation in 0.00s
Serialized binary data for shader Hidden/TerrainEngine/Details/UniversalPipeline/WavingDoublePass in 0.00s
    gles3 (total internal programs: 6, unique: 6)
Compiling shader "Hidden/Universal Render Pipeline/FallbackError"
  Pass "" (vp)
    Target graphics API: gles3
    Full variant space:         6
    After settings filtering:   6
    After built-in stripping:   1
    After scriptable stripping: 1
    Processed in 0.00 seconds
  Pass  (vp, gles3) finished in 0.00 seconds. Local cache hits 1 (0.00s CPU time), remote cache hits 0 (0.00s CPU time), compiled 0 variants (0.00s CPU time), skipped 0 variants.
    Prepared data for serialisation in 0.00s
Serialized binary data for shader Hidden/Universal Render Pipeline/FallbackError in 0.00s
    gles3 (total internal programs: 1, unique: 1)
Compiling shader "Hidden/Universal Render Pipeline/StencilDeferred"
  Pass "Stencil Volume" (vp)
  Pass "Deferred Punctual Light (Lit)" (vp)
  Pass "Deferred Punctual Light (SimpleLit)" (vp)
  Pass "Deferred Directional Light (Lit)" (vp)
  Pass "Deferred Directional Light (SimpleLit)" (vp)
  Pass "Fog" (vp)
  Pass "SSAOOnly" (vp)
    Prepared data for serialisation in 0.00s
    Prepared data for serialisation in 0.00s
    Prepared data for serialisation in 0.00s
    Prepared data for serialisation in 0.00s
    Prepared data for serialisation in 0.00s
    Prepared data for serialisation in 0.00s
    Prepared data for serialisation in 0.00s
Serialized binary data for shader Hidden/Universal Render Pipeline/StencilDeferred in 0.00s
    gles3 (total internal programs: 0, unique: 0)
Compiling shader "Hidden/Universal Render Pipeline/DBufferClear"
  Pass "DBufferClear" (vp)
    Target graphics API: gles3
    Full variant space:         3
    After settings filtering:   1
    After built-in stripping:   1
    After scriptable stripping: 0
    Processed in 0.00 seconds
Serialized binary data for shader Hidden/Universal Render Pipeline/DBufferClear in 0.00s
    gles3 (total internal programs: 0, unique: 0)
Compiling shader "Hidden/TerrainEngine/Details/UniversalPipeline/Vertexlit"
  Pass "TerrainDetailVertex" (vp)
    Target graphics API: gles3
    Full variant space:         1.474.560
    After settings filtering:   256
    After built-in stripping:   4
    After scriptable stripping: 4
    Processed in 0.00 seconds
  Pass "TerrainDetailVertex - GBuffer" (vp)
    Target graphics API: gles3
    Full variant space:         15.360
    After settings filtering:   32
    After built-in stripping:   8
    After scriptable stripping: 4
    Processed in 0.00 seconds
  Pass "DepthOnly" (vp)
    Target graphics API: gles3
    Full variant space:         2
    After settings filtering:   2
    After built-in stripping:   1
    After scriptable stripping: 1
    Processed in 0.00 seconds
  Pass "DepthNormals" (vp)
    Target graphics API: gles3
    Full variant space:         2
    After settings filtering:   2
    After built-in stripping:   1
    After scriptable stripping: 1
    Processed in 0.00 seconds
  Pass TerrainDetailVertex (vp, gles3) finished in 0.00 seconds. Local cache hits 4 (0.00s CPU time), remote cache hits 0 (0.00s CPU time), compiled 0 variants (0.00s CPU time), skipped 0 variants.
    Prepared data for serialisation in 0.00s
  Pass TerrainDetailVertex - GBuffer (vp, gles3) finished in 0.00 seconds. Local cache hits 4 (0.00s CPU time), remote cache hits 0 (0.00s CPU time), compiled 0 variants (0.00s CPU time), skipped 0 variants.
    Prepared data for serialisation in 0.00s
  Pass DepthOnly (vp, gles3) finished in 0.00 seconds. Local cache hits 1 (0.00s CPU time), remote cache hits 0 (0.00s CPU time), compiled 0 variants (0.00s CPU time), skipped 0 variants.
    Prepared data for serialisation in 0.00s
  Pass DepthNormals (vp, gles3) finished in 0.00 seconds. Local cache hits 1 (0.00s CPU time), remote cache hits 0 (0.00s CPU time), compiled 0 variants (0.00s CPU time), skipped 0 variants.
    Prepared data for serialisation in 0.00s
Serialized binary data for shader Hidden/TerrainEngine/Details/UniversalPipeline/Vertexlit in 0.00s
    gles3 (total internal programs: 10, unique: 10)
Compiling shader "Hidden/Universal Render Pipeline/XR/XRMotionVector"
  Pass "XR Camera MotionVectors" (vp)
    Target graphics API: gles3
    Full variant space:         1
    After settings filtering:   1
    After built-in stripping:   1
    After scriptable stripping: 0
    Processed in 0.00 seconds
Serialized binary data for shader Hidden/Universal Render Pipeline/XR/XRMotionVector in 0.00s
    gles3 (total internal programs: 0, unique: 0)
Compiling compute shader "ProbeVolumeSamplingDebugPositionNormal"
    starting stripping...
    finished in 0.00 seconds. 1 of 1 variants left
    1 variants, starting compilation...
    finished in 0.00 seconds. Local cache hits 1, remote cache hits 0, compiled 0 variants
Compute shader "VrsTexture" is empty
Compiling shader "Skybox/Procedural"
  Pass "" (vp)
    Target graphics API: gles3
    Full variant space:         3
    After settings filtering:   3
    After built-in stripping:   3
    After scriptable stripping: 3
    Processed in 0.00 seconds
  Pass  (vp, gles3) finished in 0.00 seconds. Local cache hits 3 (0.00s CPU time), remote cache hits 0 (0.00s CPU time), compiled 0 variants (0.00s CPU time), skipped 0 variants.
    Prepared data for serialisation in 0.00s
Serialized binary data for shader Skybox/Procedural in 0.00s
    gles3 (total internal programs: 3, unique: 3)
Compiling shader "Shader Graphs/glTF-unlit"
  Pass "Universal Forward" (vp)
    Target graphics API: gles3
    Full variant space:         8.192
    After settings filtering:   64
    After built-in stripping:   1
    After scriptable stripping: 1
    Processed in 0.00 seconds
  Pass "DepthOnly" (vp)
    Target graphics API: gles3
    Full variant space:         4
    After settings filtering:   4
    After built-in stripping:   1
    After scriptable stripping: 1
    Processed in 0.00 seconds
  Pass "MotionVectors" (vp)
    Target graphics API: gles3
    Full variant space:         8
    After settings filtering:   4
    After built-in stripping:   1
    After scriptable stripping: 1
    Processed in 0.00 seconds
  Pass "DepthNormalsOnly" (vp)
    Target graphics API: gles3
    Full variant space:         16
    After settings filtering:   4
    After built-in stripping:   1
    After scriptable stripping: 1
    Processed in 0.00 seconds
  Pass "ShadowCaster" (vp)
    Target graphics API: gles3
    Full variant space:         8
    After settings filtering:   8
    After built-in stripping:   2
    After scriptable stripping: 1
    Processed in 0.00 seconds
  Pass "GBuffer" (vp)
  Pass "Pass" (vp)
STRIPPING: Shader Graphs/glTF-unlit (Pass pass) (Vertex) - Remaining shader variants = 0/8 = 0% - Total = 0/6468 = 0%
UnityEngine.Debug:ExtractStackTraceNoAlloc (byte*,int,string)
UnityEngine.StackTraceUtility:ExtractStackTrace () (at /home/bokken/build/output/unity/unity/Runtime/Export/Scripting/StackTrace.cs:35)
UnityEngine.DebugLogHandler:Internal_Log (UnityEngine.LogType,UnityEngine.LogOption,string,UnityEngine.Object)
UnityEngine.DebugLogHandler:LogFormat (UnityEngine.LogType,UnityEngine.Object,string,object[])
UnityEngine.Logger:Log (UnityEngine.LogType,object)
UnityEngine.Debug:Log (object)
UnityEditor.Rendering.BuiltIn.ShaderPreprocessor:LogShaderVariants (UnityEngine.Shader,UnityEditor.Rendering.ShaderSnippetData,int,int) (at ./Library/PackageCache/com.unity.shadergraph@f391c7e5c168/Editor/Generation/Targets/BuiltIn/Editor/ShaderPreprocessor.cs:362)
UnityEditor.Rendering.BuiltIn.ShaderPreprocessor:OnProcessShader (UnityEngine.Shader,UnityEditor.Rendering.ShaderSnippetData,System.Collections.Generic.IList`1<UnityEditor.Rendering.ShaderCompilerData>) (at ./Library/PackageCache/com.unity.shadergraph@f391c7e5c168/Editor/Generation/Targets/BuiltIn/Editor/ShaderPreprocessor.cs:416)
UnityEditor.Build.BuildPipelineInterfaces:OnPreprocessShaders (UnityEngine.Shader,UnityEditor.Rendering.ShaderSnippetData,UnityEditor.Rendering.ShaderCompilerData[]) (at /home/bokken/build/output/unity/unity/Editor/Mono/BuildPipeline/BuildPipelineInterfaces.cs:716)
UnityEditor.BuildPipeline:BuildPlayerInternalNoCheck (string[],string,string,UnityEditor.BuildTargetGroup,UnityEditor.BuildTarget,int,UnityEditor.BuildOptions,string[],bool)
UnityEditor.BuildPipeline:BuildPlayerInternal (string[],string,string,UnityEditor.BuildTargetGroup,UnityEditor.BuildTarget,int,UnityEditor.BuildOptions,string[]) (at /home/bokken/build/output/unity/unity/Editor/Mono/BuildPipeline.bindings.cs:494)
UnityEditor.BuildPipeline:BuildPlayer (string[],string,string,UnityEditor.BuildTargetGroup,UnityEditor.BuildTarget,int,UnityEditor.BuildOptions,string[]) (at /home/bokken/build/output/unity/unity/Editor/Mono/BuildPipeline.bindings.cs:410)
UnityEditor.BuildPipeline:BuildPlayer (UnityEditor.BuildPlayerOptions) (at /home/bokken/build/output/unity/unity/Editor/Mono/BuildPipeline.bindings.cs:356)
MiniMarket.Editor.MiniMarketProjectBuilder:BuildWeb () (at Assets/Editor/MiniMarketProjectBuilder.cs:90)

(Filename: ./Library/PackageCache/com.unity.shadergraph@f391c7e5c168/Editor/Generation/Targets/BuiltIn/Editor/ShaderPreprocessor.cs Line: 362)

    Target graphics API: gles3
    Full variant space:         664
    After settings filtering:   664
    After built-in stripping:   8
    After scriptable stripping: 0
    Processed in 0.00 seconds
  Pass "DepthOnly" (vp)
    Target graphics API: gles3
    Full variant space:         2
    After settings filtering:   2
    After built-in stripping:   1
    After scriptable stripping: 0
    Processed in 0.00 seconds
  Pass "ShadowCaster" (vp)
STRIPPING: Shader Graphs/glTF-unlit (ShadowCaster pass) (Vertex) - Remaining shader variants = 0/4 = 0% - Total = 0/6473 = 0%
UnityEngine.Debug:ExtractStackTraceNoAlloc (byte*,int,string)
UnityEngine.StackTraceUtility:ExtractStackTrace () (at /home/bokken/build/output/unity/unity/Runtime/Export/Scripting/StackTrace.cs:35)
UnityEngine.DebugLogHandler:Internal_Log (UnityEngine.LogType,UnityEngine.LogOption,string,UnityEngine.Object)
UnityEngine.DebugLogHandler:LogFormat (UnityEngine.LogType,UnityEngine.Object,string,object[])
UnityEngine.Logger:Log (UnityEngine.LogType,object)
UnityEngine.Debug:Log (object)
UnityEditor.Rendering.BuiltIn.ShaderPreprocessor:LogShaderVariants (UnityEngine.Shader,UnityEditor.Rendering.ShaderSnippetData,int,int) (at ./Library/PackageCache/com.unity.shadergraph@f391c7e5c168/Editor/Generation/Targets/BuiltIn/Editor/ShaderPreprocessor.cs:362)
UnityEditor.Rendering.BuiltIn.ShaderPreprocessor:OnProcessShader (UnityEngine.Shader,UnityEditor.Rendering.ShaderSnippetData,System.Collections.Generic.IList`1<UnityEditor.Rendering.ShaderCompilerData>) (at ./Library/PackageCache/com.unity.shadergraph@f391c7e5c168/Editor/Generation/Targets/BuiltIn/Editor/ShaderPreprocessor.cs:416)
UnityEditor.Build.BuildPipelineInterfaces:OnPreprocessShaders (UnityEngine.Shader,UnityEditor.Rendering.ShaderSnippetData,UnityEditor.Rendering.ShaderCompilerData[]) (at /home/bokken/build/output/unity/unity/Editor/Mono/BuildPipeline/BuildPipelineInterfaces.cs:716)
UnityEditor.BuildPipeline:BuildPlayerInternalNoCheck (string[],string,string,UnityEditor.BuildTargetGroup,UnityEditor.BuildTarget,int,UnityEditor.BuildOptions,string[],bool)
UnityEditor.BuildPipeline:BuildPlayerInternal (string[],string,string,UnityEditor.BuildTargetGroup,UnityEditor.BuildTarget,int,UnityEditor.BuildOptions,string[]) (at /home/bokken/build/output/unity/unity/Editor/Mono/BuildPipeline.bindings.cs:494)
UnityEditor.BuildPipeline:BuildPlayer (string[],string,string,UnityEditor.BuildTargetGroup,UnityEditor.BuildTarget,int,UnityEditor.BuildOptions,string[]) (at /home/bokken/build/output/unity/unity/Editor/Mono/BuildPipeline.bindings.cs:410)
UnityEditor.BuildPipeline:BuildPlayer (UnityEditor.BuildPlayerOptions) (at /home/bokken/build/output/unity/unity/Editor/Mono/BuildPipeline.bindings.cs:356)
MiniMarket.Editor.MiniMarketProjectBuilder:BuildWeb () (at Assets/Editor/MiniMarketProjectBuilder.cs:90)

(Filename: ./Library/PackageCache/com.unity.shadergraph@f391c7e5c168/Editor/Generation/Targets/BuiltIn/Editor/ShaderPreprocessor.cs Line: 362)

    Target graphics API: gles3
    Full variant space:         4
    After settings filtering:   4
    After built-in stripping:   4
    After scriptable stripping: 0
    Processed in 0.00 seconds
  Pass Universal Forward (vp, gles3) finished in 0.00 seconds. Local cache hits 1 (0.00s CPU time), remote cache hits 0 (0.00s CPU time), compiled 0 variants (0.00s CPU time), skipped 0 variants.
    Prepared data for serialisation in 0.00s
  Pass DepthOnly (vp, gles3) finished in 0.00 seconds. Local cache hits 1 (0.00s CPU time), remote cache hits 0 (0.00s CPU time), compiled 0 variants (0.00s CPU time), skipped 0 variants.
    Prepared data for serialisation in 0.00s
  Pass MotionVectors (vp, gles3) finished in 0.00 seconds. Local cache hits 1 (0.00s CPU time), remote cache hits 0 (0.00s CPU time), compiled 0 variants (0.00s CPU time), skipped 0 variants.
    Prepared data for serialisation in 0.00s
  Pass DepthNormalsOnly (vp, gles3) finished in 0.00 seconds. Local cache hits 1 (0.00s CPU time), remote cache hits 0 (0.00s CPU time), compiled 0 variants (0.00s CPU time), skipped 0 variants.
    Prepared data for serialisation in 0.00s
  Pass ShadowCaster (vp, gles3) finished in 0.00 seconds. Local cache hits 1 (0.00s CPU time), remote cache hits 0 (0.00s CPU time), compiled 0 variants (0.00s CPU time), skipped 0 variants.
    Prepared data for serialisation in 0.00s
    Prepared data for serialisation in 0.00s
Serialized binary data for shader Shader Graphs/glTF-unlit in 0.00s
    gles3 (total internal programs: 5, unique: 5)
Compiling shader "Shader Graphs/glTF-pbrMetallicRoughness-Clearcoat"
  Pass "Universal Forward Only" (vp)
    Target graphics API: gles3
    Full variant space:         18.119.393.280
    After settings filtering:   6.144
    After built-in stripping:   12
    After scriptable stripping: 4
    Processed in 0.00 seconds
  Pass "GBuffer" (vp)
  Pass "ShadowCaster" (vp)
    Target graphics API: gles3
    Full variant space:         8
    After settings filtering:   8
    After built-in stripping:   2
    After scriptable stripping: 1
    Processed in 0.00 seconds
  Pass "MotionVectors" (vp)
    Target graphics API: gles3
    Full variant space:         8
    After settings filtering:   4
    After built-in stripping:   1
    After scriptable stripping: 1
    Processed in 0.00 seconds
  Pass "DepthOnly" (vp)
    Target graphics API: gles3
    Full variant space:         4
    After settings filtering:   4
    After built-in stripping:   1
    After scriptable stripping: 1
    Processed in 0.00 seconds
  Pass "DepthNormalsOnly" (vp)
    Target graphics API: gles3
    Full variant space:         8
    After settings filtering:   4
    After built-in stripping:   1
    After scriptable stripping: 1
    Processed in 0.00 seconds
  Pass "Universal 2D" (vp)
    Target graphics API: gles3
    Full variant space:         1
    After settings filtering:   1
    After built-in stripping:   1
    After scriptable stripping: 1
    Processed in 0.00 seconds
  Pass "BuiltIn Forward" (vp)
STRIPPING: Shader Graphs/glTF-pbrMetallicRoughness-Clearcoat (BuiltIn Forward pass) (Vertex) - Remaining shader variants = 0/768 = 0% - Total = 0/7241 = 0%
UnityEngine.Debug:ExtractStackTraceNoAlloc (byte*,int,string)
UnityEngine.StackTraceUtility:ExtractStackTrace () (at /home/bokken/build/output/unity/unity/Runtime/Export/Scripting/StackTrace.cs:35)
UnityEngine.DebugLogHandler:Internal_Log (UnityEngine.LogType,UnityEngine.LogOption,string,UnityEngine.Object)
UnityEngine.DebugLogHandler:LogFormat (UnityEngine.LogType,UnityEngine.Object,string,object[])
UnityEngine.Logger:Log (UnityEngine.LogType,object)
UnityEngine.Debug:Log (object)
UnityEditor.Rendering.BuiltIn.ShaderPreprocessor:LogShaderVariants (UnityEngine.Shader,UnityEditor.Rendering.ShaderSnippetData,int,int) (at ./Library/PackageCache/com.unity.shadergraph@f391c7e5c168/Editor/Generation/Targets/BuiltIn/Editor/ShaderPreprocessor.cs:362)
UnityEditor.Rendering.BuiltIn.ShaderPreprocessor:OnProcessShader (UnityEngine.Shader,UnityEditor.Rendering.ShaderSnippetData,System.Collections.Generic.IList`1<UnityEditor.Rendering.ShaderCompilerData>) (at ./Library/PackageCache/com.unity.shadergraph@f391c7e5c168/Editor/Generation/Targets/BuiltIn/Editor/ShaderPreprocessor.cs:416)
UnityEditor.Build.BuildPipelineInterfaces:OnPreprocessShaders (UnityEngine.Shader,UnityEditor.Rendering.ShaderSnippetData,UnityEditor.Rendering.ShaderCompilerData[]) (at /home/bokken/build/output/unity/unity/Editor/Mono/BuildPipeline/BuildPipelineInterfaces.cs:716)
UnityEditor.BuildPipeline:BuildPlayerInternalNoCheck (string[],string,string,UnityEditor.BuildTargetGroup,UnityEditor.BuildTarget,int,UnityEditor.BuildOptions,string[],bool)
UnityEditor.BuildPipeline:BuildPlayerInternal (string[],string,string,UnityEditor.BuildTargetGroup,UnityEditor.BuildTarget,int,UnityEditor.BuildOptions,string[]) (at /home/bokken/build/output/unity/unity/Editor/Mono/BuildPipeline.bindings.cs:494)
UnityEditor.BuildPipeline:BuildPlayer (string[],string,string,UnityEditor.BuildTargetGroup,UnityEditor.BuildTarget,int,UnityEditor.BuildOptions,string[]) (at /home/bokken/build/output/unity/unity/Editor/Mono/BuildPipeline.bindings.cs:410)
UnityEditor.BuildPipeline:BuildPlayer (UnityEditor.BuildPlayerOptions) (at /home/bokken/build/output/unity/unity/Editor/Mono/BuildPipeline.bindings.cs:356)
MiniMarket.Editor.MiniMarketProjectBuilder:BuildWeb () (at Assets/Editor/MiniMarketProjectBuilder.cs:90)

(Filename: ./Library/PackageCache/com.unity.shadergraph@f391c7e5c168/Editor/Generation/Targets/BuiltIn/Editor/ShaderPreprocessor.cs Line: 362)

    Target graphics API: gles3
    Full variant space:         1.019.904
    After settings filtering:   1.019.904
    After built-in stripping:   768
    After scriptable stripping: 0
    Processed in 0.02 seconds
  Pass "BuiltIn ForwardAdd" (vp)
STRIPPING: Shader Graphs/glTF-pbrMetallicRoughness-Clearcoat (BuiltIn ForwardAdd pass) (Vertex) - Remaining shader variants = 0/1248 = 0% - Total = 0/8489 = 0%
UnityEngine.Debug:ExtractStackTraceNoAlloc (byte*,int,string)
UnityEngine.StackTraceUtility:ExtractStackTrace () (at /home/bokken/build/output/unity/unity/Runtime/Export/Scripting/StackTrace.cs:35)
UnityEngine.DebugLogHandler:Internal_Log (UnityEngine.LogType,UnityEngine.LogOption,string,UnityEngine.Object)
UnityEngine.DebugLogHandler:LogFormat (UnityEngine.LogType,UnityEngine.Object,string,object[])
UnityEngine.Logger:Log (UnityEngine.LogType,object)
UnityEngine.Debug:Log (object)
UnityEditor.Rendering.BuiltIn.ShaderPreprocessor:LogShaderVariants (UnityEngine.Shader,UnityEditor.Rendering.ShaderSnippetData,int,int) (at ./Library/PackageCache/com.unity.shadergraph@f391c7e5c168/Editor/Generation/Targets/BuiltIn/Editor/ShaderPreprocessor.cs:362)
UnityEditor.Rendering.BuiltIn.ShaderPreprocessor:OnProcessShader (UnityEngine.Shader,UnityEditor.Rendering.ShaderSnippetData,System.Collections.Generic.IList`1<UnityEditor.Rendering.ShaderCompilerData>) (at ./Library/PackageCache/com.unity.shadergraph@f391c7e5c168/Editor/Generation/Targets/BuiltIn/Editor/ShaderPreprocessor.cs:416)
UnityEditor.Build.BuildPipelineInterfaces:OnPreprocessShaders (UnityEngine.Shader,UnityEditor.Rendering.ShaderSnippetData,UnityEditor.Rendering.ShaderCompilerData[]) (at /home/bokken/build/output/unity/unity/Editor/Mono/BuildPipeline/BuildPipelineInterfaces.cs:716)
UnityEditor.BuildPipeline:BuildPlayerInternalNoCheck (string[],string,string,UnityEditor.BuildTargetGroup,UnityEditor.BuildTarget,int,UnityEditor.BuildOptions,string[],bool)
UnityEditor.BuildPipeline:BuildPlayerInternal (string[],string,string,UnityEditor.BuildTargetGroup,UnityEditor.BuildTarget,int,UnityEditor.BuildOptions,string[]) (at /home/bokken/build/output/unity/unity/Editor/Mono/BuildPipeline.bindings.cs:494)
UnityEditor.BuildPipeline:BuildPlayer (string[],string,string,UnityEditor.BuildTargetGroup,UnityEditor.BuildTarget,int,UnityEditor.BuildOptions,string[]) (at /home/bokken/build/output/unity/unity/Editor/Mono/BuildPipeline.bindings.cs:410)
UnityEditor.BuildPipeline:BuildPlayer (UnityEditor.BuildPlayerOptions) (at /home/bokken/build/output/unity/unity/Editor/Mono/BuildPipeline.bindings.cs:356)
MiniMarket.Editor.MiniMarketProjectBuilder:BuildWeb () (at Assets/Editor/MiniMarketProjectBuilder.cs:90)

(Filename: ./Library/PackageCache/com.unity.shadergraph@f391c7e5c168/Editor/Generation/Targets/BuiltIn/Editor/ShaderPreprocessor.cs Line: 362)

    Target graphics API: gles3
    Full variant space:         577.536
    After settings filtering:   577.536
    After built-in stripping:   1.248
    After scriptable stripping: 0
    Processed in 0.01 seconds
  Pass "BuiltIn Deferred" (vp)
STRIPPING: Shader Graphs/glTF-pbrMetallicRoughness-Clearcoat (BuiltIn Deferred pass) (Vertex) - Remaining shader variants = 0/128 = 0% - Total = 0/8617 = 0%
UnityEngine.Debug:ExtractStackTraceNoAlloc (byte*,int,string)
UnityEngine.StackTraceUtility:ExtractStackTrace () (at /home/bokken/build/output/unity/unity/Runtime/Export/Scripting/StackTrace.cs:35)
UnityEngine.DebugLogHandler:Internal_Log (UnityEngine.LogType,UnityEngine.LogOption,string,UnityEngine.Object)
UnityEngine.DebugLogHandler:LogFormat (UnityEngine.LogType,UnityEngine.Object,string,object[])
UnityEngine.Logger:Log (UnityEngine.LogType,object)
UnityEngine.Debug:Log (object)
UnityEditor.Rendering.BuiltIn.ShaderPreprocessor:LogShaderVariants (UnityEngine.Shader,UnityEditor.Rendering.ShaderSnippetData,int,int) (at ./Library/PackageCache/com.unity.shadergraph@f391c7e5c168/Editor/Generation/Targets/BuiltIn/Editor/ShaderPreprocessor.cs:362)
UnityEditor.Rendering.BuiltIn.ShaderPreprocessor:OnProcessShader (UnityEngine.Shader,UnityEditor.Rendering.ShaderSnippetData,System.Collections.Generic.IList`1<UnityEditor.Rendering.ShaderCompilerData>) (at ./Library/PackageCache/com.unity.shadergraph@f391c7e5c168/Editor/Generation/Targets/BuiltIn/Editor/ShaderPreprocessor.cs:416)
UnityEditor.Build.BuildPipelineInterfaces:OnPreprocessShaders (UnityEngine.Shader,UnityEditor.Rendering.ShaderSnippetData,UnityEditor.Rendering.ShaderCompilerData[]) (at /home/bokken/build/output/unity/unity/Editor/Mono/BuildPipeline/BuildPipelineInterfaces.cs:716)
UnityEditor.BuildPipeline:BuildPlayerInternalNoCheck (string[],string,string,UnityEditor.BuildTargetGroup,UnityEditor.BuildTarget,int,UnityEditor.BuildOptions,string[],bool)
UnityEditor.BuildPipeline:BuildPlayerInternal (string[],string,string,UnityEditor.BuildTargetGroup,UnityEditor.BuildTarget,int,UnityEditor.BuildOptions,string[]) (at /home/bokken/build/output/unity/unity/Editor/Mono/BuildPipeline.bindings.cs:494)
UnityEditor.BuildPipeline:BuildPlayer (string[],string,string,UnityEditor.BuildTargetGroup,UnityEditor.BuildTarget,int,UnityEditor.BuildOptions,string[]) (at /home/bokken/build/output/unity/unity/Editor/Mono/BuildPipeline.bindings.cs:410)
UnityEditor.BuildPipeline:BuildPlayer (UnityEditor.BuildPlayerOptions) (at /home/bokken/build/output/unity/unity/Editor/Mono/BuildPipeline.bindings.cs:356)
MiniMarket.Editor.MiniMarketProjectBuilder:BuildWeb () (at Assets/Editor/MiniMarketProjectBuilder.cs:90)

(Filename: ./Library/PackageCache/com.unity.shadergraph@f391c7e5c168/Editor/Generation/Targets/BuiltIn/Editor/ShaderPreprocessor.cs Line: 362)

    Target graphics API: gles3
    Full variant space:         4.864
    After settings filtering:   4.864
    After built-in stripping:   128
    After scriptable stripping: 0
    Processed in 0.00 seconds
  Pass "ShadowCaster" (vp)
STRIPPING: Shader Graphs/glTF-pbrMetallicRoughness-Clearcoat (ShadowCaster pass) (Vertex) - Remaining shader variants = 0/4 = 0% - Total = 0/8621 = 0%
UnityEngine.Debug:ExtractStackTraceNoAlloc (byte*,int,string)
UnityEngine.StackTraceUtility:ExtractStackTrace () (at /home/bokken/build/output/unity/unity/Runtime/Export/Scripting/StackTrace.cs:35)
UnityEngine.DebugLogHandler:Internal_Log (UnityEngine.LogType,UnityEngine.LogOption,string,UnityEngine.Object)
UnityEngine.DebugLogHandler:LogFormat (UnityEngine.LogType,UnityEngine.Object,string,object[])
UnityEngine.Logger:Log (UnityEngine.LogType,object)
UnityEngine.Debug:Log (object)
UnityEditor.Rendering.BuiltIn.ShaderPreprocessor:LogShaderVariants (UnityEngine.Shader,UnityEditor.Rendering.ShaderSnippetData,int,int) (at ./Library/PackageCache/com.unity.shadergraph@f391c7e5c168/Editor/Generation/Targets/BuiltIn/Editor/ShaderPreprocessor.cs:362)
UnityEditor.Rendering.BuiltIn.ShaderPreprocessor:OnProcessShader (UnityEngine.Shader,UnityEditor.Rendering.ShaderSnippetData,System.Collections.Generic.IList`1<UnityEditor.Rendering.ShaderCompilerData>) (at ./Library/PackageCache/com.unity.shadergraph@f391c7e5c168/Editor/Generation/Targets/BuiltIn/Editor/ShaderPreprocessor.cs:416)
UnityEditor.Build.BuildPipelineInterfaces:OnPreprocessShaders (UnityEngine.Shader,UnityEditor.Rendering.ShaderSnippetData,UnityEditor.Rendering.ShaderCompilerData[]) (at /home/bokken/build/output/unity/unity/Editor/Mono/BuildPipeline/BuildPipelineInterfaces.cs:716)
UnityEditor.BuildPipeline:BuildPlayerInternalNoCheck (string[],string,string,UnityEditor.BuildTargetGroup,UnityEditor.BuildTarget,int,UnityEditor.BuildOptions,string[],bool)
UnityEditor.BuildPipeline:BuildPlayerInternal (string[],string,string,UnityEditor.BuildTargetGroup,UnityEditor.BuildTarget,int,UnityEditor.BuildOptions,string[]) (at /home/bokken/build/output/unity/unity/Editor/Mono/BuildPipeline.bindings.cs:494)
UnityEditor.BuildPipeline:BuildPlayer (string[],string,string,UnityEditor.BuildTargetGroup,UnityEditor.BuildTarget,int,UnityEditor.BuildOptions,string[]) (at /home/bokken/build/output/unity/unity/Editor/Mono/BuildPipeline.bindings.cs:410)
UnityEditor.BuildPipeline:BuildPlayer (UnityEditor.BuildPlayerOptions) (at /home/bokken/build/output/unity/unity/Editor/Mono/BuildPipeline.bindings.cs:356)
MiniMarket.Editor.MiniMarketProjectBuilder:BuildWeb () (at Assets/Editor/MiniMarketProjectBuilder.cs:90)

(Filename: ./Library/PackageCache/com.unity.shadergraph@f391c7e5c168/Editor/Generation/Targets/BuiltIn/Editor/ShaderPreprocessor.cs Line: 362)

    Target graphics API: gles3
    Full variant space:         4
    After settings filtering:   4
    After built-in stripping:   4
    After scriptable stripping: 0
    Processed in 0.00 seconds
  Pass "DepthOnly" (vp)
    Target graphics API: gles3
    Full variant space:         2
    After settings filtering:   2
    After built-in stripping:   1
    After scriptable stripping: 0
    Processed in 0.00 seconds
  Pass Universal Forward Only (vp, gles3) finished in 0.03 seconds. Local cache hits 4 (0.00s CPU time), remote cache hits 0 (0.00s CPU time), compiled 0 variants (0.00s CPU time), skipped 0 variants.
    Prepared data for serialisation in 0.00s
    Prepared data for serialisation in 0.00s
  Pass ShadowCaster (vp, gles3) finished in 0.03 seconds. Local cache hits 1 (0.00s CPU time), remote cache hits 0 (0.00s CPU time), compiled 0 variants (0.00s CPU time), skipped 0 variants.
    Prepared data for serialisation in 0.00s
  Pass MotionVectors (vp, gles3) finished in 0.03 seconds. Local cache hits 1 (0.00s CPU time), remote cache hits 0 (0.00s CPU time), compiled 0 variants (0.00s CPU time), skipped 0 variants.
    Prepared data for serialisation in 0.00s
  Pass DepthOnly (vp, gles3) finished in 0.03 seconds. Local cache hits 1 (0.00s CPU time), remote cache hits 0 (0.00s CPU time), compiled 0 variants (0.00s CPU time), skipped 0 variants.
    Prepared data for serialisation in 0.00s
  Pass DepthNormalsOnly (vp, gles3) finished in 0.03 seconds. Local cache hits 1 (0.00s CPU time), remote cache hits 0 (0.00s CPU time), compiled 0 variants (0.00s CPU time), skipped 0 variants.
    Prepared data for serialisation in 0.00s
  Pass Universal 2D (vp, gles3) finished in 0.03 seconds. Local cache hits 1 (0.00s CPU time), remote cache hits 0 (0.00s CPU time), compiled 0 variants (0.00s CPU time), skipped 0 variants.
    Prepared data for serialisation in 0.00s
Serialized binary data for shader Shader Graphs/glTF-pbrMetallicRoughness-Clearcoat in 0.00s
    gles3 (total internal programs: 9, unique: 9)
Compiling shader "Shader Graphs/glTF-pbrSpecularGlossiness"
  Pass "Universal Forward" (vp)
    Target graphics API: gles3
    Full variant space:         18.119.393.280
    After settings filtering:   6.144
    After built-in stripping:   12
    After scriptable stripping: 4
    Processed in 0.00 seconds
  Pass "GBuffer" (vp)
  Pass "ShadowCaster" (vp)
    Target graphics API: gles3
    Full variant space:         8
    After settings filtering:   8
    After built-in stripping:   2
    After scriptable stripping: 1
    Processed in 0.00 seconds
  Pass "MotionVectors" (vp)
    Target graphics API: gles3
    Full variant space:         8
    After settings filtering:   4
    After built-in stripping:   1
    After scriptable stripping: 1
    Processed in 0.00 seconds
  Pass "DepthOnly" (vp)
    Target graphics API: gles3
    Full variant space:         4
    After settings filtering:   4
    After built-in stripping:   1
    After scriptable stripping: 1
    Processed in 0.00 seconds
  Pass "DepthNormals" (vp)
    Target graphics API: gles3
    Full variant space:         8
    After settings filtering:   4
    After built-in stripping:   1
    After scriptable stripping: 1
    Processed in 0.00 seconds
  Pass "Universal 2D" (vp)
    Target graphics API: gles3
    Full variant space:         1
    After settings filtering:   1
    After built-in stripping:   1
    After scriptable stripping: 1
    Processed in 0.00 seconds
  Pass "BuiltIn Forward" (vp)
STRIPPING: Shader Graphs/glTF-pbrSpecularGlossiness (BuiltIn Forward pass) (Vertex) - Remaining shader variants = 0/768 = 0% - Total = 0/9390 = 0%
UnityEngine.Debug:ExtractStackTraceNoAlloc (byte*,int,string)
UnityEngine.StackTraceUtility:ExtractStackTrace () (at /home/bokken/build/output/unity/unity/Runtime/Export/Scripting/StackTrace.cs:35)
UnityEngine.DebugLogHandler:Internal_Log (UnityEngine.LogType,UnityEngine.LogOption,string,UnityEngine.Object)
UnityEngine.DebugLogHandler:LogFormat (UnityEngine.LogType,UnityEngine.Object,string,object[])
UnityEngine.Logger:Log (UnityEngine.LogType,object)
UnityEngine.Debug:Log (object)
UnityEditor.Rendering.BuiltIn.ShaderPreprocessor:LogShaderVariants (UnityEngine.Shader,UnityEditor.Rendering.ShaderSnippetData,int,int) (at ./Library/PackageCache/com.unity.shadergraph@f391c7e5c168/Editor/Generation/Targets/BuiltIn/Editor/ShaderPreprocessor.cs:362)
UnityEditor.Rendering.BuiltIn.ShaderPreprocessor:OnProcessShader (UnityEngine.Shader,UnityEditor.Rendering.ShaderSnippetData,System.Collections.Generic.IList`1<UnityEditor.Rendering.ShaderCompilerData>) (at ./Library/PackageCache/com.unity.shadergraph@f391c7e5c168/Editor/Generation/Targets/BuiltIn/Editor/ShaderPreprocessor.cs:416)
UnityEditor.Build.BuildPipelineInterfaces:OnPreprocessShaders (UnityEngine.Shader,UnityEditor.Rendering.ShaderSnippetData,UnityEditor.Rendering.ShaderCompilerData[]) (at /home/bokken/build/output/unity/unity/Editor/Mono/BuildPipeline/BuildPipelineInterfaces.cs:716)
UnityEditor.BuildPipeline:BuildPlayerInternalNoCheck (string[],string,string,UnityEditor.BuildTargetGroup,UnityEditor.BuildTarget,int,UnityEditor.BuildOptions,string[],bool)
UnityEditor.BuildPipeline:BuildPlayerInternal (string[],string,string,UnityEditor.BuildTargetGroup,UnityEditor.BuildTarget,int,UnityEditor.BuildOptions,string[]) (at /home/bokken/build/output/unity/unity/Editor/Mono/BuildPipeline.bindings.cs:494)
UnityEditor.BuildPipeline:BuildPlayer (string[],string,string,UnityEditor.BuildTargetGroup,UnityEditor.BuildTarget,int,UnityEditor.BuildOptions,string[]) (at /home/bokken/build/output/unity/unity/Editor/Mono/BuildPipeline.bindings.cs:410)
UnityEditor.BuildPipeline:BuildPlayer (UnityEditor.BuildPlayerOptions) (at /home/bokken/build/output/unity/unity/Editor/Mono/BuildPipeline.bindings.cs:356)
MiniMarket.Editor.MiniMarketProjectBuilder:BuildWeb () (at Assets/Editor/MiniMarketProjectBuilder.cs:90)

(Filename: ./Library/PackageCache/com.unity.shadergraph@f391c7e5c168/Editor/Generation/Targets/BuiltIn/Editor/ShaderPreprocessor.cs Line: 362)

    Target graphics API: gles3
    Full variant space:         1.019.904
    After settings filtering:   1.019.904
    After built-in stripping:   768
    After scriptable stripping: 0
    Processed in 0.02 seconds
  Pass "BuiltIn ForwardAdd" (vp)
STRIPPING: Shader Graphs/glTF-pbrSpecularGlossiness (BuiltIn ForwardAdd pass) (Vertex) - Remaining shader variants = 0/1248 = 0% - Total = 0/10638 = 0%
UnityEngine.Debug:ExtractStackTraceNoAlloc (byte*,int,string)
UnityEngine.StackTraceUtility:ExtractStackTrace () (at /home/bokken/build/output/unity/unity/Runtime/Export/Scripting/StackTrace.cs:35)
UnityEngine.DebugLogHandler:Internal_Log (UnityEngine.LogType,UnityEngine.LogOption,string,UnityEngine.Object)
UnityEngine.DebugLogHandler:LogFormat (UnityEngine.LogType,UnityEngine.Object,string,object[])
UnityEngine.Logger:Log (UnityEngine.LogType,object)
UnityEngine.Debug:Log (object)
UnityEditor.Rendering.BuiltIn.ShaderPreprocessor:LogShaderVariants (UnityEngine.Shader,UnityEditor.Rendering.ShaderSnippetData,int,int) (at ./Library/PackageCache/com.unity.shadergraph@f391c7e5c168/Editor/Generation/Targets/BuiltIn/Editor/ShaderPreprocessor.cs:362)
UnityEditor.Rendering.BuiltIn.ShaderPreprocessor:OnProcessShader (UnityEngine.Shader,UnityEditor.Rendering.ShaderSnippetData,System.Collections.Generic.IList`1<UnityEditor.Rendering.ShaderCompilerData>) (at ./Library/PackageCache/com.unity.shadergraph@f391c7e5c168/Editor/Generation/Targets/BuiltIn/Editor/ShaderPreprocessor.cs:416)
UnityEditor.Build.BuildPipelineInterfaces:OnPreprocessShaders (UnityEngine.Shader,UnityEditor.Rendering.ShaderSnippetData,UnityEditor.Rendering.ShaderCompilerData[]) (at /home/bokken/build/output/unity/unity/Editor/Mono/BuildPipeline/BuildPipelineInterfaces.cs:716)
UnityEditor.BuildPipeline:BuildPlayerInternalNoCheck (string[],string,string,UnityEditor.BuildTargetGroup,UnityEditor.BuildTarget,int,UnityEditor.BuildOptions,string[],bool)
UnityEditor.BuildPipeline:BuildPlayerInternal (string[],string,string,UnityEditor.BuildTargetGroup,UnityEditor.BuildTarget,int,UnityEditor.BuildOptions,string[]) (at /home/bokken/build/output/unity/unity/Editor/Mono/BuildPipeline.bindings.cs:494)
UnityEditor.BuildPipeline:BuildPlayer (string[],string,string,UnityEditor.BuildTargetGroup,UnityEditor.BuildTarget,int,UnityEditor.BuildOptions,string[]) (at /home/bokken/build/output/unity/unity/Editor/Mono/BuildPipeline.bindings.cs:410)
UnityEditor.BuildPipeline:BuildPlayer (UnityEditor.BuildPlayerOptions) (at /home/bokken/build/output/unity/unity/Editor/Mono/BuildPipeline.bindings.cs:356)
MiniMarket.Editor.MiniMarketProjectBuilder:BuildWeb () (at Assets/Editor/MiniMarketProjectBuilder.cs:90)

(Filename: ./Library/PackageCache/com.unity.shadergraph@f391c7e5c168/Editor/Generation/Targets/BuiltIn/Editor/ShaderPreprocessor.cs Line: 362)

    Target graphics API: gles3
    Full variant space:         577.536
    After settings filtering:   577.536
    After built-in stripping:   1.248
    After scriptable stripping: 0
    Processed in 0.01 seconds
  Pass "BuiltIn Deferred" (vp)
STRIPPING: Shader Graphs/glTF-pbrSpecularGlossiness (BuiltIn Deferred pass) (Vertex) - Remaining shader variants = 0/128 = 0% - Total = 0/10766 = 0%
UnityEngine.Debug:ExtractStackTraceNoAlloc (byte*,int,string)
UnityEngine.StackTraceUtility:ExtractStackTrace () (at /home/bokken/build/output/unity/unity/Runtime/Export/Scripting/StackTrace.cs:35)
UnityEngine.DebugLogHandler:Internal_Log (UnityEngine.LogType,UnityEngine.LogOption,string,UnityEngine.Object)
UnityEngine.DebugLogHandler:LogFormat (UnityEngine.LogType,UnityEngine.Object,string,object[])
UnityEngine.Logger:Log (UnityEngine.LogType,object)
UnityEngine.Debug:Log (object)
UnityEditor.Rendering.BuiltIn.ShaderPreprocessor:LogShaderVariants (UnityEngine.Shader,UnityEditor.Rendering.ShaderSnippetData,int,int) (at ./Library/PackageCache/com.unity.shadergraph@f391c7e5c168/Editor/Generation/Targets/BuiltIn/Editor/ShaderPreprocessor.cs:362)
UnityEditor.Rendering.BuiltIn.ShaderPreprocessor:OnProcessShader (UnityEngine.Shader,UnityEditor.Rendering.ShaderSnippetData,System.Collections.Generic.IList`1<UnityEditor.Rendering.ShaderCompilerData>) (at ./Library/PackageCache/com.unity.shadergraph@f391c7e5c168/Editor/Generation/Targets/BuiltIn/Editor/ShaderPreprocessor.cs:416)
UnityEditor.Build.BuildPipelineInterfaces:OnPreprocessShaders (UnityEngine.Shader,UnityEditor.Rendering.ShaderSnippetData,UnityEditor.Rendering.ShaderCompilerData[]) (at /home/bokken/build/output/unity/unity/Editor/Mono/BuildPipeline/BuildPipelineInterfaces.cs:716)
UnityEditor.BuildPipeline:BuildPlayerInternalNoCheck (string[],string,string,UnityEditor.BuildTargetGroup,UnityEditor.BuildTarget,int,UnityEditor.BuildOptions,string[],bool)
UnityEditor.BuildPipeline:BuildPlayerInternal (string[],string,string,UnityEditor.BuildTargetGroup,UnityEditor.BuildTarget,int,UnityEditor.BuildOptions,string[]) (at /home/bokken/build/output/unity/unity/Editor/Mono/BuildPipeline.bindings.cs:494)
UnityEditor.BuildPipeline:BuildPlayer (string[],string,string,UnityEditor.BuildTargetGroup,UnityEditor.BuildTarget,int,UnityEditor.BuildOptions,string[]) (at /home/bokken/build/output/unity/unity/Editor/Mono/BuildPipeline.bindings.cs:410)
UnityEditor.BuildPipeline:BuildPlayer (UnityEditor.BuildPlayerOptions) (at /home/bokken/build/output/unity/unity/Editor/Mono/BuildPipeline.bindings.cs:356)
MiniMarket.Editor.MiniMarketProjectBuilder:BuildWeb () (at Assets/Editor/MiniMarketProjectBuilder.cs:90)

(Filename: ./Library/PackageCache/com.unity.shadergraph@f391c7e5c168/Editor/Generation/Targets/BuiltIn/Editor/ShaderPreprocessor.cs Line: 362)

    Target graphics API: gles3
    Full variant space:         4.864
    After settings filtering:   4.864
    After built-in stripping:   128
    After scriptable stripping: 0
    Processed in 0.00 seconds
  Pass "ShadowCaster" (vp)
STRIPPING: Shader Graphs/glTF-pbrSpecularGlossiness (ShadowCaster pass) (Vertex) - Remaining shader variants = 0/4 = 0% - Total = 0/10770 = 0%
UnityEngine.Debug:ExtractStackTraceNoAlloc (byte*,int,string)
UnityEngine.StackTraceUtility:ExtractStackTrace () (at /home/bokken/build/output/unity/unity/Runtime/Export/Scripting/StackTrace.cs:35)
UnityEngine.DebugLogHandler:Internal_Log (UnityEngine.LogType,UnityEngine.LogOption,string,UnityEngine.Object)
UnityEngine.DebugLogHandler:LogFormat (UnityEngine.LogType,UnityEngine.Object,string,object[])
UnityEngine.Logger:Log (UnityEngine.LogType,object)
UnityEngine.Debug:Log (object)
UnityEditor.Rendering.BuiltIn.ShaderPreprocessor:LogShaderVariants (UnityEngine.Shader,UnityEditor.Rendering.ShaderSnippetData,int,int) (at ./Library/PackageCache/com.unity.shadergraph@f391c7e5c168/Editor/Generation/Targets/BuiltIn/Editor/ShaderPreprocessor.cs:362)
UnityEditor.Rendering.BuiltIn.ShaderPreprocessor:OnProcessShader (UnityEngine.Shader,UnityEditor.Rendering.ShaderSnippetData,System.Collections.Generic.IList`1<UnityEditor.Rendering.ShaderCompilerData>) (at ./Library/PackageCache/com.unity.shadergraph@f391c7e5c168/Editor/Generation/Targets/BuiltIn/Editor/ShaderPreprocessor.cs:416)
UnityEditor.Build.BuildPipelineInterfaces:OnPreprocessShaders (UnityEngine.Shader,UnityEditor.Rendering.ShaderSnippetData,UnityEditor.Rendering.ShaderCompilerData[]) (at /home/bokken/build/output/unity/unity/Editor/Mono/BuildPipeline/BuildPipelineInterfaces.cs:716)
UnityEditor.BuildPipeline:BuildPlayerInternalNoCheck (string[],string,string,UnityEditor.BuildTargetGroup,UnityEditor.BuildTarget,int,UnityEditor.BuildOptions,string[],bool)
UnityEditor.BuildPipeline:BuildPlayerInternal (string[],string,string,UnityEditor.BuildTargetGroup,UnityEditor.BuildTarget,int,UnityEditor.BuildOptions,string[]) (at /home/bokken/build/output/unity/unity/Editor/Mono/BuildPipeline.bindings.cs:494)
UnityEditor.BuildPipeline:BuildPlayer (string[],string,string,UnityEditor.BuildTargetGroup,UnityEditor.BuildTarget,int,UnityEditor.BuildOptions,string[]) (at /home/bokken/build/output/unity/unity/Editor/Mono/BuildPipeline.bindings.cs:410)
UnityEditor.BuildPipeline:BuildPlayer (UnityEditor.BuildPlayerOptions) (at /home/bokken/build/output/unity/unity/Editor/Mono/BuildPipeline.bindings.cs:356)
MiniMarket.Editor.MiniMarketProjectBuilder:BuildWeb () (at Assets/Editor/MiniMarketProjectBuilder.cs:90)

(Filename: ./Library/PackageCache/com.unity.shadergraph@f391c7e5c168/Editor/Generation/Targets/BuiltIn/Editor/ShaderPreprocessor.cs Line: 362)

    Target graphics API: gles3
    Full variant space:         4
    After settings filtering:   4
    After built-in stripping:   4
    After scriptable stripping: 0
    Processed in 0.00 seconds
  Pass "DepthOnly" (vp)
    Target graphics API: gles3
    Full variant space:         2
    After settings filtering:   2
    After built-in stripping:   1
    After scriptable stripping: 0
    Processed in 0.00 seconds
  Pass Universal Forward (vp, gles3) finished in 0.03 seconds. Local cache hits 4 (0.00s CPU time), remote cache hits 0 (0.00s CPU time), compiled 0 variants (0.00s CPU time), skipped 0 variants.
    Prepared data for serialisation in 0.00s
    Prepared data for serialisation in 0.00s
  Pass ShadowCaster (vp, gles3) finished in 0.03 seconds. Local cache hits 1 (0.00s CPU time), remote cache hits 0 (0.00s CPU time), compiled 0 variants (0.00s CPU time), skipped 0 variants.
    Prepared data for serialisation in 0.00s
  Pass MotionVectors (vp, gles3) finished in 0.03 seconds. Local cache hits 1 (0.00s CPU time), remote cache hits 0 (0.00s CPU time), compiled 0 variants (0.00s CPU time), skipped 0 variants.
    Prepared data for serialisation in 0.00s
  Pass DepthOnly (vp, gles3) finished in 0.03 seconds. Local cache hits 1 (0.00s CPU time), remote cache hits 0 (0.00s CPU time), compiled 0 variants (0.00s CPU time), skipped 0 variants.
    Prepared data for serialisation in 0.00s
  Pass DepthNormals (vp, gles3) finished in 0.03 seconds. Local cache hits 1 (0.00s CPU time), remote cache hits 0 (0.00s CPU time), compiled 0 variants (0.00s CPU time), skipped 0 variants.
    Prepared data for serialisation in 0.00s
  Pass Universal 2D (vp, gles3) finished in 0.03 seconds. Local cache hits 1 (0.00s CPU time), remote cache hits 0 (0.00s CPU time), compiled 0 variants (0.00s CPU time), skipped 0 variants.
    Prepared data for serialisation in 0.00s
Serialized binary data for shader Shader Graphs/glTF-pbrSpecularGlossiness in 0.00s
    gles3 (total internal programs: 9, unique: 9)
Compiling shader "Shader Graphs/glTF-pbrMetallicRoughness"
  Pass "Universal Forward" (vp)
    Target graphics API: gles3
    Full variant space:         18.119.393.280
    After settings filtering:   6.144
    After built-in stripping:   12
    After scriptable stripping: 4
    Processed in 0.00 seconds
  Pass "GBuffer" (vp)
  Pass "ShadowCaster" (vp)
    Target graphics API: gles3
    Full variant space:         8
    After settings filtering:   8
    After built-in stripping:   2
    After scriptable stripping: 1
    Processed in 0.00 seconds
  Pass "MotionVectors" (vp)
    Target graphics API: gles3
    Full variant space:         8
    After settings filtering:   4
    After built-in stripping:   1
    After scriptable stripping: 1
    Processed in 0.00 seconds
  Pass "DepthOnly" (vp)
    Target graphics API: gles3
    Full variant space:         4
    After settings filtering:   4
    After built-in stripping:   1
    After scriptable stripping: 1
    Processed in 0.00 seconds
  Pass "DepthNormals" (vp)
    Target graphics API: gles3
    Full variant space:         8
    After settings filtering:   4
    After built-in stripping:   1
    After scriptable stripping: 1
    Processed in 0.00 seconds
  Pass "Universal 2D" (vp)
    Target graphics API: gles3
    Full variant space:         1
    After settings filtering:   1
    After built-in stripping:   1
    After scriptable stripping: 1
    Processed in 0.00 seconds
  Pass "BuiltIn Forward" (vp)
STRIPPING: Shader Graphs/glTF-pbrMetallicRoughness (BuiltIn Forward pass) (Vertex) - Remaining shader variants = 0/768 = 0% - Total = 0/11539 = 0%
UnityEngine.Debug:ExtractStackTraceNoAlloc (byte*,int,string)
UnityEngine.StackTraceUtility:ExtractStackTrace () (at /home/bokken/build/output/unity/unity/Runtime/Export/Scripting/StackTrace.cs:35)
UnityEngine.DebugLogHandler:Internal_Log (UnityEngine.LogType,UnityEngine.LogOption,string,UnityEngine.Object)
UnityEngine.DebugLogHandler:LogFormat (UnityEngine.LogType,UnityEngine.Object,string,object[])
UnityEngine.Logger:Log (UnityEngine.LogType,object)
UnityEngine.Debug:Log (object)
UnityEditor.Rendering.BuiltIn.ShaderPreprocessor:LogShaderVariants (UnityEngine.Shader,UnityEditor.Rendering.ShaderSnippetData,int,int) (at ./Library/PackageCache/com.unity.shadergraph@f391c7e5c168/Editor/Generation/Targets/BuiltIn/Editor/ShaderPreprocessor.cs:362)
UnityEditor.Rendering.BuiltIn.ShaderPreprocessor:OnProcessShader (UnityEngine.Shader,UnityEditor.Rendering.ShaderSnippetData,System.Collections.Generic.IList`1<UnityEditor.Rendering.ShaderCompilerData>) (at ./Library/PackageCache/com.unity.shadergraph@f391c7e5c168/Editor/Generation/Targets/BuiltIn/Editor/ShaderPreprocessor.cs:416)
UnityEditor.Build.BuildPipelineInterfaces:OnPreprocessShaders (UnityEngine.Shader,UnityEditor.Rendering.ShaderSnippetData,UnityEditor.Rendering.ShaderCompilerData[]) (at /home/bokken/build/output/unity/unity/Editor/Mono/BuildPipeline/BuildPipelineInterfaces.cs:716)
UnityEditor.BuildPipeline:BuildPlayerInternalNoCheck (string[],string,string,UnityEditor.BuildTargetGroup,UnityEditor.BuildTarget,int,UnityEditor.BuildOptions,string[],bool)
UnityEditor.BuildPipeline:BuildPlayerInternal (string[],string,string,UnityEditor.BuildTargetGroup,UnityEditor.BuildTarget,int,UnityEditor.BuildOptions,string[]) (at /home/bokken/build/output/unity/unity/Editor/Mono/BuildPipeline.bindings.cs:494)
UnityEditor.BuildPipeline:BuildPlayer (string[],string,string,UnityEditor.BuildTargetGroup,UnityEditor.BuildTarget,int,UnityEditor.BuildOptions,string[]) (at /home/bokken/build/output/unity/unity/Editor/Mono/BuildPipeline.bindings.cs:410)
UnityEditor.BuildPipeline:BuildPlayer (UnityEditor.BuildPlayerOptions) (at /home/bokken/build/output/unity/unity/Editor/Mono/BuildPipeline.bindings.cs:356)
MiniMarket.Editor.MiniMarketProjectBuilder:BuildWeb () (at Assets/Editor/MiniMarketProjectBuilder.cs:90)

(Filename: ./Library/PackageCache/com.unity.shadergraph@f391c7e5c168/Editor/Generation/Targets/BuiltIn/Editor/ShaderPreprocessor.cs Line: 362)

    Target graphics API: gles3
    Full variant space:         1.019.904
    After settings filtering:   1.019.904
    After built-in stripping:   768
    After scriptable stripping: 0
    Processed in 0.02 seconds
  Pass "BuiltIn ForwardAdd" (vp)
STRIPPING: Shader Graphs/glTF-pbrMetallicRoughness (BuiltIn ForwardAdd pass) (Vertex) - Remaining shader variants = 0/1248 = 0% - Total = 0/12787 = 0%
UnityEngine.Debug:ExtractStackTraceNoAlloc (byte*,int,string)
UnityEngine.StackTraceUtility:ExtractStackTrace () (at /home/bokken/build/output/unity/unity/Runtime/Export/Scripting/StackTrace.cs:35)
UnityEngine.DebugLogHandler:Internal_Log (UnityEngine.LogType,UnityEngine.LogOption,string,UnityEngine.Object)
UnityEngine.DebugLogHandler:LogFormat (UnityEngine.LogType,UnityEngine.Object,string,object[])
UnityEngine.Logger:Log (UnityEngine.LogType,object)
UnityEngine.Debug:Log (object)
UnityEditor.Rendering.BuiltIn.ShaderPreprocessor:LogShaderVariants (UnityEngine.Shader,UnityEditor.Rendering.ShaderSnippetData,int,int) (at ./Library/PackageCache/com.unity.shadergraph@f391c7e5c168/Editor/Generation/Targets/BuiltIn/Editor/ShaderPreprocessor.cs:362)
UnityEditor.Rendering.BuiltIn.ShaderPreprocessor:OnProcessShader (UnityEngine.Shader,UnityEditor.Rendering.ShaderSnippetData,System.Collections.Generic.IList`1<UnityEditor.Rendering.ShaderCompilerData>) (at ./Library/PackageCache/com.unity.shadergraph@f391c7e5c168/Editor/Generation/Targets/BuiltIn/Editor/ShaderPreprocessor.cs:416)
UnityEditor.Build.BuildPipelineInterfaces:OnPreprocessShaders (UnityEngine.Shader,UnityEditor.Rendering.ShaderSnippetData,UnityEditor.Rendering.ShaderCompilerData[]) (at /home/bokken/build/output/unity/unity/Editor/Mono/BuildPipeline/BuildPipelineInterfaces.cs:716)
UnityEditor.BuildPipeline:BuildPlayerInternalNoCheck (string[],string,string,UnityEditor.BuildTargetGroup,UnityEditor.BuildTarget,int,UnityEditor.BuildOptions,string[],bool)
UnityEditor.BuildPipeline:BuildPlayerInternal (string[],string,string,UnityEditor.BuildTargetGroup,UnityEditor.BuildTarget,int,UnityEditor.BuildOptions,string[]) (at /home/bokken/build/output/unity/unity/Editor/Mono/BuildPipeline.bindings.cs:494)
UnityEditor.BuildPipeline:BuildPlayer (string[],string,string,UnityEditor.BuildTargetGroup,UnityEditor.BuildTarget,int,UnityEditor.BuildOptions,string[]) (at /home/bokken/build/output/unity/unity/Editor/Mono/BuildPipeline.bindings.cs:410)
UnityEditor.BuildPipeline:BuildPlayer (UnityEditor.BuildPlayerOptions) (at /home/bokken/build/output/unity/unity/Editor/Mono/BuildPipeline.bindings.cs:356)
MiniMarket.Editor.MiniMarketProjectBuilder:BuildWeb () (at Assets/Editor/MiniMarketProjectBuilder.cs:90)

(Filename: ./Library/PackageCache/com.unity.shadergraph@f391c7e5c168/Editor/Generation/Targets/BuiltIn/Editor/ShaderPreprocessor.cs Line: 362)

    Target graphics API: gles3
    Full variant space:         577.536
    After settings filtering:   577.536
    After built-in stripping:   1.248
    After scriptable stripping: 0
    Processed in 0.01 seconds
  Pass "BuiltIn Deferred" (vp)
STRIPPING: Shader Graphs/glTF-pbrMetallicRoughness (BuiltIn Deferred pass) (Vertex) - Remaining shader variants = 0/128 = 0% - Total = 0/12915 = 0%
UnityEngine.Debug:ExtractStackTraceNoAlloc (byte*,int,string)
UnityEngine.StackTraceUtility:ExtractStackTrace () (at /home/bokken/build/output/unity/unity/Runtime/Export/Scripting/StackTrace.cs:35)
UnityEngine.DebugLogHandler:Internal_Log (UnityEngine.LogType,UnityEngine.LogOption,string,UnityEngine.Object)
UnityEngine.DebugLogHandler:LogFormat (UnityEngine.LogType,UnityEngine.Object,string,object[])
UnityEngine.Logger:Log (UnityEngine.LogType,object)
UnityEngine.Debug:Log (object)
UnityEditor.Rendering.BuiltIn.ShaderPreprocessor:LogShaderVariants (UnityEngine.Shader,UnityEditor.Rendering.ShaderSnippetData,int,int) (at ./Library/PackageCache/com.unity.shadergraph@f391c7e5c168/Editor/Generation/Targets/BuiltIn/Editor/ShaderPreprocessor.cs:362)
UnityEditor.Rendering.BuiltIn.ShaderPreprocessor:OnProcessShader (UnityEngine.Shader,UnityEditor.Rendering.ShaderSnippetData,System.Collections.Generic.IList`1<UnityEditor.Rendering.ShaderCompilerData>) (at ./Library/PackageCache/com.unity.shadergraph@f391c7e5c168/Editor/Generation/Targets/BuiltIn/Editor/ShaderPreprocessor.cs:416)
UnityEditor.Build.BuildPipelineInterfaces:OnPreprocessShaders (UnityEngine.Shader,UnityEditor.Rendering.ShaderSnippetData,UnityEditor.Rendering.ShaderCompilerData[]) (at /home/bokken/build/output/unity/unity/Editor/Mono/BuildPipeline/BuildPipelineInterfaces.cs:716)
UnityEditor.BuildPipeline:BuildPlayerInternalNoCheck (string[],string,string,UnityEditor.BuildTargetGroup,UnityEditor.BuildTarget,int,UnityEditor.BuildOptions,string[],bool)
UnityEditor.BuildPipeline:BuildPlayerInternal (string[],string,string,UnityEditor.BuildTargetGroup,UnityEditor.BuildTarget,int,UnityEditor.BuildOptions,string[]) (at /home/bokken/build/output/unity/unity/Editor/Mono/BuildPipeline.bindings.cs:494)
UnityEditor.BuildPipeline:BuildPlayer (string[],string,string,UnityEditor.BuildTargetGroup,UnityEditor.BuildTarget,int,UnityEditor.BuildOptions,string[]) (at /home/bokken/build/output/unity/unity/Editor/Mono/BuildPipeline.bindings.cs:410)
UnityEditor.BuildPipeline:BuildPlayer (UnityEditor.BuildPlayerOptions) (at /home/bokken/build/output/unity/unity/Editor/Mono/BuildPipeline.bindings.cs:356)
MiniMarket.Editor.MiniMarketProjectBuilder:BuildWeb () (at Assets/Editor/MiniMarketProjectBuilder.cs:90)

(Filename: ./Library/PackageCache/com.unity.shadergraph@f391c7e5c168/Editor/Generation/Targets/BuiltIn/Editor/ShaderPreprocessor.cs Line: 362)

    Target graphics API: gles3
    Full variant space:         4.864
    After settings filtering:   4.864
    After built-in stripping:   128
    After scriptable stripping: 0
    Processed in 0.00 seconds
  Pass "ShadowCaster" (vp)
STRIPPING: Shader Graphs/glTF-pbrMetallicRoughness (ShadowCaster pass) (Vertex) - Remaining shader variants = 0/4 = 0% - Total = 0/12919 = 0%
UnityEngine.Debug:ExtractStackTraceNoAlloc (byte*,int,string)
UnityEngine.StackTraceUtility:ExtractStackTrace () (at /home/bokken/build/output/unity/unity/Runtime/Export/Scripting/StackTrace.cs:35)
UnityEngine.DebugLogHandler:Internal_Log (UnityEngine.LogType,UnityEngine.LogOption,string,UnityEngine.Object)
UnityEngine.DebugLogHandler:LogFormat (UnityEngine.LogType,UnityEngine.Object,string,object[])
UnityEngine.Logger:Log (UnityEngine.LogType,object)
UnityEngine.Debug:Log (object)
UnityEditor.Rendering.BuiltIn.ShaderPreprocessor:LogShaderVariants (UnityEngine.Shader,UnityEditor.Rendering.ShaderSnippetData,int,int) (at ./Library/PackageCache/com.unity.shadergraph@f391c7e5c168/Editor/Generation/Targets/BuiltIn/Editor/ShaderPreprocessor.cs:362)
UnityEditor.Rendering.BuiltIn.ShaderPreprocessor:OnProcessShader (UnityEngine.Shader,UnityEditor.Rendering.ShaderSnippetData,System.Collections.Generic.IList`1<UnityEditor.Rendering.ShaderCompilerData>) (at ./Library/PackageCache/com.unity.shadergraph@f391c7e5c168/Editor/Generation/Targets/BuiltIn/Editor/ShaderPreprocessor.cs:416)
UnityEditor.Build.BuildPipelineInterfaces:OnPreprocessShaders (UnityEngine.Shader,UnityEditor.Rendering.ShaderSnippetData,UnityEditor.Rendering.ShaderCompilerData[]) (at /home/bokken/build/output/unity/unity/Editor/Mono/BuildPipeline/BuildPipelineInterfaces.cs:716)
UnityEditor.BuildPipeline:BuildPlayerInternalNoCheck (string[],string,string,UnityEditor.BuildTargetGroup,UnityEditor.BuildTarget,int,UnityEditor.BuildOptions,string[],bool)
UnityEditor.BuildPipeline:BuildPlayerInternal (string[],string,string,UnityEditor.BuildTargetGroup,UnityEditor.BuildTarget,int,UnityEditor.BuildOptions,string[]) (at /home/bokken/build/output/unity/unity/Editor/Mono/BuildPipeline.bindings.cs:494)
UnityEditor.BuildPipeline:BuildPlayer (string[],string,string,UnityEditor.BuildTargetGroup,UnityEditor.BuildTarget,int,UnityEditor.BuildOptions,string[]) (at /home/bokken/build/output/unity/unity/Editor/Mono/BuildPipeline.bindings.cs:410)
UnityEditor.BuildPipeline:BuildPlayer (UnityEditor.BuildPlayerOptions) (at /home/bokken/build/output/unity/unity/Editor/Mono/BuildPipeline.bindings.cs:356)
MiniMarket.Editor.MiniMarketProjectBuilder:BuildWeb () (at Assets/Editor/MiniMarketProjectBuilder.cs:90)

(Filename: ./Library/PackageCache/com.unity.shadergraph@f391c7e5c168/Editor/Generation/Targets/BuiltIn/Editor/ShaderPreprocessor.cs Line: 362)

    Target graphics API: gles3
    Full variant space:         4
    After settings filtering:   4
    After built-in stripping:   4
    After scriptable stripping: 0
    Processed in 0.00 seconds
  Pass "DepthOnly" (vp)
    Target graphics API: gles3
    Full variant space:         2
    After settings filtering:   2
    After built-in stripping:   1
    After scriptable stripping: 0
    Processed in 0.00 seconds
  Pass Universal Forward (vp, gles3) finished in 0.03 seconds. Local cache hits 4 (0.00s CPU time), remote cache hits 0 (0.00s CPU time), compiled 0 variants (0.00s CPU time), skipped 0 variants.
    Prepared data for serialisation in 0.00s
    Prepared data for serialisation in 0.00s
  Pass ShadowCaster (vp, gles3) finished in 0.03 seconds. Local cache hits 1 (0.00s CPU time), remote cache hits 0 (0.00s CPU time), compiled 0 variants (0.00s CPU time), skipped 0 variants.
    Prepared data for serialisation in 0.00s
  Pass MotionVectors (vp, gles3) finished in 0.03 seconds. Local cache hits 1 (0.00s CPU time), remote cache hits 0 (0.00s CPU time), compiled 0 variants (0.00s CPU time), skipped 0 variants.
    Prepared data for serialisation in 0.00s
  Pass DepthOnly (vp, gles3) finished in 0.03 seconds. Local cache hits 1 (0.00s CPU time), remote cache hits 0 (0.00s CPU time), compiled 0 variants (0.00s CPU time), skipped 0 variants.
    Prepared data for serialisation in 0.00s
  Pass DepthNormals (vp, gles3) finished in 0.03 seconds. Local cache hits 1 (0.00s CPU time), remote cache hits 0 (0.00s CPU time), compiled 0 variants (0.00s CPU time), skipped 0 variants.
    Prepared data for serialisation in 0.00s
  Pass Universal 2D (vp, gles3) finished in 0.03 seconds. Local cache hits 1 (0.00s CPU time), remote cache hits 0 (0.00s CPU time), compiled 0 variants (0.00s CPU time), skipped 0 variants.
    Prepared data for serialisation in 0.00s
Serialized binary data for shader Shader Graphs/glTF-pbrMetallicRoughness in 0.00s
    gles3 (total internal programs: 9, unique: 9)
Compiling shader "Legacy Shaders/VertexLit"
  Pass "" (vp)
    Target graphics API: gles3
    Full variant space:         12
    After settings filtering:   12
    After built-in stripping:   3
    After scriptable stripping: 3
    Processed in 0.00 seconds
  Pass "" (vp)
    Target graphics API: gles3
    Full variant space:         4
    After settings filtering:   4
    After built-in stripping:   1
    After scriptable stripping: 1
    Processed in 0.00 seconds
  Pass "ShadowCaster" (vp)
    Target graphics API: gles3
    Full variant space:         4
    After settings filtering:   4
    After built-in stripping:   2
    After scriptable stripping: 2
    Processed in 0.00 seconds
  Pass  (vp, gles3) finished in 0.00 seconds. Local cache hits 3 (0.00s CPU time), remote cache hits 0 (0.00s CPU time), compiled 0 variants (0.00s CPU time), skipped 0 variants.
    Prepared data for serialisation in 0.00s
  Pass  (vp, gles3) finished in 0.00 seconds. Local cache hits 1 (0.00s CPU time), remote cache hits 0 (0.00s CPU time), compiled 0 variants (0.00s CPU time), skipped 0 variants.
    Prepared data for serialisation in 0.00s
  Pass ShadowCaster (vp, gles3) finished in 0.00 seconds. Local cache hits 2 (0.00s CPU time), remote cache hits 0 (0.00s CPU time), compiled 0 variants (0.00s CPU time), skipped 0 variants.
    Prepared data for serialisation in 0.00s
Serialized binary data for shader Legacy Shaders/VertexLit in 0.00s
    gles3 (total internal programs: 6, unique: 6)
Compiling shader "Legacy Shaders/Diffuse"
  Pass "FORWARD" (vp)
    Target graphics API: gles3
    Full variant space:         664
    After settings filtering:   664
    After built-in stripping:   8
    After scriptable stripping: 8
    Processed in 0.00 seconds
  Pass "FORWARD" (vp)
    Target graphics API: gles3
    Full variant space:         20
    After settings filtering:   20
    After built-in stripping:   5
    After scriptable stripping: 5
    Processed in 0.00 seconds
  Pass "DEFERRED" (vp)
    Target graphics API: gles3
    Full variant space:         76
    After settings filtering:   76
    After built-in stripping:   4
    After scriptable stripping: 4
    Processed in 0.00 seconds
  Pass FORWARD (vp, gles3) finished in 0.00 seconds. Local cache hits 8 (0.00s CPU time), remote cache hits 0 (0.00s CPU time), compiled 0 variants (0.00s CPU time), skipped 0 variants.
    Prepared data for serialisation in 0.00s
  Pass FORWARD (vp, gles3) finished in 0.00 seconds. Local cache hits 5 (0.00s CPU time), remote cache hits 0 (0.00s CPU time), compiled 0 variants (0.00s CPU time), skipped 0 variants.
    Prepared data for serialisation in 0.00s
  Pass DEFERRED (vp, gles3) finished in 0.00 seconds. Local cache hits 4 (0.00s CPU time), remote cache hits 0 (0.00s CPU time), compiled 0 variants (0.00s CPU time), skipped 0 variants.
    Prepared data for serialisation in 0.00s
Serialized binary data for shader Legacy Shaders/Diffuse in 0.00s
    gles3 (total internal programs: 17, unique: 17)
Compiling shader "Hidden/Internal-StencilWrite"
  Pass "" (vp)
    Target graphics API: gles3
    Full variant space:         1
    After settings filtering:   1
    After built-in stripping:   1
    After scriptable stripping: 1
    Processed in 0.00 seconds
  Pass  (vp, gles3) finished in 0.00 seconds. Local cache hits 1 (0.00s CPU time), remote cache hits 0 (0.00s CPU time), compiled 0 variants (0.00s CPU time), skipped 0 variants.
    Prepared data for serialisation in 0.00s
Serialized binary data for shader Hidden/Internal-StencilWrite in 0.00s
    gles3 (total internal programs: 1, unique: 1)
Compiling shader "Hidden/Internal-DepthNormalsTexture"
  Pass "" (vp)
    Target graphics API: gles3
    Full variant space:         1
    After settings filtering:   1
    After built-in stripping:   1
    After scriptable stripping: 1
    Processed in 0.00 seconds
  Pass "" (vp)
    Target graphics API: gles3
    Full variant space:         1
    After settings filtering:   1
    After built-in stripping:   1
    After scriptable stripping: 1
    Processed in 0.00 seconds
  Pass "" (vp)
    Target graphics API: gles3
    Full variant space:         1
    After settings filtering:   1
    After built-in stripping:   1
    After scriptable stripping: 1
    Processed in 0.00 seconds
  Pass "" (vp)
    Target graphics API: gles3
    Full variant space:         1
    After settings filtering:   1
    After built-in stripping:   1
    After scriptable stripping: 1
    Processed in 0.00 seconds
  Pass "" (vp)
    Target graphics API: gles3
    Full variant space:         1
    After settings filtering:   1
    After built-in stripping:   1
    After scriptable stripping: 1
    Processed in 0.00 seconds
  Pass "" (vp)
    Target graphics API: gles3
    Full variant space:         1
    After settings filtering:   1
    After built-in stripping:   1
    After scriptable stripping: 1
    Processed in 0.00 seconds
  Pass "" (vp)
    Target graphics API: gles3
    Full variant space:         1
    After settings filtering:   1
    After built-in stripping:   1
    After scriptable stripping: 1
    Processed in 0.00 seconds
  Pass "" (vp)
    Target graphics API: gles3
    Full variant space:         1
    After settings filtering:   1
    After built-in stripping:   1
    After scriptable stripping: 1
    Processed in 0.00 seconds
  Pass "" (vp)
    Target graphics API: gles3
    Full variant space:         1
    After settings filtering:   1
    After built-in stripping:   1
    After scriptable stripping: 1
    Processed in 0.00 seconds
  Pass "" (vp)
    Target graphics API: gles3
    Full variant space:         1
    After settings filtering:   1
    After built-in stripping:   1
    After scriptable stripping: 1
    Processed in 0.00 seconds
  Pass  (vp, gles3) finished in 0.00 seconds. Local cache hits 1 (0.00s CPU time), remote cache hits 0 (0.00s CPU time), compiled 0 variants (0.00s CPU time), skipped 0 variants.
    Prepared data for serialisation in 0.00s
  Pass  (vp, gles3) finished in 0.00 seconds. Local cache hits 1 (0.00s CPU time), remote cache hits 0 (0.00s CPU time), compiled 0 variants (0.00s CPU time), skipped 0 variants.
    Prepared data for serialisation in 0.00s
  Pass  (vp, gles3) finished in 0.00 seconds. Local cache hits 1 (0.00s CPU time), remote cache hits 0 (0.00s CPU time), compiled 0 variants (0.00s CPU time), skipped 0 variants.
    Prepared data for serialisation in 0.00s
  Pass  (vp, gles3) finished in 0.00 seconds. Local cache hits 1 (0.00s CPU time), remote cache hits 0 (0.00s CPU time), compiled 0 variants (0.00s CPU time), skipped 0 variants.
    Prepared data for serialisation in 0.00s
  Pass  (vp, gles3) finished in 0.00 seconds. Local cache hits 1 (0.00s CPU time), remote cache hits 0 (0.00s CPU time), compiled 0 variants (0.00s CPU time), skipped 0 variants.
    Prepared data for serialisation in 0.00s
  Pass  (vp, gles3) finished in 0.00 seconds. Local cache hits 1 (0.00s CPU time), remote cache hits 0 (0.00s CPU time), compiled 0 variants (0.00s CPU time), skipped 0 variants.
    Prepared data for serialisation in 0.00s
  Pass  (vp, gles3) finished in 0.00 seconds. Local cache hits 1 (0.00s CPU time), remote cache hits 0 (0.00s CPU time), compiled 0 variants (0.00s CPU time), skipped 0 variants.
    Prepared data for serialisation in 0.00s
  Pass  (vp, gles3) finished in 0.00 seconds. Local cache hits 1 (0.00s CPU time), remote cache hits 0 (0.00s CPU time), compiled 0 variants (0.00s CPU time), skipped 0 variants.
    Prepared data for serialisation in 0.00s
  Pass  (vp, gles3) finished in 0.00 seconds. Local cache hits 1 (0.00s CPU time), remote cache hits 0 (0.00s CPU time), compiled 0 variants (0.00s CPU time), skipped 0 variants.
    Prepared data for serialisation in 0.00s
  Pass  (vp, gles3) finished in 0.00 seconds. Local cache hits 1 (0.00s CPU time), remote cache hits 0 (0.00s CPU time), compiled 0 variants (0.00s CPU time), skipped 0 variants.
    Prepared data for serialisation in 0.00s
Serialized binary data for shader Hidden/Internal-DepthNormalsTexture in 0.00s
    gles3 (total internal programs: 10, unique: 10)
Compiling shader "Hidden/Internal-ScreenSpaceShadows"
  Pass "" (vp)
    Target graphics API: gles3
    Full variant space:         4
    After settings filtering:   4
    After built-in stripping:   4
    After scriptable stripping: 4
    Processed in 0.00 seconds
  Pass "" (vp)
    Target graphics API: gles3
    Full variant space:         4
    After settings filtering:   4
    After built-in stripping:   4
    After scriptable stripping: 4
    Processed in 0.00 seconds
  Pass "" (vp)
    Target graphics API: gles3
    Full variant space:         4
    After settings filtering:   4
    After built-in stripping:   4
    After scriptable stripping: 4
    Processed in 0.00 seconds
  Pass "" (vp)
    Target graphics API: gles3
    Full variant space:         4
    After settings filtering:   4
    After built-in stripping:   4
    After scriptable stripping: 4
    Processed in 0.00 seconds
  Pass  (vp, gles3) finished in 0.00 seconds. Local cache hits 4 (0.00s CPU time), remote cache hits 0 (0.00s CPU time), compiled 0 variants (0.00s CPU time), skipped 0 variants.
    Prepared data for serialisation in 0.00s
  Pass  (vp, gles3) finished in 0.00 seconds. Local cache hits 4 (0.00s CPU time), remote cache hits 0 (0.00s CPU time), compiled 0 variants (0.00s CPU time), skipped 0 variants.
    Prepared data for serialisation in 0.00s
  Pass  (vp, gles3) finished in 0.00 seconds. Local cache hits 4 (0.00s CPU time), remote cache hits 0 (0.00s CPU time), compiled 0 variants (0.00s CPU time), skipped 0 variants.
    Prepared data for serialisation in 0.00s
  Pass  (vp, gles3) finished in 0.00 seconds. Local cache hits 4 (0.00s CPU time), remote cache hits 0 (0.00s CPU time), compiled 0 variants (0.00s CPU time), skipped 0 variants.
    Prepared data for serialisation in 0.00s
Serialized binary data for shader Hidden/Internal-ScreenSpaceShadows in 0.00s
    gles3 (total internal programs: 16, unique: 16)
Compiling shader "Hidden/Internal-CombineDepthNormals"
  Pass "" (vp)
    Target graphics API: gles3
    Full variant space:         1
    After settings filtering:   1
    After built-in stripping:   1
    After scriptable stripping: 1
    Processed in 0.00 seconds
  Pass  (vp, gles3) finished in 0.00 seconds. Local cache hits 1 (0.00s CPU time), remote cache hits 0 (0.00s CPU time), compiled 0 variants (0.00s CPU time), skipped 0 variants.
    Prepared data for serialisation in 0.00s
Serialized binary data for shader Hidden/Internal-CombineDepthNormals in 0.00s
    gles3 (total internal programs: 1, unique: 1)
Compiling shader "Hidden/BlitCopy"
  Pass "" (vp)
    Target graphics API: gles3
    Full variant space:         1
    After settings filtering:   1
    After built-in stripping:   1
    After scriptable stripping: 1
    Processed in 0.00 seconds
  Pass  (vp, gles3) finished in 0.00 seconds. Local cache hits 1 (0.00s CPU time), remote cache hits 0 (0.00s CPU time), compiled 0 variants (0.00s CPU time), skipped 0 variants.
    Prepared data for serialisation in 0.00s
Serialized binary data for shader Hidden/BlitCopy in 0.00s
    gles3 (total internal programs: 1, unique: 1)
Compiling shader "Hidden/BlitCopyDepth"
  Pass "" (vp)
    Target graphics API: gles3
    Full variant space:         1
    After settings filtering:   1
    After built-in stripping:   1
    After scriptable stripping: 1
    Processed in 0.00 seconds
  Pass  (vp, gles3) finished in 0.00 seconds. Local cache hits 1 (0.00s CPU time), remote cache hits 0 (0.00s CPU time), compiled 0 variants (0.00s CPU time), skipped 0 variants.
    Prepared data for serialisation in 0.00s
Serialized binary data for shader Hidden/BlitCopyDepth in 0.00s
    gles3 (total internal programs: 1, unique: 1)
Compiling shader "Hidden/ConvertTexture"
  Pass "" (vp)
    Target graphics API: gles3
    Full variant space:         1
    After settings filtering:   1
    After built-in stripping:   1
    After scriptable stripping: 1
    Processed in 0.00 seconds
  Pass  (vp, gles3) finished in 0.00 seconds. Local cache hits 1 (0.00s CPU time), remote cache hits 0 (0.00s CPU time), compiled 0 variants (0.00s CPU time), skipped 0 variants.
    Prepared data for serialisation in 0.00s
Serialized binary data for shader Hidden/ConvertTexture in 0.00s
    gles3 (total internal programs: 1, unique: 1)
Compiling shader "Hidden/Internal-DeferredShading"
  Pass "" (vp)
    Target graphics API: gles3
    Full variant space:         94
    After settings filtering:   94
    After built-in stripping:   26
    After scriptable stripping: 26
    Processed in 0.00 seconds
  Pass "" (vp)
    Target graphics API: gles3
    Full variant space:         1
    After settings filtering:   1
    After built-in stripping:   1
    After scriptable stripping: 1
    Processed in 0.00 seconds
  Pass  (vp, gles3) finished in 0.00 seconds. Local cache hits 26 (0.00s CPU time), remote cache hits 0 (0.00s CPU time), compiled 0 variants (0.00s CPU time), skipped 0 variants.
    Prepared data for serialisation in 0.00s
  Pass  (vp, gles3) finished in 0.00 seconds. Local cache hits 1 (0.00s CPU time), remote cache hits 0 (0.00s CPU time), compiled 0 variants (0.00s CPU time), skipped 0 variants.
    Prepared data for serialisation in 0.00s
Serialized binary data for shader Hidden/Internal-DeferredShading in 0.00s
    gles3 (total internal programs: 27, unique: 27)
Compiling shader "Hidden/Internal-DeferredReflections"
  Pass "" (vp)
    Target graphics API: gles3
    Full variant space:         1
    After settings filtering:   1
    After built-in stripping:   1
    After scriptable stripping: 1
    Processed in 0.00 seconds
  Pass "" (vp)
    Target graphics API: gles3
    Full variant space:         2
    After settings filtering:   2
    After built-in stripping:   2
    After scriptable stripping: 2
    Processed in 0.00 seconds
  Pass  (vp, gles3) finished in 0.00 seconds. Local cache hits 1 (0.00s CPU time), remote cache hits 0 (0.00s CPU time), compiled 0 variants (0.00s CPU time), skipped 0 variants.
    Prepared data for serialisation in 0.00s
  Pass  (vp, gles3) finished in 0.00 seconds. Local cache hits 2 (0.00s CPU time), remote cache hits 0 (0.00s CPU time), compiled 0 variants (0.00s CPU time), skipped 0 variants.
    Prepared data for serialisation in 0.00s
Serialized binary data for shader Hidden/Internal-DeferredReflections in 0.00s
    gles3 (total internal programs: 3, unique: 3)
Compiling shader "Hidden/Internal-MotionVectors"
  Pass "" (vp)
    Target graphics API: gles3
    Full variant space:         1
    After settings filtering:   1
    After built-in stripping:   1
    After scriptable stripping: 1
    Processed in 0.00 seconds
  Pass "" (vp)
    Target graphics API: gles3
    Full variant space:         1
    After settings filtering:   1
    After built-in stripping:   1
    After scriptable stripping: 1
    Processed in 0.00 seconds
  Pass "" (vp)
    Target graphics API: gles3
    Full variant space:         1
    After settings filtering:   1
    After built-in stripping:   1
    After scriptable stripping: 1
    Processed in 0.00 seconds
  Pass  (vp, gles3) finished in 0.00 seconds. Local cache hits 1 (0.00s CPU time), remote cache hits 0 (0.00s CPU time), compiled 0 variants (0.00s CPU time), skipped 0 variants.
    Prepared data for serialisation in 0.00s
  Pass  (vp, gles3) finished in 0.00 seconds. Local cache hits 1 (0.00s CPU time), remote cache hits 0 (0.00s CPU time), compiled 0 variants (0.00s CPU time), skipped 0 variants.
    Prepared data for serialisation in 0.00s
  Pass  (vp, gles3) finished in 0.00 seconds. Local cache hits 1 (0.00s CPU time), remote cache hits 0 (0.00s CPU time), compiled 0 variants (0.00s CPU time), skipped 0 variants.
    Prepared data for serialisation in 0.00s
Serialized binary data for shader Hidden/Internal-MotionVectors in 0.00s
    gles3 (total internal programs: 3, unique: 3)
Compiling shader "Hidden/Internal-Flare"
  Pass "" (vp)
    Target graphics API: gles3
    Full variant space:         1
    After settings filtering:   1
    After built-in stripping:   1
    After scriptable stripping: 1
    Processed in 0.00 seconds
  Pass  (vp, gles3) finished in 0.00 seconds. Local cache hits 1 (0.00s CPU time), remote cache hits 0 (0.00s CPU time), compiled 0 variants (0.00s CPU time), skipped 0 variants.
    Prepared data for serialisation in 0.00s
Serialized binary data for shader Hidden/Internal-Flare in 0.00s
    gles3 (total internal programs: 1, unique: 1)
Compiling shader "Hidden/Internal-Halo"
  Pass "" (vp)
    Target graphics API: gles3
    Full variant space:         4
    After settings filtering:   4
    After built-in stripping:   1
    After scriptable stripping: 1
    Processed in 0.00 seconds
  Pass  (vp, gles3) finished in 0.00 seconds. Local cache hits 1 (0.00s CPU time), remote cache hits 0 (0.00s CPU time), compiled 0 variants (0.00s CPU time), skipped 0 variants.
    Prepared data for serialisation in 0.00s
Serialized binary data for shader Hidden/Internal-Halo in 0.00s
    gles3 (total internal programs: 1, unique: 1)
Compiling shader "Hidden/BlitCopyWithDepth"
  Pass "" (vp)
    Target graphics API: gles3
    Full variant space:         1
    After settings filtering:   1
    After built-in stripping:   1
    After scriptable stripping: 1
    Processed in 0.00 seconds
  Pass  (vp, gles3) finished in 0.00 seconds. Local cache hits 1 (0.00s CPU time), remote cache hits 0 (0.00s CPU time), compiled 0 variants (0.00s CPU time), skipped 0 variants.
    Prepared data for serialisation in 0.00s
Serialized binary data for shader Hidden/BlitCopyWithDepth in 0.00s
    gles3 (total internal programs: 1, unique: 1)
Compiling shader "Hidden/BlitToDepth"
  Pass "" (vp)
    Target graphics API: gles3
    Full variant space:         1
    After settings filtering:   1
    After built-in stripping:   1
    After scriptable stripping: 1
    Processed in 0.00 seconds
  Pass  (vp, gles3) finished in 0.00 seconds. Local cache hits 1 (0.00s CPU time), remote cache hits 0 (0.00s CPU time), compiled 0 variants (0.00s CPU time), skipped 0 variants.
    Prepared data for serialisation in 0.00s
Serialized binary data for shader Hidden/BlitToDepth in 0.00s
    gles3 (total internal programs: 1, unique: 1)
Compiling shader "Hidden/BlitToDepth_MSAA"
  Pass "" (vp)
    Target graphics API: gles3
    Full variant space:         1
    After settings filtering:   1
    After built-in stripping:   1
    After scriptable stripping: 1
    Processed in 0.00 seconds
  Pass  (vp, gles3) finished in 0.00 seconds. Local cache hits 1 (0.00s CPU time), remote cache hits 0 (0.00s CPU time), compiled 0 variants (0.00s CPU time), skipped 0 variants.
    Prepared data for serialisation in 0.00s
Serialized binary data for shader Hidden/BlitToDepth_MSAA in 0.00s
    gles3 (total internal programs: 1, unique: 1)
Compiling shader "Hidden/BlitCopyHDRTonemap"
  Pass "" (vp)
    Target graphics API: gles3
    Full variant space:         1
    After settings filtering:   1
    After built-in stripping:   1
    After scriptable stripping: 1
    Processed in 0.00 seconds
  Pass  (vp, gles3) finished in 0.00 seconds. Local cache hits 1 (0.00s CPU time), remote cache hits 0 (0.00s CPU time), compiled 0 variants (0.00s CPU time), skipped 0 variants.
    Prepared data for serialisation in 0.00s
Serialized binary data for shader Hidden/BlitCopyHDRTonemap in 0.00s
    gles3 (total internal programs: 1, unique: 1)
Compiling shader "Hidden/Internal-DebugPattern"
  Pass "Target Color and DepthStencil" (vp)
    Target graphics API: gles3
    Full variant space:         1
    After settings filtering:   1
    After built-in stripping:   1
    After scriptable stripping: 1
    Processed in 0.00 seconds
  Pass "Target only Color" (vp)
    Target graphics API: gles3
    Full variant space:         1
    After settings filtering:   1
    After built-in stripping:   1
    After scriptable stripping: 1
    Processed in 0.00 seconds
  Pass "Target only DepthStencil" (vp)
    Target graphics API: gles3
    Full variant space:         1
    After settings filtering:   1
    After built-in stripping:   1
    After scriptable stripping: 1
    Processed in 0.00 seconds
  Pass Target Color and DepthStencil (vp, gles3) finished in 0.00 seconds. Local cache hits 1 (0.00s CPU time), remote cache hits 0 (0.00s CPU time), compiled 0 variants (0.00s CPU time), skipped 0 variants.
    Prepared data for serialisation in 0.00s
  Pass Target only Color (vp, gles3) finished in 0.00 seconds. Local cache hits 1 (0.00s CPU time), remote cache hits 0 (0.00s CPU time), compiled 0 variants (0.00s CPU time), skipped 0 variants.
    Prepared data for serialisation in 0.00s
  Pass Target only DepthStencil (vp, gles3) finished in 0.00 seconds. Local cache hits 1 (0.00s CPU time), remote cache hits 0 (0.00s CPU time), compiled 0 variants (0.00s CPU time), skipped 0 variants.
    Prepared data for serialisation in 0.00s
Serialized binary data for shader Hidden/Internal-DebugPattern in 0.00s
    gles3 (total internal programs: 3, unique: 3)
Compiling shader "Hidden/Internal-GUITextureClip"
  Pass "" (vp)
    Target graphics API: gles3
    Full variant space:         1
    After settings filtering:   1
    After built-in stripping:   1
    After scriptable stripping: 1
    Processed in 0.00 seconds
  Pass "" (vp)
    Target graphics API: gles3
    Full variant space:         1
    After settings filtering:   1
    After built-in stripping:   1
    After scriptable stripping: 1
    Processed in 0.00 seconds
  Pass  (vp, gles3) finished in 0.00 seconds. Local cache hits 1 (0.00s CPU time), remote cache hits 0 (0.00s CPU time), compiled 0 variants (0.00s CPU time), skipped 0 variants.
    Prepared data for serialisation in 0.00s
  Pass  (vp, gles3) finished in 0.00 seconds. Local cache hits 1 (0.00s CPU time), remote cache hits 0 (0.00s CPU time), compiled 0 variants (0.00s CPU time), skipped 0 variants.
    Prepared data for serialisation in 0.00s
Serialized binary data for shader Hidden/Internal-GUITextureClip in 0.00s
    gles3 (total internal programs: 2, unique: 1)
Compiling shader "Hidden/Internal-GUITextureClipText"
  Pass "" (vp)
    Target graphics API: gles3
    Full variant space:         1
    After settings filtering:   1
    After built-in stripping:   1
    After scriptable stripping: 1
    Processed in 0.00 seconds
  Pass "" (vp)
    Target graphics API: gles3
    Full variant space:         1
    After settings filtering:   1
    After built-in stripping:   1
    After scriptable stripping: 1
    Processed in 0.00 seconds
  Pass  (vp, gles3) finished in 0.00 seconds. Local cache hits 1 (0.00s CPU time), remote cache hits 0 (0.00s CPU time), compiled 0 variants (0.00s CPU time), skipped 0 variants.
    Prepared data for serialisation in 0.00s
  Pass  (vp, gles3) finished in 0.00 seconds. Local cache hits 1 (0.00s CPU time), remote cache hits 0 (0.00s CPU time), compiled 0 variants (0.00s CPU time), skipped 0 variants.
    Prepared data for serialisation in 0.00s
Serialized binary data for shader Hidden/Internal-GUITextureClipText in 0.00s
    gles3 (total internal programs: 2, unique: 1)
Compiling shader "Hidden/Internal-GUITexture"
  Pass "" (vp)
    Target graphics API: gles3
    Full variant space:         1
    After settings filtering:   1
    After built-in stripping:   1
    After scriptable stripping: 1
    Processed in 0.00 seconds
  Pass "" (vp)
    Target graphics API: gles3
    Full variant space:         1
    After settings filtering:   1
    After built-in stripping:   1
    After scriptable stripping: 1
    Processed in 0.00 seconds
  Pass  (vp, gles3) finished in 0.00 seconds. Local cache hits 1 (0.00s CPU time), remote cache hits 0 (0.00s CPU time), compiled 0 variants (0.00s CPU time), skipped 0 variants.
    Prepared data for serialisation in 0.00s
  Pass  (vp, gles3) finished in 0.00 seconds. Local cache hits 1 (0.00s CPU time), remote cache hits 0 (0.00s CPU time), compiled 0 variants (0.00s CPU time), skipped 0 variants.
    Prepared data for serialisation in 0.00s
Serialized binary data for shader Hidden/Internal-GUITexture in 0.00s
    gles3 (total internal programs: 2, unique: 1)
Compiling shader "Hidden/Internal-GUITextureBlit"
  Pass "" (vp)
    Target graphics API: gles3
    Full variant space:         1
    After settings filtering:   1
    After built-in stripping:   1
    After scriptable stripping: 1
    Processed in 0.00 seconds
  Pass "" (vp)
    Target graphics API: gles3
    Full variant space:         1
    After settings filtering:   1
    After built-in stripping:   1
    After scriptable stripping: 1
    Processed in 0.00 seconds
  Pass  (vp, gles3) finished in 0.00 seconds. Local cache hits 1 (0.00s CPU time), remote cache hits 0 (0.00s CPU time), compiled 0 variants (0.00s CPU time), skipped 0 variants.
    Prepared data for serialisation in 0.00s
  Pass  (vp, gles3) finished in 0.00 seconds. Local cache hits 1 (0.00s CPU time), remote cache hits 0 (0.00s CPU time), compiled 0 variants (0.00s CPU time), skipped 0 variants.
    Prepared data for serialisation in 0.00s
Serialized binary data for shader Hidden/Internal-GUITextureBlit in 0.00s
    gles3 (total internal programs: 2, unique: 1)
Compiling shader "Hidden/Internal-GUIRoundedRect"
  Pass "" (vp)
    Target graphics API: gles3
    Full variant space:         1
    After settings filtering:   1
    After built-in stripping:   1
    After scriptable stripping: 1
    Processed in 0.00 seconds
  Pass "" (vp)
    Target graphics API: gles3
    Full variant space:         1
    After settings filtering:   1
    After built-in stripping:   1
    After scriptable stripping: 1
    Processed in 0.00 seconds
  Pass  (vp, gles3) finished in 0.00 seconds. Local cache hits 1 (0.00s CPU time), remote cache hits 0 (0.00s CPU time), compiled 0 variants (0.00s CPU time), skipped 0 variants.
    Prepared data for serialisation in 0.00s
  Pass  (vp, gles3) finished in 0.00 seconds. Local cache hits 1 (0.00s CPU time), remote cache hits 0 (0.00s CPU time), compiled 0 variants (0.00s CPU time), skipped 0 variants.
    Prepared data for serialisation in 0.00s
Serialized binary data for shader Hidden/Internal-GUIRoundedRect in 0.00s
    gles3 (total internal programs: 2, unique: 1)
Compiling shader "Hidden/Internal-GUIRoundedRectWithColorPerBorder"
  Pass "" (vp)
    Target graphics API: gles3
    Full variant space:         1
    After settings filtering:   1
    After built-in stripping:   1
    After scriptable stripping: 1
    Processed in 0.00 seconds
  Pass "" (vp)
    Target graphics API: gles3
    Full variant space:         1
    After settings filtering:   1
    After built-in stripping:   1
    After scriptable stripping: 1
    Processed in 0.00 seconds
  Pass  (vp, gles3) finished in 0.00 seconds. Local cache hits 1 (0.00s CPU time), remote cache hits 0 (0.00s CPU time), compiled 0 variants (0.00s CPU time), skipped 0 variants.
    Prepared data for serialisation in 0.00s
  Pass  (vp, gles3) finished in 0.00 seconds. Local cache hits 1 (0.00s CPU time), remote cache hits 0 (0.00s CPU time), compiled 0 variants (0.00s CPU time), skipped 0 variants.
    Prepared data for serialisation in 0.00s
Serialized binary data for shader Hidden/Internal-GUIRoundedRectWithColorPerBorder in 0.00s
    gles3 (total internal programs: 2, unique: 1)
Compiling shader "Hidden/Internal-UIRDefault"
  Pass "" (vp)
    Target graphics API: gles3
    Full variant space:         40
    After settings filtering:   40
    After built-in stripping:   40
    After scriptable stripping: 40
    Processed in 0.00 seconds
  Pass  (vp, gles3) finished in 0.00 seconds. Local cache hits 40 (0.00s CPU time), remote cache hits 0 (0.00s CPU time), compiled 0 variants (0.00s CPU time), skipped 0 variants.
    Prepared data for serialisation in 0.00s
Serialized binary data for shader Hidden/Internal-UIRDefault in 0.00s
    gles3 (total internal programs: 40, unique: 40)
Compiling shader "Hidden/Internal-UIRAtlasBlitCopy"
  Pass "" (vp)
    Target graphics API: gles3
    Full variant space:         1
    After settings filtering:   1
    After built-in stripping:   1
    After scriptable stripping: 1
    Processed in 0.00 seconds
  Pass  (vp, gles3) finished in 0.00 seconds. Local cache hits 1 (0.00s CPU time), remote cache hits 0 (0.00s CPU time), compiled 0 variants (0.00s CPU time), skipped 0 variants.
    Prepared data for serialisation in 0.00s
Serialized binary data for shader Hidden/Internal-UIRAtlasBlitCopy in 0.00s
    gles3 (total internal programs: 1, unique: 1)
Compiling shader "Sprites/Default"
  Pass "" (vp)
    Target graphics API: gles3
    Full variant space:         8
    After settings filtering:   8
    After built-in stripping:   4
    After scriptable stripping: 4
    Processed in 0.00 seconds
  Pass  (vp, gles3) finished in 0.00 seconds. Local cache hits 4 (0.00s CPU time), remote cache hits 0 (0.00s CPU time), compiled 0 variants (0.00s CPU time), skipped 0 variants.
    Prepared data for serialisation in 0.00s
Serialized binary data for shader Sprites/Default in 0.00s
    gles3 (total internal programs: 4, unique: 4)
Compiling shader "Sprites/Mask"
  Pass "" (vp)
    Target graphics API: gles3
    Full variant space:         4
    After settings filtering:   4
    After built-in stripping:   4
    After scriptable stripping: 4
    Processed in 0.00 seconds
  Pass  (vp, gles3) finished in 0.00 seconds. Local cache hits 4 (0.00s CPU time), remote cache hits 0 (0.00s CPU time), compiled 0 variants (0.00s CPU time), skipped 0 variants.
    Prepared data for serialisation in 0.00s
Serialized binary data for shader Sprites/Mask in 0.00s
    gles3 (total internal programs: 4, unique: 4)
Compiling shader "UI/Default"
  Pass "Default" (vp)
    Target graphics API: gles3
    Full variant space:         4
    After settings filtering:   4
    After built-in stripping:   4
    After scriptable stripping: 4
    Processed in 0.00 seconds
  Pass Default (vp, gles3) finished in 0.00 seconds. Local cache hits 4 (0.00s CPU time), remote cache hits 0 (0.00s CPU time), compiled 0 variants (0.00s CPU time), skipped 0 variants.
    Prepared data for serialisation in 0.00s
Serialized binary data for shader UI/Default in 0.00s
    gles3 (total internal programs: 4, unique: 4)
Compiling shader "UI/DefaultETC1"
  Pass "Default" (vp)
    Target graphics API: gles3
    Full variant space:         4
    After settings filtering:   4
    After built-in stripping:   4
    After scriptable stripping: 4
    Processed in 0.00 seconds
  Pass Default (vp, gles3) finished in 0.00 seconds. Local cache hits 4 (0.00s CPU time), remote cache hits 0 (0.00s CPU time), compiled 0 variants (0.00s CPU time), skipped 0 variants.
    Prepared data for serialisation in 0.00s
Serialized binary data for shader UI/DefaultETC1 in 0.00s
    gles3 (total internal programs: 4, unique: 4)
Compiling shader "Hidden/CubeBlur"
  Pass "" (vp)
    Target graphics API: gles3
    Full variant space:         1
    After settings filtering:   1
    After built-in stripping:   1
    After scriptable stripping: 1
    Processed in 0.00 seconds
  Pass "" (vp)
    Target graphics API: gles3
    Full variant space:         1
    After settings filtering:   1
    After built-in stripping:   1
    After scriptable stripping: 1
    Processed in 0.00 seconds
  Pass  (vp, gles3) finished in 0.00 seconds. Local cache hits 1 (0.00s CPU time), remote cache hits 0 (0.00s CPU time), compiled 0 variants (0.00s CPU time), skipped 0 variants.
    Prepared data for serialisation in 0.00s
  Pass  (vp, gles3) finished in 0.00 seconds. Local cache hits 1 (0.00s CPU time), remote cache hits 0 (0.00s CPU time), compiled 0 variants (0.00s CPU time), skipped 0 variants.
    Prepared data for serialisation in 0.00s
Serialized binary data for shader Hidden/CubeBlur in 0.00s
    gles3 (total internal programs: 2, unique: 2)
Compiling shader "Hidden/CubeCopy"
  Pass "" (vp)
    Target graphics API: gles3
    Full variant space:         1
    After settings filtering:   1
    After built-in stripping:   1
    After scriptable stripping: 1
    Processed in 0.00 seconds
  Pass "" (vp)
    Target graphics API: gles3
    Full variant space:         1
    After settings filtering:   1
    After built-in stripping:   1
    After scriptable stripping: 1
    Processed in 0.00 seconds
  Pass  (vp, gles3) finished in 0.00 seconds. Local cache hits 1 (0.00s CPU time), remote cache hits 0 (0.00s CPU time), compiled 0 variants (0.00s CPU time), skipped 0 variants.
    Prepared data for serialisation in 0.00s
  Pass  (vp, gles3) finished in 0.00 seconds. Local cache hits 1 (0.00s CPU time), remote cache hits 0 (0.00s CPU time), compiled 0 variants (0.00s CPU time), skipped 0 variants.
    Prepared data for serialisation in 0.00s
Serialized binary data for shader Hidden/CubeCopy in 0.00s
    gles3 (total internal programs: 2, unique: 1)
Compiling shader "Hidden/CubeBlend"
  Pass "" (vp)
    Target graphics API: gles3
    Full variant space:         1
    After settings filtering:   1
    After built-in stripping:   1
    After scriptable stripping: 1
    Processed in 0.00 seconds
  Pass "" (vp)
    Target graphics API: gles3
    Full variant space:         1
    After settings filtering:   1
    After built-in stripping:   1
    After scriptable stripping: 1
    Processed in 0.00 seconds
  Pass  (vp, gles3) finished in 0.00 seconds. Local cache hits 1 (0.00s CPU time), remote cache hits 0 (0.00s CPU time), compiled 0 variants (0.00s CPU time), skipped 0 variants.
    Prepared data for serialisation in 0.00s
  Pass  (vp, gles3) finished in 0.00 seconds. Local cache hits 1 (0.00s CPU time), remote cache hits 0 (0.00s CPU time), compiled 0 variants (0.00s CPU time), skipped 0 variants.
    Prepared data for serialisation in 0.00s
Serialized binary data for shader Hidden/CubeBlend in 0.00s
    gles3 (total internal programs: 2, unique: 1)
Compiling shader "Hidden/VR/BlitTexArraySlice"
  Pass "" (vp)
    Target graphics API: gles3
    Full variant space:         1
    After settings filtering:   1
    After built-in stripping:   1
    After scriptable stripping: 1
    Processed in 0.00 seconds
  Pass  (vp, gles3) finished in 0.00 seconds. Local cache hits 1 (0.00s CPU time), remote cache hits 0 (0.00s CPU time), compiled 0 variants (0.00s CPU time), skipped 0 variants.
    Prepared data for serialisation in 0.00s
Serialized binary data for shader Hidden/VR/BlitTexArraySlice in 0.00s
    gles3 (total internal programs: 1, unique: 1)
Compiling shader "Hidden/Internal-ODSWorldTexture"
  Pass "" (vp)
    Target graphics API: gles3
    Full variant space:         1
    After settings filtering:   1
    After built-in stripping:   1
    After scriptable stripping: 1
    Processed in 0.00 seconds
  Pass "" (vp)
    Target graphics API: gles3
    Full variant space:         1
    After settings filtering:   1
    After built-in stripping:   1
    After scriptable stripping: 1
    Processed in 0.00 seconds
  Pass "" (vp)
    Target graphics API: gles3
    Full variant space:         1
    After settings filtering:   1
    After built-in stripping:   1
    After scriptable stripping: 1
    Processed in 0.00 seconds
  Pass "" (vp)
    Target graphics API: gles3
    Full variant space:         1
    After settings filtering:   1
    After built-in stripping:   1
    After scriptable stripping: 1
    Processed in 0.00 seconds
  Pass "" (vp)
    Target graphics API: gles3
    Full variant space:         1
    After settings filtering:   1
    After built-in stripping:   1
    After scriptable stripping: 1
    Processed in 0.00 seconds
  Pass "" (vp)
    Target graphics API: gles3
    Full variant space:         1
    After settings filtering:   1
    After built-in stripping:   1
    After scriptable stripping: 1
    Processed in 0.00 seconds
  Pass "" (vp)
    Target graphics API: gles3
    Full variant space:         1
    After settings filtering:   1
    After built-in stripping:   1
    After scriptable stripping: 1
    Processed in 0.00 seconds
  Pass "" (vp)
    Target graphics API: gles3
    Full variant space:         1
    After settings filtering:   1
    After built-in stripping:   1
    After scriptable stripping: 1
    Processed in 0.00 seconds
  Pass "" (vp)
    Target graphics API: gles3
    Full variant space:         1
    After settings filtering:   1
    After built-in stripping:   1
    After scriptable stripping: 1
    Processed in 0.00 seconds
  Pass "" (vp)
    Target graphics API: gles3
    Full variant space:         1
    After settings filtering:   1
    After built-in stripping:   1
    After scriptable stripping: 1
    Processed in 0.00 seconds
  Pass  (vp, gles3) finished in 0.00 seconds. Local cache hits 1 (0.00s CPU time), remote cache hits 0 (0.00s CPU time), compiled 0 variants (0.00s CPU time), skipped 0 variants.
    Prepared data for serialisation in 0.00s
  Pass  (vp, gles3) finished in 0.00 seconds. Local cache hits 1 (0.00s CPU time), remote cache hits 0 (0.00s CPU time), compiled 0 variants (0.00s CPU time), skipped 0 variants.
    Prepared data for serialisation in 0.00s
  Pass  (vp, gles3) finished in 0.00 seconds. Local cache hits 1 (0.00s CPU time), remote cache hits 0 (0.00s CPU time), compiled 0 variants (0.00s CPU time), skipped 0 variants.
    Prepared data for serialisation in 0.00s
  Pass  (vp, gles3) finished in 0.00 seconds. Local cache hits 1 (0.00s CPU time), remote cache hits 0 (0.00s CPU time), compiled 0 variants (0.00s CPU time), skipped 0 variants.
    Prepared data for serialisation in 0.00s
  Pass  (vp, gles3) finished in 0.00 seconds. Local cache hits 1 (0.00s CPU time), remote cache hits 0 (0.00s CPU time), compiled 0 variants (0.00s CPU time), skipped 0 variants.
    Prepared data for serialisation in 0.00s
  Pass  (vp, gles3) finished in 0.00 seconds. Local cache hits 1 (0.00s CPU time), remote cache hits 0 (0.00s CPU time), compiled 0 variants (0.00s CPU time), skipped 0 variants.
    Prepared data for serialisation in 0.00s
  Pass  (vp, gles3) finished in 0.00 seconds. Local cache hits 1 (0.00s CPU time), remote cache hits 0 (0.00s CPU time), compiled 0 variants (0.00s CPU time), skipped 0 variants.
    Prepared data for serialisation in 0.00s
  Pass  (vp, gles3) finished in 0.00 seconds. Local cache hits 1 (0.00s CPU time), remote cache hits 0 (0.00s CPU time), compiled 0 variants (0.00s CPU time), skipped 0 variants.
    Prepared data for serialisation in 0.00s
  Pass  (vp, gles3) finished in 0.00 seconds. Local cache hits 1 (0.00s CPU time), remote cache hits 0 (0.00s CPU time), compiled 0 variants (0.00s CPU time), skipped 0 variants.
    Prepared data for serialisation in 0.00s
  Pass  (vp, gles3) finished in 0.00 seconds. Local cache hits 1 (0.00s CPU time), remote cache hits 0 (0.00s CPU time), compiled 0 variants (0.00s CPU time), skipped 0 variants.
    Prepared data for serialisation in 0.00s
Serialized binary data for shader Hidden/Internal-ODSWorldTexture in 0.00s
    gles3 (total internal programs: 10, unique: 9)
Compiling shader "Hidden/Internal-CubemapToEquirect"
  Pass "" (vp)
    Target graphics API: gles3
    Full variant space:         1
    After settings filtering:   1
    After built-in stripping:   1
    After scriptable stripping: 1
    Processed in 0.00 seconds
  Pass  (vp, gles3) finished in 0.00 seconds. Local cache hits 1 (0.00s CPU time), remote cache hits 0 (0.00s CPU time), compiled 0 variants (0.00s CPU time), skipped 0 variants.
    Prepared data for serialisation in 0.00s
Serialized binary data for shader Hidden/Internal-CubemapToEquirect in 0.00s
    gles3 (total internal programs: 1, unique: 1)
Compiling shader "Hidden/VR/BlitFromTex2DToTexArraySlice"
  Pass "" (vp)
    Target graphics API: gles3
    Full variant space:         1
    After settings filtering:   1
    After built-in stripping:   1
    After scriptable stripping: 1
    Processed in 0.00 seconds
  Pass "" (vp)
    Target graphics API: gles3
    Full variant space:         1
    After settings filtering:   1
    After built-in stripping:   1
    After scriptable stripping: 1
    Processed in 0.00 seconds
  Pass  (vp, gles3) finished in 0.00 seconds. Local cache hits 1 (0.00s CPU time), remote cache hits 0 (0.00s CPU time), compiled 0 variants (0.00s CPU time), skipped 0 variants.
    Prepared data for serialisation in 0.00s
  Pass  (vp, gles3) finished in 0.00 seconds. Local cache hits 1 (0.00s CPU time), remote cache hits 0 (0.00s CPU time), compiled 0 variants (0.00s CPU time), skipped 0 variants.
    Prepared data for serialisation in 0.00s
Serialized binary data for shader Hidden/VR/BlitFromTex2DToTexArraySlice in 0.00s
    gles3 (total internal programs: 2, unique: 2)
Compiling shader "Hidden/VideoComposite"
  Pass "Default" (vp)
    Target graphics API: gles3
    Full variant space:         1
    After settings filtering:   1
    After built-in stripping:   1
    After scriptable stripping: 1
    Processed in 0.00 seconds
  Pass Default (vp, gles3) finished in 0.00 seconds. Local cache hits 1 (0.00s CPU time), remote cache hits 0 (0.00s CPU time), compiled 0 variants (0.00s CPU time), skipped 0 variants.
    Prepared data for serialisation in 0.00s
Serialized binary data for shader Hidden/VideoComposite in 0.00s
    gles3 (total internal programs: 1, unique: 1)
Compiling shader "Hidden/TextCore/Distance Field SSD"
  Pass "" (vp)
    Target graphics API: gles3
    Full variant space:         1
    After settings filtering:   1
    After built-in stripping:   1
    After scriptable stripping: 1
    Processed in 0.00 seconds
  Pass  (vp, gles3) finished in 0.00 seconds. Local cache hits 1 (0.00s CPU time), remote cache hits 0 (0.00s CPU time), compiled 0 variants (0.00s CPU time), skipped 0 variants.
    Prepared data for serialisation in 0.00s
Serialized binary data for shader Hidden/TextCore/Distance Field SSD in 0.00s
    gles3 (total internal programs: 1, unique: 1)
Compiling shader "Hidden/Physics2D/SDF_CircleGeometry"
  Pass "" (vp)
    Target graphics API: gles3
    Full variant space:         2
    After settings filtering:   2
    After built-in stripping:   1
    After scriptable stripping: 1
    Processed in 0.00 seconds
  Pass  (vp, gles3) finished in 0.00 seconds. Local cache hits 1 (0.00s CPU time), remote cache hits 0 (0.00s CPU time), compiled 0 variants (0.00s CPU time), skipped 0 variants.
    Prepared data for serialisation in 0.00s
Serialized binary data for shader Hidden/Physics2D/SDF_CircleGeometry in 0.00s
    gles3 (total internal programs: 1, unique: 1)
Compiling shader "Hidden/Physics2D/SDF_CapsuleGeometry"
  Pass "" (vp)
    Target graphics API: gles3
    Full variant space:         2
    After settings filtering:   2
    After built-in stripping:   1
    After scriptable stripping: 1
    Processed in 0.00 seconds
  Pass  (vp, gles3) finished in 0.00 seconds. Local cache hits 1 (0.00s CPU time), remote cache hits 0 (0.00s CPU time), compiled 0 variants (0.00s CPU time), skipped 0 variants.
    Prepared data for serialisation in 0.00s
Serialized binary data for shader Hidden/Physics2D/SDF_CapsuleGeometry in 0.00s
    gles3 (total internal programs: 1, unique: 1)
Compiling shader "Hidden/Physics2D/SDF_PolygonGeometry"
  Pass "" (vp)
    Target graphics API: gles3
    Full variant space:         2
    After settings filtering:   2
    After built-in stripping:   1
    After scriptable stripping: 1
    Processed in 0.00 seconds
  Pass  (vp, gles3) finished in 0.00 seconds. Local cache hits 1 (0.00s CPU time), remote cache hits 0 (0.00s CPU time), compiled 0 variants (0.00s CPU time), skipped 0 variants.
    Prepared data for serialisation in 0.00s
Serialized binary data for shader Hidden/Physics2D/SDF_PolygonGeometry in 0.00s
    gles3 (total internal programs: 1, unique: 1)
Compiling shader "Hidden/Physics2D/SDF_Line"
  Pass "" (vp)
    Target graphics API: gles3
    Full variant space:         2
    After settings filtering:   2
    After built-in stripping:   1
    After scriptable stripping: 1
    Processed in 0.00 seconds
  Pass  (vp, gles3) finished in 0.00 seconds. Local cache hits 1 (0.00s CPU time), remote cache hits 0 (0.00s CPU time), compiled 0 variants (0.00s CPU time), skipped 0 variants.
    Prepared data for serialisation in 0.00s
Serialized binary data for shader Hidden/Physics2D/SDF_Line in 0.00s
    gles3 (total internal programs: 1, unique: 1)
Compiling shader "Hidden/Physics2D/SDF_Point"
  Pass "" (vp)
    Target graphics API: gles3
    Full variant space:         2
    After settings filtering:   2
    After built-in stripping:   1
    After scriptable stripping: 1
    Processed in 0.00 seconds
  Pass  (vp, gles3) finished in 0.00 seconds. Local cache hits 1 (0.00s CPU time), remote cache hits 0 (0.00s CPU time), compiled 0 variants (0.00s CPU time), skipped 0 variants.
    Prepared data for serialisation in 0.00s
Serialized binary data for shader Hidden/Physics2D/SDF_Point in 0.00s
    gles3 (total internal programs: 1, unique: 1)
Compiling shader "Universal Render Pipeline/Lit"
  Pass "ForwardLit" (vp)
    Target graphics API: gles3
    Full variant space:         36.238.786.560
    After settings filtering:   12.288
    After built-in stripping:   24
    After scriptable stripping: 8
    Processed in 0.00 seconds
  Pass "ShadowCaster" (vp)
    Target graphics API: gles3
    Full variant space:         16
    After settings filtering:   16
    After built-in stripping:   4
    After scriptable stripping: 2
    Processed in 0.00 seconds
  Pass "GBuffer" (vp)
  Pass "DepthOnly" (vp)
    Target graphics API: gles3
    Full variant space:         8
    After settings filtering:   8
    After built-in stripping:   2
    After scriptable stripping: 2
    Processed in 0.00 seconds
  Pass "DepthNormals" (vp)
    Target graphics API: gles3
    Full variant space:         16
    After settings filtering:   8
    After built-in stripping:   2
    After scriptable stripping: 2
    Processed in 0.00 seconds
  Pass "Universal2D" (vp)
    Target graphics API: gles3
    Full variant space:         2
    After settings filtering:   2
    After built-in stripping:   1
    After scriptable stripping: 0
    Processed in 0.00 seconds
  Pass "MotionVectors" (vp)
    Target graphics API: gles3
    Full variant space:         8
    After settings filtering:   8
    After built-in stripping:   2
    After scriptable stripping: 2
    Processed in 0.00 seconds
  Pass "XRMotionVectors" (vp)
    Target graphics API: gles3
    Full variant space:         8
    After settings filtering:   8
    After built-in stripping:   2
    After scriptable stripping: 0
    Processed in 0.00 seconds
  Pass ForwardLit (vp, gles3) finished in 0.00 seconds. Local cache hits 8 (0.00s CPU time), remote cache hits 0 (0.00s CPU time), compiled 0 variants (0.00s CPU time), skipped 0 variants.
    Prepared data for serialisation in 0.00s
  Pass ShadowCaster (vp, gles3) finished in 0.00 seconds. Local cache hits 2 (0.00s CPU time), remote cache hits 0 (0.00s CPU time), compiled 0 variants (0.00s CPU time), skipped 0 variants.
    Prepared data for serialisation in 0.00s
    Prepared data for serialisation in 0.00s
  Pass DepthOnly (vp, gles3) finished in 0.00 seconds. Local cache hits 2 (0.00s CPU time), remote cache hits 0 (0.00s CPU time), compiled 0 variants (0.00s CPU time), skipped 0 variants.
    Prepared data for serialisation in 0.00s
  Pass DepthNormals (vp, gles3) finished in 0.00 seconds. Local cache hits 2 (0.00s CPU time), remote cache hits 0 (0.00s CPU time), compiled 0 variants (0.00s CPU time), skipped 0 variants.
    Prepared data for serialisation in 0.00s
  Pass MotionVectors (vp, gles3) finished in 0.00 seconds. Local cache hits 2 (0.00s CPU time), remote cache hits 0 (0.00s CPU time), compiled 0 variants (0.00s CPU time), skipped 0 variants.
    Prepared data for serialisation in 0.00s
Serialized binary data for shader Universal Render Pipeline/Lit in 0.00s
    gles3 (total internal programs: 16, unique: 16)
Compiling shader "Hidden/Shader Graph/FallbackError"
  Pass "" (vp)
    Target graphics API: gles3
    Full variant space:         4
    After settings filtering:   4
    After built-in stripping:   1
    After scriptable stripping: 1
    Processed in 0.00 seconds
  Pass  (vp, gles3) finished in 0.00 seconds. Local cache hits 1 (0.00s CPU time), remote cache hits 0 (0.00s CPU time), compiled 0 variants (0.00s CPU time), skipped 0 variants.
    Prepared data for serialisation in 0.00s
Serialized binary data for shader Hidden/Shader Graph/FallbackError in 0.00s
    gles3 (total internal programs: 1, unique: 1)
Compiling shader "Hidden/Universal Render Pipeline/FallbackError"
  Pass "" (vp)
    Target graphics API: gles3
    Full variant space:         6
    After settings filtering:   6
    After built-in stripping:   1
    After scriptable stripping: 1
    Processed in 0.00 seconds
  Pass  (vp, gles3) finished in 0.00 seconds. Local cache hits 1 (0.00s CPU time), remote cache hits 0 (0.00s CPU time), compiled 0 variants (0.00s CPU time), skipped 0 variants.
    Prepared data for serialisation in 0.00s
Serialized binary data for shader Hidden/Universal Render Pipeline/FallbackError in 0.00s
    gles3 (total internal programs: 1, unique: 1)
Compiling shader "Hidden/Core/FallbackError"
  Pass "" (vp)
    Target graphics API: gles3
    Full variant space:         3
    After settings filtering:   3
    After built-in stripping:   1
    After scriptable stripping: 1
    Processed in 0.00 seconds
  Pass  (vp, gles3) finished in 0.00 seconds. Local cache hits 1 (0.00s CPU time), remote cache hits 0 (0.00s CPU time), compiled 0 variants (0.00s CPU time), skipped 0 variants.
    Prepared data for serialisation in 0.00s
Serialized binary data for shader Hidden/Core/FallbackError in 0.00s
    gles3 (total internal programs: 1, unique: 1)

***Player size statistics***
Level 0 'Assets/Scenes/Store.unity' uses 0.7 MB compressed / 4.9 MB uncompressed.
Total compressed size 0.7 MB. Total uncompressed size 4.9 MB.
SpriteAtlasDatabase::Cleanup
[40m[32minfo[39m[22m[49m: Microsoft.AspNetCore.Hosting.Diagnostics[1]
      Request starting HTTP/2 POST http://ilpp/UnityILPP.PostProcessing/Ping application/grpc -
[40m[32minfo[39m[22m[49m: Microsoft.AspNetCore.Routing.EndpointMiddleware[0]
      Executing endpoint 'gRPC - /UnityILPP.PostProcessing/Ping'
[40m[32minfo[39m[22m[49m: Microsoft.AspNetCore.Routing.EndpointMiddleware[1]
      Executed endpoint 'gRPC - /UnityILPP.PostProcessing/Ping'
[40m[32minfo[39m[22m[49m: Microsoft.AspNetCore.Hosting.Diagnostics[2]
      Request finished HTTP/2 POST http://ilpp/UnityILPP.PostProcessing/Ping application/grpc - - 200 - application/grpc 0.1420ms
Starting: /home/ferney_oliveros/Unity/Hub/Editor/6000.3.23f1/Editor/Data/Tools/BuildPipeline/bee_backend --ipc --dagfile="Library/Bee/Playerf20f6bd5.dag" --profile="Library/Bee/backend1.traceevents" Player
WorkingDir: /home/ferney_oliveros/Mini Market/Unity/MiniMarketUnity
[ 13/768    0s] CopyFiles Builds/WebGL/StreamingAssets/Art/Exterior/SidewalkSegment.glb
[ 14/768    0s] CopyFiles Builds/WebGL/StreamingAssets/Art/Farm/CompostBin.glb
[ 15/768    0s] CopyFiles Builds/WebGL/StreamingAssets/Art/Utility/CheckoutBag.glb
[ 16/768    0s] CopyFiles Builds/WebGL/StreamingAssets/Art/StoreEquipment/ReusableShoppingBag.glb
[ 17/768    0s] CopyFiles Builds/WebGL/StreamingAssets/Art/Exterior/Car.glb
[ 18/768    0s] CopyFiles Builds/WebGL/StreamingAssets/Art/StoreDisplays/UpgradePlatformAlt.glb
[ 19/768    0s] CopyFiles Builds/WebGL/StreamingAssets/Art/Exterior/BusStop.glb
[ 20/768    0s] CopyFiles Builds/WebGL/StreamingAssets/Art/Utility/BakeryWorkArea.glb
[ 21/768    0s] CopyFiles Builds/WebGL/StreamingAssets/Art/Farm/FarmPlotEmpty.glb
[ 22/768    0s] CopyFiles Builds/WebGL/StreamingAssets/Art/StoreEquipment/StoreEntrance.glb
[ 23/768    0s] CopyFiles Builds/WebGL/StreamingAssets/Art/Utility/BackroomStorage.glb
[ 24/768    0s] CopyFiles Builds/WebGL/StreamingAssets/Art/Farm/FarmFenceLong.glb
[ 25/768    0s] CopyFiles Builds/WebGL/StreamingAssets/Art/Exterior/RoadSegment.glb
[ 26/768    0s] CopyFiles Builds/WebGL/StreamingAssets/Art/Exterior/CityBuilding.glb
[ 27/768    0s] CopyFiles Builds/WebGL/StreamingAssets/Art/Exterior/Tree.glb
[ 28/768    0s] CopyFiles Builds/WebGL/StreamingAssets/Art/StoreEquipment/JuiceMachine.glb
[ 29/768    0s] CopyFiles Builds/WebGL/StreamingAssets/Art/Farm/CropGrowing.glb
[ 30/768    0s] CopyFiles Builds/WebGL/StreamingAssets/Art/StoreEquipment/HiringPoint.glb
[ 31/768    0s] CopyFiles Builds/WebGL/StreamingAssets/Art/Furniture/Pallet.glb
[ 32/768    0s] CopyFiles Builds/WebGL/StreamingAssets/Art/StoreEquipment/FlourMill.glb
[ 33/768    0s] CopyFiles Builds/WebGL/StreamingAssets/Art/StoreEquipment/CashDrawer.glb
[ 34/768    0s] CopyFiles Builds/WebGL/StreamingAssets/Art/StoreEquipment/BasketStack.glb
[ 35/768    0s] CopyFiles Builds/WebGL/StreamingAssets/Art/StoreEquipment/BaggingArea.glb
[ 36/768    0s] CopyFiles Builds/WebGL/StreamingAssets/Art/StoreDisplays/CashDrawerAlt.glb
[ 37/768    0s] CopyFiles Builds/WebGL/StreamingAssets/Art/Furniture2/ShelfGondolaSingle.glb
[ 38/768    0s] CopyFiles Builds/WebGL/StreamingAssets/Art/Utility/CartBay.glb
[ 39/768    0s] CopyFiles Builds/WebGL/StreamingAssets/Art/Products/Tomato.glb
[ 40/768    0s] CopyFiles Builds/WebGL/StreamingAssets/Art/Utility/CashierStool.glb
[ 41/768    0s] CopyFiles Builds/WebGL/StreamingAssets/Art/Furniture2/ShelfPriceRail.glb
[ 42/768    0s] CopyFiles Builds/WebGL/StreamingAssets/Art/Furniture2/ShelfWallTall.glb
[ 43/768    0s] CopyFiles Builds/WebGL/StreamingAssets/Art/Products/Milk.glb
[ 44/768    0s] CopyFiles Builds/WebGL/StreamingAssets/Art/Furniture2/ShelfDivider.glb
[ 45/768    0s] CopyFiles Builds/WebGL/StreamingAssets/Art/StoreDisplays/BaggingAreaAlt.glb
[ 46/768    0s] CopyFiles Builds/WebGL/StreamingAssets/Art/Products/Wheat.glb
[ 47/768    0s] CopyFiles Builds/WebGL/StreamingAssets/Art/Furniture2/ShoppingBasketAlt.glb
[ 50/768    0s] CopyFiles Builds/WebGL/StreamingAssets/Art/Furniture2/ShelfWallWide.glb
[ 51/768    0s] CopyFiles Builds/WebGL/StreamingAssets/Art/Products/Cheese.glb
[ 52/768    0s] CopyFiles Builds/WebGL/StreamingAssets/Art/Products/Corn.glb
[ 53/768    0s] CopyFiles Builds/WebGL/StreamingAssets/Art/Furniture2/ShelfGondolaDouble.glb
[ 54/768    0s] CopyFiles Builds/WebGL/StreamingAssets/Art/Products/Egg.glb
[ 55/768    0s] CopyFiles Builds/WebGL/StreamingAssets/Art/Products/Coffee.glb
[ 56/768    0s] CopyFiles Builds/WebGL/StreamingAssets/Data/runtime-asset-catalog.json
[ 57/768    0s] CopyFiles Builds/WebGL/StreamingAssets/Art/Utility/SupplierTerminal.glb
[ 58/768    0s] CopyFiles Builds/WebGL/StreamingAssets/Art/Furniture2/ShelfEndcap.glb
[ 59/768    0s] CopyFiles Builds/WebGL/StreamingAssets/Art/StoreDisplays/CheckoutArea.glb
[ 60/768    0s] CopyFiles Builds/WebGL/StreamingAssets/Art/Products/Bread.glb
[ 61/768    0s] CopyFiles Builds/WebGL/StreamingAssets/Art/Utility/HarvestBasket.glb
[ 62/768    0s] CopyFiles Builds/WebGL/StreamingAssets/Art/Utility/GlassPartition.glb
[ 63/768    0s] CopyFiles Builds/WebGL/StreamingAssets/Art/Utility/SeasonalDisplay.glb
[ 64/768    0s] CopyFiles Builds/WebGL/StreamingAssets/Art/Utility/ReturnsStation.glb
[ 65/768    0s] CopyFiles Builds/WebGL/StreamingAssets/Art/Utility/FarmWaterTank.glb
[ 66/768    0s] CopyFiles Builds/WebGL/StreamingAssets/Art/Hats/Hat_07_Giraffe.glb
[ 67/768    0s] CopyFiles Builds/WebGL/StreamingAssets/Art/Utility/CowPaddock.glb
[ 68/768    0s] CopyFiles Builds/WebGL/StreamingAssets/Art/Utility/ChickenPaddock.glb
[ 69/768    0s] CopyFiles Builds/WebGL/StreamingAssets/Art/Hats/Hat_08_Panda.glb
[ 70/768    0s] CopyFiles Builds/WebGL/StreamingAssets/Art/Hats/Hat_05_Elephant.glb
[ 71/768    0s] CopyFiles Builds/WebGL/StreamingAssets/Art/Hair/Hair_16_HighPonytail.glb
[ 72/768    0s] CopyFiles Builds/WebGL/StreamingAssets/Art/Hats/Hat_03_Chicken.glb
[ 73/768    0s] CopyFiles Builds/WebGL/StreamingAssets/Art/Hats/Hat_04_Owl.glb
[ 74/768    0s] CopyFiles Builds/WebGL/StreamingAssets/Art/Hats/Hat_06_Rhino.glb
[ 75/768    0s] CopyFiles Builds/WebGL/StreamingAssets/Art/Furniture2/WoodCrate.glb
[ 76/768    0s] CopyFiles Builds/WebGL/StreamingAssets/Art/Hair/Hair_11_SideSweepMale.glb
[ 77/768    0s] CopyFiles Builds/WebGL/StreamingAssets/Art/Hair/Hair_10_CurlyMale.glb
[ 78/768    0s] CopyFiles Builds/WebGL/StreamingAssets/Art/Hats/Hat_02_Fox.glb
[ 79/768    0s] CopyFiles Builds/WebGL/StreamingAssets/Art/StoreDisplays/BasketStackAlt.glb
[ 80/768    0s] CopyFiles Builds/WebGL/StreamingAssets/Art/Hair/Hair_14_Pigtails.glb
[ 81/768    0s] CopyFiles Builds/WebGL/StreamingAssets/Art/Hats/Hat_01_RedPanda.glb
[ 82/768    0s] CopyFiles Builds/WebGL/StreamingAssets/Art/Hair/Hair_12_SpikyMale.glb
[ 83/768    0s] CopyFiles Builds/WebGL/StreamingAssets/Art/Hair/Hair_09_MessyMale.glb
[ 84/768    0s] CopyFiles Builds/WebGL/StreamingAssets/Art/Hair/Hair_08_Bun.glb
[ 85/768    0s] CopyFiles Builds/WebGL/StreamingAssets/Art/Hair/Hair_06_Ponytail.glb
[ 86/768    0s] CopyFiles Builds/WebGL/StreamingAssets/Art/Hair/Hair_05_Bob.glb
[ 87/768    0s] CopyFiles Builds/WebGL/StreamingAssets/Art/Hair/Hair_04_SlickBack.glb
[ 88/768    0s] CopyFiles Builds/WebGL/StreamingAssets/Art/Hair/Hair_07_LongWavy.glb
[ 89/768    0s] CopyFiles Builds/WebGL/StreamingAssets/Art/Hair/Hair_03_Wavy.glb
[ 90/768    0s] CopyFiles Builds/WebGL/StreamingAssets/Art/Hair/Hair_15_SideBraid.glb
[ 91/768    0s] CopyFiles Builds/WebGL/StreamingAssets/Art/Hair/Hair_13_BobBangs.glb
[ 92/768    0s] CopyFiles Builds/WebGL/StreamingAssets/Art/Hair/Hair_02_Fade.glb
[ 93/768    0s] CopyFiles Builds/WebGL/StreamingAssets/Art/Products/Apple.glb
[ 94/768    0s] CopyFiles Builds/WebGL/StreamingAssets/Art/Furniture/WallClock.glb
[ 95/768    0s] CopyFiles Builds/WebGL/StreamingAssets/Art/Furniture/WorkCounter.glb
[ 96/768    0s] CopyFiles Builds/WebGL/StreamingAssets/Art/Furniture2/DisplayRefrigeratedDoors.glb
[ 97/768    0s] CopyFiles Builds/WebGL/StreamingAssets/Art/Furniture2/DisplayProduceMixed.glb
[ 98/768    0s] CopyFiles Builds/WebGL/StreamingAssets/Art/Furniture2/DisplayProduceSloped.glb
[ 99/768    0s] CopyFiles Builds/WebGL/StreamingAssets/Art/Furniture2/ShelfCorner.glb
[100/768    0s] CopyFiles Builds/WebGL/StreamingAssets/Art/Furniture2/DisplayTable.glb
[101/768    0s] CopyFiles Builds/WebGL/StreamingAssets/Art/Furniture/WallCorner.glb
[102/768    0s] CopyFiles Builds/WebGL/StreamingAssets/Art/Furniture/WallStraight.glb
[103/768    0s] CopyFiles Builds/WebGL/StreamingAssets/Art/Furniture2/CheckoutShelf.glb
[104/768    0s] CopyFiles Builds/WebGL/StreamingAssets/Art/Furniture/StockroomRack.glb
[105/768    0s] CopyFiles Builds/WebGL/StreamingAssets/Art/Furniture/ShoppingBasket.glb
[106/768    0s] CopyFiles Builds/WebGL/StreamingAssets/Art/Furniture/ShoppingCart.glb
[107/768    0s] CopyFiles Builds/WebGL/StreamingAssets/Art/Furniture/StorefrontWindow.glb
[108/768    0s] CopyFiles Builds/WebGL/StreamingAssets/Art/Furniture/Parcel.glb
[109/768    0s] CopyFiles Builds/WebGL/StreamingAssets/Art/Furniture/SecurityCamera.glb
[110/768    0s] CopyFiles Builds/WebGL/StreamingAssets/Art/Furniture/ReceiptPrinter.glb
[119/768    0s] CopyFiles Builds/WebGL/StreamingAssets/Art/Hats/Hat_11_Rabbit.glb
[124/768    0s] CopyFiles Builds/WebGL/StreamingAssets/Art/Furniture/RefrigeratedDisplay.glb
[128/768    0s] CopyFiles Builds/WebGL/StreamingAssets/Art/Hats/Hat_10_Cow.glb
[133/768    0s] CopyFiles Builds/WebGL/StreamingAssets/Art/Farm/FarmPlotSeeded.glb
[135/768    0s] CopyFiles Builds/WebGL/StreamingAssets/Art/Farm/WheatGrowing.glb
[136/768    0s] CopyFiles Builds/WebGL/StreamingAssets/Art/Farm/FarmPlotFurrows.glb
[137/768    0s] CopyFiles Builds/WebGL/StreamingAssets/Art/Hats/Hat_12_Capybara.glb
[138/768    0s] CopyFiles Builds/WebGL/StreamingAssets/Art/Furniture2/DisplayBakery.glb
[139/768    0s] CopyFiles Builds/WebGL/StreamingAssets/Art/Furniture/HangingSign.glb
[140/768    0s] CopyFiles Builds/WebGL/StreamingAssets/Art/Hair/Hair_01_SidePart.glb
[141/768    0s] CopyFiles Builds/WebGL/StreamingAssets/Art/Furniture/FloorTileWhite.glb
[142/768    0s] CopyFiles Builds/WebGL/StreamingAssets/Art/Furniture/CeilingLight.glb
[143/768    0s] CopyFiles Builds/WebGL/StreamingAssets/Art/Furniture/UtilitySink.glb
[144/768    0s] CopyFiles Builds/WebGL/StreamingAssets/Art/Furniture/Conveyor.glb
[145/768    0s] CopyFiles Builds/WebGL/StreamingAssets/Art/Furniture/CardTerminal.glb
[147/768    0s] CopyFiles Builds/WebGL/StreamingAssets/Art/Furniture/FloorTileBeige.glb
[148/768    0s] CopyFiles Builds/WebGL/StreamingAssets/Art/Furniture/CheckoutCounter.glb
[149/768    0s] CopyFiles Builds/WebGL/StreamingAssets/Art/Furniture/ChestFreezer.glb
[150/768    0s] CopyFiles Builds/WebGL/StreamingAssets/Art/Farm/WateringCan.glb
[151/768    0s] CopyFiles Builds/WebGL/StreamingAssets/Art/Furniture/AutomaticDoor.glb
[152/768    0s] CopyFiles Builds/WebGL/StreamingAssets/Art/Farm/FarmPlotWatered.glb
[153/768    0s] CopyFiles Builds/WebGL/StreamingAssets/Art/Farm/WoodCrate.glb
[154/768    0s] CopyFiles Builds/WebGL/StreamingAssets/Art/Farm/Sprinkler.glb
[155/768    0s] CopyFiles Builds/WebGL/StreamingAssets/Art/Furniture/CashRegister.glb
[156/768    0s] CopyFiles Builds/WebGL/StreamingAssets/Art/Farm/TomatoRipe.glb
[157/768    0s] CopyFiles Builds/WebGL/StreamingAssets/Art/Farm/Scarecrow.glb
[162/768    0s] CopyFiles Builds/WebGL/StreamingAssets/Art/Furniture/BreadOven.glb
[169/768    0s] CopyFiles Builds/WebGL/StreamingAssets/Art/Farm/PumpkinRipe.glb
[171/768    0s] CopyFiles Builds/WebGL/StreamingAssets/Art/Farm/SeedSack.glb
[172/768    0s] CopyFiles Builds/WebGL/StreamingAssets/Art/Farm/RaisedBed.glb
[173/768    0s] CopyFiles Builds/WebGL/StreamingAssets/Art/Farm/LettuceRipe.glb
[174/768    0s] CopyFiles Builds/WebGL/StreamingAssets/Art/Farm/MiniGreenhouse.glb
[175/768    0s] CopyFiles Builds/WebGL/StreamingAssets/Art/Farm/WheatRipe.glb
[176/768    0s] CopyFiles Builds/WebGL/StreamingAssets/Art/Farm/IrrigationChannel.glb
[177/768    0s] CopyFiles Builds/WebGL/StreamingAssets/Art/StoreDisplays/MilkCan.glb
[178/768    0s] CopyFiles Builds/WebGL/StreamingAssets/Art/Farm/IrrigationBed.glb
[179/768    0s] CopyFiles Builds/WebGL/StreamingAssets/Art/StoreDisplays/StoreEntranceAlt.glb
[180/768    0s] CopyFiles Builds/WebGL/StreamingAssets/Art/StoreDisplays/OperationsWall.glb
[182/768    0s] CopyFiles Builds/WebGL/StreamingAssets/Art/StoreDisplays/EggTray.glb
[184/768    0s] CopyFiles Builds/WebGL/StreamingAssets/Art/StoreDisplays/JuiceMachineAlt.glb
[197/768    0s] CopyFiles Builds/WebGL/StreamingAssets/Art/StoreDisplays/FlourMillAlt.glb
[211/768    0s] CopyFiles Builds/WebGL/StreamingAssets/Art/StoreDisplays/Cow.glb
[212/768    0s] CopyFiles Builds/WebGL/StreamingAssets/Art/StoreDisplays/DeliveryDockAlt.glb
[213/768    0s] CopyFiles Builds/WebGL/StreamingAssets/Art/StoreDisplays/PromotionalBasket.glb
[214/768    0s] CopyFiles Builds/WebGL/StreamingAssets/Art/StoreDisplays/CheckoutScannerAlt.glb
[215/768    0s] CopyFiles Builds/WebGL/StreamingAssets/Art/StoreDisplays/FarmToolSet.glb
[216/768    0s] CopyFiles Builds/WebGL/StreamingAssets/Art/StoreDisplays/Chicken.glb
[217/768    0s] CopyFiles Builds/WebGL/StreamingAssets/Art/StoreDisplays/EggDisplay.glb
[218/768    0s] CoDisplayProgressbar: Incremental Player Build
pyFiles Builds/WebGL/StreamingAssets/Art/Farm/CropSeed.glb
[219/768    0s] CopyFiles Builds/WebGL/StreamingAssets/Art/Farm/CropSprout.glb
[220/768    0s] CopyFiles Builds/WebGL/StreamingAssets/Art/Farm/CropSmall.glb
[221/768    0s] CopyFiles Builds/WebGL/StreamingAssets/Art/Farm/FarmFenceShort.glb
[222/768    0s] CopyFiles Builds/WebGL/StreamingAssets/Art/Farm/FarmFenceCorner.glb
[223/768    0s] CopyFiles Builds/WebGL/StreamingAssets/Art/Farm/CornRipe.glb
[224/768    0s] CopyFiles Builds/WebGL/StreamingAssets/Art/Farm/CarrotRipe.glb
[225/768    0s] CopyFiles Builds/WebGL/StreamingAssets/Art/Farm/FarmGate.glb
[226/768    0s] CopyFiles Builds/WebGL/StreamingAssets/Art/Exterior/Bench.glb
[227/768    0s] CopyFiles Builds/WebGL/StreamingAssets/Art/Products/Juice.glb
[228/768    0s] CopyFiles Builds/WebGL/StreamingAssets/Art/Products/Flour.glb
[229/768    0s] CopyFiles Builds/WebGL/StreamingAssets/Art/StoreEquipment/UpgradePlatform.glb
[230/768    0s] CopyFiles Builds/WebGL/StreamingAssets/Art/Exterior/ParkingSpace.glb
[231/768    0s] CopyFiles Builds/WebGL/StreamingAssets/Art/Exterior/Crosswalk.glb
[232/768    0s] CopyFiles Builds/WebGL/StreamingAssets/Art/StoreEquipment/CheckoutScanner.glb
[233/768    0s] CopyFiles Builds/WebGL/StreamingAssets/Art/StoreEquipment/CheeseMachine.glb
[234/768    0s] CopyFiles Builds/WebGL/StreamingAssets/Art/StoreEquipment/DeliveryDock.glb
[235/768    0s] CopyFiles Builds/WebGL/StreamingAssets/Art/Exterior/StreetLight.glb
[236/768    0s] CopyFiles Builds/WebGL/StreamingAssets/Art/Hats/Hat_09_Frog.glb
[238/768    0s] AddBootConfigGUID Library/Bee/artifacts/WebGL/boot.config
[239/768    3s] UnityLinker /home/ferney_oliveros/Mini Market/Unity/MiniMarketUnity/Library/Bee/artifacts/unitylinker_ber2.traceevents
/home/ferney_oliveros/Unity/Hub/Editor/6000.3.23f1/Editor/Data/il2cpp/build/deploy/UnityLinker --allowed-assembly=/home/ferney_oliveros/Unity/Hub/Editor/6000.3.23f1/Editor/Data/PlaybackEngines/WebGLSupport/Managed/UnityEngine.AIModule.dll --allowed-assembly=/home/ferney_oliveros/Unity/Hub/Editor/6000.3.23f1/Editor/Data/PlaybackEngines/WebGLSupport/Managed/UnityEngine.AccessibilityModule.dll --allowed-assembly=/home/ferney_oliveros/Unity/Hub/Editor/6000.3.23f1/Editor/Data/PlaybackEngines/WebGLSupport/Managed/UnityEngine.AdaptivePerformanceModule.dll --allowed-assembly=/home/ferney_oliveros/Unity/Hub/Editor/6000.3.23f1/Editor/Data/PlaybackEngines/WebGLSupport/Managed/UnityEngine.AndroidJNIModule.dll --allowed-assembly=/home/ferney_oliveros/Unity/Hub/Editor/6000.3.23f1/Editor/Data/PlaybackEngines/WebGLSupport/Managed/UnityEngine.AnimationModule.dll --allowed-assembly=/home/ferney_oliveros/Unity/Hub/Editor/6000.3.23f1/Editor/Data/PlaybackEngines/WebGLSupport/Managed/UnityEngine.AssetBundleModule.dll --allowed-assembly=/home/ferney_oliveros/Unity/Hub/Editor/6000.3.23f1/Editor/Data/PlaybackEngines/WebGLSupport/Managed/UnityEngine.AudioModule.dll --allowed-assembly=/home/ferney_oliveros/Unity/Hub/Editor/6000.3.23f1/Editor/Data/PlaybackEngines/WebGLSupport/Managed/UnityEngine.ClothModule.dll --allowed-assembly=/home/ferney_oliveros/Unity/Hub/Editor/6000.3.23f1/Editor/Data/PlaybackEngines/WebGLSupport/Managed/UnityEngine.ContentLoadModule.dll --allowed-assembly=/home/ferney_oliveros/Unity/Hub/Editor/6000.3.23f1/Editor/Data/PlaybackEngines/WebGLSupport/Managed/UnityEngine.CoreModule.dll --allowed-assembly=/home/ferney_oliveros/Unity/Hub/Editor/6000.3.23f1/Editor/Data/PlaybackEngines/WebGLSupport/Managed/UnityEngine.CrashReportingModule.dll --allowed-assembly=/home/ferney_oliveros/Unity/Hub/Editor/6000.3.23f1/Editor/Data/PlaybackEngines/WebGLSupport/Managed/UnityEngine.DSPGraphModule.dll --allowed-assembly=/home/ferney_oliveros/Unity/Hub/Editor/6000.3.23f1/Editor/Data/PlaybackEngines/WebGLSupport/Managed/UnityEngine.DirectorModule.dll --allowed-assembly=/home/ferney_oliveros/Unity/Hub/Editor/6000.3.23f1/Editor/Data/PlaybackEngines/WebGLSupport/Managed/UnityEngine.GIModule.dll --allowed-assembly=/home/ferney_oliveros/Unity/Hub/Editor/6000.3.23f1/Editor/Data/PlaybackEngines/WebGLSupport/Managed/UnityEngine.GameCenterModule.dll --allowed-assembly=/home/ferney_oliveros/Unity/Hub/Editor/6000.3.23f1/Editor/Data/PlaybackEngines/WebGLSupport/Managed/UnityEngine.GraphicsStateCollectionSerializerModule.dll --allowed-assembly=/home/ferney_oliveros/Unity/Hub/Editor/6000.3.23f1/Editor/Data/PlaybackEngines/WebGLSupport/Managed/UnityEngine.GridModule.dll --allowed-assembly=/home/ferney_oliveros/Unity/Hub/Editor/6000.3.23f1/Editor/Data/PlaybackEngines/WebGLSupport/Managed/UnityEngine.HierarchyCoreModule.dll --allowed-assembly=/home/ferney_oliveros/Unity/Hub/Editor/6000.3.23f1/Editor/Data/PlaybackEngines/WebGLSupport/Managed/UnityEngine.HierarchyModule.dll --allowed-assembly=/home/ferney_oliveros/Unity/Hub/Editor/6000.3.23f1/Editor/Data/PlaybackEngines/WebGLSupport/Managed/UnityEngine.HotReloadModule.dll --allowed-assembly=/home/ferney_oliveros/Unity/Hub/Editor/6000.3.23f1/Editor/Data/PlaybackEngines/WebGLSupport/Managed/UnityEngine.IMGUIModule.dll --allowed-assembly=/home/ferney_oliveros/Unity/Hub/Editor/6000.3.23f1/Editor/Data/PlaybackEngines/WebGLSupport/Managed/UnityEngine.IdentifiersModule.dll --allowed-assembly=/home/ferney_oliveros/Unity/Hub/Editor/6000.3.23f1/Editor/Data/PlaybackEngines/WebGLSupport/Managed/UnityEngine.ImageConversionModule.dll --allowed-assembly=/home/ferney_oliveros/Unity/Hub/Editor/6000.3.23f1/Editor/Data/PlaybackEngines/WebGLSupport/Managed/UnityEngine.InputForUIModule.dll --allowed-assembly=/home/ferney_oliveros/Unity/Hub/Editor/6000.3.23f1/Editor/Data/PlaybackEngines/WebGLSupport/Managed/UnityEngine.InputLegacyModule.dll --allowed-assembly=/home/ferney_oliveros/Unity/Hub/Editor/6000.3.23f1/Editor/Data/PlaybackEngines/WebGLSupport/Managed/UnityEngine.InputModule.dll --allowed-assembly=/home/ferney_oliveros/Unity/Hub/Editor/6000.3.23f1/Editor/Data/PlaybackEngines/WebGLSupport/Managed/UnityEngine.JSONSerializeModule.dll --allowed-assembly=/home/ferney_oliveros/Unity/Hub/Editor/6000.3.23f1/Editor/Data/PlaybackEngines/WebGLSupport/Managed/UnityEngine.LocalizationModule.dll --allowed-assembly=/home/ferney_oliveros/Unity/Hub/Editor/6000.3.23f1/Editor/Data/PlaybackEngines/WebGLSupport/Managed/UnityEngine.MarshallingModule.dll --allowed-assembly=/home/ferney_oliveros/Unity/Hub/Editor/6000.3.23f1/Editor/Data/PlaybackEngines/WebGLSupport/Managed/UnityEngine.MultiplayerModule.dll --allowed-assembly=/home/ferney_oliveros/Unity/Hub/Editor/6000.3.23f1/Editor/Data/PlaybackEngines/WebGLSupport/Managed/UnityEngine.ParticleSystemModule.dll --allowed-assembly=/home/ferney_oliveros/Unity/Hub/Editor/6000.3.23f1/Editor/Data/PlaybackEngines/WebGLSupport/Managed/UnityEngine.PerformanceReportingModule.dll --allowed-assembly=/home/ferney_oliveros/Unity/Hub/Editor/6000.3.23f1/Editor/Data/PlaybackEngines/WebGLSupport/Managed/UnityEngine.Physics2DModule.dll --allowed-assembly=/home/ferney_oliveros/Unity/Hub/Editor/6000.3.23f1/Editor/Data/PlaybackEngines/WebGLSupport/Managed/UnityEngine.PhysicsBackendPhysXModule.dll --allowed-assembly=/home/ferney_oliveros/Unity/Hub/Editor/6000.3.23f1/Editor/Data/PlaybackEngines/WebGLSupport/Managed/UnityEngine.PhysicsModule.dll --allowed-assembly=/home/ferney_oliveros/Unity/Hub/Editor/6000.3.23f1/Editor/Data/PlaybackEngines/WebGLSupport/Managed/UnityEngine.PropertiesModule.dll --allowed-assembly=/home/ferney_oliveros/Unity/Hub/Editor/6000.3.23f1/Editor/Data/PlaybackEngines/WebGLSupport/Managed/UnityEngine.RenderAs2DModule.dll --allowed-assembly=/home/ferney_oliveros/Unity/Hub/Editor/6000.3.23f1/Editor/Data/PlaybackEngines/WebGLSupport/Managed/UnityEngine.RuntimeInitializeOnLoadManagerInitializerModule.dll --allowed-assembly=/home/ferney_oliveros/Unity/Hub/Editor/6000.3.23f1/Editor/Data/PlaybackEngines/WebGLSupport/Managed/UnityEngine.ScreenCaptureModule.dll --allowed-assembly=/home/ferney_oliveros/Unity/Hub/Editor/6000.3.23f1/Editor/Data/PlaybackEngines/WebGLSupport/Managed/UnityEngine.ShaderRuntimeModule.dll --allowed-assembly=/home/ferney_oliveros/Unity/Hub/Editor/6000.3.23f1/Editor/Data/PlaybackEngines/WebGLSupport/Managed/UnityEngine.ShaderVariantAnalyticsModule.dll --allowed-assembly=/home/ferney_oliveros/Unity/Hub/Editor/6000.3.23f1/Editor/Data/PlaybackEngines/WebGLSupport/Managed/UnityEngine.SharedInternalsModule.dll --allowed-assembly=/home/ferney_oliveros/Unity/Hub/Editor/6000.3.23f1/Editor/Data/PlaybackEngines/WebGLSupport/Managed/UnityEngine.SpriteMaskModule.dll --allowed-assembly=/home/ferney_oliveros/Unity/Hub/Editor/6000.3.23f1/Editor/Data/PlaybackEngines/WebGLSupport/Managed/UnityEngine.SpriteShapeModule.dll --allowed-assembly=/home/ferney_oliveros/Unity/Hub/Editor/6000.3.23f1/Editor/Data/PlaybackEngines/WebGLSupport/Managed/UnityEngine.StreamingModule.dll --allowed-assembly=/home/ferney_oliveros/Unity/Hub/Editor/6000.3.23f1/Editor/Data/PlaybackEngines/WebGLSupport/Managed/UnityEngine.SubstanceModule.dll --allowed-assembly=/home/ferney_oliveros/Unity/Hub/Editor/6000.3.23f1/Editor/Data/PlaybackEngines/WebGLSupport/Managed/UnityEngine.SubsystemsModule.dll --allowed-assembly=/home/ferney_oliveros/Unity/Hub/Editor/6000.3.23f1/Editor/Data/PlaybackEngines/WebGLSupport/Managed/UnityEngine.TLSModule.dll --allowed-assembly=/home/ferney_oliveros/Unity/Hub/Editor/6000.3.23f1/Editor/Data/PlaybackEngines/WebGLSupport/Managed/UnityEngine.TerrainModule.dll --allowed-assembly=/home/ferney_oliveros/Unity/Hub/Editor/6000.3.23f1/Editor/Data/PlaybackEngines/WebGLSupport/Managed/UnityEngine.TerrainPhysicsModule.dll --allowed-assembly=/home/ferney_oliveros/Unity/Hub/Editor/6000.3.23f1/Editor/Data/PlaybackEngines/WebGLSupport/Managed/UnityEngine.TextCoreFontEngineModule.dll --allowed-assembly=/home/ferney_oliveros/Unity/Hub/Editor/6000.3.23f1/Editor/Data/PlaybackEngines/WebGLSupport/Managed/UnityEngine.TextCoreTextEngineModule.dll --allowed-assembly=/home/ferney_oliveros/Unity/Hub/Editor/6000.3.23f1/Editor/Data/PlaybackEngines/WebGLSupport/Managed/UnityEngine.TextRenderingModule.dll --allowed-assembly=/home/ferney_oliveros/Unity/Hub/Editor/6000.3.23f1/Editor/Data/PlaybackEngines/WebGLSupport/Managed/UnityEngine.TilemapModule.dll --allowed-assembly=/home/ferney_oliveros/Unity/Hub/Editor/6000.3.23f1/Editor/Data/PlaybackEngines/WebGLSupport/Managed/UnityEngine.UIElementsModule.dll --allowed-assembly=/home/ferney_oliveros/Unity/Hub/Editor/6000.3.23f1/Editor/Data/PlaybackEngines/WebGLSupport/Managed/UnityEngine.UIModule.dll --allowed-assembly=/home/ferney_oliveros/Unity/Hub/Editor/6000.3.23f1/Editor/Data/PlaybackEngines/WebGLSupport/Managed/UnityEngine.UmbraModule.dll --allowed-assembly=/home/ferney_oliveros/Unity/Hub/Editor/6000.3.23f1/Editor/Data/PlaybackEngines/WebGLSupport/Managed/UnityEngine.UnityAnalyticsCommonModule.dll --allowed-assembly=/home/ferney_oliveros/Unity/Hub/Editor/6000.3.23f1/Editor/Data/PlaybackEngines/WebGLSupport/Managed/UnityEngine.UnityAnalyticsModule.dll --allowed-assembly=/home/ferney_oliveros/Unity/Hub/Editor/6000.3.23f1/Editor/Data/PlaybackEngines/WebGLSupport/Managed/UnityEngine.UnityConnectModule.dll --allowed-assembly=/home/ferney_oliveros/Unity/Hub/Editor/6000.3.23f1/Editor/Data/PlaybackEngines/WebGLSupport/Managed/UnityEngine.UnityConsentModule.dll --allowed-assembly=/home/ferney_oliveros/Unity/Hub/Editor/6000.3.23f1/Editor/Data/PlaybackEngines/WebGLSupport/Managed/UnityEngine.UnityCurlModule.dll --allowed-assembly=/home/ferney_oliveros/Unity/Hub/Editor/6000.3.23f1/Editor/Data/PlaybackEngines/WebGLSupport/Managed/UnityEngine.UnityWebRequestAssetBundleModule.dll --allowed-assembly=/home/ferney_oliveros/Unity/Hub/Editor/6000.3.23f1/Editor/Data/PlaybackEngines/WebGLSupport/Managed/UnityEngine.UnityWebRequestAudioModule.dll --allowed-assembly=/home/ferney_oliveros/Unity/Hub/Editor/6000.3.23f1/Editor/Data/PlaybackEngines/WebGLSupport/Managed/UnityEngine.UnityWebRequestModule.dll --allowed-assembly=/home/ferney_oliveros/Unity/Hub/Editor/6000.3.23f1/Editor/Data/PlaybackEngines/WebGLSupport/Managed/UnityEngine.UnityWebRequestTextureModule.dll --allowed-assembly=/home/ferney_oliveros/Unity/Hub/Editor/6000.3.23f1/Editor/Data/PlaybackEngines/WebGLSupport/Managed/UnityEngine.UnityWebRequestWWWModule.dll --allowed-assembly=/home/ferney_oliveros/Unity/Hub/Editor/6000.3.23f1/Editor/Data/PlaybackEngines/WebGLSupport/Managed/UnityEngine.VFXModule.dll --allowed-assembly=/home/ferney_oliveros/Unity/Hub/Editor/6000.3.23f1/Editor/Data/PlaybackEngines/WebGLSupport/Managed/UnityEngine.VRModule.dll --allowed-assembly=/home/ferney_oliveros/Unity/Hub/Editor/6000.3.23f1/Editor/Data/PlaybackEngines/WebGLSupport/Managed/UnityEngine.VectorGraphicsModule.dll --allowed-assembly=/home/ferney_oliveros/Unity/Hub/Editor/6000.3.23f1/Editor/Data/PlaybackEngines/WebGLSupport/Managed/UnityEngine.VehiclesModule.dll --allowed-assembly=/home/ferney_oliveros/Unity/Hub/Editor/6000.3.23f1/Editor/Data/PlaybackEngines/WebGLSupport/Managed/UnityEngine.VideoModule.dll --allowed-assembly=/home/ferney_oliveros/Unity/Hub/Editor/6000.3.23f1/Editor/Data/PlaybackEngines/WebGLSupport/Managed/UnityEngine.WebGLModule.dll --allowed-assembly=/home/ferney_oliveros/Unity/Hub/Editor/6000.3.23f1/Editor/Data/PlaybackEngines/WebGLSupport/Managed/UnityEngine.WindModule.dll --allowed-assembly=/home/ferney_oliveros/Unity/Hub/Editor/6000.3.23f1/Editor/Data/PlaybackEngines/WebGLSupport/Managed/UnityEngine.XRModule.dll --allowed-assembly=/home/ferney_oliveros/Unity/Hub/Editor/6000.3.23f1/Editor/Data/PlaybackEngines/WebGLSupport/Managed/UnityEngine.dll --allowed-assembly=/home/ferney_oliveros/Mini Market/Unity/MiniMarketUnity/Library/Bee/PlayerScriptAssemblies/glTFast.dll --allowed-assembly=/home/ferney_oliveros/Mini Market/Unity/MiniMarketUnity/Library/Bee/PlayerScriptAssemblies/glTFast.Documentation.Examples.dll --allowed-assembly=/home/ferney_oliveros/Mini Market/Unity/MiniMarketUnity/Library/Bee/PlayerScriptAssemblies/glTFast.dots.dll --allowed-assembly=/home/ferney_oliveros/Mini Market/Unity/MiniMarketUnity/Library/Bee/PlayerScriptAssemblies/glTFast.Export.dll --allowed-assembly=/home/ferney_oliveros/Mini Market/Unity/MiniMarketUnity/Library/Bee/PlayerScriptAssemblies/glTFast.Newtonsoft.dll --allowed-assembly=/home/ferney_oliveros/Mini Market/Unity/MiniMarketUnity/Library/Bee/PlayerScriptAssemblies/MiniMarket.Runtime.dll --allowed-assembly=/home/ferney_oliveros/Mini Market/Unity/MiniMarketUnity/Library/Bee/PlayerScriptAssemblies/Unity.Addressables.dll --allowed-assembly=/home/ferney_oliveros/Mini Market/Unity/MiniMarketUnity/Library/Bee/PlayerScriptAssemblies/Unity.AI.Navigation.dll --allowed-assembly=/home/ferney_oliveros/Mini Market/Unity/MiniMarketUnity/Library/Bee/PlayerScriptAssemblies/Unity.Burst.dll --allowed-assembly=/home/ferney_oliveros/Mini Market/Unity/MiniMarketUnity/Library/Bee/PlayerScriptAssemblies/Unity.Collections.dll --allowed-assembly=/home/ferney_oliveros/Mini Market/Unity/MiniMarketUnity/Library/Bee/PlayerScriptAssemblies/Unity.InputSystem.dll --allowed-assembly=/home/ferney_oliveros/Mini Market/Unity/MiniMarketUnity/Library/Bee/PlayerScriptAssemblies/Unity.InputSystem.ForUI.dll --allowed-assembly=/home/ferney_oliveros/Mini Market/Unity/MiniMarketUnity/Library/Bee/PlayerScriptAssemblies/Unity.InternalAPIEngineBridge.004.dll --allowed-assembly=/home/ferney_oliveros/Mini Market/Unity/MiniMarketUnity/Library/Bee/PlayerScriptAssemblies/Unity.Mathematics.dll --allowed-assembly=/home/ferney_oliveros/Mini Market/Unity/MiniMarketUnity/Library/Bee/PlayerScriptAssemblies/Unity.Profiling.Core.dll --allowed-assembly=/home/ferney_oliveros/Mini Market/Unity/MiniMarketUnity/Library/Bee/PlayerScriptAssemblies/Unity.RenderPipeline.Universal.ShaderLibrary.dll --allowed-assembly=/home/ferney_oliveros/Mini Market/Unity/MiniMarketUnity/Library/Bee/PlayerScriptAssemblies/Unity.RenderPipelines.Core.Runtime.dll --allowed-assembly=/home/ferney_oliveros/Mini Market/Unity/MiniMarketUnity/Library/Bee/PlayerScriptAssemblies/Unity.RenderPipelines.Core.Runtime.Shared.dll --allowed-assembly=/home/ferney_oliveros/Mini Market/Unity/MiniMarketUnity/Library/Bee/PlayerScriptAssemblies/Unity.RenderPipelines.Core.ShaderLibrary.dll --allowed-assembly=/home/ferney_oliveros/Mini Market/Unity/MiniMarketUnity/Library/Bee/PlayerScriptAssemblies/Unity.RenderPipelines.GPUDriven.Runtime.dll --allowed-assembly=/home/ferney_oliveros/Mini Market/Unity/MiniMarketUnity/Library/Bee/PlayerScriptAssemblies/Unity.RenderPipelines.ShaderGraph.ShaderGraphLibrary.dll --allowed-assembly=/home/ferney_oliveros/Mini Market/Unity/MiniMarketUnity/Library/Bee/PlayerScriptAssemblies/Unity.RenderPipelines.Universal.2D.Runtime.dll --allowed-assembly=/home/ferney_oliveros/Mini Market/Unity/MiniMarketUnity/Library/Bee/PlayerScriptAssemblies/Unity.RenderPipelines.Universal.Config.Runtime.dll --allowed-assembly=/home/ferney_oliveros/Mini Market/Unity/MiniMarketUnity/Library/Bee/PlayerScriptAssemblies/Unity.RenderPipelines.Universal.Runtime.dll --allowed-assembly=/home/ferney_oliveros/Mini Market/Unity/MiniMarketUnity/Library/Bee/PlayerScriptAssemblies/Unity.RenderPipelines.Universal.Shaders.dll --allowed-assembly=/home/ferney_oliveros/Mini Market/Unity/MiniMarketUnity/Library/Bee/PlayerScriptAssemblies/Unity.ResourceManager.dll --allowed-assembly=/home/ferney_oliveros/Mini Market/Unity/MiniMarketUnity/Library/Bee/PlayerScriptAssemblies/Unity.ScriptableBuildPipeline.dll --allowed-assembly=/home/ferney_oliveros/Mini Market/Unity/MiniMarketUnity/Library/Bee/PlayerScriptAssemblies/Unity.TextMeshPro.dll --allowed-assembly=/home/ferney_oliveros/Mini Market/Unity/MiniMarketUnity/Library/Bee/PlayerScriptAssemblies/UnityEngine.UI.dll --allowed-assembly=/home/ferney_oliveros/Mini Market/Unity/MiniMarketUnity/Library/PackageCache/com.unity.collections@84e8eb3fc12e/Unity.Collections.LowLevel.ILSupport/Unity.Collections.LowLevel.ILSupport.dll --allowed-assembly=/home/ferney_oliveros/Mini Market/Unity/MiniMarketUnity/Library/PackageCache/com.unity.burst@2f3d916873ea/Unity.Burst.Unsafe.dll --allowed-assembly=/home/ferney_oliveros/Mini Market/Unity/MiniMarketUnity/Library/PackageCache/com.unity.nuget.newtonsoft-json@74deb55db2a0/Runtime/AOT/Newtonsoft.Json.dll --allowed-assembly=/home/ferney_oliveros/Unity/Hub/Editor/6000.3.23f1/Editor/Data/MonoBleedingEdge/lib/mono/unityaot-linux/Accessibility.dll --allowed-assembly=/home/ferney_oliveros/Unity/Hub/Editor/6000.3.23f1/Editor/Data/MonoBleedingEdge/lib/mono/unityaot-linux/Facades/Microsoft.Win32.Primitives.dll --allowed-assembly=/home/ferney_oliveros/Unity/Hub/Editor/6000.3.23f1/Editor/Data/MonoBleedingEdge/lib/mono/unityaot-linux/Facades/Microsoft.Win32.Registry.AccessControl.dll --allowed-assembly=/home/ferney_oliveros/Unity/Hub/Editor/6000.3.23f1/Editor/Data/MonoBleedingEdge/lib/mono/unityaot-linux/Facades/Microsoft.Win32.Registry.dll --allowed-assembly=/home/ferney_oliveros/Unity/Hub/Editor/6000.3.23f1/Editor/Data/MonoBleedingEdge/lib/mono/unityaot-linux/Facades/System.AppContext.dll --allowed-assembly=/home/ferney_oliveros/Unity/Hub/Editor/6000.3.23f1/Editor/Data/MonoBleedingEdge/lib/mono/unityaot-linux/Facades/System.Buffers.dll --allowed-assembly=/home/ferney_oliveros/Unity/Hub/Editor/6000.3.23f1/Editor/Data/MonoBleedingEdge/lib/mono/unityaot-linux/Facades/System.Collections.Concurrent.dll --allowed-assembly=/home/ferney_oliveros/Unity/Hub/Editor/6000.3.23f1/Editor/Data/MonoBleedingEdge/lib/mono/unityaot-linux/Facades/System.Collections.NonGeneric.dll --allowed-assembly=/home/ferney_oliveros/Unity/Hub/Editor/6000.3.23f1/Editor/Data/MonoBleedingEdge/lib/mono/unityaot-linux/Facades/System.Collections.Specialized.dll --allowed-assembly=/home/ferney_oliveros/Unity/Hub/Editor/6000.3.23f1/Editor/Data/MonoBleedingEdge/lib/mono/unityaot-linux/Facades/System.Collections.dll --allowed-assembly=/home/ferney_oliveros/Unity/Hub/Editor/6000.3.23f1/Editor/Data/MonoBleedingEdge/lib/mono/unityaot-linux/Facades/System.ComponentModel.Annotations.dll --allowed-assembly=/home/ferney_oliveros/Unity/Hub/Editor/6000.3.23f1/Editor/Data/MonoBleedingEdge/lib/mono/unityaot-linux/Facades/System.ComponentModel.EventBasedAsync.dll --allowed-assembly=/home/ferney_oliveros/Unity/Hub/Editor/6000.3.23f1/Editor/Data/MonoBleedingEdge/lib/mono/unityaot-linux/Facades/System.ComponentModel.Primitives.dll --allowed-assembly=/home/ferney_oliveros/Unity/Hub/Editor/6000.3.23f1/Editor/Data/MonoBleedingEdge/lib/mono/unityaot-linux/Facades/System.ComponentModel.TypeConverter.dll --allowed-assembly=/home/ferney_oliveros/Unity/Hub/Editor/6000.3.23f1/Editor/Data/MonoBleedingEdge/lib/mono/unityaot-linux/Facades/System.ComponentModel.dll --allowed-assembly=/home/ferney_oliveros/Unity/Hub/Editor/6000.3.23f1/Editor/Data/MonoBleedingEdge/lib/mono/unityaot-linux/Facades/System.Console.dll --allowed-assembly=/home/ferney_oliveros/Unity/Hub/Editor/6000.3.23f1/Editor/Data/MonoBleedingEdge/lib/mono/unityaot-linux/Facades/System.Data.Common.dll --allowed-assembly=/home/ferney_oliveros/Unity/Hub/Editor/6000.3.23f1/Editor/Data/MonoBleedingEdge/lib/mono/unityaot-linux/Facades/System.Data.SqlClient.dll --allowed-assembly=/home/ferney_oliveros/Unity/Hub/Editor/6000.3.23f1/Editor/Data/MonoBleedingEdge/lib/mono/unityaot-linux/Facades/System.Diagnostics.Contracts.dll --allowed-assembly=/home/ferney_oliveros/Unity/Hub/Editor/6000.3.23f1/Editor/Data/MonoBleedingEdge/lib/mono/unityaot-linux/Facades/System.Diagnostics.Debug.dll --allowed-assembly=/home/ferney_oliveros/Unity/Hub/Editor/6000.3.23f1/Editor/Data/MonoBleedingEdge/lib/mono/unityaot-linux/Facades/System.Diagnostics.FileVersionInfo.dll --allowed-assembly=/home/ferney_oliveros/Unity/Hub/Editor/6000.3.23f1/Editor/Data/MonoBleedingEdge/lib/mono/unityaot-linux/Facades/System.Diagnostics.Process.dll --allowed-assembly=/home/ferney_oliveros/Unity/Hub/Editor/6000.3.23f1/Editor/Data/MonoBleedingEdge/lib/mono/unityaot-linux/Facades/System.Diagnostics.StackTrace.dll --allowed-assembly=/home/ferney_oliveros/Unity/Hub/Editor/6000.3.23f1/Editor/Data/MonoBleedingEdge/lib/mono/unityaot-linux/Facades/System.Diagnostics.TextWriterTraceListener.dll --allowed-assembly=/home/ferney_oliveros/Unity/Hub/Editor/6000.3.23f1/Editor/Data/MonoBleedingEdge/lib/mono/unityaot-linux/Facades/System.Diagnostics.Tools.dll --allowed-assembly=/home/ferney_oliveros/Unity/Hub/Editor/6000.3.23f1/Editor/Data/MonoBleedingEdge/lib/mono/unityaot-linux/Facades/System.Diagnostics.TraceEvent.dll --allowed-assembly=/home/ferney_oliveros/Unity/Hub/Editor/6000.3.23f1/Editor/Data/MonoBleedingEdge/lib/mono/unityaot-linux/Facades/System.Diagnostics.TraceSource.dll --allowed-assembly=/home/ferney_oliveros/Unity/Hub/Editor/6000.3.23f1/Editor/Data/MonoBleedingEdge/lib/mono/unityaot-linux/Facades/System.Diagnostics.Tracing.dll --allowed-assembly=/home/ferney_oliveros/Unity/Hub/Editor/6000.3.23f1/Editor/Data/MonoBleedingEdge/lib/mono/unityaot-linux/Facades/System.Drawing.Primitives.dll --allowed-assembly=/home/ferney_oliveros/Unity/Hub/Editor/6000.3.23f1/Editor/Data/MonoBleedingEdge/lib/mono/unityaot-linux/Facades/System.Dynamic.Runtime.dll --allowed-assembly=/home/ferney_oliveros/Unity/Hub/Editor/6000.3.23f1/Editor/Data/MonoBleedingEdge/lib/mono/unityaot-linux/Facades/System.Globalization.Calendars.dll --allowed-assembly=/home/ferney_oliveros/Unity/Hub/Editor/6000.3.23f1/Editor/Data/MonoBleedingEdge/lib/mono/unityaot-linux/Facades/System.Globalization.Extensions.dll --allowed-assembly=/home/ferney_oliveros/Unity/Hub/Editor/6000.3.23f1/Editor/Data/MonoBleedingEdge/lib/mono/unityaot-linux/Facades/System.Globalization.dll --allowed-assembly=/home/ferney_oliveros/Unity/Hub/Editor/6000.3.23f1/Editor/Data/MonoBleedingEdge/lib/mono/unityaot-linux/Facades/System.IO.Compression.ZipFile.dll --allowed-assembly=/home/ferney_oliveros/Unity/Hub/Editor/6000.3.23f1/Editor/Data/MonoBleedingEdge/lib/mono/unityaot-linux/Facades/System.IO.FileSystem.AccessControl.dll --allowed-assembly=/home/ferney_oliveros/Unity/Hub/Editor/6000.3.23f1/Editor/Data/MonoBleedingEdge/lib/mono/unityaot-linux/Facades/System.IO.FileSystem.DriveInfo.dll --allowed-assembly=/home/ferney_oliveros/Unity/Hub/Editor/6000.3.23f1/Editor/Data/MonoBleedingEdge/lib/mono/unityaot-linux/Facades/System.IO.FileSystem.Primitives.dll --allowed-assembly=/home/ferney_oliveros/Unity/Hub/Editor/6000.3.23f1/Editor/Data/MonoBleedingEdge/lib/mono/unityaot-linux/Facades/System.IO.FileSystem.Watcher.dll --allowed-assembly=/home/ferney_oliveros/Unity/Hub/Editor/6000.3.23f1/Editor/Data/MonoBleedingEdge/lib/mono/unityaot-linux/Facades/System.IO.FileSystem.dll --allowed-assembly=/home/ferney_oliveros/Unity/Hub/Editor/6000.3.23f1/Editor/Data/MonoBleedingEdge/lib/mono/unityaot-linux/Facades/System.IO.IsolatedStorage.dll --allowed-assembly=/home/ferney_oliveros/Unity/Hub/Editor/6000.3.23f1/Editor/Data/MonoBleedingEdge/lib/mono/unityaot-linux/Facades/System.IO.MemoryMappedFiles.dll --allowed-assembly=/home/ferney_oliveros/Unity/Hub/Editor/6000.3.23f1/Editor/Data/MonoBleedingEdge/lib/mono/unityaot-linux/Facades/System.IO.Pipes.dll --allowed-assembly=/home/ferney_oliveros/Unity/Hub/Editor/6000.3.23f1/Editor/Data/MonoBleedingEdge/lib/mono/unityaot-linux/Facades/System.IO.UnmanagedMemoryStream.dll --allowed-assembly=/home/ferney_oliveros/Unity/Hub/Editor/6000.3.23f1/Editor/Data/MonoBleedingEdge/lib/mono/unityaot-linux/Facades/System.IO.dll --allowed-assembly=/home/ferney_oliveros/Unity/Hub/Editor/6000.3.23f1/Editor/Data/MonoBleedingEdge/lib/mono/unityaot-linux/Facades/System.Linq.Expressions.dll --allowed-assembly=/home/ferney_oliveros/Unity/Hub/Editor/6000.3.23f1/Editor/Data/MonoBleedingEdge/lib/mono/unityaot-linux/Facades/System.Linq.Parallel.dll --allowed-assembly=/home/ferney_oliveros/Unity/Hub/Editor/6000.3.23f1/Editor/Data/MonoBleedingEdge/lib/mono/unityaot-linux/Facades/System.Linq.Queryable.dll --allowed-assembly=/home/ferney_oliveros/Unity/Hub/Editor/6000.3.23f1/Editor/Data/MonoBleedingEdge/lib/mono/unityaot-linux/Facades/System.Linq.dll --allowed-assembly=/home/ferney_oliveros/Unity/Hub/Editor/6000.3.23f1/Editor/Data/MonoBleedingEdge/lib/mono/unityaot-linux/Facades/System.Memory.dll --allowed-assembly=/home/ferney_oliveros/Unity/Hub/Editor/6000.3.23f1/Editor/Data/MonoBleedingEdge/lib/mono/unityaot-linux/Facades/System.Net.AuthenticationManager.dll --allowed-assembly=/home/ferney_oliveros/Unity/Hub/Editor/6000.3.23f1/Editor/Data/MonoBleedingEdge/lib/mono/unityaot-linux/Facades/System.Net.Cache.dll --allowed-assembly=/home/ferney_oliveros/Unity/Hub/Editor/6000.3.23f1/Editor/Data/MonoBleedingEdge/lib/mono/unityaot-linux/Facades/System.Net.HttpListener.dll --allowed-assembly=/home/ferney_oliveros/Unity/Hub/Editor/6000.3.23f1/Editor/Data/MonoBleedingEdge/lib/mono/unityaot-linux/Facades/System.Net.Mail.dll --allowed-assembly=/home/ferney_oliveros/Unity/Hub/Editor/6000.3.23f1/Editor/Data/MonoBleedingEdge/lib/mono/unityaot-linux/Facades/System.Net.NameResolution.dll --allowed-assembly=/home/ferney_oliveros/Unity/Hub/Editor/6000.3.23f1/Editor/Data/MonoBleedingEdge/lib/mono/unityaot-linux/Facades/System.Net.NetworkInformation.dll --allowed-assembly=/home/ferney_oliveros/Unity/Hub/Editor/6000.3.23f1/Editor/Data/MonoBleedingEdge/lib/mono/unityaot-linux/Facades/System.Net.Ping.dll --allowed-assembly=/home/ferney_oliveros/Unity/Hub/Editor/6000.3.23f1/Editor/Data/MonoBleedingEdge/lib/mono/unityaot-linux/Facades/System.Net.Primitives.dll --allowed-assembly=/home/ferney_oliveros/Unity/Hub/Editor/6000.3.23f1/Editor/Data/MonoBleedingEdge/lib/mono/unityaot-linux/Facades/System.Net.Requests.dll --allowed-assembly=/home/ferney_oliveros/Unity/Hub/Editor/6000.3.23f1/Editor/Data/MonoBleedingEdge/lib/mono/unityaot-linux/Facades/System.Net.Security.dll --allowed-assembly=/home/ferney_oliveros/Unity/Hub/Editor/6000.3.23f1/Editor/Data/MonoBleedingEdge/lib/mono/unityaot-linux/Facades/System.Net.ServicePoint.dll --allowed-assembly=/home/ferney_oliveros/Unity/Hub/Editor/6000.3.23f1/Editor/Data/MonoBleedingEdge/lib/mono/unityaot-linux/Facades/System.Net.Sockets.dll --allowed-assembly=/home/ferney_oliveros/Unity/Hub/Editor/6000.3.23f1/Editor/Data/MonoBleedingEdge/lib/mono/unityaot-linux/Facades/System.Net.Utilities.dll --allowed-assembly=/home/ferney_oliveros/Unity/Hub/Editor/6000.3.23f1/Editor/Data/MonoBleedingEdge/lib/mono/unityaot-linux/Facades/System.Net.WebHeaderCollection.dll --allowed-assembly=/home/ferney_oliveros/Unity/Hub/Editor/6000.3.23f1/Editor/Data/MonoBleedingEdge/lib/mono/unityaot-linux/Facades/System.Net.WebSockets.Client.dll --allowed-assembly=/home/ferney_oliveros/Unity/Hub/Editor/6000.3.23f1/Editor/Data/MonoBleedingEdge/lib/mono/unityaot-linux/Facades/System.Net.WebSockets.dll --allowed-assembly=/home/ferney_oliveros/Unity/Hub/Editor/6000.3.23f1/Editor/Data/MonoBleedingEdge/lib/mono/unityaot-linux/Facades/System.ObjectModel.dll --allowed-assembly=/home/ferney_oliveros/Unity/Hub/Editor/6000.3.23f1/Editor/Data/MonoBleedingEdge/lib/mono/unityaot-linux/Facades/System.Reflection.DispatchProxy.dll --allowed-assembly=/home/ferney_oliveros/Unity/Hub/Editor/6000.3.23f1/Editor/Data/MonoBleedingEdge/lib/mono/unityaot-linux/Facades/System.Reflection.Emit.ILGeneration.dll --allowed-assembly=/home/ferney_oliveros/Unity/Hub/Editor/6000.3.23f1/Editor/Data/MonoBleedingEdge/lib/mono/unityaot-linux/Facades/System.Reflection.Emit.Lightweight.dll --allowed-assembly=/home/ferney_oliveros/Unity/Hub/Editor/6000.3.23f1/Editor/Data/MonoBleedingEdge/lib/mono/unityaot-linux/Facades/System.Reflection.Emit.dll --allowed-assembly=/home/ferney_oliveros/Unity/Hub/Editor/6000.3.23f1/Editor/Data/MonoBleedingEdge/lib/mono/unityaot-linux/Facades/System.Reflection.Extensions.dll --allowed-assembly=/home/ferney_oliveros/Unity/Hub/Editor/6000.3.23f1/Editor/Data/MonoBleedingEdge/lib/mono/unityaot-linux/Facades/System.Reflection.Primitives.dll --allowed-assembly=/home/ferney_oliveros/Unity/Hub/Editor/6000.3.23f1/Editor/Data/MonoBleedingEdge/lib/mono/unityaot-linux/Facades/System.Reflection.TypeExtensions.dll --allowed-assembly=/home/ferney_oliveros/Unity/Hub/Editor/6000.3.23f1/Editor/Data/MonoBleedingEdge/lib/mono/unityaot-linux/Facades/System.Reflection.dll --allowed-assembly=/home/ferney_oliveros/Unity/Hub/Editor/6000.3.23f1/Editor/Data/MonoBleedingEdge/lib/mono/unityaot-linux/Facades/System.Resources.Reader.dll --allowed-assembly=/home/ferney_oliveros/Unity/Hub/Editor/6000.3.23f1/Editor/Data/MonoBleedingEdge/lib/mono/unityaot-linux/Facades/System.Resources.ReaderWriter.dll --allowed-assembly=/home/ferney_oliveros/Unity/Hub/Editor/6000.3.23f1/Editor/Data/MonoBleedingEdge/lib/mono/unityaot-linux/Facades/System.Resources.ResourceManager.dll --allowed-assembly=/home/ferney_oliveros/Unity/Hub/Editor/6000.3.23f1/Editor/Data/MonoBleedingEdge/lib/mono/unityaot-linux/Facades/System.Resources.Writer.dll --allowed-assembly=/home/ferney_oliveros/Unity/Hub/Editor/6000.3.23f1/Editor/Data/MonoBleedingEdge/lib/mono/unityaot-linux/Facades/System.Runtime.CompilerServices.VisualC.dll --allowed-assembly=/home/ferney_oliveros/Unity/Hub/Editor/6000.3.23f1/Editor/Data/MonoBleedingEdge/lib/mono/unityaot-linux/Facades/System.Runtime.Extensions.dll --allowed-assembly=/home/ferney_oliveros/Unity/Hub/Editor/6000.3.23f1/Editor/Data/MonoBleedingEdge/lib/mono/unityaot-linux/Facades/System.Runtime.Handles.dll --allowed-assembly=/home/ferney_oliveros/Unity/Hub/Editor/6000.3.23f1/Editor/Data/MonoBleedingEdge/lib/mono/unityaot-linux/Facades/System.Runtime.InteropServices.RuntimeInformation.dll --allowed-assembly=/home/ferney_oliveros/Unity/Hub/Editor/6000.3.23f1/Editor/Data/MonoBleedingEdge/lib/mono/unityaot-linux/Facades/System.Runtime.InteropServices.WindowsRuntime.dll --allowed-assembly=/home/ferney_oliveros/Unity/Hub/Editor/6000.3.23f1/Editor/Data/MonoBleedingEdge/lib/mono/unityaot-linux/Facades/System.Runtime.InteropServices.dll --allowed-assembly=/home/ferney_oliveros/Unity/Hub/Editor/6000.3.23f1/Editor/Data/MonoBleedingEdge/lib/mono/unityaot-linux/Facades/System.Runtime.Loader.dll --allowed-assembly=/home/ferney_oliveros/Unity/Hub/Editor/6000.3.23f1/Editor/Data/MonoBleedingEdge/lib/mono/unityaot-linux/Facades/System.Runtime.Numerics.dll --allowed-assembly=/home/ferney_oliveros/Unity/Hub/Editor/6000.3.23f1/Editor/Data/MonoBleedingEdge/lib/mono/unityaot-linux/Facades/System.Runtime.Serialization.Formatters.dll --allowed-assembly=/home/ferney_oliveros/Unity/Hub/Editor/6000.3.23f1/Editor/Data/MonoBleedingEdge/lib/mono/unityaot-linux/Facades/System.Runtime.Serialization.Json.dll --allowed-assembly=/home/ferney_oliveros/Unity/Hub/Editor/6000.3.23f1/Editor/Data/MonoBleedingEdge/lib/mono/unityaot-linux/Facades/System.Runtime.Serialization.Primitives.dll --allowed-assembly=/home/ferney_oliveros/Unity/Hub/Editor/6000.3.23f1/Editor/Data/MonoBleedingEdge/lib/mono/unityaot-linux/Facades/System.Runtime.Serialization.Xml.dll --allowed-assembly=/home/ferney_oliveros/Unity/Hub/Editor/6000.3.23f1/Editor/Data/MonoBleedingEdge/lib/mono/unityaot-linux/Facades/System.Runtime.dll --allowed-assembly=/home/ferney_oliveros/Unity/Hub/Editor/6000.3.23f1/Editor/Data/MonoBleedingEdge/lib/mono/unityaot-linux/Facades/System.Security.AccessControl.dll --allowed-assembly=/home/ferney_oliveros/Unity/Hub/Editor/6000.3.23f1/Editor/Data/MonoBleedingEdge/lib/mono/unityaot-linux/Facades/System.Security.Claims.dll --allowed-assembly=/home/ferney_oliveros/Unity/Hub/Editor/6000.3.23f1/Editor/Data/MonoBleedingEdge/lib/mono/unityaot-linux/Facades/System.Security.Cryptography.Algorithms.dll --allowed-assembly=/home/ferney_oliveros/Unity/Hub/Editor/6000.3.23f1/Editor/Data/MonoBleedingEdge/lib/mono/unityaot-linux/Facades/System.Security.Cryptography.Cng.dll --allowed-assembly=/home/ferney_oliveros/Unity/Hub/Editor/6000.3.23f1/Editor/Data/MonoBleedingEdge/lib/mono/unityaot-linux/Facades/System.Security.Cryptography.Csp.dll --allowed-assembly=/home/ferney_oliveros/Unity/Hub/Editor/6000.3.23f1/Editor/Data/MonoBleedingEdge/lib/mono/unityaot-linux/Facades/System.Security.Cryptography.DeriveBytes.dll --allowed-assembly=/home/ferney_oliveros/Unity/Hub/Editor/6000.3.23f1/Editor/Data/MonoBleedingEdge/lib/mono/unityaot-linux/Facades/System.Security.Cryptography.Encoding.dll --allowed-assembly=/home/ferney_oliveros/Unity/Hub/Editor/6000.3.23f1/Editor/Data/MonoBleedingEdge/lib/mono/unityaot-linux/Facades/System.Security.Cryptography.Encryption.Aes.dll --allowed-assembly=/home/ferney_oliveros/Unity/Hub/Editor/6000.3.23f1/Editor/Data/MonoBleedingEdge/lib/mono/unityaot-linux/Facades/System.Security.Cryptography.Encryption.ECDiffieHellman.dll --allowed-assembly=/home/ferney_oliveros/Unity/Hub/Editor/6000.3.23f1/Editor/Data/MonoBleedingEdge/lib/mono/unityaot-linux/Facades/System.Security.Cryptography.Encryption.ECDsa.dll --allowed-assembly=/home/ferney_oliveros/Unity/Hub/Editor/6000.3.23f1/Editor/Data/MonoBleedingEdge/lib/mono/unityaot-linux/Facades/System.Security.Cryptography.Encryption.dll --allowed-assembly=/home/ferney_oliveros/Unity/Hub/Editor/6000.3.23f1/Editor/Data/MonoBleedingEdge/lib/mono/unityaot-linux/Facades/System.Security.Cryptography.Hashing.Algorithms.dll --allowed-assembly=/home/ferney_oliveros/Unity/Hub/Editor/6000.3.23f1/Editor/Data/MonoBleedingEdge/lib/mono/unityaot-linux/Facades/System.Security.Cryptography.Hashing.dll --allowed-assembly=/home/ferney_oliveros/Unity/Hub/Editor/6000.3.23f1/Editor/Data/MonoBleedingEdge/lib/mono/unityaot-linux/Facades/System.Security.Cryptography.OpenSsl.dll --allowed-assembly=/home/ferney_oliveros/Unity/Hub/Editor/6000.3.23f1/Editor/Data/MonoBleedingEdge/lib/mono/unityaot-linux/Facades/System.Security.Cryptography.Pkcs.dll --allowed-assembly=/home/ferney_oliveros/Unity/Hub/Editor/6000.3.23f1/Editor/Data/MonoBleedingEdge/lib/mono/unityaot-linux/Facades/System.Security.Cryptography.Primitives.dll --allowed-assembly=/home/ferney_oliveros/Unity/Hub/Editor/6000.3.23f1/Editor/Data/MonoBleedingEdge/lib/mono/unityaot-linux/Facades/System.Security.Cryptography.ProtectedData.dll --allowed-assembly=/home/ferney_oliveros/Unity/Hub/Editor/6000.3.23f1/Editor/Data/MonoBleedingEdge/lib/mono/unityaot-linux/Facades/System.Security.Cryptography.RSA.dll --allowed-assembly=/home/ferney_oliveros/Unity/Hub/Editor/6000.3.23f1/Editor/Data/MonoBleedingEdge/lib/mono/unityaot-linux/Facades/System.Security.Cryptography.RandomNumberGenerator.dll --allowed-assembly=/home/ferney_oliveros/Unity/Hub/Editor/6000.3.23f1/Editor/Data/MonoBleedingEdge/lib/mono/unityaot-linux/Facades/System.Security.Cryptography.X509Certificates.dll --allowed-assembly=/home/ferney_oliveros/Unity/Hub/Editor/6000.3.23f1/Editor/Data/MonoBleedingEdge/lib/mono/unityaot-linux/Facades/System.Security.Principal.Windows.dll --allowed-assembly=/home/ferney_oliveros/Unity/Hub/Editor/6000.3.23f1/Editor/Data/MonoBleedingEdge/lib/mono/unityaot-linux/Facades/System.Security.Principal.dll --allowed-assembly=/home/ferney_oliveros/Unity/Hub/Editor/6000.3.23f1/Editor/Data/MonoBleedingEdge/lib/mono/unityaot-linux/Facades/System.Security.SecureString.dll --allowed-assembly=/home/ferney_oliveros/Unity/Hub/Editor/6000.3.23f1/Editor/Data/MonoBleedingEdge/lib/mono/unityaot-linux/Facades/System.ServiceModel.Duplex.dll --allowed-assembly=/home/ferney_oliveros/Unity/Hub/Editor/6000.3.23f1/Editor/Data/MonoBleedingEdge/lib/mono/unityaot-linux/Facades/System.ServiceModel.Http.dll --allowed-assembly=/home/ferney_oliveros/Unity/Hub/Editor/6000.3.23f1/Editor/Data/MonoBleedingEdge/lib/mono/unityaot-linux/Facades/System.ServiceModel.NetTcp.dll --allowed-assembly=/home/ferney_oliveros/Unity/Hub/Editor/6000.3.23f1/Editor/Data/MonoBleedingEdge/lib/mono/unityaot-linux/Facades/System.ServiceModel.Primitives.dll --allowed-assembly=/home/ferney_oliveros/Unity/Hub/Editor/6000.3.23f1/Editor/Data/MonoBleedingEdge/lib/mono/unityaot-linux/Facades/System.ServiceModel.Security.dll --allowed-assembly=/home/ferney_oliveros/Unity/Hub/Editor/6000.3.23f1/Editor/Data/MonoBleedingEdge/lib/mono/unityaot-linux/Facades/System.ServiceProcess.ServiceController.dll --allowed-assembly=/home/ferney_oliveros/Unity/Hub/Editor/6000.3.23f1/Editor/Data/MonoBleedingEdge/lib/mono/unityaot-linux/Facades/System.Text.Encoding.CodePages.dll --allowed-assembly=/home/ferney_oliveros/Unity/Hub/Editor/6000.3.23f1/Editor/Data/MonoBleedingEdge/lib/mono/unityaot-linux/Facades/System.Text.Encoding.Extensions.dll --allowed-assembly=/home/ferney_oliveros/Unity/Hub/Editor/6000.3.23f1/Editor/Data/MonoBleedingEdge/lib/mono/unityaot-linux/Facades/System.Text.Encoding.dll --allowed-assembly=/home/ferney_oliveros/Unity/Hub/Editor/6000.3.23f1/Editor/Data/MonoBleedingEdge/lib/mono/unityaot-linux/Facades/System.Text.RegularExpressions.dll --allowed-assembly=/home/ferney_oliveros/Unity/Hub/Editor/6000.3.23f1/Editor/Data/MonoBleedingEdge/lib/mono/unityaot-linux/Facades/System.Threading.AccessControl.dll --allowed-assembly=/home/ferney_oliveros/Unity/Hub/Editor/6000.3.23f1/Editor/Data/MonoBleedingEdge/lib/mono/unityaot-linux/Facades/System.Threading.Overlapped.dll --allowed-assembly=/home/ferney_oliveros/Unity/Hub/Editor/6000.3.23f1/Editor/Data/MonoBleedingEdge/lib/mono/unityaot-linux/Facades/System.Threading.Tasks.Extensions.dll --allowed-assembly=/home/ferney_oliveros/Unity/Hub/Editor/6000.3.23f1/Editor/Data/MonoBleedingEdge/lib/mono/unityaot-linux/Facades/System.Threading.Tasks.Parallel.dll --allowed-assembly=/home/ferney_oliveros/Unity/Hub/Editor/6000.3.23f1/Editor/Data/MonoBleedingEdge/lib/mono/unityaot-linux/Facades/System.Threading.Tasks.dll --allowed-assembly=/home/ferney_oliveros/Unity/Hub/Editor/6000.3.23f1/Editor/Data/MonoBleedingEdge/lib/mono/unityaot-linux/Facades/System.Threading.Thread.dll --allowed-assembly=/home/ferney_oliveros/Unity/Hub/Editor/6000.3.23f1/Editor/Data/MonoBleedingEdge/lib/mono/unityaot-linux/Facades/System.Threading.ThreadPool.dll --allowed-assembly=/home/ferney_oliveros/Unity/Hub/Editor/6000.3.23f1/Editor/Data/MonoBleedingEdge/lib/mono/unityaot-linux/Facades/System.Threading.Timer.dll --allowed-assembly=/home/ferney_oliveros/Unity/Hub/Editor/6000.3.23f1/Editor/Data/MonoBleedingEdge/lib/mono/unityaot-linux/Facades/System.Threading.dll --allowed-assembly=/home/ferney_oliveros/Unity/Hub/Editor/6000.3.23f1/Editor/Data/MonoBleedingEdge/lib/mono/unityaot-linux/Facades/System.ValueTuple.dll --allowed-assembly=/home/ferney_oliveros/Unity/Hub/Editor/6000.3.23f1/Editor/Data/MonoBleedingEdge/lib/mono/unityaot-linux/Facades/System.Xml.ReaderWriter.dll --allowed-assembly=/home/ferney_oliveros/Unity/Hub/Editor/6000.3.23f1/Editor/Data/MonoBleedingEdge/lib/mono/unityaot-linux/Facades/System.Xml.XDocument.dll --allowed-assembly=/home/ferney_oliveros/Unity/Hub/Editor/6000.3.23f1/Editor/Data/MonoBleedingEdge/lib/mono/unityaot-linux/Facades/System.Xml.XPath.XDocument.dll --allowed-assembly=/home/ferney_oliveros/Unity/Hub/Editor/6000.3.23f1/Editor/Data/MonoBleedingEdge/lib/mono/unityaot-linux/Facades/System.Xml.XPath.XmlDocument.dll --allowed-assembly=/home/ferney_oliveros/Unity/Hub/Editor/6000.3.23f1/Editor/Data/MonoBleedingEdge/lib/mono/unityaot-linux/Facades/System.Xml.XPath.dll --allowed-assembly=/home/ferney_oliveros/Unity/Hub/Editor/6000.3.23f1/Editor/Data/MonoBleedingEdge/lib/mono/unityaot-linux/Facades/System.Xml.XmlDocument.dll --allowed-assembly=/home/ferney_oliveros/Unity/Hub/Editor/6000.3.23f1/Editor/Data/MonoBleedingEdge/lib/mono/unityaot-linux/Facades/System.Xml.XmlSerializer.dll --allowed-assembly=/home/ferney_oliveros/Unity/Hub/Editor/6000.3.23f1/Editor/Data/MonoBleedingEdge/lib/mono/unityaot-linux/Facades/System.Xml.Xsl.Primitives.dll --allowed-assembly=/home/ferney_oliveros/Unity/Hub/Editor/6000.3.23f1/Editor/Data/MonoBleedingEdge/lib/mono/unityaot-linux/Facades/netstandard.dll --allowed-assembly=/home/ferney_oliveros/Unity/Hub/Editor/6000.3.23f1/Editor/Data/MonoBleedingEdge/lib/mono/unityaot-linux/I18N.CJK.dll --allowed-assembly=/home/ferney_oliveros/Unity/Hub/Editor/6000.3.23f1/Editor/Data/MonoBleedingEdge/lib/mono/unityaot-linux/I18N.MidEast.dll --allowed-assembly=/home/ferney_oliveros/Unity/Hub/Editor/6000.3.23f1/Editor/Data/MonoBleedingEdge/lib/mono/unityaot-linux/I18N.Other.dll --allowed-assembly=/home/ferney_oliveros/Unity/Hub/Editor/6000.3.23f1/Editor/Data/MonoBleedingEdge/lib/mono/unityaot-linux/I18N.Rare.dll --allowed-assembly=/home/ferney_oliveros/Unity/Hub/Editor/6000.3.23f1/Editor/Data/MonoBleedingEdge/lib/mono/unityaot-linux/I18N.West.dll --allowed-assembly=/home/ferney_oliveros/Unity/Hub/Editor/6000.3.23f1/Editor/Data/MonoBleedingEdge/lib/mono/unityaot-linux/I18N.dll --allowed-assembly=/home/ferney_oliveros/Unity/Hub/Editor/6000.3.23f1/Editor/Data/MonoBleedingEdge/lib/mono/unityaot-linux/Microsoft.CSharp.dll --allowed-assembly=/home/ferney_oliveros/Unity/Hub/Editor/6000.3.23f1/Editor/Data/MonoBleedingEdge/lib/mono/unityaot-linux/Mono.Data.Sqlite.dll --allowed-assembly=/home/ferney_oliveros/Unity/Hub/Editor/6000.3.23f1/Editor/Data/MonoBleedingEdge/lib/mono/unityaot-linux/Mono.Data.Tds.dll --allowed-assembly=/home/ferney_oliveros/Unity/Hub/Editor/6000.3.23f1/Editor/Data/MonoBleedingEdge/lib/mono/unityaot-linux/Mono.Security.dll --allowed-assembly=/home/ferney_oliveros/Unity/Hub/Editor/6000.3.23f1/Editor/Data/MonoBleedingEdge/lib/mono/unityaot-linux/System.ComponentModel.Composition.dll --allowed-assembly=/home/ferney_oliveros/Unity/Hub/Editor/6000.3.23f1/Editor/Data/MonoBleedingEdge/lib/mono/unityaot-linux/System.ComponentModel.DataAnnotations.dll --allowed-assembly=/home/ferney_oliveros/Unity/Hub/Editor/6000.3.23f1/Editor/Data/MonoBleedingEdge/lib/mono/unityaot-linux/System.Configuration.Install.dll --allowed-assembly=/home/ferney_oliveros/Unity/Hub/Editor/6000.3.23f1/Editor/Data/MonoBleedingEdge/lib/mono/unityaot-linux/System.Configuration.dll --allowed-assembly=/home/ferney_oliveros/Unity/Hub/Editor/6000.3.23f1/Editor/Data/MonoBleedingEdge/lib/mono/unityaot-linux/System.Core.dll --allowed-assembly=/home/ferney_oliveros/Unity/Hub/Editor/6000.3.23f1/Editor/Data/MonoBleedingEdge/lib/mono/unityaot-linux/System.Data.DataSetExtensions.dll --allowed-assembly=/home/ferney_oliveros/Unity/Hub/Editor/6000.3.23f1/Editor/Data/MonoBleedingEdge/lib/mono/unityaot-linux/System.Data.Entity.dll --allowed-assembly=/home/ferney_oliveros/Unity/Hub/Editor/6000.3.23f1/Editor/Data/MonoBleedingEdge/lib/mono/unityaot-linux/System.Data.Linq.dll --allowed-assembly=/home/ferney_oliveros/Unity/Hub/Editor/6000.3.23f1/Editor/Data/MonoBleedingEdge/lib/mono/unityaot-linux/System.Data.OracleClient.dll --allowed-assembly=/home/ferney_oliveros/Unity/Hub/Editor/6000.3.23f1/Editor/Data/MonoBleedingEdge/lib/mono/unityaot-linux/System.Data.Services.Client.dll --allowed-assembly=/home/ferney_oliveros/Unity/Hub/Editor/6000.3.23f1/Editor/Data/MonoBleedingEdge/lib/mono/unityaot-linux/System.Data.Services.dll --allowed-assembly=/home/ferney_oliveros/Unity/Hub/Editor/6000.3.23f1/Editor/Data/MonoBleedingEdge/lib/mono/unityaot-linux/System.Data.dll --allowed-assembly=/home/ferney_oliveros/Unity/Hub/Editor/6000.3.23f1/Editor/Data/MonoBleedingEdge/lib/mono/unityaot-linux/System.Design.dll --allowed-assembly=/home/ferney_oliveros/Unity/Hub/Editor/6000.3.23f1/Editor/Data/MonoBleedingEdge/lib/mono/unityaot-linux/System.DirectoryServices.Protocols.dll --allowed-assembly=/home/ferney_oliveros/Unity/Hub/Editor/6000.3.23f1/Editor/Data/MonoBleedingEdge/lib/mono/unityaot-linux/System.DirectoryServices.dll --allowed-assembly=/home/ferney_oliveros/Unity/Hub/Editor/6000.3.23f1/Editor/Data/MonoBleedingEdge/lib/mono/unityaot-linux/System.Drawing.Design.dll --allowed-assembly=/home/ferney_oliveros/Unity/Hub/Editor/6000.3.23f1/Editor/Data/MonoBleedingEdge/lib/mono/unityaot-linux/System.Drawing.dll --allowed-assembly=/home/ferney_oliveros/Unity/Hub/Editor/6000.3.23f1/Editor/Data/MonoBleedingEdge/lib/mono/unityaot-linux/System.EnterpriseServices.dll --allowed-assembly=/home/ferney_oliveros/Unity/Hub/Editor/6000.3.23f1/Editor/Data/MonoBleedingEdge/lib/mono/unityaot-linux/System.IO.Compression.FileSystem.dll --allowed-assembly=/home/ferney_oliveros/Unity/Hub/Editor/6000.3.23f1/Editor/Data/MonoBleedingEdge/lib/mono/unityaot-linux/System.IO.Compression.dll --allowed-assembly=/home/ferney_oliveros/Unity/Hub/Editor/6000.3.23f1/Editor/Data/MonoBleedingEdge/lib/mono/unityaot-linux/System.IdentityModel.Selectors.dll --allowed-assembly=/home/ferney_oliveros/Unity/Hub/Editor/6000.3.23f1/Editor/Data/MonoBleedingEdge/lib/mono/unityaot-linux/System.IdentityModel.dll --allowed-assembly=/home/ferney_oliveros/Unity/Hub/Editor/6000.3.23f1/Editor/Data/MonoBleedingEdge/lib/mono/unityaot-linux/System.Json.dll --allowed-assembly=/home/ferney_oliveros/Unity/Hub/Editor/6000.3.23f1/Editor/Data/MonoBleedingEdge/lib/mono/unityaot-linux/System.Management.dll --allowed-assembly=/home/ferney_oliveros/Unity/Hub/Editor/6000.3.23f1/Editor/Data/MonoBleedingEdge/lib/mono/unityaot-linux/System.Messaging.dll --allowed-assembly=/home/ferney_oliveros/Unity/Hub/Editor/6000.3.23f1/Editor/Data/MonoBleedingEdge/lib/mono/unityaot-linux/System.Net.Http.WebRequest.dll --allowed-assembly=/home/ferney_oliveros/Unity/Hub/Editor/6000.3.23f1/Editor/Data/MonoBleedingEdge/lib/mono/unityaot-linux/System.Net.Http.dll --allowed-assembly=/home/ferney_oliveros/Unity/Hub/Editor/6000.3.23f1/Editor/Data/MonoBleedingEdge/lib/mono/unityaot-linux/System.Net.dll --allowed-assembly=/home/ferney_oliveros/Unity/Hub/Editor/6000.3.23f1/Editor/Data/MonoBleedingEdge/lib/mono/unityaot-linux/System.Numerics.Vectors.dll --allowed-assembly=/home/ferney_oliveros/Unity/Hub/Editor/6000.3.23f1/Editor/Data/MonoBleedingEdge/lib/mono/unityaot-linux/System.Numerics.dll --allowed-assembly=/home/ferney_oliveros/Unity/Hub/Editor/6000.3.23f1/Editor/Data/MonoBleedingEdge/lib/mono/unityaot-linux/System.Reflection.Context.dll --allowed-assembly=/home/ferney_oliveros/Unity/Hub/Editor/6000.3.23f1/Editor/Data/MonoBleedingEdge/lib/mono/unityaot-linux/System.Runtime.Caching.dll --allowed-assembly=/home/ferney_oliveros/Unity/Hub/Editor/6000.3.23f1/Editor/Data/MonoBleedingEdge/lib/mono/unityaot-linux/System.Runtime.DurableInstancing.dll --allowed-assembly=/home/ferney_oliveros/Unity/Hub/Editor/6000.3.23f1/Editor/Data/MonoBleedingEdge/lib/mono/unityaot-linux/System.Runtime.Remoting.dll --allowed-assembly=/home/ferney_oliveros/Unity/Hub/Editor/6000.3.23f1/Editor/Data/MonoBleedingEdge/lib/mono/unityaot-linux/System.Runtime.Serialization.Formatters.Soap.dll --allowed-assembly=/home/ferney_oliveros/Unity/Hub/Editor/6000.3.23f1/Editor/Data/MonoBleedingEdge/lib/mono/unityaot-linux/System.Runtime.Serialization.dll --allowed-assembly=/home/ferney_oliveros/Unity/Hub/Editor/6000.3.23f1/Editor/Data/MonoBleedingEdge/lib/mono/unityaot-linux/System.Security.dll --allowed-assembly=/home/ferney_oliveros/Unity/Hub/Editor/6000.3.23f1/Editor/Data/MonoBleedingEdge/lib/mono/unityaot-linux/System.ServiceModel.Activation.dll --allowed-assembly=/home/ferney_oliveros/Unity/Hub/Editor/6000.3.23f1/Editor/Data/MonoBleedingEdge/lib/mono/unityaot-linux/System.ServiceModel.Discovery.dll --allowed-assembly=/home/ferney_oliveros/Unity/Hub/Editor/6000.3.23f1/Editor/Data/MonoBleedingEdge/lib/mono/unityaot-linux/System.ServiceModel.Internals.dll --allowed-assembly=/home/ferney_oliveros/Unity/Hub/Editor/6000.3.23f1/Editor/Data/MonoBleedingEdge/lib/mono/unityaot-linux/System.ServiceModel.Routing.dll --allowed-assembly=/home/ferney_oliveros/Unity/Hub/Editor/6000.3.23f1/Editor/Data/MonoBleedingEdge/lib/mono/unityaot-linux/System.ServiceModel.Web.dll --allowed-assembly=/home/ferney_oliveros/Unity/Hub/Editor/6000.3.23f1/Editor/Data/MonoBleedingEdge/lib/mono/unityaot-linux/System.ServiceModel.dll --allowed-assembly=/home/ferney_oliveros/Unity/Hub/Editor/6000.3.23f1/Editor/Data/MonoBleedingEdge/lib/mono/unityaot-linux/System.ServiceProcess.dll --allowed-assembly=/home/ferney_oliveros/Unity/Hub/Editor/6000.3.23f1/Editor/Data/MonoBleedingEdge/lib/mono/unityaot-linux/System.Transactions.dll --allowed-assembly=/home/ferney_oliveros/Unity/Hub/Editor/6000.3.23f1/Editor/Data/MonoBleedingEdge/lib/mono/unityaot-linux/System.Web.ApplicationServices.dll --allowed-assembly=/home/ferney_oliveros/Unity/Hub/Editor/6000.3.23f1/Editor/Data/MonoBleedingEdge/lib/mono/unityaot-linux/System.Web.DynamicData.dll --allowed-assembly=/home/ferney_oliveros/Unity/Hub/Editor/6000.3.23f1/Editor/Data/MonoBleedingEdge/lib/mono/unityaot-linux/System.Web.Extensions.Design.dll --allowed-assembly=/home/ferney_oliveros/Unity/Hub/Editor/6000.3.23f1/Editor/Data/MonoBleedingEdge/lib/mono/unityaot-linux/System.Web.Extensions.dll --allowed-assembly=/home/ferney_oliveros/Unity/Hub/Editor/6000.3.23f1/Editor/Data/MonoBleedingEdge/lib/mono/unityaot-linux/System.Web.RegularExpressions.dll --allowed-assembly=/home/ferney_oliveros/Unity/Hub/Editor/6000.3.23f1/Editor/Data/MonoBleedingEdge/lib/mono/unityaot-linux/System.Web.Services.dll --allowed-assembly=/home/ferney_oliveros/Unity/Hub/Editor/6000.3.23f1/Editor/Data/MonoBleedingEdge/lib/mono/unityaot-linux/System.Web.dll --allowed-assembly=/home/ferney_oliveros/Unity/Hub/Editor/6000.3.23f1/Editor/Data/MonoBleedingEdge/lib/mono/unityaot-linux/System.Windows.Forms.DataVisualization.dll --allowed-assembly=/home/ferney_oliveros/Unity/Hub/Editor/6000.3.23f1/Editor/Data/MonoBleedingEdge/lib/mono/unityaot-linux/System.Windows.Forms.dll --allowed-assembly=/home/ferney_oliveros/Unity/Hub/Editor/6000.3.23f1/Editor/Data/MonoBleedingEdge/lib/mono/unityaot-linux/System.Windows.dll --allowed-assembly=/home/ferney_oliveros/Unity/Hub/Editor/6000.3.23f1/Editor/Data/MonoBleedingEdge/lib/mono/unityaot-linux/System.Xaml.dll --allowed-assembly=/home/ferney_oliveros/Unity/Hub/Editor/6000.3.23f1/Editor/Data/MonoBleedingEdge/lib/mono/unityaot-linux/System.Xml.Linq.dll --allowed-assembly=/home/ferney_oliveros/Unity/Hub/Editor/6000.3.23f1/Editor/Data/MonoBleedingEdge/lib/mono/unityaot-linux/System.Xml.Serialization.dll --allowed-assembly=/home/ferney_oliveros/Unity/Hub/Editor/6000.3.23f1/Editor/Data/MonoBleedingEdge/lib/mono/unityaot-linux/System.Xml.dll --allowed-assembly=/home/ferney_oliveros/Unity/Hub/Editor/6000.3.23f1/Editor/Data/MonoBleedingEdge/lib/mono/unityaot-linux/System.dll --allowed-assembly=/home/ferney_oliveros/Unity/Hub/Editor/6000.3.23f1/Editor/Data/MonoBleedingEdge/lib/mono/unityaot-linux/mscorlib.dll --out=Library/Bee/artifacts/WebGL/ManagedStripped --include-link-xml=/home/ferney_oliveros/Mini Market/Unity/MiniMarketUnity/Library/Bee/artifacts/UnityLinkerInputs/MethodsToPreserve.xml --include-link-xml=/home/ferney_oliveros/Mini Market/Unity/MiniMarketUnity/Library/Bee/artifacts/UnityLinkerInputs/TypesInScenes.xml --include-link-xml=/home/ferney_oliveros/Mini Market/Unity/MiniMarketUnity/Library/Bee/artifacts/UnityLinkerInputs/SerializedTypes.xml --include-link-xml=/home/ferney_oliveros/Mini Market/Unity/MiniMarketUnity/Library/InputSystem/WebGLLink.xml --include-directory=/home/ferney_oliveros/Mini Market/Unity/MiniMarketUnity/Library/Bee/PlayerScriptAssemblies --include-directory=/home/ferney_oliveros/Unity/Hub/Editor/6000.3.23f1/Editor/Data/PlaybackEngines/WebGLSupport/Managed --include-directory=/home/ferney_oliveros/Mini Market/Unity/MiniMarketUnity/Library/PackageCache/com.unity.collections@84e8eb3fc12e/Unity.Collections.LowLevel.ILSupport --include-directory=/home/ferney_oliveros/Mini Market/Unity/MiniMarketUnity/Library/PackageCache/com.unity.burst@2f3d916873ea --include-directory=/home/ferney_oliveros/Mini Market/Unity/MiniMarketUnity/Library/PackageCache/com.unity.nuget.newtonsoft-json@74deb55db2a0/Runtime/AOT --include-directory=/home/ferney_oliveros/Unity/Hub/Editor/6000.3.23f1/Editor/Data/MonoBleedingEdge/lib/mono/unityaot-linux --include-directory=/home/ferney_oliveros/Unity/Hub/Editor/6000.3.23f1/Editor/Data/MonoBleedingEdge/lib/mono/unityaot-linux/Facades --profiler-report --profiler-output-file=/home/ferney_oliveros/Mini Market/Unity/MiniMarketUnity/Library/Bee/artifacts/unitylinker_ber2.traceevents --dotnetprofile=unityaot-linux --dotnetruntime=Il2Cpp --architecture=EmscriptenJavaScript --platform=WebGL --use-editor-options --enable-engine-module-stripping --engine-modules-asset-file=/home/ferney_oliveros/Unity/Hub/Editor/6000.3.23f1/Editor/Data/PlaybackEngines/WebGLSupport/modules.asset --editor-data-file=/home/ferney_oliveros/Mini Market/Unity/MiniMarketUnity/Library/Bee/artifacts/UnityLinkerInputs/EditorToUnityLinkerData.json --include-unity-root-assembly=/home/ferney_oliveros/Mini Market/Unity/MiniMarketUnity/Library/Bee/PlayerScriptAssemblies/MiniMarket.Runtime.dll --include-unity-root-assembly=/home/ferney_oliveros/Mini Market/Unity/MiniMarketUnity/Library/Bee/PlayerScriptAssemblies/Unity.InputSystem.dll --include-unity-root-assembly=/home/ferney_oliveros/Mini Market/Unity/MiniMarketUnity/Library/Bee/PlayerScriptAssemblies/Unity.RenderPipelines.Core.Runtime.dll --include-unity-root-assembly=/home/ferney_oliveros/Mini Market/Unity/MiniMarketUnity/Library/Bee/PlayerScriptAssemblies/Unity.RenderPipelines.Universal.Runtime.dll --include-unity-root-assembly=/home/ferney_oliveros/Mini Market/Unity/MiniMarketUnity/Library/Bee/PlayerScriptAssemblies/Unity.ResourceManager.dll --include-unity-root-assembly=/home/ferney_oliveros/Mini Market/Unity/MiniMarketUnity/Library/Bee/PlayerScriptAssemblies/UnityEngine.UI.dll --print-command-line --enable-analytics
*** Tundra requires additional run (3.30 seconds), 165 items updated, 768 evaluated
*** Additional run caused by: contents change of Library/Bee/artifacts/WebGL/ManagedStripped
Starting: /home/ferney_oliveros/Unity/Hub/Editor/6000.3.23f1/Editor/Data/netcorerun/netcorerun "/home/ferney_oliveros/Unity/Hub/Editor/6000.3.23f1/Editor/Data/PlaybackEngines/WebGLSupport/WebGLPlayerBuildProgram.exe" "/home/ferney_oliveros/Unity/Hub/Editor/6000.3.23f1/Editor/Data/PlaybackEngines/WebGLSupport/Bee:/home/ferney_oliveros/Unity/Hub/Editor/6000.3.23f1/Editor/Data/Tools/BuildPipeline" "Library/Bee/Playerf20f6bd5.dag.json" "Library/Bee/Playerf20f6bd5-inputdata.json" "Library/Bee/buildprogram0.traceevents"
WorkingDir: /home/ferney_oliveros/Mini Market/Unity/MiniMarketUnity
ExitCode: 4 Duration: 3s408ms
ExitCode: 0 Duration: 0s306ms
Starting: /home/ferney_oliveros/Unity/Hub/Editor/6000.3.23f1/Editor/Data/Tools/BuildPipeline/bee_backend --ipc --dagfile="Library/Bee/Playerf20f6bd5.dag" --dagfilejson="Library/Bee/Playerf20f6bd5.dag.json" --profile="Library/Bee/backend2.traceevents" Player
WorkingDir: /home/ferney_oliveros/Mini Market/Unity/MiniMarketUnity
Finished compiling graph: 958 nodes, 2448 flattened edges (2438 ToBuild, 6 ToUse), maximum node priority 2147483647
[241/768    0s] CopyFiles Temp/EditorBuildOutput/UnityLinkerToEditorData.json
[245/768    3s] IL2CPP_CodeGen /home/ferney_oliveros/Mini Market/Unity/MiniMarketUnity/Library/Bee/artifacts/il2cpp_conv_2wcq.traceevents
/home/ferney_oliveros/Unity/Hub/Editor/6000.3.23f1/Editor/Data/il2cpp/build/deploy/il2cpp --convert-to-cpp --assembly=Library/Bee/artifacts/WebGL/ManagedStripped/MiniMarket.Runtime.dll --assembly=Library/Bee/artifacts/WebGL/ManagedStripped/Mono.Security.dll --assembly=Library/Bee/artifacts/WebGL/ManagedStripped/Newtonsoft.Json.dll --assembly=Library/Bee/artifacts/WebGL/ManagedStripped/System.Configuration.dll --assembly=Library/Bee/artifacts/WebGL/ManagedStripped/System.Core.dll --assembly=Library/Bee/artifacts/WebGL/ManagedStripped/System.Data.dll --assembly=Library/Bee/artifacts/WebGL/ManagedStripped/System.Drawing.dll --assembly=Library/Bee/artifacts/WebGL/ManagedStripped/System.Numerics.dll --assembly=Library/Bee/artifacts/WebGL/ManagedStripped/System.Runtime.Serialization.dll --assembly=Library/Bee/artifacts/WebGL/ManagedStripped/System.Xml.Linq.dll --assembly=Library/Bee/artifacts/WebGL/ManagedStripped/System.Xml.dll --assembly=Library/Bee/artifacts/WebGL/ManagedStripped/System.dll --assembly=Library/Bee/artifacts/WebGL/ManagedStripped/Unity.AI.Navigation.dll --assembly=Library/Bee/artifacts/WebGL/ManagedStripped/Unity.Burst.Unsafe.dll --assembly=Library/Bee/artifacts/WebGL/ManagedStripped/Unity.Burst.dll --assembly=Library/Bee/artifacts/WebGL/ManagedStripped/Unity.Collections.LowLevel.ILSupport.dll --assembly=Library/Bee/artifacts/WebGL/ManagedStripped/Unity.Collections.dll --assembly=Library/Bee/artifacts/WebGL/ManagedStripped/Unity.InputSystem.ForUI.dll --assembly=Library/Bee/artifacts/WebGL/ManagedStripped/Unity.InputSystem.dll --assembly=Library/Bee/artifacts/WebGL/ManagedStripped/Unity.Mathematics.dll --assembly=Library/Bee/artifacts/WebGL/ManagedStripped/Unity.RenderPipeline.Universal.ShaderLibrary.dll --assembly=Library/Bee/artifacts/WebGL/ManagedStripped/Unity.RenderPipelines.Core.Runtime.Shared.dll --assembly=Library/Bee/artifacts/WebGL/ManagedStripped/Unity.RenderPipelines.Core.Runtime.dll --assembly=Library/Bee/artifacts/WebGL/ManagedStripped/Unity.RenderPipelines.GPUDriven.Runtime.dll --assembly=Library/Bee/artifacts/WebGL/ManagedStripped/Unity.RenderPipelines.Universal.Runtime.dll --assembly=Library/Bee/artifacts/WebGL/ManagedStripped/Unity.ResourceManager.dll --assembly=Library/Bee/artifacts/WebGL/ManagedStripped/UnityEngine.AIModule.dll --assembly=Library/Bee/artifacts/WebGL/ManagedStripped/UnityEngine.AndroidJNIModule.dll --assembly=Library/Bee/artifacts/WebGL/ManagedStripped/UnityEngine.AnimationModule.dll --assembly=Library/Bee/artifacts/WebGL/ManagedStripped/UnityEngine.AssetBundleModule.dll --assembly=Library/Bee/artifacts/WebGL/ManagedStripped/UnityEngine.AudioModule.dll --assembly=Library/Bee/artifacts/WebGL/ManagedStripped/UnityEngine.CoreModule.dll --assembly=Library/Bee/artifacts/WebGL/ManagedStripped/UnityEngine.HierarchyCoreModule.dll --assembly=Library/Bee/artifacts/WebGL/ManagedStripped/UnityEngine.IMGUIModule.dll --assembly=Library/Bee/artifacts/WebGL/ManagedStripped/UnityEngine.ImageConversionModule.dll --assembly=Library/Bee/artifacts/WebGL/ManagedStripped/UnityEngine.InputForUIModule.dll --assembly=Library/Bee/artifacts/WebGL/ManagedStripped/UnityEngine.InputLegacyModule.dll --assembly=Library/Bee/artifacts/WebGL/ManagedStripped/UnityEngine.InputModule.dll --assembly=Library/Bee/artifacts/WebGL/ManagedStripped/UnityEngine.JSONSerializeModule.dll --assembly=Library/Bee/artifacts/WebGL/ManagedStripped/UnityEngine.MultiplayerModule.dll --assembly=Library/Bee/artifacts/WebGL/ManagedStripped/UnityEngine.PhysicsModule.dll --assembly=Library/Bee/artifacts/WebGL/ManagedStripped/UnityEngine.PropertiesModule.dll --assembly=Library/Bee/artifacts/WebGL/ManagedStripped/UnityEngine.SharedInternalsModule.dll --assembly=Library/Bee/artifacts/WebGL/ManagedStripped/UnityEngine.TerrainModule.dll --assembly=Library/Bee/artifacts/WebGL/ManagedStripped/UnityEngine.TextCoreFontEngineModule.dll --assembly=Library/Bee/artifacts/WebGL/ManagedStripped/UnityEngine.TextCoreTextEngineModule.dll --assembly=Library/Bee/artifacts/WebGL/ManagedStripped/UnityEngine.TextRenderingModule.dll --assembly=Library/Bee/artifacts/WebGL/ManagedStripped/UnityEngine.UI.dll --assembly=Library/Bee/artifacts/WebGL/ManagedStripped/UnityEngine.UIElementsModule.dll --assembly=Library/Bee/artifacts/WebGL/ManagedStripped/UnityEngine.UIModule.dll --assembly=Library/Bee/artifacts/WebGL/ManagedStripped/UnityEngine.UnityWebRequestAssetBundleModule.dll --assembly=Library/Bee/artifacts/WebGL/ManagedStripped/UnityEngine.UnityWebRequestModule.dll --assembly=Library/Bee/artifacts/WebGL/ManagedStripped/UnityEngine.UnityWebRequestTextureModule.dll --assembly=Library/Bee/artifacts/WebGL/ManagedStripped/UnityEngine.VFXModule.dll --assembly=Library/Bee/artifacts/WebGL/ManagedStripped/UnityEngine.dll --assembly=Library/Bee/artifacts/WebGL/ManagedStripped/glTFast.dll --assembly=Library/Bee/artifacts/WebGL/ManagedStripped/mscorlib.dll --generatedcppdir=/home/ferney_oliveros/Mini Market/Unity/MiniMarketUnity/Library/Bee/artifacts/WebGL/il2cppOutput/cpp --symbols-folder=/home/ferney_oliveros/Mini Market/Unity/MiniMarketUnity/Library/Bee/artifacts/WebGL/il2cppOutput/cpp/Symbols --enable-analytics --emit-method-map --dotnetprofile=unityaot-linux --usymtool-path=/home/ferney_oliveros/Unity/Hub/Editor/6000.3.23f1/Editor/Data/Tools/usymtool --profiler-report --profiler-output-file=/home/ferney_oliveros/Mini Market/Unity/MiniMarketUnity/Library/Bee/artifacts/il2cpp_conv_2wcq.traceevents --print-command-line --static-lib-il2-cpp --data-folder=/home/ferney_oliveros/Mini Market/Unity/MiniMarketUnity/Library/Bee/artifacts/WebGL/il2cppOutput/data
[450/768    0s] C_WebGL_wasm Library/Bee/artifacts/WebGL/GameAssembly/release_WebGL_wasm/pl8rkhnfl3r5.o
[452/768    0s] C_WebGL_wasm Library/Bee/artifacts/WebGL/GameAssembly/release_WebGL_wasm/24zre4upvz55.o
[454/768    0s] C_WebGL_wasm Library/Bee/artifacts/WebGL/GameAssembly/release_WebGL_wasm/z3x75oyshwhe.o
[462/768    0s] C_WebGL_wasm Library/Bee/artifacts/WebGL/GameAssembly/release_WebGL_wasm/s4nyte6fy25u.o
[466/768    0s] C_WebGL_wasm Library/Bee/artifacts/WebGL/GameAssembly/release_WebGL_wasm/9v5j2nbegzm3.o
[476/768    0s] C_WebGL_wasm Library/Bee/artifacts/WebGL/GameAssembly/release_WebGL_wasm/bki3edk695zw.o
[488/768    0s] C_WebGL_wasm Library/Bee/artifacts/WebGL/GameAssembly/release_WebGL_wasm/hoqa18682ywc.o
[489/768    0s] C_WebGL_wasm Library/Bee/artifacts/WebGL/GameAssembly/release_WebGL_wasm/79v667s3reww.o
[490/768    0s] C_WebGL_wasm Library/Bee/artifacts/WebGL/GameAssembly/release_WebGL_wasm/2q67mkgi33mw.o
[493/768    0s] C_WebGL_wasm Library/Bee/artifacts/WebGL/GameAssembly/release_WebGL_wasm/4xma9rb0pa11.o
[497/768    0s] C_WebGL_wasm Library/Bee/artifacts/WebGL/GameAssembly/release_WebGL_wasm/d6xiu7xeuqkp.o
[499/768    0s] C_WebGL_wasm Library/Bee/artifacts/WebGL/GameAssembly/release_WebGL_wasm/oz0tq49t96ze.o
[500/768    0s] C_WebGL_wasm Library/Bee/artifacts/WebGL/GameAssembly/release_WebGL_wasm/o5xlzuknp6vo.o
[533/768    0s] C_WebGL_wasm Library/Bee/artifacts/WebGL/GameAssembly/release_WebGL_wasm/i1cpx1voosmu.o
[534/768    0s] C_WebGL_wasm Library/Bee/artifacts/WebGL/GameAssembly/release_WebGL_wasm/o7zglb0di2nu.o
[536/768    0s] C_WebGL_wasm Library/Bee/artifacts/WebGL/GameAssembly/release_WebGL_wasm/9rvtjnn6lgo5.o
[539/768    0s] C_WebGL_wasm Library/Bee/artifacts/WebGL/GameAssembly/release_WebGL_wasm/lfy3d8drz291.o
[571/768    0s] C_WebGL_wasm Library/Bee/artifacts/WebGL/GameAssembly/release_WebGL_wasm/v7qafshtbay8.o
[572/768    0s] C_WebGL_wasm Library/Bee/artifacts/WebGL/GameAssembly/release_WebGL_wasm/gwr9ysheq23c.o
[591/768    0s] C_WebGL_wasm Library/Bee/artifacts/WebGL/GameAssembly/release_WebGL_wasm/lrcahlpf75vn.o
[592/768    0s] C_WebGL_wasm Library/Bee/artifacts/WebGL/GameAssembly/release_WebGL_wasm/ri9qowvylgzn.o
[602/768    0s] C_WebGL_wasm Library/Bee/artifacts/WebGL/GameAssembly/release_WebGL_wasm/7b0w440xjuhh.o
[607/768    0s] C_WebGL_wasm Library/Bee/artifacts/WebGL/GameAssembly/release_WebGL_wasm/vkrpy517mq2p.o
[608/768    0s] C_WebGL_wasm Library/Bee/artifacts/WebGL/GameAssembly/release_WebGL_wasm/cnda7x1lhrkg.o
[622/768    0s] C_WebGL_wasm Library/Bee/artifacts/WebGL/GameAssembly/release_WebGL_wasm/h1qnzq0l1grz.o
[626/768    0s] C_WebGL_wasm Library/Bee/artifacts/WebGL/GameAssembly/release_WebGL_wasm/srum1qemfxuz.o
[627/768    0s] C_WebGL_wasm Library/Bee/artifacts/WebGL/GameAssembly/release_WebGL_wasm/p1ieso044ouz.o
[635/768    0s] C_WebGL_wasm Library/Bee/artifacts/WebGL/GameAssembly/release_WebGL_wasm/ts3pt2crnw6v.o
[644/768    0s] C_WebGL_wasm Library/Bee/artifacts/WebGL/GameAssembly/release_WebGL_wasm/e3tazk2wxc1z.o
[646/768    0s] C_WebGL_wasm Library/Bee/artifacts/WebGL/GameAssembly/release_WebGL_wasm/dmomr8xrsa5f.o
[663/768    0s] C_WebGL_wasm Library/Bee/artifacts/WebGL/GameAssembly/release_WebGL_wasm/drn7gxvqroia.o
[665/768    0s] C_WebGL_wasm Library/Bee/artifacts/WebGL/GameAssembly/release_WebGL_wasm/381wh8yxb3lz.o
[667/768    0s] C_WebGL_wasm Library/Bee/artifacts/WebGL/GameAssembly/release_WebGL_wasm/uuefvlo8edja.o
[668/768    0s] C_WebGL_wasm Library/Bee/artifacts/WebGL/GameAssembly/release_WebGL_wasm/ismn7d8zeu2d.o
[677/768    0s] C_WebGL_wasm Library/Bee/artifacts/WebGL/GameAssembly/release_WebGL_wasm/atkda0s3fdlf.o
[681/768    0s] C_WebGL_wasm Library/Bee/artifacts/WebGL/GameAssembly/release_WebGL_wasm/um222a3dihi0.o
[690/768    0s] C_WebGL_wasm Library/Bee/artifacts/WebGL/GameAssembly/release_WebGL_wasm/ibnur91cjvph.o
[692/768    0s] C_WebGL_wasm Library/Bee/artifacts/WebGL/GameAssembly/release_WebGL_wasm/i9rncx3zoo9q.o
[694/768    0s] C_WebGL_wasm Library/Bee/artifacts/WebGL/GameAssembly/release_WebGL_wasm/b84ss6c2f11g.o
[701/768    0s] C_WebGL_wasm Library/Bee/artifacts/WebGL/GameAssembly/release_WebGL_wasm/q1vjdssf9oor.o
[702/768    0s] C_WebGL_wasm Library/Bee/artifacts/WebGL/GameAssembly/release_WebGL_wasm/1aei2jttqdxh.o
[705/768    0s] C_WebGL_wasm Library/Bee/artifacts/WebGL/GameAssembly/release_WebGL_wasm/vrtte7eouovi.o
[714/768    0s] C_WebGL_wasm Library/Bee/artifacts/WebGL/GameAssembly/release_WebGL_wasm/fnwlmyedmy2l.o
[715/768    0s] CopyFiles /home/ferney_oliveros/Mini Market/Unity/MiniMarketUnity/Library/Bee/artifacts/WebGL/il2cppOutput/build/Data/Resources/Newtonsoft.Json.dll-resources.dat
[716/768    0s] CopyFiles /home/ferney_oliveros/Mini Market/Unity/MiniMarketUnity/Library/Bee/artifacts/WebGL/il2cppOutput/build/Data/Resources/System.Data.dll-resources.dat
[717/768    0s] CopyFiles /home/ferney_oliveros/Mini Market/Unity/MiniMarketUnity/Library/Bee/artifacts/WebGL/il2cppOutput/build/Data/Resources/mscorlib.dll-resources.dat
[718/768    0s] CopyFiles /home/ferney_oliveros/Mini Market/Unity/MiniMarketUnity/Library/Bee/artifacts/WebGL/il2cppOutput/build/Data/Resources/System.Drawing.dll-resources.dat
[719/768    0s] C_WebGL_wasm Library/Bee/artifacts/WebGL/GameAssembly/release_WebGL_wasm/whmsy1mmj11l.o
[720/768    0s] CopyFiles /home/ferney_oliveros/Mini Market/Unity/MiniMarketUnity/Library/Bee/artifacts/WebGL/il2cppOutput/build/Data/Metadata/global-metadata.dat
[721/768    0s] C_WebGL_wasm Library/Bee/artifacts/WebGL/GameAssembly/release_WebGL_wasm/taf839hy749q.o
[722/768    0s] C_WebGL_wasm Library/Bee/artifacts/WebGL/GameAssembly/release_WebGL_wasm/hm2zfmsy1obi.o
[723/768    0s] C_WebGL_wasm Library/Bee/artifacts/WebGL/GameAssembly/release_WebGL_wasm/74ny4ika7bak.o
[724/768    0s] CopyFiles Temp/EditorBuildOutput/MethodMap.tsv
[725/768    0s] C_WebGL_wasm Library/Bee/artifacts/WebGL/GameAssembly/release_WebGL_wasm/bucho2x4smsy.o
[726/768    0s] Assemble WebGL Data Library/Bee/artifacts/WebGL/webgl.data
[727/768    0s] C_WebGL_wasm Library/Bee/artifacts/WebGL/GameAssembly/release_WebGL_wasm/we62k5trt63l.o
[728/768    0s] C_WebGL_wasm Library/Bee/artifacts/WebGL/GameAssembly/release_WebGL_wasm/glnw0qrlujx7.o
[729/768    0s] C_WebGL_wasm Library/Bee/artifacts/WebGL/GameAssembly/release_WebGL_wasm/dkzpqixirver.o
[730/768    0s] C_WebGL_wasm Library/Bee/artifacts/WebGL/GameAssembly/release_WebGL_wasm/tapblpoqu1vr.o
[731/768    0s] C_WebGL_wasm Library/Bee/artifacts/WebGL/GameAssembly/release_WebGL_wasm/dvcq41vf2lwx.o
[732/768    0s] C_WebGL_wasm Library/Bee/artifacts/WebGL/GameAssembly/release_WebGL_wasm/49plompo92fi.o
[733/768    0s] C_WebGL_wasm Library/Bee/artifacts/WebGL/GameAssembly/release_WebGL_wasm/4p4mqqfbiq6s.o
[734/768    0s] C_WebGL_wasm Library/Bee/artifacts/WebGL/GameAssembly/release_WebGL_wasm/iy28oi7mv564.o
[735/768    0s] C_WebGL_wasm Library/Bee/artifacts/WebGL/GameAssembly/release_WebGL_wasm/6lqhksz8ee0m.o
[736/768    1s] C_WebGL_wasm Library/Bee/artifacts/WebGL/GameAssembly/release_WebGL_wasm/8ks9ol62z4wp.o
[737/768    0s] C_WebGL_wasm Library/Bee/artifacts/WebGL/GameAssembly/release_WebGL_wasm/yjjkyrx1shfx.o
[738/768    0s] C_WebGL_wasm Library/Bee/artifacts/WebGL/GameAssembly/release_WebGL_wasm/yaimszbiivxy.o
[739/768    0s] C_WebGL_wasm Library/Bee/artifacts/WebGL/GameAssembly/release_WebGL_wasm/chi6vlymnu6n.o
[740/768    1s] C_WebGL_wasm Library/Bee/artifacts/WebGL/GameAssembly/release_WebGL_wasm/gzy8mn56pps3.o
[741/768    0s] C_WebGL_wasm Library/Bee/artifacts/WebGL/GameAssembly/release_WebGL_wasm/pcwy8mue0ney.o
[742/768    1s] C_WebGL_wasm Library/Bee/artifacts/WebGL/GameAssembly/release_WebGL_wasm/rdeai39vd4t0.o
[743/768    1s] C_WebGL_wasm Library/Bee/artifacts/WebGL/GameAssembly/release_WebGL_wasm/uk7a4boi2qkw.o
[744/768    2s] C_WebGL_wasm Library/Bee/artifacts/WebGL/GameAssembly/release_WebGL_wasm/g0qnwg8z4023.o
[745/768    2s] C_WebGL_wasm Library/Bee/artifacts/WebGL/GameAssembly/release_WebGL_wasm/n95g25lqeh54.o
[746/768    2s] C_WebGL_wasm Library/Bee/artifacts/WebGL/GameAssembly/release_WebGL_wasm/ismw7qi7hr43.o
[747/768    2s] C_WebGL_wasm Library/Bee/artifacts/WebGL/GameAssembly/release_WebGL_wasm/hva7hlirjybr.o
[748/768    2s] C_WebGL_wasm Library/Bee/artifacts/WebGL/GameAssembly/release_WebGL_wasm/8o94hf0nh5go.o
[749/768    3s] C_WebGL_wasm Library/Bee/artifacts/WebGL/GameAssembly/release_WebGL_wasm/99gn5lq7l0p6.o
[BUSY       8s] C_WebGL_wasm Library/Bee/artifacts/WebGL/GameAssembly/release_WebGL_wasm/thpt1wsqeozs.o
[750/768   11s] C_WebGL_wasm Library/Bee/artifacts/WebGL/GameAssembly/release_WebGL_wasm/ac55excfdp0n.o
[BUSY      17s] C_WebGL_wasm Library/Bee/artifacts/WebGL/GameAssembly/release_WebGL_wasm/thpt1wsqeozs.o
[BUSY      27s] C_WebGL_wasm Library/Bee/artifacts/WebGL/GameAssembly/release_WebGL_wasm/thpt1wsqeozs.o
[BUSY      37s] C_WebGL_wasm Library/Bee/artifacts/WebGL/GameAssembly/release_WebGL_wasm/thpt1wsqeozs.o
[751/768   38s] C_WebGL_wasm Library/Bee/artifacts/WebGL/GameAssembly/release_WebGL_wasm/thpt1wsqeozs.o
[752/768    0s] Lib_WebGL_wasm Library/Bee/artifacts/WebGL/GameAssembly/release_WebGL_wasm/GameAssembly.a
[753/768    0s] CopyFiles /home/ferney_oliveros/Mini Market/Unity/MiniMarketUnity/Library/Bee/artifacts/WebGL/il2cppOutput/build/GameAssembly.a
[BUSY       6s] Link_WebGL_wasm Library/Bee/artifacts/WebGL/build/debug_WebGL_wasm/build.js (+wasm)
[BUSY      16s] Link_WebGL_wasm Library/Bee/artifacts/WebGL/build/debug_WebGL_wasm/build.js (+wasm)
[BUSY      26s] Link_WebGL_wasm Library/Bee/artifacts/WebGL/build/debug_WebGL_wasm/build.js (+wasm)
[BUSY      36s] Link_WebGL_wasm Library/Bee/artifacts/WebGL/build/debug_WebGL_wasm/build.js (+wasm)
[754/768   41s] Link_WebGL_wasm Library/Bee/artifacts/WebGL/build/debug_WebGL_wasm/build.js (+wasm)
/home/ferney_oliveros/Unity/Hub/Editor/6000.3.23f1/Editor/Data/PlaybackEngines/WebGLSupport/BuildTools/lib/lib_webgpu.js:7: #warning "Firefox browser before version 149 has issues with WebGPU (e.g. https://bugzilla.mozilla.org/show_bug.cgi?id=2023423 )"
/home/ferney_oliveros/Unity/Hub/Editor/6000.3.23f1/Editor/Data/PlaybackEngines/WebGLSupport/BuildTools/lib/lib_webgpu.js:7: #warning "Firefox browser before version 149 has issues with WebGPU (e.g. https://bugzilla.mozilla.org/show_bug.cgi?id=2023423 )"
*** Tundra requires additional run (84.72 seconds - 0:01:24), 85 items updated, 768 evaluated
*** Additional run caused by: timestamp change of Library/Bee/artifacts/WebGL/build/debug_WebGL_wasm/build.wasm
Starting: /home/ferney_oliveros/Unity/Hub/Editor/6000.3.23f1/Editor/Data/netcorerun/netcorerun "/home/ferney_oliveros/Unity/Hub/Editor/6000.3.23f1/Editor/Data/PlaybackEngines/WebGLSupport/WebGLPlayerBuildProgram.exe" "/home/ferney_oliveros/Unity/Hub/Editor/6000.3.23f1/Editor/Data/PlaybackEngines/WebGLSupport/Bee:/home/ferney_oliveros/Unity/Hub/Editor/6000.3.23f1/Editor/Data/Tools/BuildPipeline" "Library/Bee/Playerf20f6bd5.dag.json" "Library/Bee/Playerf20f6bd5-inputdata.json" "Library/Bee/buildprogram1.traceevents"
WorkingDir: /home/ferney_oliveros/Mini Market/Unity/MiniMarketUnity
ExitCode: 4 Duration: 1m:24s
ExitCode: 0 Duration: 0s316ms
Starting: /home/ferney_oliveros/Unity/Hub/Editor/6000.3.23f1/Editor/Data/Tools/BuildPipeline/bee_backend --ipc --dagfile="Library/Bee/Playerf20f6bd5.dag" --dagfilejson="Library/Bee/Playerf20f6bd5.dag.json" --profile="Library/Bee/backend3.traceevents" Player
WorkingDir: /home/ferney_oliveros/Mini Market/Unity/MiniMarketUnity
Finished compiling graph: 958 nodes, 2448 flattened edges (2438 ToBuild, 6 ToUse), maximum node priority 2147483647
[754/768    0s] Merging JavaScript Code Library/Bee/artifacts/WebGL/build/debug_WebGL_wasm/build.framework.js
[755/768    0s] PreprocessJS Library/Bee/artifacts/WebGLWebGL.loader.js
[BUSY       6s] Brotli Builds/WebGL/Build/WebGL.data.br
[BUSY      11s] Brotli Builds/WebGL/Build/WebGL.wasm.br
[BUSY      16s] Brotli Builds/WebGL/Build/WebGL.data.br
[756/768   16s] Brotli Builds/WebGL/Build/WebGL.data.br
[BUSY      22s] Brotli Builds/WebGL/Build/WebGL.wasm.br
[BUSY      32s] Brotli Builds/WebGL/Build/WebGL.wasm.br
[BUSY      42s] Brotli Builds/WebGL/Build/WebGL.wasm.br
[BUSY      52s] Brotli Builds/WebGL/Build/WebGL.wasm.br
[BUSY      62s] Brotli Builds/WebGL/Build/WebGL.wasm.br
[BUSY      72s] Brotli Builds/WebGL/Build/WebGL.wasm.br
[BUSY      82s] Brotli Builds/WebGL/Build/WebGL.wasm.br
[757/768   87s] Brotli Builds/WebGL/Build/WebGL.wasm.br
*** Tundra requires additional run (87.55 seconds - 0:01:27), 4 items updated, 768 evaluated
*** Additional run caused by: timestamp change of Library/Bee/artifacts/WebGL/build/debug_WebGL_wasm/build.framework.js
Starting: /home/ferney_oliveros/Unity/Hub/Editor/6000.3.23f1/Editor/Data/netcorerun/netcorerun "/home/ferney_oliveros/Unity/Hub/Editor/6000.3.23f1/Editor/Data/PlaybackEngines/WebGLSupport/WebGLPlayerBuildProgram.exe" "/home/ferney_oliveros/Unity/Hub/Editor/6000.3.23f1/Editor/Data/PlaybackEngines/WebGLSupport/Bee:/home/ferney_oliveros/Unity/Hub/Editor/6000.3.23f1/Editor/Data/Tools/BuildPipeline" "Library/Bee/Playerf20f6bd5.dag.json" "Library/Bee/Playerf20f6bd5-inputdata.json" "Library/Bee/buildprogram2.traceevents"
WorkingDir: /home/ferney_oliveros/Mini Market/Unity/MiniMarketUnity
ExitCode: 4 Duration: 1m:27s
ExitCode: 0 Duration: 0s419ms
Starting: /home/ferney_oliveros/Unity/Hub/Editor/6000.3.23f1/Editor/Data/Tools/BuildPipeline/bee_backend --ipc --dagfile="Library/Bee/Playerf20f6bd5.dag" --dagfilejson="Library/Bee/Playerf20f6bd5.dag.json" --profile="Library/Bee/backend4.traceevents" Player
WorkingDir: /home/ferney_oliveros/Mini Market/Unity/MiniMarketUnity
Finished compiling graph: 958 nodes, 2448 flattened edges (2438 ToBuild, 6 ToUse), maximum node priority 2147483647
[758/768    0s] Brotli Builds/WebGL/Build/WebGL.framework.js.br
[767/768    0s] CopyFiles Builds/WebGL/Build/WebGL.loader.js
*** Tundra build success (0.44 seconds), 2 items updated, 768 evaluated
[websockify wrapper] Start node and websockify.js
Total cache size 89496810
Total cache size after purge 89496810, took 00:00:00.0180035
[Licensing::Client] Successfully resolved entitlement details
[websockify wrapper] Proxying from :35020 to localhost:34999
ExitCode: 0 Duration: 0s549ms
Refreshing native plugins compatible for Editor in 0.10 ms, found 0 plugins.
Preloading 0 native plugins for Editor in 0.00 ms.
Asset Pipeline Refresh (id=973d6fb60c7b971d78b5e80842c72e83): Total: 0.071 seconds - Initiated by RefreshV2(NoUpdateAssetOptions)
Refreshing native plugins compatible for Editor in 0.10 ms, found 0 plugins.
Preloading 0 native plugins for Editor in 0.00 ms.

-------------------------------------------------------------------------------
Build Report
Uncompressed usage by category (Percentages based on user generated assets only):
Textures               3.2 mb	 76.8% 
Meshes                 0.0 kb	 0.0% 
Animations             0.0 kb	 0.0% 
Sounds                 0.0 kb	 0.0% 
Shaders                403.6 kb	 9.5% 
Other Assets           289.7 kb	 6.8% 
Levels                 0.0 kb	 0.0% 
File headers           109.1 kb	 2.6% 
Total User Assets      4.2 mb	 100.0% 
Complete build size    403.4 mb
Used Assets and files from the Resources folder, sorted by uncompressed size:
 2.7 mb	 0.7% Built-in Texture2D: Splash Screen Unity Logo
 526.1 kb	 0.1% Resources/unity_builtin_extra
 79.7 kb	 0.0% Packages/com.unity.render-pipelines.core/Runtime/Debugging/Prefabs/Fonts/PerfectDOSVGA437.ttf
 63.0 kb	 0.0% Packages/com.unity.render-pipelines.universal/Shaders/Utils/CoreBlit.shader
 59.1 kb	 0.0% Packages/com.unity.render-pipelines.core/Runtime/Debugging/Prefabs/Widgets/DebugUIHandlerRenderingLayerField.prefab
 59.1 kb	 0.0% Packages/com.unity.render-pipelines.core/Runtime/Debugging/Prefabs/Widgets/DebugUIBitField.prefab
 44.8 kb	 0.0% Packages/com.unity.cloud.gltfast/Runtime/Shader/URP/glTF-pbrMetallicRoughness-Clearcoat.shadergraph
 40.6 kb	 0.0% Packages/com.unity.cloud.gltfast/Runtime/Shader/glTF-pbrMetallicRoughness.shadergraph
 40.1 kb	 0.0% Packages/com.unity.cloud.gltfast/Runtime/Shader/glTF-pbrSpecularGlossiness.shadergraph
 34.7 kb	 0.0% Packages/com.unity.render-pipelines.universal/Shaders/Lit.shader
 23.2 kb	 0.0% Packages/com.unity.cloud.gltfast/Runtime/Shader/glTF-unlit.shadergraph
 23.0 kb	 0.0% Packages/com.unity.render-pipelines.universal/Shaders/Terrain/WavingGrass.shader
 19.8 kb	 0.0% Packages/com.unity.render-pipelines.universal/Shaders/Terrain/WavingGrassBillboard.shader
 18.4 kb	 0.0% Packages/com.unity.render-pipelines.universal/Shaders/Utils/StencilDeferred.shader
 17.9 kb	 0.0% Packages/com.unity.render-pipelines.universal/Shaders/Terrain/TerrainDetailLit.shader
 16.1 kb	 0.0% Packages/com.unity.render-pipelines.universal/Textures/DebugFont.tga
 11.5 kb	 0.0% Packages/com.unity.render-pipelines.universal/Shaders/Debug/HDRDebugView.shader
 9.3 kb	 0.0% Packages/com.unity.render-pipelines.core/Runtime/Debugging/Prefabs/Widgets/DebugUIPanel.prefab
 9.2 kb	 0.0% Packages/com.unity.render-pipelines.universal/Shaders/Utils/CoreBlitColorAndDepth.shader
 8.2 kb	 0.0% Packages/com.unity.render-pipelines.universal/Shaders/Utils/ClusterDeferred.shader
 6.5 kb	 0.0% Packages/com.unity.render-pipelines.core/Runtime/Debugging/Prefabs/Widgets/DebugUIColor.prefab
 6.1 kb	 0.0% Packages/com.unity.render-pipelines.core/Runtime/Debugging/Prefabs/Widgets/DebugUIVector4.prefab
 5.8 kb	 0.0% Packages/com.unity.render-pipelines.core/Shaders/CoreCopy.shader
 5.2 kb	 0.0% Packages/com.unity.render-pipelines.core/Runtime/Debugging/Prefabs/Widgets/DebugUIVector3.prefab
 4.6 kb	 0.0% Packages/com.unity.render-pipelines.universal/Shaders/Debug/DebugReplacement.shader
 4.5 kb	 0.0% Packages/com.unity.render-pipelines.core/Runtime/Debugging/Prefabs/Resources/DebugUICanvas.prefab
 4.4 kb	 0.0% Packages/com.unity.render-pipelines.universal/Shaders/Utils/CopyDepth.shader
 4.4 kb	 0.0% Packages/com.unity.render-pipelines.core/Runtime/Debugging/Prefabs/Widgets/DebugUIUIntField.prefab
 4.4 kb	 0.0% Packages/com.unity.render-pipelines.core/Runtime/Debugging/Prefabs/Widgets/DebugUIIntField.prefab
 4.3 kb	 0.0% Packages/com.unity.render-pipelines.core/Runtime/Debugging/Prefabs/Widgets/DebugUIVector2.prefab
 4.3 kb	 0.0% Packages/com.unity.render-pipelines.universal/Shaders/CameraMotionVectors.shader
 4.1 kb	 0.0% Packages/com.unity.render-pipelines.universal/Textures/BlueNoise64/L/LDR_LLL1_0.png
 4.1 kb	 0.0% Packages/com.unity.render-pipelines.core/Runtime/Debugging/Prefabs/Widgets/DebugUIFloatField.prefab
 4.0 kb	 0.0% Packages/com.unity.render-pipelines.universal/Shaders/Utils/FallbackError.shader
 3.9 kb	 0.0% Packages/com.unity.render-pipelines.universal/Shaders/Utils/StencilDitherMaskSeed.shader
 3.8 kb	 0.0% Packages/com.unity.render-pipelines.universal/Shaders/Utils/Sampling.shader
 3.4 kb	 0.0% Packages/com.unity.shadergraph/Editor/Resources/Shaders/FallbackError.shader
 3.3 kb	 0.0% Packages/com.unity.render-pipelines.core/Runtime/RenderPipelineResources/FallbackShader.shader
 3.0 kb	 0.0% Packages/com.unity.render-pipelines.universal/Shaders/Debug/ProbeVolumeSamplingDebugPositionNormal.compute
 2.8 kb	 0.0% Packages/com.unity.render-pipelines.core/Runtime/Debugging/Prefabs/Widgets/DebugUIObjectPopupField.prefab
 2.8 kb	 0.0% Assets/DefaultVolumeProfile.asset
 2.7 kb	 0.0% Assets/UniversalRenderPipelineGlobalSettings.asset
 2.6 kb	 0.0% Packages/com.unity.render-pipelines.core/Runtime/Debugging/Prefabs/Widgets/DebugUIObjectList.prefab
 2.6 kb	 0.0% Packages/com.unity.render-pipelines.core/Runtime/Debugging/Prefabs/Widgets/DebugUIEnumField.prefab
 2.4 kb	 0.0% Packages/com.unity.render-pipelines.core/Runtime/Debugging/Prefabs/Widgets/DebugUIFoldout.prefab
 2.4 kb	 0.0% Packages/com.unity.render-pipelines.core/Runtime/Debugging/Prefabs/Widgets/DebugUIRow.prefab
 2.4 kb	 0.0% Packages/com.unity.render-pipelines.core/Runtime/Vrs/Shaders/VrsVisualization.shader
 2.1 kb	 0.0% Assets/Resources/PerformanceTestRunInfo.json
 1.7 kb	 0.0% Packages/com.unity.render-pipelines.core/Runtime/Debugging/Prefabs/Widgets/DebugUIToggleHistory.prefab
 1.7 kb	 0.0% Packages/com.unity.render-pipelines.core/Runtime/Debugging/Prefabs/Widgets/DebugUIToggle.prefab
 1.4 kb	 0.0% Packages/com.unity.render-pipelines.core/Runtime/Debugging/Prefabs/Widgets/DebugUIProgressBar.prefab
 1.4 kb	 0.0% Packages/com.unity.render-pipelines.core/Runtime/Debugging/Prefabs/Widgets/DebugUIGroup.prefab
 1.2 kb	 0.0% Packages/com.unity.render-pipelines.core/Runtime/Debugging/Prefabs/Widgets/DebugUIButton.prefab
 1.1 kb	 0.0% Packages/com.unity.render-pipelines.core/Runtime/Debugging/Prefabs/Textures/UIFoldoutOpened.png
 1.1 kb	 0.0% Packages/com.unity.render-pipelines.core/Runtime/Debugging/Prefabs/Textures/UIFoldoutClosed.png
 1.1 kb	 0.0% Packages/com.unity.render-pipelines.core/Runtime/Debugging/Prefabs/Textures/UICheckMark.png
 0.9 kb	 0.0% Packages/com.unity.render-pipelines.core/Runtime/Debugging/Prefabs/Widgets/DebugUIEnumHistory.prefab
 0.9 kb	 0.0% Packages/com.unity.render-pipelines.core/Runtime/Debugging/Prefabs/Widgets/DebugUIValuePersistent.prefab
 0.9 kb	 0.0% Packages/com.unity.render-pipelines.core/Runtime/Debugging/Prefabs/Widgets/DebugUIValueTuple.prefab
 0.9 kb	 0.0% Packages/com.unity.render-pipelines.core/Runtime/Debugging/Prefabs/Resources/DebugUIPersistentCanvas.prefab
 0.9 kb	 0.0% Packages/com.unity.render-pipelines.core/Runtime/Debugging/Prefabs/Widgets/DebugUIObject.prefab
 0.9 kb	 0.0% Packages/com.unity.render-pipelines.core/Runtime/Debugging/Prefabs/Widgets/DebugUIValue.prefab
 0.9 kb	 0.0% Packages/com.unity.render-pipelines.core/Runtime/Debugging/Prefabs/Widgets/DebugUIMessageBox.prefab
 0.8 kb	 0.0% Packages/com.unity.render-pipelines.core/Runtime/Debugging/Prefabs/Textures/UIElement8px.png
 0.5 kb	 0.0% Packages/com.unity.render-pipelines.core/Runtime/Debugging/Prefabs/Textures/White1px.png
 0.5 kb	 0.0% Packages/com.unity.render-pipelines.universal/Shaders/XR/XRMirrorView.shader
 0.5 kb	 0.0% Packages/com.unity.render-pipelines.universal/Shaders/Utils/BlitHDROverlay.shader
 0.4 kb	 0.0% Assets/Settings/MiniMarketURP.asset
 0.4 kb	 0.0% Packages/com.unity.render-pipelines.universal/Runtime/Decal/DBuffer/DBufferClear.shader
 0.4 kb	 0.0% Packages/com.unity.render-pipelines.core/Runtime/Debugging/Prefabs/Widgets/DebugUIVBox.prefab
 0.4 kb	 0.0% Packages/com.unity.render-pipelines.core/Runtime/Debugging/Prefabs/Widgets/DebugUIHBox.prefab
 0.4 kb	 0.0% Built-in Sprite: 
 0.4 kb	 0.0% Packages/com.unity.render-pipelines.universal/Shaders/XR/XROcclusionMesh.shader
 0.4 kb	 0.0% Packages/com.unity.render-pipelines.universal/Shaders/XR/XRMotionVector.shader
 0.2 kb	 0.0% Assets/Settings/MiniMarketRenderer.asset
 0.2 kb	 0.0% Packages/com.unity.render-pipelines.universal/Runtime/Debug/UniversalRenderPipelineVolumeDebugSettings.deprecated.cs
 0.2 kb	 0.0% Packages/com.unity.render-pipelines.universal/Runtime/RenderPipelineResources/UniversalRenderPipelineRuntimeXRResources.cs
 0.2 kb	 0.0% Packages/com.unity.render-pipelines.universal/Runtime/RenderPipelineResources/UniversalRenderPipelineRuntimeTerrainShaders.cs
 0.2 kb	 0.0% Packages/com.unity.render-pipelines.universal/Runtime/Debug/UniversalRenderPipelineVolumeDebugSettings.cs
 0.2 kb	 0.0% Packages/com.unity.render-pipelines.universal/Runtime/Debug/UniversalRenderPipelineDebugDisplaySettings.cs
 0.2 kb	 0.0% Packages/com.unity.render-pipelines.core/Runtime/RenderGraph/RenderGraphResourceAccelerationStructure.cs
 0.2 kb	 0.0% Packages/com.unity.render-pipelines.universal/Runtime/UniversalRenderPipelineGlobalSettings.cs
 0.2 kb	 0.0% Packages/com.unity.render-pipelines.universal/Runtime/RenderPipelineResources/UniversalRenderPipelineRuntimeTextures.cs
 0.2 kb	 0.0% Packages/com.unity.render-pipelines.universal/Runtime/RenderPipelineResources/UniversalRenderPipelineRuntimeShaders.cs
 0.2 kb	 0.0% Packages/com.unity.render-pipelines.universal/Runtime/RenderPipelineResources/UniversalRenderPipelineEditorMaterials.cs
 0.2 kb	 0.0% Packages/com.unity.render-pipelines.universal/Runtime/Debug/UniversalRenderPipelineDebugDisplayStats.cs
 0.2 kb	 0.0% Packages/com.unity.render-pipelines.universal/Runtime/2D/Shadows/ShadowProvider/Providers/ShadowShape2DProvider_SpriteRenderer.cs
 0.2 kb	 0.0% Packages/com.unity.render-pipelines.core/Runtime/Stripping/RenderPipelineGraphicsSettingsStripperFetcher.cs
 0.2 kb	 0.0% Packages/com.unity.render-pipelines.core/Runtime/RenderGraph/IRenderGraphEnabledRenderPipeline.cs
 0.2 kb	 0.0% Packages/com.unity.addressables/Runtime/ResourceManager/ResourceProviders/Simulation/VirtualAssetBundleRuntimeData.cs
 0.2 kb	 0.0% Packages/com.unity.render-pipelines.universal/Runtime/RenderPipelineResources/UniversalRenderPipelineEditorShaders.cs
 0.2 kb	 0.0% Packages/com.unity.render-pipelines.universal/Runtime/RenderPipelineResources/UniversalRenderPipelineEditorAssets.cs
 0.2 kb	 0.0% Packages/com.unity.render-pipelines.universal/Runtime/RenderPipelineResources/UniversalRenderPipelineDebugShaders.cs
 0.2 kb	 0.0% Packages/com.unity.render-pipelines.universal/Runtime/Passes/AdditionalLightsShadowCasterPass.cs
 0.2 kb	 0.0% Packages/com.unity.render-pipelines.universal/Runtime/Passes/AdditionalLightsShadowAtlasLayout.cs
 0.2 kb	 0.0% Packages/com.unity.render-pipelines.core/Runtime/Stripping/RenderPipelineGraphicsSettingsStripperReport.cs
 0.2 kb	 0.0% Packages/com.unity.render-pipelines.core/Runtime/RenderGraph/Compiler/NativePassCompiler.Debug.cs
 0.2 kb	 0.0% Packages/com.unity.render-pipelines.core/Runtime/GPUDriven/OcclusionCullingCommonShaderVariables.cs
 0.2 kb	 0.0% Packages/com.unity.render-pipelines.core/Runtime/GPUDriven/InstanceOcclusionCullerShaderVariables.cs
 0.2 kb	 0.0% Packages/com.unity.render-pipelines.universal/Runtime/2D/CinemachineUniversalPixelPerfect.cs
 0.2 kb	 0.0% Packages/com.unity.render-pipelines.core/Runtime/Stripping/RenderPipelineGraphicsSettingsStripper.cs
 0.2 kb	 0.0% Packages/com.unity.render-pipelines.core/Runtime/RenderPipeline/RenderPipelineGraphicsSettingsContainer.cs
 0.2 kb	 0.0% Packages/com.unity.render-pipelines.core/Runtime/RenderGraph/Compiler/NativePassCompiler.cs
 0.2 kb	 0.0% Packages/com.unity.render-pipelines.core/Runtime/RenderGraph/Compiler/CompilerContextData.cs
 0.2 kb	 0.0% Packages/com.unity.render-pipelines.core/Runtime/Common/IVirtualTexturingEnabledRenderPipeline.cs
 0.2 kb	 0.0% Packages/com.unity.mathematics/Unity.Mathematics/Il2CppEagerStaticClassConstructionAttribute.cs
 0.2 kb	 0.0% Packages/com.unity.addressables/Runtime/ResourceManager/ResourceProviders/Simulation/VirtualBundledAssetProvider.cs
 0.2 kb	 0.0% Packages/com.unity.addressables/Runtime/ResourceManager/ResourceProviders/Simulation/VirtualAssetBundleProvider.cs
 0.2 kb	 0.0% Packages/com.unity.render-pipelines.universal/Runtime/VolumeRequiresRendererFeatures.cs
 0.2 kb	 0.0% Packages/com.unity.render-pipelines.universal/Runtime/UniversalAdditionalCameraData.cs
 0.2 kb	 0.0% Packages/com.unity.render-pipelines.universal/Runtime/Settings/URPDefaultVolumeProfileSetting.cs
 0.2 kb	 0.0% Packages/com.unity.render-pipelines.universal/Runtime/RendererFeatures/FullScreenPassRendererFeature.cs
 0.2 kb	 0.0% Packages/com.unity.render-pipelines.universal/Runtime/RendererFeatures/DisallowMultipleRendererFeature.cs
 0.2 kb	 0.0% Packages/com.unity.render-pipelines.universal/Runtime/RenderGraph/RenderGraphGraphicsAutomatedTests.cs
 0.2 kb	 0.0% Packages/com.unity.render-pipelines.universal/Runtime/Passes/ScreenSpaceAmbientOcclusionPass.cs
 0.2 kb	 0.0% Packages/com.unity.render-pipelines.universal/Runtime/Passes/MainLightShadowCasterPass.cs
 0.2 kb	 0.0% Packages/com.unity.render-pipelines.universal/Runtime/Passes/InvokeOnRenderObjectCallbackPass.cs
 0.2 kb	 0.0% Packages/com.unity.render-pipelines.universal/Runtime/Decal/Entities/DecalUpdateCullingGroupSystem.cs
 0.2 kb	 0.0% Packages/com.unity.render-pipelines.universal/Runtime/Debug/DebugDisplaySettingsRendering.cs
 0.2 kb	 0.0% Packages/com.unity.render-pipelines.core/Runtime/RenderGraph/RenderGraphUtilsResources.cs
 0.2 kb	 0.0% Packages/com.unity.render-pipelines.core/Runtime/Lighting/ProbeVolume/ProbeReferenceVolume.ReflProbeNormalization.cs
 0.2 kb	 0.0% Packages/com.unity.render-pipelines.core/Runtime/GPUDriven/OcclusionCullingDebugShaderVariables.cs
 0.2 kb	 0.0% Packages/com.unity.addressables/Runtime/ResourceManager/ResourceProviders/BinaryCatalogInitializationData.cs
 0.2 kb	 0.0% Packages/com.unity.render-pipelines.universal/Runtime/UniversalRenderPipelineRenderGraph.cs
 0.2 kb	 0.0% Packages/com.unity.render-pipelines.universal/Runtime/2D/Shadows/ShadowCasterGroup2DManager.cs
 0.2 kb	 0.0% Packages/com.unity.render-pipelines.universal/Runtime/2D/Rendergraph/CopyCameraSortingLayerPass.cs
 0.2 kb	 0.0% Packages/com.unity.render-pipelines.universal/Runtime/2D/RendererFeatures/ScriptableRenderPass2D.cs
 0.2 kb	 0.0% Packages/com.unity.render-pipelines.universal/Runtime/2D/PixelPerfectCameraInternal.cs
 0.2 kb	 0.0% Packages/com.unity.render-pipelines.core/Runtime/Vrs/VrsRenderPipelineRuntimeResources.cs
 0.2 kb	 0.0% Packages/com.unity.render-pipelines.core/Runtime/Settings/RenderingDebuggerRuntimeResources.cs
 0.2 kb	 0.0% Packages/com.unity.render-pipelines.core/Runtime/RenderPipeline/RenderPipelineGlobalSettingsUtils.cs
 0.2 kb	 0.0% Packages/com.unity.render-pipelines.core/Runtime/RenderGraph/RenderGraphResourceRegistry.cs
 0.2 kb	 0.0% Packages/com.unity.render-pipelines.core/Runtime/RenderGraph/RenderGraphDefaultResources.cs
 0.2 kb	 0.0% Packages/com.unity.render-pipelines.core/Runtime/RenderGraph/Compiler/ResourcesData.cs
 0.2 kb	 0.0% Packages/com.unity.render-pipelines.core/Runtime/Lighting/ProbeVolume/ProbeVolumeConstantRuntimeResources.cs
 0.2 kb	 0.0% Packages/com.unity.render-pipelines.core/Runtime/Lighting/ProbeVolume/ProbeVolumeBakingSetWeakReference.cs
 0.2 kb	 0.0% Packages/com.unity.render-pipelines.core/Runtime/Lighting/ProbeVolume/IProbeVolumeEnabledRenderPipeline.cs
 0.2 kb	 0.0% Packages/com.unity.render-pipelines.core/Runtime/Debugging/Prefabs/Scripts/DebugUIHandlerRenderingLayerField.cs
 0.2 kb	 0.0% Packages/com.unity.addressables/Runtime/Initialization/InitializationObjectsOperation.cs
 0.2 kb	 0.0% Packages/com.unity.render-pipelines.universal/Runtime/UniversalAdditionalLightData.cs
 0.2 kb	 0.0% Packages/com.unity.render-pipelines.universal/Runtime/Tiling/ReflectionProbeMinMaxZJob.cs
 0.2 kb	 0.0% Packages/com.unity.render-pipelines.universal/Runtime/Settings/URPShaderStrippingSetting.cs
 0.2 kb	 0.0% Packages/com.unity.render-pipelines.universal/Runtime/ScriptableRendererFeature.cs
 0.2 kb	 0.0% Packages/com.unity.render-pipelines.universal/Runtime/RendererFeatures/ScreenSpaceAmbientOcclusion.cs
 0.2 kb	 0.0% Packages/com.unity.render-pipelines.universal/Runtime/RendererFeatures/OnTilePostProcessResource.cs
 0.2 kb	 0.0% Packages/com.unity.render-pipelines.universal/Runtime/RenderTargetBufferSystem.cs
 0.2 kb	 0.0% Packages/com.unity.render-pipelines.universal/Runtime/RenderPipelineResources/UniversalRendererResources.cs
 0.2 kb	 0.0% Packages/com.unity.render-pipelines.universal/Runtime/Passes/StencilCrossFadeRenderPass.cs
 0.2 kb	 0.0% Packages/com.unity.render-pipelines.universal/Runtime/Passes/PostProcessPassRenderGraph.cs
 0.2 kb	 0.0% Packages/com.unity.render-pipelines.universal/Runtime/Overrides/ShadowsMidtonesHighlights.cs
 0.2 kb	 0.0% Packages/com.unity.render-pipelines.universal/Runtime/FrameData/UniversalPostProcessingData.cs
 0.2 kb	 0.0% Packages/com.unity.render-pipelines.universal/Runtime/Decal/ScreenSpace/DecalScreenSpaceRenderPass.cs
 0.2 kb	 0.0% Packages/com.unity.render-pipelines.universal/Runtime/Decal/Entities/DecalCreateDrawCallSystem.cs
 0.2 kb	 0.0% Packages/com.unity.render-pipelines.universal/Runtime/Debug/DebugDisplaySettingsMaterial.cs
 0.2 kb	 0.0% Packages/com.unity.render-pipelines.universal/Runtime/Debug/DebugDisplaySettingsLighting.cs
 0.2 kb	 0.0% Packages/com.unity.render-pipelines.universal/Runtime/Debug/DebugDisplaySettingsCommon.cs
 0.2 kb	 0.0% Packages/com.unity.render-pipelines.universal/Runtime/Data/UniversalRenderPipelineAsset.cs
 0.2 kb	 0.0% Packages/com.unity.render-pipelines.core/Runtime/RenderGraph/RenderGraphResourceRendererList.cs
 0.2 kb	 0.0% Packages/com.unity.render-pipelines.core/Runtime/RenderGraph/Compiler/PassesData.cs
 0.2 kb	 0.0% Packages/com.unity.render-pipelines.core/Runtime/GPUDriven/OccluderDepthPyramidConstants.cs
 0.2 kb	 0.0% Packages/com.unity.render-pipelines.core/Runtime/GPUDriven/Debug/DebugDisplayGPUResidentDrawer.cs
 0.2 kb	 0.0% Packages/com.unity.collections/Unity.Collections/GenerateTestsForBurstCompatibilityAttribute.cs
 0.2 kb	 0.0% Packages/com.unity.addressables/Runtime/Initialization/AddressablesRuntimeProperties.cs
 0.2 kb	 0.0% Packages/com.unity.scriptablebuildpipeline/Runtime/CompatibilityAssetBundleManifest.cs
 0.2 kb	 0.0% Packages/com.unity.render-pipelines.universal/Runtime/UniversalRenderPipelineCore.cs
 0.2 kb	 0.0% Packages/com.unity.render-pipelines.universal/Runtime/FrameData/UniversalResourceBase.cs
 0.2 kb	 0.0% Packages/com.unity.render-pipelines.universal/Runtime/2D/URP2D_GraphicsExtensions.cs
 0.2 kb	 0.0% Packages/com.unity.render-pipelines.universal/Runtime/2D/Shadows/ShadowProvider/ShadowShape2DProvider.cs
 0.2 kb	 0.0% Packages/com.unity.render-pipelines.universal/Runtime/2D/Shadows/CompositeShadowCaster2D.cs
 0.2 kb	 0.0% Packages/com.unity.render-pipelines.core/Runtime/Utilities/CoreRenderPipelinePreferences.cs
 0.2 kb	 0.0% Packages/com.unity.render-pipelines.core/Runtime/Settings/IDefaultVolumeProfileSettings.cs
 0.2 kb	 0.0% Packages/com.unity.render-pipelines.core/Runtime/RenderGraph/RenderGraphResourcePool.cs
 0.2 kb	 0.0% Packages/com.unity.render-pipelines.core/Runtime/RenderGraph/RenderGraphObjectPool.cs
 0.2 kb	 0.0% Packages/com.unity.render-pipelines.core/Runtime/RenderGraph/Debug/RenderGraphDebugSession.cs
 0.2 kb	 0.0% Packages/com.unity.render-pipelines.core/Runtime/RenderGraph/Debug/RenderGraphDebugParams.cs
 0.2 kb	 0.0% Packages/com.unity.render-pipelines.core/Runtime/RenderGraph/Debug/RenderGraph.DebugDataSerialization.cs
 0.2 kb	 0.0% Packages/com.unity.render-pipelines.core/Runtime/RenderGraph/Debug/DebugDisplaySettingsRenderGraph.cs
 0.2 kb	 0.0% Packages/com.unity.render-pipelines.core/Runtime/Lighting/ProbeVolume/ProbeVolumeBakingProcessSettings.cs
 0.2 kb	 0.0% Packages/com.unity.render-pipelines.core/Runtime/Debugging/Prefabs/Scripts/DebugUIHandlerPersistentCanvas.cs
 0.2 kb	 0.0% Packages/com.unity.render-pipelines.core/Runtime/Debugging/Prefabs/Scripts/DebugUIHandlerObjectPopupField.cs
 0.2 kb	 0.0% Packages/com.unity.render-pipelines.core/Runtime/Debugging/Prefabs/Scripts/DebugUIHandlerIndirectFloatField.cs
 0.2 kb	 0.0% Packages/com.unity.render-pipelines.core/Runtime/Debugging/DebugDisplaySettingsHDROutput.cs
 0.2 kb	 0.0% Packages/com.unity.render-pipelines.core/Runtime/Common/GlobalDynamicResolutionSettings.cs
 0.2 kb	 0.0% Packages/com.unity.inputsystem/InputSystem/Editor/UITKAssetEditor/Views/CompositePartBindingPropertiesView.cs
 0.2 kb	 0.0% Packages/com.unity.inputsystem/InputSystem/Editor/UITKAssetEditor/Views/CollectionViewSelectionChangeFilter.cs
 0.2 kb	 0.0% Packages/com.unity.inputsystem/InputSystem/Editor/UITKAssetEditor/InputActionsEditorSettingsProvider.cs
 0.2 kb	 0.0% Packages/com.unity.inputsystem/InputSystem/Editor/PropertyDrawers/InputActionReferenceSearchProviders.cs
 0.2 kb	 0.0% Packages/com.unity.inputsystem/InputSystem/Editor/PropertyDrawers/InputActionReferencePropertyDrawer.cs
 0.2 kb	 0.0% Packages/com.unity.inputsystem/InputSystem/Editor/Analytics/InputActionsEditorSessionAnalytic.cs
 0.2 kb	 0.0% Packages/com.unity.inputsystem/InputSystem/Devices/Commands/QueryEditorWindowCoordinatesCommand.cs
 0.2 kb	 0.0% Packages/com.unity.inputsystem/InputSystem/Devices/Commands/InitiateUserAccountPairingCommand.cs
 0.2 kb	 0.0% Packages/com.unity.addressables/Runtime/ResourceManager/ResourceProviders/Simulation/VirtualAssetBundle.cs
 0.2 kb	 0.0% Packages/com.unity.render-pipelines.universal/Runtime/UniversalRendererRenderGraph.cs
 0.2 kb	 0.0% Packages/com.unity.render-pipelines.universal/Runtime/UniversalRendererData.cs
 0.2 kb	 0.0% Packages/com.unity.render-pipelines.universal/Runtime/UniversalRenderPipeline.cs
 0.2 kb	 0.0% Packages/com.unity.render-pipelines.universal/Runtime/UniversalCameraHistory.cs
 0.2 kb	 0.0% Packages/com.unity.render-pipelines.universal/Runtime/Tiling/TileRangeExpansionJob.cs
 0.2 kb	 0.0% Packages/com.unity.render-pipelines.universal/Runtime/SupportedOnRenderer.cs
 0.2 kb	 0.0% Packages/com.unity.render-pipelines.universal/Runtime/Settings/URPTerrainShaderSetting.cs
 0.2 kb	 0.0% Packages/com.unity.render-pipelines.universal/Runtime/Settings/URPReflectionProbeSettings.cs
 0.2 kb	 0.0% Packages/com.unity.render-pipelines.universal/Runtime/ScriptableRendererData.cs
 0.2 kb	 0.0% Packages/com.unity.render-pipelines.universal/Runtime/RendererFeatures/FullScreenPassRendererFeature_OldGUID.cs
 0.2 kb	 0.0% Packages/com.unity.render-pipelines.universal/Runtime/ReflectionProbeManager.cs
 0.2 kb	 0.0% Packages/com.unity.render-pipelines.universal/Runtime/Passes/TransparentSettingsPass.cs
 0.2 kb	 0.0% Packages/com.unity.render-pipelines.universal/Runtime/Passes/MotionVectorRenderPass.cs
 0.2 kb	 0.0% Packages/com.unity.render-pipelines.universal/Runtime/Passes/DrawScreenSpaceUIPass.cs
 0.2 kb	 0.0% Packages/com.unity.render-pipelines.universal/Runtime/Passes/DepthNormalOnlyPass.cs
 0.2 kb	 0.0% Packages/com.unity.render-pipelines.universal/Runtime/Passes/ColorGradingLutPass.cs
 0.2 kb	 0.0% Packages/com.unity.render-pipelines.universal/Runtime/NormalReconstruction.cs
 0.2 kb	 0.0% Packages/com.unity.render-pipelines.universal/Runtime/FrameData/UniversalResourceData.cs
 0.2 kb	 0.0% Packages/com.unity.render-pipelines.universal/Runtime/FrameData/UniversalRenderingData.cs
 0.2 kb	 0.0% Packages/com.unity.render-pipelines.universal/Runtime/FrameData/Universal2DResourceData.cs
 0.2 kb	 0.0% Packages/com.unity.render-pipelines.universal/Runtime/Decal/ScreenSpace/DecalGBufferRenderPass.cs
 0.2 kb	 0.0% Packages/com.unity.render-pipelines.universal/Runtime/Decal/Entities/DecalUpdateCulledSystem.cs
 0.2 kb	 0.0% Packages/com.unity.render-pipelines.universal/Runtime/Decal/Entities/DecalUpdateCachedSystem.cs
 0.2 kb	 0.0% Packages/com.unity.render-pipelines.universal/Runtime/Decal/Entities/DecalSkipCulledSystem.cs
 0.2 kb	 0.0% Packages/com.unity.render-pipelines.universal/Runtime/Decal/DBuffer/DecalForwardEmissivePass.cs
 0.2 kb	 0.0% Packages/com.unity.render-pipelines.core/Runtime/XR/XRBuiltinShaderConstants.cs
 0.2 kb	 0.0% Packages/com.unity.render-pipelines.core/Runtime/Settings/IDefaultVolumeProfileResource.cs
 0.2 kb	 0.0% Packages/com.unity.render-pipelines.core/Runtime/RenderGraph/RenderGraphResourceTexture.cs
 0.2 kb	 0.0% Packages/com.unity.render-pipelines.core/Runtime/RenderGraph/RenderGraph.ExceptionMessages.cs
 0.2 kb	 0.0% Packages/com.unity.render-pipelines.core/Runtime/RenderGraph/IRenderGraphBuilder.cs
 0.2 kb	 0.0% Packages/com.unity.render-pipelines.core/Runtime/GPUDriven/InstanceCullingBatcherBurst.cs
 0.2 kb	 0.0% Packages/com.unity.render-pipelines.core/Runtime/GPUDriven/IGPUResidentRenderPipeline.cs
 0.2 kb	 0.0% Packages/com.unity.render-pipelines.core/Runtime/GPUDriven/GPUResidentDrawerResources.cs
 0.2 kb	 0.0% Packages/com.unity.render-pipelines.core/Runtime/GPUDriven/Components/DisallowGPUDrivenRendering.cs
 0.2 kb	 0.0% Packages/com.unity.render-pipelines.core/Runtime-PrivateShared/AssemblyInfo.cs
 0.2 kb	 0.0% Packages/com.unity.inputsystem/InputSystem/Plugins/UI/StandaloneInputModuleEditor.cs
 0.2 kb	 0.0% Packages/com.unity.inputsystem/InputSystem/Plugins/UI/InputSystemUIInputModuleEditor.cs
 0.2 kb	 0.0% Packages/com.unity.addressables/Runtime/ResourceManager/ResourceProviders/AssetDatabaseProvider.cs
 0.2 kb	 0.0% Packages/com.unity.addressables/Runtime/ResourceManager/AsyncOperations/UnityWebRequestOperation.cs
 0.2 kb	 0.0% Packages/com.unity.addressables/Runtime/ResourceManager/AsyncOperations/ProviderOperation.cs
 0.2 kb	 0.0% Packages/com.unity.addressables/Runtime/ResourceManager/AsyncOperations/GetDownloadSizeOperation.cs
 0.2 kb	 0.0% Packages/com.unity.addressables/Runtime/Initialization/ResourceManagerRuntimeData.cs
 0.1 kb	 0.0% Packages/com.unity.render-pipelines.universal/Runtime/UniversalRendererDebug.cs
 0.1 kb	 0.0% Packages/com.unity.render-pipelines.universal/Runtime/MotionVectors.cs
 0.1 kb	 0.0% Packages/com.unity.render-pipelines.universal/Runtime/Decal/DecalDrawErrorRenderPass.cs
 0.1 kb	 0.0% Packages/com.unity.render-pipelines.universal/Runtime/2D/Shadows/ShadowProvider/ShapeProviderUtility.cs
 0.1 kb	 0.0% Packages/com.unity.render-pipelines.universal/Runtime/2D/Shadows/ShadowCasterGroup2D.cs
 0.1 kb	 0.0% Packages/com.unity.render-pipelines.universal/Runtime/2D/Rendergraph/GlobalPropertiesPass.cs
 0.1 kb	 0.0% Packages/com.unity.render-pipelines.universal/Runtime/2D/Rendergraph/DrawRenderer2DPass.cs
 0.1 kb	 0.0% Packages/com.unity.render-pipelines.universal/Runtime/2D/PixelPerfectCamera.cs
 0.1 kb	 0.0% Packages/com.unity.render-pipelines.universal/Runtime/2D/Passes/Utility/Light2DLookupTexture.cs
 0.1 kb	 0.0% Packages/com.unity.render-pipelines.universal/Runtime/2D/Light2DCullResult.cs
 0.1 kb	 0.0% Packages/com.unity.render-pipelines.universal/Runtime/2D/Light2DBlendStyle.cs
 0.1 kb	 0.0% Packages/com.unity.render-pipelines.core/Runtime/Utilities/BatchRendererGroupGlobals.cs
 0.1 kb	 0.0% Packages/com.unity.render-pipelines.core/Runtime/Settings/IncludeRenderPipelineAsset.cs
 0.1 kb	 0.0% Packages/com.unity.render-pipelines.core/Runtime/STP/ISTPEnabledRenderPipeline.cs
 0.1 kb	 0.0% Packages/com.unity.render-pipelines.core/Runtime/RenderGraph/RenderGraphUtilsBlit.cs
 0.1 kb	 0.0% Packages/com.unity.render-pipelines.core/Runtime/RenderGraph/RenderGraphResourceBuffer.cs
 0.1 kb	 0.0% Packages/com.unity.render-pipelines.core/Runtime/RenderGraph/RenderGraphGlobalSettings.cs
 0.1 kb	 0.0% Packages/com.unity.render-pipelines.core/Runtime/RenderGraph/RenderGraphBuilders.cs
 0.1 kb	 0.0% Packages/com.unity.render-pipelines.core/Runtime/RenderGraph/RenderGraphBuilder.cs
 0.1 kb	 0.0% Packages/com.unity.render-pipelines.core/Runtime/RenderGraph/IRenderGraphRecorder.cs
 0.1 kb	 0.0% Packages/com.unity.render-pipelines.core/Runtime/RenderGraph/Debug/RenderGraphLogger.cs
 0.1 kb	 0.0% Packages/com.unity.render-pipelines.core/Runtime/RenderGraph/Debug/DebugMessageHandler.cs
 0.1 kb	 0.0% Packages/com.unity.render-pipelines.core/Runtime/Lighting/ProbeVolume/ShaderVariablesProbeVolumes.cs
 0.1 kb	 0.0% Packages/com.unity.render-pipelines.core/Runtime/Lighting/ProbeVolume/ProbeVolumeStreamableAsset.cs
 0.1 kb	 0.0% Packages/com.unity.render-pipelines.core/Runtime/Lighting/ProbeVolume/ProbeVolumeScratchBufferPool.cs
 0.1 kb	 0.0% Packages/com.unity.render-pipelines.core/Runtime/Lighting/ProbeVolume/ProbeVolumeGlobalSettings.cs
 0.1 kb	 0.0% Packages/com.unity.render-pipelines.core/Runtime/GPUDriven/InstanceData/InstanceWindDataUpdateDefs.cs
 0.1 kb	 0.0% Packages/com.unity.render-pipelines.core/Runtime/GPUDriven/InstanceData/InstanceTransformUpdateDefs.cs
 0.1 kb	 0.0% Packages/com.unity.render-pipelines.core/Runtime/GPUDriven/InstanceData/GPUInstanceDataUploader.cs
 0.1 kb	 0.0% Packages/com.unity.render-pipelines.core/Runtime/GPUDriven/GPUResidentDrawerTypes.cs
 0.1 kb	 0.0% Packages/com.unity.render-pipelines.core/Runtime/Debugging/Prefabs/Scripts/DebugUIHandlerToggleHistory.cs
 0.1 kb	 0.0% Packages/com.unity.render-pipelines.core/Runtime/Debugging/Prefabs/Scripts/DebugUIHandlerProgressBar.cs
 0.1 kb	 0.0% Packages/com.unity.render-pipelines.core/Runtime/Debugging/Prefabs/Scripts/DebugUIHandlerIndirectToggle.cs
 0.1 kb	 0.0% Packages/com.unity.render-pipelines.core/Runtime/Debugging/Prefabs/Scripts/DebugUIHandlerEnumHistory.cs
 0.1 kb	 0.0% Packages/com.unity.render-pipelines.core/Runtime/Debugging/IDebugDisplaySettingsQuery.cs
 0.1 kb	 0.0% Packages/com.unity.render-pipelines.core/Runtime/Debugging/IDebugDisplaySettingsPanel.cs
 0.1 kb	 0.0% Packages/com.unity.render-pipelines.core/Runtime/Debugging/IDebugDisplaySettingsData.cs
 0.1 kb	 0.0% Packages/com.unity.render-pipelines.core/Runtime/Debugging/DebugDisplaySettingsVolumes.cs
 0.1 kb	 0.0% Packages/com.unity.render-pipelines.core/Runtime/Debugging/DebugDisplaySettingsPanel.cs
 0.1 kb	 0.0% Packages/com.unity.inputsystem/InputSystem/Editor/UITKAssetEditor/Views/CompositeBindingPropertiesView.cs
 0.1 kb	 0.0% Packages/com.unity.inputsystem/InputSystem/Editor/UITKAssetEditor/InputActionsEditorWindowUtils.cs
 0.1 kb	 0.0% Packages/com.unity.inputsystem/InputSystem/Editor/PropertyDrawers/InputActionAssetSearchProvider.cs
 0.1 kb	 0.0% Packages/com.unity.inputsystem/InputSystem/Editor/ProjectWideActions/ProjectWideActionsBuildProvider.cs
 0.1 kb	 0.0% Packages/com.unity.inputsystem/InputSystem/Editor/Internal/SerializedPropertyLinqExtensions.cs
 0.1 kb	 0.0% Packages/com.unity.inputsystem/InputSystem/Editor/Internal/InputActionSerializationHelpers.cs
 0.1 kb	 0.0% Packages/com.unity.inputsystem/InputSystem/Editor/EditorInputControlLayoutCache.cs
 0.1 kb	 0.0% Packages/com.unity.inputsystem/InputSystem/Editor/ControlPicker/Layouts/TouchscreenControlPickerLayout.cs
 0.1 kb	 0.0% Packages/com.unity.inputsystem/InputSystem/Editor/ControlPicker/Layouts/DefaultInputControlPickerLayout.cs
 0.1 kb	 0.0% Packages/com.unity.inputsystem/InputSystem/Editor/Analytics/VirtualMouseInputEditorAnalytic.cs
 0.1 kb	 0.0% Packages/com.unity.inputsystem/InputSystem/Editor/Analytics/PlayerInputManagerEditorAnalytic.cs
 0.1 kb	 0.0% Packages/com.unity.inputsystem/InputSystem/Devices/Commands/QuerySamplingFrequencyCommand.cs
 0.1 kb	 0.0% Packages/com.unity.inputsystem/InputSystem/Devices/Commands/QueryPairedUserAccountCommand.cs
 0.1 kb	 0.0% Packages/com.unity.addressables/Runtime/ResourceProviders/ContentCatalogProvider.cs
 0.1 kb	 0.0% Packages/com.unity.render-pipelines.universal/Runtime/XR/XRSystemUniversal.cs
 0.1 kb	 0.0% Packages/com.unity.render-pipelines.universal/Runtime/UniversalRenderer.cs
 0.1 kb	 0.0% Packages/com.unity.render-pipelines.universal/Runtime/SpaceFillingCurves.cs
 0.1 kb	 0.0% Packages/com.unity.render-pipelines.universal/Runtime/Settings/RenderGraphSettings.cs
 0.1 kb	 0.0% Packages/com.unity.render-pipelines.universal/Runtime/ScriptableRenderer.cs
 0.1 kb	 0.0% Packages/com.unity.render-pipelines.universal/Runtime/SceneViewDrawMode.cs
 0.1 kb	 0.0% Packages/com.unity.render-pipelines.universal/Runtime/RenderingLayerUtils.cs
 0.1 kb	 0.0% Packages/com.unity.render-pipelines.universal/Runtime/RendererFeatures/ScreenSpaceShadows.cs
 0.1 kb	 0.0% Packages/com.unity.render-pipelines.universal/Runtime/RendererFeatures/DecalRendererFeature.cs
 0.1 kb	 0.0% Packages/com.unity.render-pipelines.universal/Runtime/RenderTargetHandle.cs
 0.1 kb	 0.0% Packages/com.unity.render-pipelines.universal/Runtime/RenderPipelineResources/Renderer2DResources.cs
 0.1 kb	 0.0% Packages/com.unity.render-pipelines.universal/Runtime/Passes/ScriptableRenderPass.cs
 0.1 kb	 0.0% Packages/com.unity.render-pipelines.universal/Runtime/Passes/RenderObjectsPass.cs
 0.1 kb	 0.0% Packages/com.unity.render-pipelines.universal/Runtime/Passes/ProbeVolumeDebugPass.cs
 0.1 kb	 0.0% Packages/com.unity.render-pipelines.universal/Runtime/Passes/FinalBlitPass.cs
 0.1 kb	 0.0% Packages/com.unity.render-pipelines.universal/Runtime/Passes/DrawObjectsPass.cs
 0.1 kb	 0.0% Packages/com.unity.render-pipelines.universal/Runtime/Passes/DepthOnlyPass.cs
 0.1 kb	 0.0% Packages/com.unity.render-pipelines.universal/Runtime/Passes/CopyDepthPass.cs
 0.1 kb	 0.0% Packages/com.unity.render-pipelines.universal/Runtime/Passes/CopyColorPass.cs
 0.1 kb	 0.0% Packages/com.unity.render-pipelines.universal/Runtime/Overrides/ScreenSpaceLensFlare.cs
 0.1 kb	 0.0% Packages/com.unity.render-pipelines.universal/Runtime/Overrides/ChromaticAberration.cs
 0.1 kb	 0.0% Packages/com.unity.render-pipelines.universal/Runtime/LightCookieManager.cs
 0.1 kb	 0.0% Packages/com.unity.render-pipelines.universal/Runtime/History/SingleHistoryBase.cs
 0.1 kb	 0.0% Packages/com.unity.render-pipelines.universal/Runtime/FrameData/UniversalShadowData.cs
 0.1 kb	 0.0% Packages/com.unity.render-pipelines.universal/Runtime/FrameData/UniversalLightData.cs
 0.1 kb	 0.0% Packages/com.unity.render-pipelines.universal/Runtime/FrameData/UniversalCameraData.cs
 0.1 kb	 0.0% Packages/com.unity.render-pipelines.universal/Runtime/ForwardRendererData.cs
 0.1 kb	 0.0% Packages/com.unity.render-pipelines.universal/Runtime/ForwardLights.cs
 0.1 kb	 0.0% Packages/com.unity.render-pipelines.universal/Runtime/DeferredLights.cs
 0.1 kb	 0.0% Packages/com.unity.render-pipelines.universal/Runtime/Decal/Entities/DecalEntityManager.cs
 0.1 kb	 0.0% Packages/com.unity.render-pipelines.universal/Runtime/Decal/DecalShaderPassNames.cs
 0.1 kb	 0.0% Packages/com.unity.render-pipelines.universal/Runtime/Decal/DBuffer/DBufferRenderPass.cs
 0.1 kb	 0.0% Packages/com.unity.render-pipelines.universal/Runtime/Decal/DBuffer/DBufferDepthCopyPass.cs
 0.1 kb	 0.0% Packages/com.unity.render-pipelines.universal/Runtime/2D/Rendergraph/Renderer2DRendergraph.cs
 0.1 kb	 0.0% Packages/com.unity.render-pipelines.core/Runtime/RenderGraph/RenderGraphResources.cs
 0.1 kb	 0.0% Packages/com.unity.render-pipelines.core/Runtime/RenderGraph/Debug/RenderGraph.DebugData.cs
 0.1 kb	 0.0% Packages/com.unity.render-pipelines.core/Runtime/Lighting/ProbeVolume/ProbeReferenceVolume.Streaming.cs
 0.1 kb	 0.0% Packages/com.unity.render-pipelines.core/Runtime/Lighting/ProbeVolume/ProbeReferenceVolume.Debug.cs
 0.1 kb	 0.0% Packages/com.unity.render-pipelines.core/Runtime/GPUDriven/Utilities/ParallelSortExtensions.cs
 0.1 kb	 0.0% Packages/com.unity.render-pipelines.core/Runtime/GPUDriven/RenderersBatchersContext.cs
 0.1 kb	 0.0% Packages/com.unity.render-pipelines.core/Runtime/GPUDriven/OcclusionCullingCommon.cs
 0.1 kb	 0.0% Packages/com.unity.render-pipelines.core/Runtime/GPUDriven/LODGroupDataPoolBurst.cs
 0.1 kb	 0.0% Packages/com.unity.render-pipelines.core/Runtime/GPUDriven/InstanceData/InstanceDataSystemBurst.cs
 0.1 kb	 0.0% Packages/com.unity.render-pipelines.core/Runtime/GPUDriven/InstanceData/GPUInstanceDataBuffer.cs
 0.1 kb	 0.0% Packages/com.unity.render-pipelines.core/Runtime/GPUDriven/InstanceCullingBatcher.cs
 0.1 kb	 0.0% Packages/com.unity.render-pipelines.core/Runtime/GPUDriven/GPUResidentDrawerDebug.cs
 0.1 kb	 0.0% Packages/com.unity.render-pipelines.core/Runtime/GPUDriven/GPUResidentDrawerBurst.cs
 0.1 kb	 0.0% Packages/com.unity.render-pipelines.core/Runtime/GPUDriven/GPUResidentDrawer.Validator.cs
 0.1 kb	 0.0% Packages/com.unity.render-pipelines.core/Runtime/GPUDriven/GPUResidentBatcher.SpeedTree.cs
 0.1 kb	 0.0% Packages/com.unity.render-pipelines.core/Runtime/GPUDriven/Components/DisallowSmallMeshCulling.cs
 0.1 kb	 0.0% Packages/com.unity.inputsystem/InputSystem/Utilities/DisplayStringFormatAttribute.cs
 0.1 kb	 0.0% Packages/com.unity.inputsystem/InputSystem/Plugins/XR/Haptics/SendBufferedHapticsCommand.cs
 0.1 kb	 0.0% Packages/com.unity.inputsystem/InputSystem/Plugins/XR/Haptics/GetHapticCapabilitiesCommand.cs
 0.1 kb	 0.0% Packages/com.unity.inputsystem/InputSystem/Plugins/XR/Haptics/GetCurrentHapticStateCommand.cs
 0.1 kb	 0.0% Packages/com.unity.inputsystem/InputSystem/Plugins/UI/ExtendedSubmitCancelEventData.cs
 0.1 kb	 0.0% Packages/com.unity.inputsystem/InputSystem/Plugins/Android/AndroidGameController.cs
 0.1 kb	 0.0% Packages/com.unity.inputsystem/InputSystem/Controls/Processors/NormalizeVector3Processor.cs
 0.1 kb	 0.0% Packages/com.unity.inputsystem/InputSystem/Controls/Processors/NormalizeVector2Processor.cs
 0.1 kb	 0.0% Packages/com.unity.inputsystem/InputSystem/Controls/Processors/EditorWindowSpaceProcessor.cs
 0.1 kb	 0.0% Packages/com.unity.inputsystem/InputSystem/Controls/Processors/CompensateRotationProcessor.cs
 0.1 kb	 0.0% Packages/com.unity.inputsystem/InputSystem/Controls/Processors/CompensateDirectionProcessor.cs
 0.1 kb	 0.0% Packages/com.unity.collections/Unity.Collections/UnsafeParallelHashSetExtensions.gen.cs
 0.1 kb	 0.0% Packages/com.unity.collections/Unity.Collections/UnsafeParallelHashMap.cs
 0.1 kb	 0.0% Packages/com.unity.addressables/Runtime/ResourceManager/ResourceProviders/ResourceProviderBase.cs
 0.1 kb	 0.0% Packages/com.unity.addressables/Runtime/ResourceManager/ResourceProviders/JSONAssetProvider.cs
 0.1 kb	 0.0% Packages/com.unity.addressables/Runtime/ResourceManager/ResourceProviders/IResourceProvider.cs
 0.1 kb	 0.0% Packages/com.unity.addressables/Runtime/ResourceManager/ResourceProviders/IInstanceProvider.cs
 0.1 kb	 0.0% Packages/com.unity.addressables/Runtime/ResourceManager/ResourceProviders/BundledAssetProvider.cs
 0.1 kb	 0.0% Packages/com.unity.addressables/Runtime/ResourceManager/ResourceProviders/BinaryDataProvider.cs
 0.1 kb	 0.0% Packages/com.unity.addressables/Runtime/ResourceManager/ResourceProviders/AtlasSpriteProvider.cs
 0.1 kb	 0.0% Packages/com.unity.addressables/Runtime/ResourceManager/ResourceProviders/AssetBundleProvider.cs
 0.1 kb	 0.0% Packages/com.unity.addressables/Runtime/ResourceManager/ResourceLocations/ResourceLocationBase.cs
 0.1 kb	 0.0% Packages/com.unity.addressables/Runtime/ResourceManager/ResourceLocations/IResourceLocation.cs
 0.1 kb	 0.0% Packages/com.unity.addressables/Runtime/ResourceManager/ResourceLocations/ILocationSizeData.cs
 0.1 kb	 0.0% Packages/com.unity.addressables/Runtime/ResourceManager/AsyncOperations/AsyncOperationHandle.cs
 0.1 kb	 0.0% Packages/com.unity.addressables/Runtime/Initialization/InitializationOperation.cs
 0.1 kb	 0.0% Packages/com.unity.render-pipelines.universal/Runtime/RTHandleUtils.cs
 0.1 kb	 0.0% Packages/com.unity.render-pipelines.universal/Runtime/Documentation.cs
 0.1 kb	 0.0% Packages/com.unity.render-pipelines.universal/Runtime/2D/UTess2D/Tessellator.cs
 0.1 kb	 0.0% Packages/com.unity.render-pipelines.universal/Runtime/2D/UTess2D/PlanarGraph.cs
 0.1 kb	 0.0% Packages/com.unity.render-pipelines.universal/Runtime/2D/Shadows/ShadowRendering.cs
 0.1 kb	 0.0% Packages/com.unity.render-pipelines.universal/Runtime/2D/Shadows/ShadowProvider/ShadowUtility.cs
 0.1 kb	 0.0% Packages/com.unity.render-pipelines.universal/Runtime/2D/Shadows/ShadowProvider/ShadowShape2D.cs
 0.1 kb	 0.0% Packages/com.unity.render-pipelines.universal/Runtime/2D/Shadows/ShadowProvider/EdgeDictionary.cs
 0.1 kb	 0.0% Packages/com.unity.render-pipelines.universal/Runtime/2D/Shadows/ShadowCaster2D.cs
 0.1 kb	 0.0% Packages/com.unity.render-pipelines.universal/Runtime/2D/Rendergraph/DrawShadow2DPass.cs
 0.1 kb	 0.0% Packages/com.unity.render-pipelines.universal/Runtime/2D/Rendergraph/DrawNormal2DPass.cs
 0.1 kb	 0.0% Packages/com.unity.render-pipelines.universal/Runtime/2D/Rendergraph/DrawLight2DPass.cs
 0.1 kb	 0.0% Packages/com.unity.render-pipelines.universal/Runtime/2D/Renderer2DData.cs
 0.1 kb	 0.0% Packages/com.unity.render-pipelines.universal/Runtime/2D/Passes/Utility/RendererLighting.cs
 0.1 kb	 0.0% Packages/com.unity.render-pipelines.universal/Runtime/2D/Light2DManager.cs
 0.1 kb	 0.0% Packages/com.unity.render-pipelines.universal-config/Runtime/ShaderConfig.cs
 0.1 kb	 0.0% Packages/com.unity.render-pipelines.core/Runtime/XR/XRGraphicsAutomatedTests.cs
 0.1 kb	 0.0% Packages/com.unity.render-pipelines.core/Runtime/Textures/PowerOfTwoTextureAtlas.cs
 0.1 kb	 0.0% Packages/com.unity.render-pipelines.core/Runtime/Textures/BufferedRTHandleSystem.cs
 0.1 kb	 0.0% Packages/com.unity.render-pipelines.core/Runtime/Settings/ShaderStrippingSetting.cs
 0.1 kb	 0.0% Packages/com.unity.render-pipelines.core/Runtime/Settings/LightmapSamplingSettings.cs
 0.1 kb	 0.0% Packages/com.unity.render-pipelines.core/Runtime/Sampling/SamplingResources.cs
 0.1 kb	 0.0% Packages/com.unity.render-pipelines.core/Runtime/RenderPipeline/RenderPipelineResources.cs
 0.1 kb	 0.0% Packages/com.unity.render-pipelines.core/Runtime/RenderGraph/RenderGraphPass.cs
 0.1 kb	 0.0% Packages/com.unity.render-pipelines.core/Runtime/RenderGraph/RenderGraph.Compiler.cs
 0.1 kb	 0.0% Packages/com.unity.render-pipelines.core/Runtime/PostProcessing/LensFlareComponentSRP.cs
 0.1 kb	 0.0% Packages/com.unity.render-pipelines.core/Runtime/PostProcessing/IPostProcessComponent.cs
 0.1 kb	 0.0% Packages/com.unity.render-pipelines.core/Runtime/Lighting/ProbeVolume/ProbeVolumePositioning.cs
 0.1 kb	 0.0% Packages/com.unity.render-pipelines.core/Runtime/Lighting/ProbeVolume/ProbeVolumePerSceneData.cs
 0.1 kb	 0.0% Packages/com.unity.render-pipelines.core/Runtime/Lighting/ProbeVolume/ProbeReferenceVolume.Binding.cs
 0.1 kb	 0.0% Packages/com.unity.render-pipelines.core/Runtime/Lighting/ProbeVolume/ProbeAdjustmentVolume.cs
 0.1 kb	 0.0% Packages/com.unity.render-pipelines.core/Runtime/GPUDriven/InstanceOcclusionCuller.cs
 0.1 kb	 0.0% Packages/com.unity.render-pipelines.core/Runtime/GPUDriven/InstanceData/InstanceDataSystem.Jobs.cs
 0.1 kb	 0.0% Packages/com.unity.render-pipelines.core/Runtime/Debugging/ShaderDebugPrintManager.cs
 0.1 kb	 0.0% Packages/com.unity.render-pipelines.core/Runtime/Debugging/Prefabs/Scripts/DebugUIHandlerVector4.cs
 0.1 kb	 0.0% Packages/com.unity.render-pipelines.core/Runtime/Debugging/Prefabs/Scripts/DebugUIHandlerVector3.cs
 0.1 kb	 0.0% Packages/com.unity.render-pipelines.core/Runtime/Debugging/Prefabs/Scripts/DebugUIHandlerVector2.cs
 0.1 kb	 0.0% Packages/com.unity.render-pipelines.core/Runtime/Debugging/Prefabs/Scripts/DebugUIHandlerValueTuple.cs
 0.1 kb	 0.0% Packages/com.unity.render-pipelines.core/Runtime/Debugging/Prefabs/Scripts/DebugUIHandlerUIntField.cs
 0.1 kb	 0.0% Packages/com.unity.render-pipelines.core/Runtime/Debugging/Prefabs/Scripts/DebugUIHandlerObjectList.cs
 0.1 kb	 0.0% Packages/com.unity.render-pipelines.core/Runtime/Debugging/Prefabs/Scripts/DebugUIHandlerMessageBox.cs
 0.1 kb	 0.0% Packages/com.unity.render-pipelines.core/Runtime/Debugging/Prefabs/Scripts/DebugUIHandlerIntField.cs
 0.1 kb	 0.0% Packages/com.unity.render-pipelines.core/Runtime/Debugging/Prefabs/Scripts/DebugUIHandlerFoldout.cs
 0.1 kb	 0.0% Packages/com.unity.render-pipelines.core/Runtime/Debugging/Prefabs/Scripts/DebugUIHandlerFloatField.cs
 0.1 kb	 0.0% Packages/com.unity.render-pipelines.core/Runtime/Debugging/Prefabs/Scripts/DebugUIHandlerEnumField.cs
 0.1 kb	 0.0% Packages/com.unity.render-pipelines.core/Runtime/Debugging/Prefabs/Scripts/DebugUIHandlerContainer.cs
 0.1 kb	 0.0% Packages/com.unity.render-pipelines.core/Runtime/Debugging/Prefabs/Scripts/DebugUIHandlerBitField.cs
 0.1 kb	 0.0% Packages/com.unity.render-pipelines.core/Runtime/Debugging/IDebugDisplaySettings.cs
 0.1 kb	 0.0% Packages/com.unity.render-pipelines.core/Runtime/Debugging/DebugDisplaySettingsUI.cs
 0.1 kb	 0.0% Packages/com.unity.render-pipelines.core/Runtime/Common/RemoveRange.Extensions.cs
 0.1 kb	 0.0% Packages/com.unity.render-pipelines.core/Runtime/Common/DynamicResolutionHandler.cs
 0.1 kb	 0.0% Packages/com.unity.render-pipelines.core/Runtime/CommandBuffers/IComputeCommandBuffer.cs
 0.1 kb	 0.0% Packages/com.unity.render-pipelines.core/Runtime/Camera/CameraHistory.cs
 0.1 kb	 0.0% Packages/com.unity.inputsystem/InputSystem/State/IInputStateCallbackReceiver.cs
 0.1 kb	 0.0% Packages/com.unity.inputsystem/InputSystem/Plugins/InputForUI/InputSystemProvider.cs
 0.1 kb	 0.0% Packages/com.unity.inputsystem/InputSystem/Plugins/DualShock/DualShockGamepadHID.cs
 0.1 kb	 0.0% Packages/com.unity.inputsystem/InputSystem/Editor/UITKAssetEditor/Views/NameAndParametersListView.cs
 0.1 kb	 0.0% Packages/com.unity.inputsystem/InputSystem/Editor/UITKAssetEditor/Views/InputActionMapsTreeViewItem.cs
 0.1 kb	 0.0% Packages/com.unity.inputsystem/InputSystem/Editor/UITKAssetEditor/InputActionsEditorConstants.cs
 0.1 kb	 0.0% Packages/com.unity.inputsystem/InputSystem/Editor/Settings/InputSettingsBuildProvider.cs
 0.1 kb	 0.0% Packages/com.unity.inputsystem/InputSystem/Editor/Settings/EditorPlayerSettingHelpers.cs
 0.1 kb	 0.0% Packages/com.unity.inputsystem/InputSystem/Editor/PropertyDrawers/InputActionPropertyDrawer.cs
 0.1 kb	 0.0% Packages/com.unity.inputsystem/InputSystem/Editor/PropertyDrawers/GamepadButtonPropertyDrawer.cs
 0.1 kb	 0.0% Packages/com.unity.inputsystem/InputSystem/Editor/Internal/SerializedPropertyHelpers.cs
 0.1 kb	 0.0% Packages/com.unity.inputsystem/InputSystem/Editor/Internal/AdvancedDropdown/AdvancedDropdownDataSource.cs
 0.1 kb	 0.0% Packages/com.unity.inputsystem/InputSystem/Editor/InputSystemPackageControl.cs
 0.1 kb	 0.0% Packages/com.unity.inputsystem/InputSystem/Editor/Debugger/SampleFrequencyCalculator.cs
 0.1 kb	 0.0% Packages/com.unity.inputsystem/InputSystem/Editor/Debugger/InputDeviceDebuggerWindow.cs
 0.1 kb	 0.0% Packages/com.unity.inputsystem/InputSystem/Editor/Debugger/InputActionDebuggerWindow.cs
 0.1 kb	 0.0% Packages/com.unity.inputsystem/InputSystem/Editor/ControlPicker/InputControlPickerDropdown.cs
 0.1 kb	 0.0% Packages/com.unity.inputsystem/InputSystem/Editor/ControlPicker/IInputControlPickerLayout.cs
 0.1 kb	 0.0% Packages/com.unity.inputsystem/InputSystem/Editor/AssetImporter/InputActionImporterEditor.cs
 0.1 kb	 0.0% Packages/com.unity.inputsystem/InputSystem/Editor/AssetImporter/InputActionAssetIconLoader.cs
 0.1 kb	 0.0% Packages/com.unity.inputsystem/InputSystem/Editor/AssetEditor/InputBindingPropertiesView.cs
 0.1 kb	 0.0% Packages/com.unity.inputsystem/InputSystem/Editor/AssetEditor/InputActionPropertiesView.cs
 0.1 kb	 0.0% Packages/com.unity.inputsystem/InputSystem/Editor/Analytics/PlayerInputEditorAnalytic.cs
 0.1 kb	 0.0% Packages/com.unity.inputsystem/InputSystem/Editor/Analytics/OnScreenStickEditorAnalytic.cs
 0.1 kb	 0.0% Packages/com.unity.inputsystem/InputSystem/Editor/Analytics/InputExitPlayModeAnalytic.cs
 0.1 kb	 0.0% Packages/com.unity.inputsystem/InputSystem/Editor/Analytics/InputComponentEditorAnalytic.cs
 0.1 kb	 0.0% Packages/com.unity.inputsystem/InputSystem/Devices/IInputUpdateCallbackReceiver.cs
 0.1 kb	 0.0% Packages/com.unity.inputsystem/InputSystem/Devices/Commands/SetSamplingFrequencyCommand.cs
 0.1 kb	 0.0% Packages/com.unity.inputsystem/InputSystem/Devices/Commands/SetIMECursorPositionCommand.cs
 0.1 kb	 0.0% Packages/com.unity.inputsystem/InputSystem/Devices/Commands/QueryKeyboardLayoutCommand.cs
 0.1 kb	 0.0% Packages/com.unity.inputsystem/InputSystem/Devices/Commands/EnableIMECompositionCommand.cs
 0.1 kb	 0.0% Packages/com.unity.inputsystem/InputSystem/Controls/InputControlLayoutAttribute.cs
 0.1 kb	 0.0% Packages/com.unity.inputsystem/InputSystem/Actions/InputActionRebindingExtensions.cs
 0.1 kb	 0.0% Packages/com.unity.collections/Unity.Collections/UnsafeNotBurstCompatible.cs
 0.1 kb	 0.0% Packages/com.unity.addressables/Runtime/Utility/SerializationUtilities.cs
 0.1 kb	 0.0% Packages/com.unity.addressables/Runtime/Utility/AssetReferenceUtilities.cs
 0.1 kb	 0.0% Packages/com.unity.addressables/Runtime/ResourceManager/Util/UnityWebRequestUtilities.cs
 0.1 kb	 0.0% Packages/com.unity.addressables/Runtime/ResourceManager/Util/ResourceManagerConfig.cs
 0.1 kb	 0.0% Packages/com.unity.addressables/Runtime/ResourceLocators/ResourceLocationMap.cs
 0.1 kb	 0.0% Packages/com.unity.addressables/Runtime/ResourceLocators/ResourceLocationData.cs
 0.1 kb	 0.0% Packages/com.unity.addressables/Runtime/ResourceLocators/ContentCatalogData.cs
 0.1 kb	 0.0% Packages/com.unity.ugui/Runtime/UGUI/EventSystem/UIElements/UIToolkitInteroperabilityBridge.cs
 0.1 kb	 0.0% Packages/com.unity.render-pipelines.universal/Textures/BayerMatrix.png
 0.1 kb	 0.0% Packages/com.unity.render-pipelines.universal/Runtime/XR/XRPassUniversal.cs
 0.1 kb	 0.0% Packages/com.unity.render-pipelines.universal/Runtime/Tiling/LightMinMaxZJob.cs
 0.1 kb	 0.0% Packages/com.unity.render-pipelines.universal/Runtime/Tiling/InclusiveRange.cs
 0.1 kb	 0.0% Packages/com.unity.render-pipelines.universal/Runtime/ShadowCulling.cs
 0.1 kb	 0.0% Packages/com.unity.render-pipelines.universal/Runtime/ShaderBitArray.cs
 0.1 kb	 0.0% Packages/com.unity.render-pipelines.universal/Runtime/RenderingUtils.cs
 0.1 kb	 0.0% Packages/com.unity.render-pipelines.universal/Runtime/RendererFeatures/RenderObjects.cs
 0.1 kb	 0.0% Packages/com.unity.render-pipelines.universal/Runtime/PostProcessUtils.cs
 0.1 kb	 0.0% Packages/com.unity.render-pipelines.universal/Runtime/Passes/HDRDebugViewPass.cs
 0.1 kb	 0.0% Packages/com.unity.render-pipelines.universal/Runtime/Passes/GBufferPass.cs
 0.1 kb	 0.0% Packages/com.unity.render-pipelines.universal/Runtime/Passes/DrawSkyboxPass.cs
 0.1 kb	 0.0% Packages/com.unity.render-pipelines.universal/Runtime/Passes/DeferredPass.cs
 0.1 kb	 0.0% Packages/com.unity.render-pipelines.universal/Runtime/Overrides/PaniniProjection.cs
 0.1 kb	 0.0% Packages/com.unity.render-pipelines.universal/Runtime/Overrides/LiftGammaGain.cs
 0.1 kb	 0.0% Packages/com.unity.render-pipelines.universal/Runtime/Overrides/LensDistortion.cs
 0.1 kb	 0.0% Packages/com.unity.render-pipelines.universal/Runtime/Overrides/ColorAdjustments.cs
 0.1 kb	 0.0% Packages/com.unity.render-pipelines.universal/Runtime/Memory/BuddyAllocator.cs
 0.1 kb	 0.0% Packages/com.unity.render-pipelines.universal/Runtime/History/RawDepthHistory.cs
 0.1 kb	 0.0% Packages/com.unity.render-pipelines.universal/Runtime/History/RawColorHistory.cs
 0.1 kb	 0.0% Packages/com.unity.render-pipelines.universal/Runtime/Deprecated.cs
 0.1 kb	 0.0% Packages/com.unity.render-pipelines.universal/Runtime/Decal/Entities/DecalDrawSystem.cs
 0.1 kb	 0.0% Packages/com.unity.render-pipelines.universal/Runtime/Decal/DecalProjector.cs
 0.1 kb	 0.0% Packages/com.unity.render-pipelines.universal/Runtime/Decal/DecalPreviewPass.cs
 0.1 kb	 0.0% Packages/com.unity.render-pipelines.universal/Runtime/Debug/DebugRenderSetup.cs
 0.1 kb	 0.0% Packages/com.unity.render-pipelines.universal/Runtime/Data/RenderStateData.cs
 0.1 kb	 0.0% Packages/com.unity.render-pipelines.universal/Runtime/Data/PostProcessData.cs
 0.1 kb	 0.0% Packages/com.unity.render-pipelines.universal/Runtime/ComponentUtility.cs
 0.1 kb	 0.0% Packages/com.unity.render-pipelines.universal/Runtime/2D/Shadows/ShadowProvider/Providers/ShadowShapeProvider2D_Utility.cs
 0.1 kb	 0.0% Packages/com.unity.render-pipelines.core/Runtime/XR/XRVisibleMesh.cs
 0.1 kb	 0.0% Packages/com.unity.render-pipelines.core/Runtime/XR/XROcclusionMesh.cs
 0.1 kb	 0.0% Packages/com.unity.render-pipelines.core/Runtime/XR/XRLayoutStack.cs
 0.1 kb	 0.0% Packages/com.unity.render-pipelines.core/Runtime/Lighting/ProbeVolume/ProbeIndexOfIndices.cs
 0.1 kb	 0.0% Packages/com.unity.render-pipelines.core/Runtime/GPUDriven/RenderersParameters.cs
 0.1 kb	 0.0% Packages/com.unity.render-pipelines.core/Runtime/GPUDriven/LODRenderingUtils.cs
 0.1 kb	 0.0% Packages/com.unity.render-pipelines.core/Runtime/GPUDriven/InstanceData/InstanceDataSystem.cs
 0.1 kb	 0.0% Packages/com.unity.render-pipelines.core/Runtime/GPUDriven/InstanceData/InstanceAllocator.cs
 0.1 kb	 0.0% Packages/com.unity.render-pipelines.core/Runtime/GPUDriven/InstanceCullerBurst.cs
 0.1 kb	 0.0% Packages/com.unity.render-pipelines.core/Runtime/GPUDriven/GPUResidentDrawer.cs
 0.1 kb	 0.0% Packages/com.unity.render-pipelines.core/Runtime/GPUDriven/GPUResidentBatcher.cs
 0.1 kb	 0.0% Packages/com.unity.inputsystem/InputSystem/Utilities/Observables/ForDeviceEventObservable.cs
 0.1 kb	 0.0% Packages/com.unity.inputsystem/InputSystem/Plugins/XR/Haptics/SendHapticImpulseCommand.cs
 0.1 kb	 0.0% Packages/com.unity.inputsystem/InputSystem/Plugins/Android/AndroidSensors.cs
 0.1 kb	 0.0% Packages/com.unity.inputsystem/InputSystem/Editor/AssetEditor/NameAndParameterListView.cs
 0.1 kb	 0.0% Packages/com.unity.inputsystem/InputSystem/Controls/Processors/StickDeadzoneProcessor.cs
 0.1 kb	 0.0% Packages/com.unity.inputsystem/InputSystem/Controls/Processors/ScaleVector3Processor.cs
 0.1 kb	 0.0% Packages/com.unity.inputsystem/InputSystem/Controls/Processors/ScaleVector2Processor.cs
 0.1 kb	 0.0% Packages/com.unity.inputsystem/InputSystem/Controls/Processors/InvertVector3Processor.cs
 0.1 kb	 0.0% Packages/com.unity.inputsystem/InputSystem/Controls/Processors/InvertVector2Processor.cs
 0.1 kb	 0.0% Packages/com.unity.inputsystem/InputSystem/Controls/Processors/AxisDeadzoneProcessor.cs
 0.1 kb	 0.0% Packages/com.unity.inputsystem/InputSystem/Actions/Composites/TwoModifiersComposite.cs
 0.1 kb	 0.0% Packages/com.unity.inputsystem/InputSystem/Actions/Composites/ButtonWithTwoModifiers.cs
 0.1 kb	 0.0% Packages/com.unity.inputsystem/InputSystem/Actions/Composites/ButtonWithOneModifier.cs
 0.1 kb	 0.0% Packages/com.unity.collections/Unity.Collections/UnsafeScratchAllocator.cs
 0.1 kb	 0.0% Packages/com.unity.collections/Unity.Collections/NativeParallelHashMapExtensions.cs
 0.1 kb	 0.0% Packages/com.unity.cloud.gltfast/Runtime/Scripts/Export/GltfBuiltInShaderMaterialExporter.cs
 0.1 kb	 0.0% Packages/com.unity.cloud.gltfast/DocExamples/TextureAddOnExample.cs
 0.1 kb	 0.0% Packages/com.unity.cloud.gltfast/DocExamples/MultipleInstances.cs
 0.1 kb	 0.0% Packages/com.unity.cloud.gltfast/DocExamples/LoadGltfFromMemory.cs
 0.1 kb	 0.0% Packages/com.unity.addressables/Runtime/ResourceManager/Util/Exceptions.cs
 0.1 kb	 0.0% Packages/com.unity.addressables/Runtime/ResourceManager/ResourceProviders/TextDataProvider.cs
 0.1 kb	 0.0% Packages/com.unity.addressables/Runtime/ResourceManager/ResourceProviders/SceneProvider.cs
 0.1 kb	 0.0% Packages/com.unity.addressables/Runtime/ResourceManager/ResourceProviders/InstanceProvider.cs
 0.1 kb	 0.0% Packages/com.unity.addressables/Runtime/ResourceManager/ResourceProviders/ISceneProvider.cs
 0.1 kb	 0.0% Packages/com.unity.addressables/Runtime/ResourceManager/AsyncOperations/GroupOperation.cs
 0.1 kb	 0.0% Packages/com.unity.addressables/Runtime/ResourceManager/AsyncOperations/DownloadStatus.cs
 0.1 kb	 0.0% Packages/com.unity.addressables/Runtime/ResourceManager/AsyncOperations/AsyncOperationBase.cs
 0.1 kb	 0.0% Packages/com.unity.addressables/Runtime/Initialization/CacheInitialization.cs
 0.1 kb	 0.0% Packages/com.unity.ugui/Runtime/TMP/TMP_SpriteAssetImportFormats.cs
 0.1 kb	 0.0% Packages/com.unity.shadergraph/ShaderGraphLibrary/DummyShaderGraphLibrary.cs
 0.1 kb	 0.0% Packages/com.unity.scriptablebuildpipeline/Runtime/Shared/AssemblyUtility.cs
 0.1 kb	 0.0% Packages/com.unity.render-pipelines.universal/ShaderLibrary/ShaderTypes.cs
 0.1 kb	 0.0% Packages/com.unity.render-pipelines.universal/ShaderLibrary/Deprecated.cs
 0.1 kb	 0.0% Packages/com.unity.render-pipelines.universal/Runtime/Tiling/TileSize.cs
 0.1 kb	 0.0% Packages/com.unity.render-pipelines.universal/Runtime/2D/UTess2D/UTess.cs
 0.1 kb	 0.0% Packages/com.unity.render-pipelines.universal/Runtime/2D/Shadows/ShadowProvider/ShadowMesh2D.cs
 0.1 kb	 0.0% Packages/com.unity.render-pipelines.universal/Runtime/2D/Shadows/ShadowProvider/ShadowEdge.cs
 0.1 kb	 0.0% Packages/com.unity.render-pipelines.universal/Runtime/2D/Shadows/ShadowProvider/IEdgeStore.cs
 0.1 kb	 0.0% Packages/com.unity.render-pipelines.universal/Runtime/2D/Rendergraph/UpscalePass.cs
 0.1 kb	 0.0% Packages/com.unity.render-pipelines.universal/Runtime/2D/Passes/Utility/LightBatch.cs
 0.1 kb	 0.0% Packages/com.unity.render-pipelines.universal/Runtime/2D/Passes/Utility/LayerUtility.cs
 0.1 kb	 0.0% Packages/com.unity.render-pipelines.universal/Runtime/2D/LightUtility.cs
 0.1 kb	 0.0% Packages/com.unity.render-pipelines.core/Runtime/Utilities/SweepLineRectUtils.cs
 0.1 kb	 0.0% Packages/com.unity.render-pipelines.core/Runtime/Utilities/SceneRenderPipeline.cs
 0.1 kb	 0.0% Packages/com.unity.render-pipelines.core/Runtime/Utilities/MaterialQuality.cs
 0.1 kb	 0.0% Packages/com.unity.render-pipelines.core/Runtime/Utilities/CullContextData.cs
 0.1 kb	 0.0% Packages/com.unity.render-pipelines.core/Runtime/Utilities/CameraCaptureBridge.cs
 0.1 kb	 0.0% Packages/com.unity.render-pipelines.core/Runtime/ShaderGenerator/ShaderGeneratorAttributes.cs
 0.1 kb	 0.0% Packages/com.unity.render-pipelines.core/Runtime/RenderGraph/RenderGraph.cs
 0.1 kb	 0.0% Packages/com.unity.render-pipelines.core/Runtime/PostProcessing/LensFlareCommonSRP.cs
 0.1 kb	 0.0% Packages/com.unity.render-pipelines.core/Runtime/LookDev/IDataProvider.cs
 0.1 kb	 0.0% Packages/com.unity.render-pipelines.core/Runtime/Lighting/SphericalHarmonics.cs
 0.1 kb	 0.0% Packages/com.unity.render-pipelines.core/Runtime/Lighting/ProbeVolume/ProbeVolumesOptions.cs
 0.1 kb	 0.0% Packages/com.unity.render-pipelines.core/Runtime/Lighting/ProbeVolume/ProbeVolumeSceneData.cs
 0.1 kb	 0.0% Packages/com.unity.render-pipelines.core/Runtime/Lighting/ProbeVolume/ProbeVolumeGIContributor.cs
 0.1 kb	 0.0% Packages/com.unity.render-pipelines.core/Runtime/Lighting/ProbeVolume/ProbeVolumeBakingSet.cs
 0.1 kb	 0.0% Packages/com.unity.render-pipelines.core/Runtime/Lighting/ProbeVolume/ProbeVolumeAsset.cs
 0.1 kb	 0.0% Packages/com.unity.render-pipelines.core/Runtime/Lighting/ProbeVolume/ProbeReferenceVolume.cs
 0.1 kb	 0.0% Packages/com.unity.render-pipelines.core/Runtime/Documentation.cs
 0.1 kb	 0.0% Packages/com.unity.render-pipelines.core/Runtime/Debugging/Prefabs/Scripts/DebugUIHandlerWidget.cs
 0.1 kb	 0.0% Packages/com.unity.render-pipelines.core/Runtime/Debugging/Prefabs/Scripts/DebugUIHandlerValue.cs
 0.1 kb	 0.0% Packages/com.unity.render-pipelines.core/Runtime/Debugging/Prefabs/Scripts/DebugUIHandlerVBox.cs
 0.1 kb	 0.0% Packages/com.unity.render-pipelines.core/Runtime/Debugging/Prefabs/Scripts/DebugUIHandlerToggle.cs
 0.1 kb	 0.0% Packages/com.unity.render-pipelines.core/Runtime/Debugging/Prefabs/Scripts/DebugUIHandlerRow.cs
 0.1 kb	 0.0% Packages/com.unity.render-pipelines.core/Runtime/Debugging/Prefabs/Scripts/DebugUIHandlerPanel.cs
 0.1 kb	 0.0% Packages/com.unity.render-pipelines.core/Runtime/Debugging/Prefabs/Scripts/DebugUIHandlerObject.cs
 0.1 kb	 0.0% Packages/com.unity.render-pipelines.core/Runtime/Debugging/Prefabs/Scripts/DebugUIHandlerHBox.cs
 0.1 kb	 0.0% Packages/com.unity.render-pipelines.core/Runtime/Debugging/Prefabs/Scripts/DebugUIHandlerGroup.cs
 0.1 kb	 0.0% Packages/com.unity.render-pipelines.core/Runtime/Debugging/Prefabs/Scripts/DebugUIHandlerColor.cs
 0.1 kb	 0.0% Packages/com.unity.render-pipelines.core/Runtime/Debugging/Prefabs/Scripts/DebugUIHandlerCanvas.cs
 0.1 kb	 0.0% Packages/com.unity.render-pipelines.core/Runtime/Debugging/Prefabs/Scripts/DebugUIHandlerButton.cs
 0.1 kb	 0.0% Packages/com.unity.render-pipelines.core/Runtime/Debugging/MousePositionDebug.cs
 0.1 kb	 0.0% Packages/com.unity.render-pipelines.core/Runtime/Debugging/IVolumeDebugSettings.cs
 0.1 kb	 0.0% Packages/com.unity.render-pipelines.core/Runtime/Debugging/FrameTiming/FrameTimeBottleneck.cs
 0.1 kb	 0.0% Packages/com.unity.render-pipelines.core/Runtime/Common/Swap.Extensions.cs
 0.1 kb	 0.0% Packages/com.unity.render-pipelines.core/Runtime/Common/ReloadGroupAttribute.cs
 0.1 kb	 0.0% Packages/com.unity.render-pipelines.core/Runtime/Common/CommandBufferPool.cs
 0.1 kb	 0.0% Packages/com.unity.render-pipelines.core/Runtime/CommandBuffers/UnsafeCommandBuffer.cs
 0.1 kb	 0.0% Packages/com.unity.render-pipelines.core/Runtime/CommandBuffers/RasterCommandBuffer.cs
 0.1 kb	 0.0% Packages/com.unity.render-pipelines.core/Runtime/CommandBuffers/IUnsafeCommandBuffer.cs
 0.1 kb	 0.0% Packages/com.unity.render-pipelines.core/Runtime/CommandBuffers/IRasterCommandBuffer.cs
 0.1 kb	 0.0% Packages/com.unity.render-pipelines.core/Runtime/CommandBuffers/IBaseCommandBuffer.cs
 0.1 kb	 0.0% Packages/com.unity.render-pipelines.core/Runtime/CommandBuffers/ComputeCommandBuffer.cs
 0.1 kb	 0.0% Packages/com.unity.render-pipelines.core/Runtime/CommandBuffers/CommandBufferHelpers.cs
 0.1 kb	 0.0% Packages/com.unity.inputsystem/InputSystem/State/IInputStateChangeMonitor.cs
 0.1 kb	 0.0% Packages/com.unity.inputsystem/InputSystem/Plugins/iOS/IOSGameController.cs
 0.1 kb	 0.0% Packages/com.unity.inputsystem/InputSystem/Plugins/Users/InputUserAccountHandle.cs
 0.1 kb	 0.0% Packages/com.unity.inputsystem/InputSystem/Plugins/Switch/SwitchProControllerHID.cs
 0.1 kb	 0.0% Packages/com.unity.inputsystem/InputSystem/Plugins/PlayerInput/PlayerInputManagerEditor.cs
 0.1 kb	 0.0% Packages/com.unity.inputsystem/InputSystem/Plugins/OSX/OSXGameController.cs
 0.1 kb	 0.0% Packages/com.unity.inputsystem/InputSystem/Plugins/EnhancedTouch/EnhancedTouchSupport.cs
 0.1 kb	 0.0% Packages/com.unity.inputsystem/InputSystem/Events/DeviceConfigurationEvent.cs
 0.1 kb	 0.0% Packages/com.unity.inputsystem/InputSystem/Editor/UITKAssetEditor/Views/VisualElementExtensions.cs
 0.1 kb	 0.0% Packages/com.unity.inputsystem/InputSystem/Editor/UITKAssetEditor/Views/InputActionsTreeViewItem.cs
 0.1 kb	 0.0% Packages/com.unity.inputsystem/InputSystem/Editor/UITKAssetEditor/Views/InputActionsEditorView.cs
 0.1 kb	 0.0% Packages/com.unity.inputsystem/InputSystem/Editor/UITKAssetEditor/Views/BindingPropertiesView.cs
 0.1 kb	 0.0% Packages/com.unity.inputsystem/InputSystem/Editor/UITKAssetEditor/SerializedInputBinding.cs
 0.1 kb	 0.0% Packages/com.unity.inputsystem/InputSystem/Editor/UITKAssetEditor/SerializedInputActionMap.cs
 0.1 kb	 0.0% Packages/com.unity.inputsystem/InputSystem/Editor/UITKAssetEditor/SerializedInputAction.cs
 0.1 kb	 0.0% Packages/com.unity.inputsystem/InputSystem/Editor/UITKAssetEditor/InputActionsEditorWindow.cs
 0.1 kb	 0.0% Packages/com.unity.inputsystem/InputSystem/Editor/UITKAssetEditor/InputActionsEditorState.cs
 0.1 kb	 0.0% Packages/com.unity.inputsystem/InputSystem/Editor/UITKAssetEditor/Commands/ControlSchemeCommands.cs
 0.1 kb	 0.0% Packages/com.unity.inputsystem/InputSystem/Editor/Settings/InputSettingsProvider.cs
 0.1 kb	 0.0% Packages/com.unity.inputsystem/InputSystem/Editor/Settings/InputEditorUserSettings.cs
 0.1 kb	 0.0% Packages/com.unity.inputsystem/InputSystem/Editor/PropertyDrawers/InputControlPathDrawer.cs
 0.1 kb	 0.0% Packages/com.unity.inputsystem/InputSystem/Editor/PropertyDrawers/InputActionDrawerBase.cs
 0.1 kb	 0.0% Packages/com.unity.inputsystem/InputSystem/Editor/PropertyDrawers/InputActionAssetDrawer.cs
 0.1 kb	 0.0% Packages/com.unity.inputsystem/InputSystem/Editor/ProjectWideActions/ProjectWideActionsAsset.cs
 0.1 kb	 0.0% Packages/com.unity.inputsystem/InputSystem/Editor/Internal/AdvancedDropdown/AdvancedDropdownWindow.cs
 0.1 kb	 0.0% Packages/com.unity.inputsystem/InputSystem/Editor/Internal/AdvancedDropdown/AdvancedDropdownState.cs
 0.1 kb	 0.0% Packages/com.unity.inputsystem/InputSystem/Editor/InputSystemPluginControl.cs
 0.1 kb	 0.0% Packages/com.unity.inputsystem/InputSystem/Editor/InputLayoutCodeGenerator.cs
 0.1 kb	 0.0% Packages/com.unity.inputsystem/InputSystem/Editor/InputAssetEditorUtils.cs
 0.1 kb	 0.0% Packages/com.unity.inputsystem/InputSystem/Editor/Debugger/InputLatencyCalculator.cs
 0.1 kb	 0.0% Packages/com.unity.inputsystem/InputSystem/Editor/ControlPicker/InputControlPickerState.cs
 0.1 kb	 0.0% Packages/com.unity.inputsystem/InputSystem/Editor/ControlPicker/InputControlPathEditor.cs
 0.1 kb	 0.0% Packages/com.unity.inputsystem/InputSystem/Editor/ControlPicker/InputControlDropdownItem.cs
 0.1 kb	 0.0% Packages/com.unity.inputsystem/InputSystem/Editor/AssetImporter/InputActionCodeGenerator.cs
 0.1 kb	 0.0% Packages/com.unity.inputsystem/InputSystem/Editor/AssetImporter/InputActionAssetEditor.cs
 0.1 kb	 0.0% Packages/com.unity.inputsystem/InputSystem/Editor/AssetImporter/IInputActionAssetEditor.cs
 0.1 kb	 0.0% Packages/com.unity.inputsystem/InputSystem/Editor/AssetEditor/InputActionEditorWindow.cs
 0.1 kb	 0.0% Packages/com.unity.inputsystem/InputSystem/Editor/AssetEditor/InputActionEditorToolbar.cs
 0.1 kb	 0.0% Packages/com.unity.inputsystem/InputSystem/Editor/AssetEditor/InputActionAssetManager.cs
 0.1 kb	 0.0% Packages/com.unity.inputsystem/InputSystem/Devices/Remote/RemoteInputPlayerConnection.cs
 0.1 kb	 0.0% Packages/com.unity.inputsystem/InputSystem/Devices/InputDeviceDescription.cs
 0.1 kb	 0.0% Packages/com.unity.inputsystem/InputSystem/Devices/Haptics/DualMotorRumbleCommand.cs
 0.1 kb	 0.0% Packages/com.unity.inputsystem/InputSystem/Devices/Commands/WarpMousePositionCommand.cs
 0.1 kb	 0.0% Packages/com.unity.inputsystem/InputSystem/Devices/Commands/QueryEnabledStateCommand.cs
 0.1 kb	 0.0% Packages/com.unity.inputsystem/InputSystem/Devices/Commands/QueryDimensionsCommand.cs
 0.1 kb	 0.0% Packages/com.unity.inputsystem/InputSystem/Devices/Commands/QueryCanRunInBackground.cs
 0.1 kb	 0.0% Packages/com.unity.inputsystem/InputSystem/Devices/Commands/IInputDeviceCommandInfo.cs
 0.1 kb	 0.0% Packages/com.unity.inputsystem/InputSystem/Controls/InputControlAttribute.cs
 0.1 kb	 0.0% Packages/com.unity.inputsystem/InputSystem/Controls/DiscreteButtonControl.cs
 0.1 kb	 0.0% Packages/com.unity.inputsystem/InputSystem/Actions/InputBindingCompositeContext.cs
 0.1 kb	 0.0% Packages/com.unity.inputsystem/InputSystem/Actions/InputActionSetupExtensions.cs
 0.1 kb	 0.0% Packages/com.unity.inputsystem/InputSystem/Actions/InputActionParameters.cs
 0.1 kb	 0.0% Packages/com.unity.collections/Unity.Collections/UnsafeAtomicCounter.cs
 0.1 kb	 0.0% Packages/com.unity.addressables/Runtime/Services/PlatformMappingService.cs
 0.1 kb	 0.0% Packages/com.unity.addressables/Runtime/ResourceManager/Util/PlatformUtilities.cs
 0.1 kb	 0.0% Packages/com.unity.addressables/Runtime/ResourceManager/Util/OperationCacheKeys.cs
 0.1 kb	 0.0% Packages/com.unity.addressables/Runtime/ResourceManager/Util/DelayedActionManager.cs
 0.1 kb	 0.0% Packages/com.unity.addressables/Runtime/ResourceManager/Util/BinaryStorageBuffer.cs
 0.1 kb	 0.0% Packages/com.unity.addressables/Runtime/ResourceLocators/IResourceLocator.cs
 0.1 kb	 0.0% Packages/com.unity.addressables/Runtime/ResourceLocators/DynamicResourceLocators.cs
 0.1 kb	 0.0% Packages/com.unity.addressables/Runtime/Initialization/UpdateCatalogsOperation.cs
 0.1 kb	 0.0% Packages/com.unity.addressables/Runtime/Initialization/CheckCatalogsOperation.cs
 0.1 kb	 0.0% Assets/Scripts/Interactions/GameplayInteractionSystem.cs
 0.1 kb	 0.0% Packages/com.unity.ugui/Runtime/UGUI/UI/Core/Layout/HorizontalOrVerticalLayoutGroup.cs
 0.1 kb	 0.0% Packages/com.unity.render-pipelines.universal/Runtime/Tiling/ZBinningJob.cs
 0.1 kb	 0.0% Packages/com.unity.render-pipelines.universal/Runtime/Tiling/TilingJob.cs
 0.1 kb	 0.0% Packages/com.unity.render-pipelines.universal/Runtime/TemporalAA.cs
 0.1 kb	 0.0% Packages/com.unity.render-pipelines.universal/Runtime/ShadowUtils.cs
 0.1 kb	 0.0% Packages/com.unity.render-pipelines.universal/Runtime/ShaderUtils.cs
 0.1 kb	 0.0% Packages/com.unity.render-pipelines.universal/Runtime/ShaderData.cs
 0.1 kb	 0.0% Packages/com.unity.render-pipelines.universal/Runtime/Passes/CapturePass.cs
 0.1 kb	 0.0% Packages/com.unity.render-pipelines.universal/Runtime/Overrides/WhiteBalance.cs
 0.1 kb	 0.0% Packages/com.unity.render-pipelines.universal/Runtime/Overrides/Tonemapping.cs
 0.1 kb	 0.0% Packages/com.unity.render-pipelines.universal/Runtime/Overrides/SplitToning.cs
 0.1 kb	 0.0% Packages/com.unity.render-pipelines.universal/Runtime/Overrides/MotionBlur.cs
 0.1 kb	 0.0% Packages/com.unity.render-pipelines.universal/Runtime/Overrides/FilmGrain.cs
 0.1 kb	 0.0% Packages/com.unity.render-pipelines.universal/Runtime/Overrides/DepthOfField.cs
 0.1 kb	 0.0% Packages/com.unity.render-pipelines.universal/Runtime/Overrides/ColorLookup.cs
 0.1 kb	 0.0% Packages/com.unity.render-pipelines.universal/Runtime/Overrides/ColorCurves.cs
 0.1 kb	 0.0% Packages/com.unity.render-pipelines.universal/Runtime/Overrides/ChannelMixer.cs
 0.1 kb	 0.0% Packages/com.unity.render-pipelines.universal/Runtime/History/TaaHistory.cs
 0.1 kb	 0.0% Packages/com.unity.render-pipelines.universal/Runtime/History/StpHistory.cs
 0.1 kb	 0.0% Packages/com.unity.render-pipelines.universal/Runtime/Decal/Entities/DecalChunk.cs
 0.1 kb	 0.0% Packages/com.unity.render-pipelines.universal/Runtime/Debug/DebugHandler.cs
 0.1 kb	 0.0% Packages/com.unity.render-pipelines.core/Runtime/XR/XRMirrorView.cs
 0.1 kb	 0.0% Packages/com.unity.render-pipelines.core/Runtime/Utilities/GPUPrefixSum/GPUPrefixSum.ShaderIDs.cs
 0.1 kb	 0.0% Packages/com.unity.render-pipelines.core/Runtime/GPUDriven/Utilities/ParallelBitArray.cs
 0.1 kb	 0.0% Packages/com.unity.render-pipelines.core/Runtime/GPUDriven/Utilities/MemoryUtilities.cs
 0.1 kb	 0.0% Packages/com.unity.render-pipelines.core/Runtime/GPUDriven/LODGroupDataPool.cs
 0.1 kb	 0.0% Packages/com.unity.render-pipelines.core/Runtime/GPUDriven/InstanceCuller.cs
 0.1 kb	 0.0% Packages/com.unity.render-pipelines.core/Runtime/Deprecated.cs
 0.1 kb	 0.0% Packages/com.unity.render-pipelines.core/Runtime/Common/CoreAttributes.cs
 0.1 kb	 0.0% Packages/com.unity.render-pipelines.core/Runtime/CommandBuffers/BaseCommandBufer.cs
 0.1 kb	 0.0% Packages/com.unity.inputsystem/InputSystem/Utilities/NameAndParameters.cs
 0.1 kb	 0.0% Packages/com.unity.inputsystem/InputSystem/Utilities/CSharpCodeHelpers.cs
 0.1 kb	 0.0% Packages/com.unity.inputsystem/InputSystem/Plugins/UI/TrackedDeviceRaycaster.cs
 0.1 kb	 0.0% Packages/com.unity.inputsystem/InputSystem/Plugins/UI/MultiplayerEventSystem.cs
 0.1 kb	 0.0% Packages/com.unity.inputsystem/InputSystem/Plugins/UI/InputSystemUIInputModule.cs
 0.1 kb	 0.0% Packages/com.unity.inputsystem/InputSystem/Plugins/UI/ExtendedPointerEventData.cs
 0.1 kb	 0.0% Packages/com.unity.inputsystem/InputSystem/Plugins/UI/ExtendedAxisEventData.cs
 0.1 kb	 0.0% Packages/com.unity.inputsystem/InputSystem/Plugins/HID/HIDDescriptorWindow.cs
 0.1 kb	 0.0% Packages/com.unity.inputsystem/InputSystem/Plugins/DualShock/IDualShockHaptics.cs
 0.1 kb	 0.0% Packages/com.unity.inputsystem/InputSystem/Editor/AssetEditor/ParameterListView.cs
 0.1 kb	 0.0% Packages/com.unity.inputsystem/InputSystem/Editor/AssetEditor/InputActionTreeViewItems.cs
 0.1 kb	 0.0% Packages/com.unity.inputsystem/InputSystem/Controls/Processors/NormalizeProcessor.cs
 0.1 kb	 0.0% Packages/com.unity.inputsystem/InputSystem/Actions/Interactions/SlowTapInteraction.cs
 0.1 kb	 0.0% Packages/com.unity.inputsystem/InputSystem/Actions/Interactions/MultiTapInteraction.cs
 0.1 kb	 0.0% Packages/com.unity.inputsystem/InputSystem/Actions/Composites/OneModifierComposite.cs
 0.1 kb	 0.0% Packages/com.unity.collections/Unity.Collections/UnsafeUtilityEx.cs
 0.1 kb	 0.0% Packages/com.unity.collections/Unity.Collections/UnsafeAppendBuffer.cs
 0.1 kb	 0.0% Packages/com.unity.collections/Unity.Collections/NativeParallelHashSetExtensions.gen.cs
 0.1 kb	 0.0% Packages/com.unity.collections/Unity.Collections/Jobs/RegisterGenericJobTypeAttribute.cs
 0.1 kb	 0.0% Packages/com.unity.collections/Unity.Collections/DoubleRewindableAllocators.cs
 0.1 kb	 0.0% Packages/com.unity.collections/Unity.Collections/DataStreamExtensions.cs
 0.1 kb	 0.0% Packages/com.unity.cloud.gltfast/Runtime/Scripts/Newtonsoft/Schema/TextureInfoExtensions.cs
 0.1 kb	 0.0% Packages/com.unity.cloud.gltfast/Runtime/Scripts/Newtonsoft/Schema/MeshPrimitiveExtensions.cs
 0.1 kb	 0.0% Packages/com.unity.cloud.gltfast/Runtime/Scripts/Newtonsoft/Schema/AnimationChannelTarget.cs
 0.1 kb	 0.0% Packages/com.unity.cloud.gltfast/Runtime/Scripts/Newtonsoft/Schema/AccessorSparseIndices.cs
 0.1 kb	 0.0% Packages/com.unity.cloud.gltfast/Runtime/Scripts/Export/GltfShaderGraphMaterialExporter.cs
 0.1 kb	 0.0% Packages/com.unity.cloud.gltfast/Runtime/Scripts/Export/BuiltInStandardMaterialExport.cs
 0.1 kb	 0.0% Packages/com.unity.cloud.gltfast/DocExamples/WebpTextureAddon.cs
 0.1 kb	 0.0% Packages/com.unity.cloud.gltfast/DocExamples/PngTextureAddon.cs
 0.1 kb	 0.0% Packages/com.unity.cloud.gltfast/DocExamples/ExportSamples.cs
 0.1 kb	 0.0% Packages/com.unity.cloud.gltfast/DocExamples/CustomGltfImport.cs
 0.1 kb	 0.0% Packages/com.unity.addressables/Runtime/ResourceManager/Diagnostics/Profiling/ProfilerRuntime.cs
 0.1 kb	 0.0% Packages/com.unity.addressables/Runtime/ResourceManager/Diagnostics/Profiling/IProfilerEmitter.cs
 0.1 kb	 0.0% Packages/com.unity.addressables/Runtime/ResourceManager/Diagnostics/Profiling/FrameDataStructs.cs
 0.1 kb	 0.0% Packages/com.unity.addressables/Runtime/ResourceManager/Diagnostics/Profiling/EngineEmitter.cs
 0.1 kb	 0.0% Packages/com.unity.ugui/Runtime/TMP/TMP_DynamicFontAssetUtilities.cs
 0.1 kb	 0.0% Packages/com.unity.scriptablebuildpipeline/Runtime/Shared/BundleDetails.cs
 0.1 kb	 0.0% Packages/com.unity.render-pipelines.universal/Runtime/NoAllocUtils.cs
 0.1 kb	 0.0% Packages/com.unity.render-pipelines.universal/Runtime/2D/Light2D.cs
 0.1 kb	 0.0% Packages/com.unity.render-pipelines.universal/Runtime/2D/Clipper.cs
 0.1 kb	 0.0% Packages/com.unity.render-pipelines.core/Runtime/XR/XRSRPSettings.cs
 0.1 kb	 0.0% Packages/com.unity.render-pipelines.core/Runtime/Volume/VolumeProfile.cs
 0.1 kb	 0.0% Packages/com.unity.render-pipelines.core/Runtime/Volume/VolumeParameter.cs
 0.1 kb	 0.0% Packages/com.unity.render-pipelines.core/Runtime/Volume/VolumeManager.cs
 0.1 kb	 0.0% Packages/com.unity.render-pipelines.core/Runtime/Volume/VolumeDebugData.cs
 0.1 kb	 0.0% Packages/com.unity.render-pipelines.core/Runtime/Volume/VolumeComponent.cs
 0.1 kb	 0.0% Packages/com.unity.render-pipelines.core/Runtime/Volume/VolumeCollection.cs
 0.1 kb	 0.0% Packages/com.unity.render-pipelines.core/Runtime/Volume/KeyframeUtility.cs
 0.1 kb	 0.0% Packages/com.unity.render-pipelines.core/Runtime/Utilities/TileLayoutUtils.cs
 0.1 kb	 0.0% Packages/com.unity.render-pipelines.core/Runtime/Utilities/TextureGradient.cs
 0.1 kb	 0.0% Packages/com.unity.render-pipelines.core/Runtime/Utilities/ResourceReloader.cs
 0.1 kb	 0.0% Packages/com.unity.render-pipelines.core/Runtime/Utilities/LightUnitUtils.cs
 0.1 kb	 0.0% Packages/com.unity.render-pipelines.core/Runtime/Utilities/HaltonSequence.cs
 0.1 kb	 0.0% Packages/com.unity.render-pipelines.core/Runtime/Utilities/HDROutputUtils.cs
 0.1 kb	 0.0% Packages/com.unity.render-pipelines.core/Runtime/Utilities/GPUPrefixSum/GPUPrefixSum.Data.cs
 0.1 kb	 0.0% Packages/com.unity.render-pipelines.core/Runtime/Utilities/DelegateUtility.cs
 0.1 kb	 0.0% Packages/com.unity.render-pipelines.core/Runtime/Utilities/CoreMatrixUtils.cs
 0.1 kb	 0.0% Packages/com.unity.render-pipelines.core/Runtime/Utilities/ColorSpaceUtils.cs
 0.1 kb	 0.0% Packages/com.unity.render-pipelines.core/Runtime/Utilities/ArrayExtensions.cs
 0.1 kb	 0.0% Packages/com.unity.render-pipelines.core/Runtime/Textures/Texture2DAtlas.cs
 0.1 kb	 0.0% Packages/com.unity.render-pipelines.core/Runtime/Textures/RTHandleSystem.cs
 0.1 kb	 0.0% Packages/com.unity.render-pipelines.core/Runtime/Sampling/SobolData.cs
 0.1 kb	 0.0% Packages/com.unity.render-pipelines.core/Runtime/RenderPipeline/IVolumetricCloud.cs
 0.1 kb	 0.0% Packages/com.unity.render-pipelines.core/Runtime/RenderPipeline/ICloudBackground.cs
 0.1 kb	 0.0% Packages/com.unity.render-pipelines.core/Runtime/RenderGraph/RenderGraphCompilationCache.cs
 0.1 kb	 0.0% Packages/com.unity.render-pipelines.core/Runtime/PostProcessing/LensFlareDataSRP.cs
 0.1 kb	 0.0% Packages/com.unity.render-pipelines.core/Runtime/Lighting/ProbeVolume/ProbeVolumeUtil.cs
 0.1 kb	 0.0% Packages/com.unity.render-pipelines.core/Runtime/Lighting/ProbeVolume/ProbeBrickPool.cs
 0.1 kb	 0.0% Packages/com.unity.render-pipelines.core/Runtime/Lighting/ProbeVolume/ProbeBrickIndex.cs
 0.1 kb	 0.0% Packages/com.unity.render-pipelines.core/Runtime/GPUDriven/InstanceData/InstanceType.cs
 0.1 kb	 0.0% Packages/com.unity.render-pipelines.core/Runtime/GPUDriven/InstanceData/InstanceData.cs
 0.1 kb	 0.0% Packages/com.unity.render-pipelines.core/Runtime/Debugging/ProfilingScope.cs
 0.1 kb	 0.0% Packages/com.unity.render-pipelines.core/Runtime/Debugging/FrameTiming/FrameTimeSample.cs
 0.1 kb	 0.0% Packages/com.unity.render-pipelines.core/Runtime/Debugging/DebugManager.UIState.cs
 0.1 kb	 0.0% Packages/com.unity.render-pipelines.core/Runtime/Debugging/DebugManager.Actions.cs
 0.1 kb	 0.0% Packages/com.unity.render-pipelines.core/Runtime/Debugging/DebugFrameTiming.cs
 0.1 kb	 0.0% Packages/com.unity.render-pipelines.core/Runtime/Common/SerializableEnum.cs
 0.1 kb	 0.0% Packages/com.unity.render-pipelines.core/Runtime/Common/ReloadAttribute.cs
 0.1 kb	 0.0% Packages/com.unity.render-pipelines.core/Runtime/Common/IAdditionalData.cs
 0.1 kb	 0.0% Packages/com.unity.render-pipelines.core/Runtime/Common/DynamicString.cs
 0.1 kb	 0.0% Packages/com.unity.render-pipelines.core/Runtime/Common/CoreUnsafeUtils.cs
 0.1 kb	 0.0% Packages/com.unity.render-pipelines.core/Runtime/Common/ContextContainer.cs
 0.1 kb	 0.0% Packages/com.unity.render-pipelines.core/Runtime/Common/ConstantBuffer.cs
 0.1 kb	 0.0% Packages/com.unity.render-pipelines.core/Runtime/Camera/CameraSwitcher.cs
 0.1 kb	 0.0% Packages/com.unity.inputsystem/InputSystem/Utilities/Comparers.cs
 0.1 kb	 0.0% Packages/com.unity.inputsystem/InputSystem/State/InputStateHistory.cs
 0.1 kb	 0.0% Packages/com.unity.inputsystem/InputSystem/State/InputStateBuffers.cs
 0.1 kb	 0.0% Packages/com.unity.inputsystem/InputSystem/State/IInputStateTypeInfo.cs
 0.1 kb	 0.0% Packages/com.unity.inputsystem/InputSystem/Plugins/iOS/InputSettingsiOSProvider.cs
 0.1 kb	 0.0% Packages/com.unity.inputsystem/InputSystem/Plugins/Users/InputUserSettings.cs
 0.1 kb	 0.0% Packages/com.unity.inputsystem/InputSystem/Plugins/PlayerInput/PlayerInputEditor.cs
 0.1 kb	 0.0% Packages/com.unity.inputsystem/InputSystem/Plugins/EnhancedTouch/TouchSimulation.cs
 0.1 kb	 0.0% Packages/com.unity.inputsystem/InputSystem/NativeInputRuntime.cs
 0.1 kb	 0.0% Packages/com.unity.inputsystem/InputSystem/Events/InputEventListener.cs
 0.1 kb	 0.0% Packages/com.unity.inputsystem/InputSystem/Events/IMECompositionEvent.cs
 0.1 kb	 0.0% Packages/com.unity.inputsystem/InputSystem/Events/IInputEventTypeInfo.cs
 0.1 kb	 0.0% Packages/com.unity.inputsystem/InputSystem/Events/DeviceRemoveEvent.cs
 0.1 kb	 0.0% Packages/com.unity.inputsystem/InputSystem/Editor/UITKAssetEditor/Views/MatchingControlPaths.cs
 0.1 kb	 0.0% Packages/com.unity.inputsystem/InputSystem/Editor/UITKAssetEditor/Views/IViewStateCollection.cs
 0.1 kb	 0.0% Packages/com.unity.inputsystem/InputSystem/Editor/UITKAssetEditor/Views/ControlSchemesView.cs
 0.1 kb	 0.0% Packages/com.unity.inputsystem/InputSystem/Editor/UITKAssetEditor/Views/ActionPropertiesView.cs
 0.1 kb	 0.0% Packages/com.unity.inputsystem/InputSystem/Editor/UITKAssetEditor/EnumerableExtensions.cs
 0.1 kb	 0.0% Packages/com.unity.inputsystem/InputSystem/Editor/PropertyDrawers/InputActionMapDrawer.cs
 0.1 kb	 0.0% Packages/com.unity.inputsystem/InputSystem/Editor/PropertyDrawers/InputActionDrawer.cs
 0.1 kb	 0.0% Packages/com.unity.inputsystem/InputSystem/Editor/Internal/InputEventTreeView.cs
 0.1 kb	 0.0% Packages/com.unity.inputsystem/InputSystem/Editor/Internal/InputControlTreeView.cs
 0.1 kb	 0.0% Packages/com.unity.inputsystem/InputSystem/Editor/Internal/BuildProviderHelpers.cs
 0.1 kb	 0.0% Packages/com.unity.inputsystem/InputSystem/Editor/Internal/AdvancedDropdown/MultiLevelDataSource.cs
 0.1 kb	 0.0% Packages/com.unity.inputsystem/InputSystem/Editor/Internal/AdvancedDropdown/CallbackDataSource.cs
 0.1 kb	 0.0% Packages/com.unity.inputsystem/InputSystem/Editor/Internal/AdvancedDropdown/AdvancedDropdownItem.cs
 0.1 kb	 0.0% Packages/com.unity.inputsystem/InputSystem/Editor/Internal/AdvancedDropdown/AdvancedDropdownGUI.cs
 0.1 kb	 0.0% Packages/com.unity.inputsystem/InputSystem/Editor/InputParameterEditor.cs
 0.1 kb	 0.0% Packages/com.unity.inputsystem/InputSystem/Editor/DeviceSimulator/InputSystemPlugin.cs
 0.1 kb	 0.0% Packages/com.unity.inputsystem/InputSystem/Editor/Debugger/InputDebuggerWindow.cs
 0.1 kb	 0.0% Packages/com.unity.inputsystem/InputSystem/Editor/ControlPicker/InputControlPicker.cs
 0.1 kb	 0.0% Packages/com.unity.inputsystem/InputSystem/Editor/BuildPipeline/LinkFileGenerator.cs
 0.1 kb	 0.0% Packages/com.unity.inputsystem/InputSystem/Editor/AssetImporter/InputActionImporter.cs
 0.1 kb	 0.0% Packages/com.unity.inputsystem/InputSystem/Editor/AssetEditor/PropertiesViewBase.cs
 0.1 kb	 0.0% Packages/com.unity.inputsystem/InputSystem/Editor/AssetEditor/InputActionTreeView.cs
 0.1 kb	 0.0% Packages/com.unity.inputsystem/InputSystem/Editor/Analytics/InputEditorAnalytics.cs
 0.1 kb	 0.0% Packages/com.unity.inputsystem/InputSystem/Editor/Analytics/InputBuildAnalytic.cs
 0.1 kb	 0.0% Packages/com.unity.inputsystem/InputSystem/Devices/InputDeviceMatcher.cs
 0.1 kb	 0.0% Packages/com.unity.inputsystem/InputSystem/Devices/InputDeviceBuilder.cs
 0.1 kb	 0.0% Packages/com.unity.inputsystem/InputSystem/Devices/ITextInputReceiver.cs
 0.1 kb	 0.0% Packages/com.unity.inputsystem/InputSystem/Devices/IEventPreProcessor.cs
 0.1 kb	 0.0% Packages/com.unity.inputsystem/InputSystem/Devices/ICustomDeviceReset.cs
 0.1 kb	 0.0% Packages/com.unity.inputsystem/InputSystem/Devices/Commands/RequestSyncCommand.cs
 0.1 kb	 0.0% Packages/com.unity.inputsystem/InputSystem/Devices/Commands/RequestResetCommand.cs
 0.1 kb	 0.0% Packages/com.unity.inputsystem/InputSystem/Devices/Commands/QueryUserIdCommand.cs
 0.1 kb	 0.0% Packages/com.unity.inputsystem/InputSystem/Devices/Commands/QueryKeyNameCommand.cs
 0.1 kb	 0.0% Packages/com.unity.inputsystem/InputSystem/Devices/Commands/InputDeviceCommand.cs
 0.1 kb	 0.0% Packages/com.unity.inputsystem/InputSystem/Devices/Commands/EnableDeviceCommand.cs
 0.1 kb	 0.0% Packages/com.unity.inputsystem/InputSystem/Devices/Commands/DisableDeviceCommand.cs
 0.1 kb	 0.0% Packages/com.unity.inputsystem/InputSystem/Controls/TouchPressControl.cs
 0.1 kb	 0.0% Packages/com.unity.inputsystem/InputSystem/Controls/TouchPhaseControl.cs
 0.1 kb	 0.0% Packages/com.unity.inputsystem/InputSystem/Controls/QuaternionControl.cs
 0.1 kb	 0.0% Packages/com.unity.inputsystem/InputSystem/Controls/InputControlLayout.cs
 0.1 kb	 0.0% Packages/com.unity.inputsystem/InputSystem/Controls/InputControlExtensions.cs
 0.1 kb	 0.0% Packages/com.unity.inputsystem/InputSystem/Actions/InputInteractionContext.cs
 0.1 kb	 0.0% Packages/com.unity.inputsystem/InputSystem/Actions/InputBindingComposite.cs
 0.1 kb	 0.0% Packages/com.unity.inputsystem/InputSystem/Actions/IInputActionCollection.cs
 0.1 kb	 0.0% Packages/com.unity.collections/Unity.Collections/NativeNotBurstCompatible.cs
 0.1 kb	 0.0% Packages/com.unity.addressables/Runtime/AssetLabelReference.cs
 0.1 kb	 0.0% Assets/Scripts/Characters/AvatarAppearanceSystem.cs
 0.1 kb	 0.0% Assets/Scripts/Animations/PlayerAnimationBridge.cs
 0.1 kb	 0.0% Assets/Scripts/Animations/CharacterLodController.cs
 0.1 kb	 0.0% Packages/com.unity.ugui/Runtime/UGUI/EventSystem/UIElements/WorldDocumentRaycaster.cs
 0.1 kb	 0.0% Packages/com.unity.ugui/Runtime/UGUI/EventSystem/InputModules/StandaloneInputModule.cs
 0.1 kb	 0.0% Packages/com.unity.render-pipelines.universal/Runtime/StpUtils.cs
 0.1 kb	 0.0% Packages/com.unity.render-pipelines.universal/Runtime/RendererFeatures/OnTilePostProcessPass.cs
 0.1 kb	 0.0% Packages/com.unity.render-pipelines.universal/Runtime/RendererFeatures/OnTilePostProcessFeature.cs
 0.1 kb	 0.0% Packages/com.unity.render-pipelines.universal/Runtime/Overrides/Vignette.cs
 0.1 kb	 0.0% Packages/com.unity.render-pipelines.universal/Runtime/Overrides/Bloom.cs
 0.1 kb	 0.0% Packages/com.unity.render-pipelines.core/Runtime/XR/XRView.cs
 0.1 kb	 0.0% Packages/com.unity.render-pipelines.core/Runtime/XR/XRSystem.cs
 0.1 kb	 0.0% Packages/com.unity.render-pipelines.core/Runtime/XR/XRPass.cs
 0.1 kb	 0.0% Packages/com.unity.render-pipelines.core/Runtime/XR/XRLayout.cs
 0.1 kb	 0.0% Packages/com.unity.render-pipelines.core/Runtime/GPUDriven/BatchLayers.cs
 0.1 kb	 0.0% Packages/com.unity.render-pipelines.core/Runtime/Debugging/DebugUI.Containers.cs
 0.1 kb	 0.0% Packages/com.unity.inputsystem/InputSystem/Utilities/StringHelpers.cs
 0.1 kb	 0.0% Packages/com.unity.inputsystem/InputSystem/Utilities/SpriteUtilities.cs
 0.1 kb	 0.0% Packages/com.unity.inputsystem/InputSystem/Utilities/PrimitiveValue.cs
 0.1 kb	 0.0% Packages/com.unity.inputsystem/InputSystem/Utilities/PredictiveParser.cs
 0.1 kb	 0.0% Packages/com.unity.inputsystem/InputSystem/Utilities/NumberHelpers.cs
 0.1 kb	 0.0% Packages/com.unity.inputsystem/InputSystem/Utilities/MemoryHelpers.cs
 0.1 kb	 0.0% Packages/com.unity.inputsystem/InputSystem/Utilities/InternedString.cs
 0.1 kb	 0.0% Packages/com.unity.inputsystem/InputSystem/Utilities/ExceptionHelpers.cs
 0.1 kb	 0.0% Packages/com.unity.inputsystem/InputSystem/Utilities/DelegateHelpers.cs
 0.1 kb	 0.0% Packages/com.unity.inputsystem/InputSystem/Plugins/iOS/iOSStepCounter.cs
 0.1 kb	 0.0% Packages/com.unity.inputsystem/InputSystem/Plugins/XR/TrackedPoseDriver.cs
 0.1 kb	 0.0% Packages/com.unity.inputsystem/InputSystem/Plugins/XR/Haptics/BufferedRumble.cs
 0.1 kb	 0.0% Packages/com.unity.inputsystem/InputSystem/Plugins/UI/VirtualMouseInput.cs
 0.1 kb	 0.0% Packages/com.unity.inputsystem/InputSystem/Plugins/UI/INavigationEventData.cs
 0.1 kb	 0.0% Packages/com.unity.inputsystem/InputSystem/Plugins/UI/BaseInputOverride.cs
 0.1 kb	 0.0% Packages/com.unity.inputsystem/InputSystem/Plugins/DualShock/DualShockSupport.cs
 0.1 kb	 0.0% Packages/com.unity.inputsystem/InputSystem/Plugins/DualShock/DualShockGamepad.cs
 0.1 kb	 0.0% Packages/com.unity.inputsystem/InputSystem/Controls/Processors/ScaleProcessor.cs
 0.1 kb	 0.0% Packages/com.unity.inputsystem/InputSystem/Controls/Processors/InvertProcessor.cs
 0.1 kb	 0.0% Packages/com.unity.inputsystem/InputSystem/Controls/Processors/ClampProcessor.cs
 0.1 kb	 0.0% Packages/com.unity.inputsystem/InputSystem/Actions/Interactions/TapInteraction.cs
 0.1 kb	 0.0% Packages/com.unity.inputsystem/InputSystem/Actions/Interactions/PressInteraction.cs
 0.1 kb	 0.0% Packages/com.unity.inputsystem/InputSystem/Actions/Interactions/HoldInteraction.cs
 0.1 kb	 0.0% Packages/com.unity.inputsystem/InputSystem/Actions/InputActionTrace.cs
 0.1 kb	 0.0% Packages/com.unity.inputsystem/InputSystem/Actions/Composites/Vector3Composite.cs
 0.1 kb	 0.0% Packages/com.unity.inputsystem/InputSystem/Actions/Composites/Vector2Composite.cs
 0.1 kb	 0.0% Packages/com.unity.inputsystem/InputSystem/Actions/Composites/AxisComposite.cs
 0.1 kb	 0.0% Packages/com.unity.collections/Unity.Collections/UnsafeBitArray.cs
 0.1 kb	 0.0% Packages/com.unity.collections/Unity.Collections/UTF8ArrayUnsafeUtility.cs
 0.1 kb	 0.0% Packages/com.unity.collections/Unity.Collections/StreamCompressionModel.cs
 0.1 kb	 0.0% Packages/com.unity.collections/Unity.Collections/NativeArrayExtensions.cs
 0.1 kb	 0.0% Packages/com.unity.collections/Unity.Collections/FixedStringInternalMethods.cs
 0.1 kb	 0.0% Packages/com.unity.collections/Unity.Collections/FixedStringFormatMethods.gen.cs
 0.1 kb	 0.0% Packages/com.unity.cloud.gltfast/Runtime/Scripts/Newtonsoft/Schema/TextureExtensions.cs
 0.1 kb	 0.0% Packages/com.unity.cloud.gltfast/Runtime/Scripts/Newtonsoft/Schema/PbrMetallicRoughness.cs
 0.1 kb	 0.0% Packages/com.unity.cloud.gltfast/Runtime/Scripts/Newtonsoft/Schema/OcclusionTextureInfo.cs
 0.1 kb	 0.0% Packages/com.unity.cloud.gltfast/Runtime/Scripts/Newtonsoft/Schema/NormalTextureInfo.cs
 0.1 kb	 0.0% Packages/com.unity.cloud.gltfast/Runtime/Scripts/Newtonsoft/Schema/MaterialExtensions.cs
 0.1 kb	 0.0% Packages/com.unity.cloud.gltfast/Runtime/Scripts/Newtonsoft/Schema/CameraPerspective.cs
 0.1 kb	 0.0% Packages/com.unity.cloud.gltfast/Runtime/Scripts/Newtonsoft/Schema/CameraOrthographic.cs
 0.1 kb	 0.0% Packages/com.unity.cloud.gltfast/Runtime/Scripts/Newtonsoft/Schema/BufferViewExtensions.cs
 0.1 kb	 0.0% Packages/com.unity.cloud.gltfast/Runtime/Scripts/Newtonsoft/Schema/AccessorSparseValues.cs
 0.1 kb	 0.0% Packages/com.unity.cloud.gltfast/Runtime/Scripts/MaterialsVariants/MultiMaterialsVariantsSlotInstances.cs
 0.1 kb	 0.0% Packages/com.unity.cloud.gltfast/Runtime/Scripts/ImportAddons/ImportAddonInstanceCollection.cs
 0.1 kb	 0.0% Packages/com.unity.cloud.gltfast/Runtime/Scripts/Export/StandardMaterialExportBase.cs
 0.1 kb	 0.0% Packages/com.unity.cloud.gltfast/Runtime/Scripts/Export/MetaMaterialExportBuiltIn.cs
 0.1 kb	 0.0% Packages/com.unity.cloud.gltfast/Runtime/Scripts/Export/GltfUnlitMaterialExporter.cs
 0.1 kb	 0.0% Packages/com.unity.cloud.gltfast/DocExamples/SimpleExport.cs
 0.1 kb	 0.0% Packages/com.unity.cloud.gltfast/DocExamples/ExtraData.cs
 0.1 kb	 0.0% Packages/com.unity.burst/Runtime/CompilerServices/SkipLocalsInitAttribute.cs
 0.1 kb	 0.0% Packages/com.unity.burst/Runtime/CompilerServices/IgnoreWarningAttribute.cs
 0.1 kb	 0.0% Packages/com.unity.ai.navigation/Runtime/NavMeshModifierVolume.cs
 0.1 kb	 0.0% Packages/com.unity.addressables/Runtime/ResourceManager/ResourceProviders/WebRequestQueue.cs
 0.1 kb	 0.0% Packages/com.unity.addressables/Runtime/ResourceManager/ResourceProviders/IUpdateReceiver.cs
 0.1 kb	 0.0% Packages/com.unity.addressables/Runtime/ResourceManager/ResourceManager.cs
 0.1 kb	 0.0% Packages/com.unity.addressables/Runtime/AssetReferenceUIRestriction.cs
 0.1 kb	 0.0% Packages/com.unity.ugui/Runtime/TMP/TMP_ScrollbarEventHandler.cs
 0.1 kb	 0.0% Packages/com.unity.ugui/Runtime/TMP/TMP_PackageResourceImporter.cs
 0.1 kb	 0.0% Packages/com.unity.ugui/Runtime/InternalBridge/ObjectUtilsBridge.cs
 0.1 kb	 0.0% Packages/com.unity.render-pipelines.core/Runtime/Vrs/VrsShaders.cs
 0.1 kb	 0.0% Packages/com.unity.render-pipelines.core/Runtime/Vrs/VrsResources.cs
 0.1 kb	 0.0% Packages/com.unity.render-pipelines.core/Runtime/Volume/VolumeStack.cs
 0.1 kb	 0.0% Packages/com.unity.render-pipelines.core/Runtime/Utilities/TextureCurve.cs
 0.1 kb	 0.0% Packages/com.unity.render-pipelines.core/Runtime/Utilities/MeshGizmo.cs
 0.1 kb	 0.0% Packages/com.unity.render-pipelines.core/Runtime/Utilities/HashFNV1A32.cs
 0.1 kb	 0.0% Packages/com.unity.render-pipelines.core/Runtime/Utilities/HableCurve.cs
 0.1 kb	 0.0% Packages/com.unity.render-pipelines.core/Runtime/Utilities/GPUPrefixSum/GPUPrefixSum.cs
 0.1 kb	 0.0% Packages/com.unity.render-pipelines.core/Runtime/Utilities/CoreUtils.cs
 0.1 kb	 0.0% Packages/com.unity.render-pipelines.core/Runtime/Utilities/ColorUtils.cs
 0.1 kb	 0.0% Packages/com.unity.render-pipelines.core/Runtime/Textures/TextureXR.cs
 0.1 kb	 0.0% Packages/com.unity.render-pipelines.core/Runtime/Textures/RTHandles.cs
 0.1 kb	 0.0% Packages/com.unity.render-pipelines.core/Runtime/Stripping/IStripper.cs
 0.1 kb	 0.0% Packages/com.unity.render-pipelines.core/Runtime/ShaderLibrary/Sampling/Hammersley.cs
 0.1 kb	 0.0% Packages/com.unity.render-pipelines.core/Runtime/Lighting/ProbeVolume/ProbeVolume.cs
 0.1 kb	 0.0% Packages/com.unity.render-pipelines.core/Runtime/GPUDriven/FrustumPlanes.cs
 0.1 kb	 0.0% Packages/com.unity.render-pipelines.core/Runtime/Debugging/Prefabs/Scripts/UIFoldout.cs
 0.1 kb	 0.0% Packages/com.unity.render-pipelines.core/Runtime/Debugging/DebugUpdater.cs
 0.1 kb	 0.0% Packages/com.unity.render-pipelines.core/Runtime/Debugging/DebugUI.Panel.cs
 0.1 kb	 0.0% Packages/com.unity.render-pipelines.core/Runtime/Debugging/DebugUI.Fields.cs
 0.1 kb	 0.0% Packages/com.unity.render-pipelines.core/Runtime/Debugging/DebugShapes.cs
 0.1 kb	 0.0% Packages/com.unity.render-pipelines.core/Runtime/Debugging/DebugOverlay.cs
 0.1 kb	 0.0% Packages/com.unity.render-pipelines.core/Runtime/Debugging/DebugManager.cs
 0.1 kb	 0.0% Packages/com.unity.render-pipelines.core/Runtime/Camera/FreeCamera.cs
 0.1 kb	 0.0% Packages/com.unity.profiling.core/Runtime/ProfilerMarkerExtensions.cs
 0.1 kb	 0.0% Packages/com.unity.mathematics/Unity.Mathematics/PropertyAttributes.cs
 0.1 kb	 0.0% Packages/com.unity.inputsystem/InputSystem/State/InputStateBlock.cs
 0.1 kb	 0.0% Packages/com.unity.inputsystem/InputSystem/Plugins/iOS/iOSPostProcessBuild.cs
 0.1 kb	 0.0% Packages/com.unity.inputsystem/InputSystem/Plugins/XInput/XInputSupport.cs
 0.1 kb	 0.0% Packages/com.unity.inputsystem/InputSystem/Plugins/XInput/XInputController.cs
 0.1 kb	 0.0% Packages/com.unity.inputsystem/InputSystem/Plugins/XInput/IXboxOneRumble.cs
 0.1 kb	 0.0% Packages/com.unity.inputsystem/InputSystem/Plugins/WebGL/WebGLJoystick.cs
 0.1 kb	 0.0% Packages/com.unity.inputsystem/InputSystem/Plugins/UnityRemote/UnityRemoteSupport.cs
 0.1 kb	 0.0% Packages/com.unity.inputsystem/InputSystem/Plugins/Switch/SwitchSupportHID.cs
 0.1 kb	 0.0% Packages/com.unity.inputsystem/InputSystem/Plugins/PlayerInput/PlayerInputManager.cs
 0.1 kb	 0.0% Packages/com.unity.inputsystem/InputSystem/Plugins/PlayerInput/DefaultInputActions.cs
 0.1 kb	 0.0% Packages/com.unity.inputsystem/InputSystem/Plugins/OnScreen/OnScreenSupport.cs
 0.1 kb	 0.0% Packages/com.unity.inputsystem/InputSystem/Plugins/OnScreen/OnScreenStick.cs
 0.1 kb	 0.0% Packages/com.unity.inputsystem/InputSystem/Plugins/OnScreen/OnScreenControl.cs
 0.1 kb	 0.0% Packages/com.unity.inputsystem/InputSystem/Plugins/OnScreen/OnScreenButton.cs
 0.1 kb	 0.0% Packages/com.unity.inputsystem/InputSystem/Plugins/Linux/SDLDeviceBuilder.cs
 0.1 kb	 0.0% Packages/com.unity.inputsystem/InputSystem/Plugins/EnhancedTouch/TouchHistory.cs
 0.1 kb	 0.0% Packages/com.unity.inputsystem/InputSystem/Plugins/Android/AndroidSupport.cs
 0.1 kb	 0.0% Packages/com.unity.inputsystem/InputSystem/InputSystemObject.cs
 0.1 kb	 0.0% Packages/com.unity.inputsystem/InputSystem/InputManagerStateMonitors.cs
 0.1 kb	 0.0% Packages/com.unity.inputsystem/InputSystem/InputFeatureNames.cs
 0.1 kb	 0.0% Packages/com.unity.inputsystem/InputSystem/IInputRuntime.cs
 0.1 kb	 0.0% Packages/com.unity.inputsystem/InputSystem/IInputDiagnostics.cs
 0.1 kb	 0.0% Packages/com.unity.inputsystem/InputSystem/Events/InputEventTrace.cs
 0.1 kb	 0.0% Packages/com.unity.inputsystem/InputSystem/Events/InputEventStream.cs
 0.1 kb	 0.0% Packages/com.unity.inputsystem/InputSystem/Events/InputEventPtr.cs
 0.1 kb	 0.0% Packages/com.unity.inputsystem/InputSystem/Events/InputEventBuffer.cs
 0.1 kb	 0.0% Packages/com.unity.inputsystem/InputSystem/Events/DeviceResetEvent.cs
 0.1 kb	 0.0% Packages/com.unity.inputsystem/InputSystem/Events/DeltaStateEvent.cs
 0.1 kb	 0.0% Packages/com.unity.inputsystem/InputSystem/Editor/UITKAssetEditor/Views/PropertiesView.cs
 0.1 kb	 0.0% Packages/com.unity.inputsystem/InputSystem/Editor/UITKAssetEditor/Views/DropManipulator.cs
 0.1 kb	 0.0% Packages/com.unity.inputsystem/InputSystem/Editor/UITKAssetEditor/Views/CopyPasteHelper.cs
 0.1 kb	 0.0% Packages/com.unity.inputsystem/InputSystem/Editor/UITKAssetEditor/Views/ActionsTreeView.cs
 0.1 kb	 0.0% Packages/com.unity.inputsystem/InputSystem/Editor/UITKAssetEditor/Views/ActionMapsView.cs
 0.1 kb	 0.0% Packages/com.unity.inputsystem/InputSystem/Editor/UITKAssetEditor/StateContainer.cs
 0.1 kb	 0.0% Packages/com.unity.inputsystem/InputSystem/Editor/UITKAssetEditor/ExpressionUtils.cs
 0.1 kb	 0.0% Packages/com.unity.inputsystem/InputSystem/Editor/Internal/TreeViewHelpers.cs
 0.1 kb	 0.0% Packages/com.unity.inputsystem/InputSystem/Editor/Internal/InputStateWindow.cs
 0.1 kb	 0.0% Packages/com.unity.inputsystem/InputSystem/Editor/Internal/EditorHelpers.cs
 0.1 kb	 0.0% Packages/com.unity.inputsystem/InputSystem/Editor/Internal/AdvancedDropdown/AdvancedDropdown.cs
 0.1 kb	 0.0% Packages/com.unity.inputsystem/InputSystem/Editor/InputDiagnostics.cs
 0.1 kb	 0.0% Packages/com.unity.inputsystem/InputSystem/Devices/Haptics/IDualMotorRumble.cs
 0.1 kb	 0.0% Packages/com.unity.inputsystem/InputSystem/Devices/Haptics/DualMotorRumble.cs
 0.1 kb	 0.0% Packages/com.unity.inputsystem/InputSystem/Controls/Vector3Control.cs
 0.1 kb	 0.0% Packages/com.unity.inputsystem/InputSystem/Controls/Vector2Control.cs
 0.1 kb	 0.0% Packages/com.unity.inputsystem/InputSystem/Controls/IntegerControl.cs
 0.1 kb	 0.0% Packages/com.unity.inputsystem/InputSystem/Controls/DoubleControl.cs
 0.1 kb	 0.0% Packages/com.unity.inputsystem/InputSystem/Controls/ButtonControl.cs
 0.1 kb	 0.0% Packages/com.unity.inputsystem/InputSystem/Controls/AnyKeyControl.cs
 0.1 kb	 0.0% Packages/com.unity.inputsystem/InputSystem/Actions/InputControlScheme.cs
 0.1 kb	 0.0% Packages/com.unity.inputsystem/InputSystem/Actions/InputBindingResolver.cs
 0.1 kb	 0.0% Packages/com.unity.inputsystem/InputSystem/Actions/InputActionReference.cs
 0.1 kb	 0.0% Packages/com.unity.inputsystem/InputSystem/Actions/InputActionProperty.cs
 0.1 kb	 0.0% Packages/com.unity.inputsystem/InputSystem/Actions/IInputInteraction.cs
 0.1 kb	 0.0% Packages/com.unity.collections/Unity.Collections/UnsafeList.cs
 0.1 kb	 0.0% Packages/com.unity.collections/Unity.Collections/FixedStringParseMethods.cs
 0.1 kb	 0.0% Packages/com.unity.collections/Unity.Collections/FixedStringAppendMethods.cs
 0.1 kb	 0.0% Packages/com.unity.cloud.gltfast/Runtime/Scripts/Schema/MaterialsVariantsExtension.cs
 0.1 kb	 0.0% Packages/com.unity.cloud.gltfast/Runtime/Scripts/Material/UniveralRPMaterialGenerator.cs
 0.1 kb	 0.0% Packages/com.unity.cloud.gltfast/Runtime/Scripts/Material/ShaderGraphMaterialGenerator.cs
 0.1 kb	 0.0% Packages/com.unity.cloud.gltfast/Runtime/Scripts/Export/VertexAttributeUsage.cs
 0.1 kb	 0.0% Packages/com.unity.addressables/Runtime/IKeyEvaluator.cs
 0.1 kb	 0.0% Packages/com.unity.addressables/Runtime/AssetReference.cs
 0.1 kb	 0.0% Packages/com.unity.addressables/Runtime/AddressablesImpl.cs
 0.1 kb	 0.0% Assets/Scripts/Progression/ProgressionSystem.cs
 0.1 kb	 0.0% Assets/Scripts/Performance/PerformanceGovernor.cs
 0.1 kb	 0.0% Assets/Scripts/Interactions/InteractionDirector.cs
 0.1 kb	 0.0% Packages/com.unity.ugui/Runtime/UGUI/UI/Core/Utility/ReflectionMethodsCache.cs
 0.1 kb	 0.0% Packages/com.unity.ugui/Runtime/UGUI/UI/Core/MultipleDisplayUtilities.cs
 0.1 kb	 0.0% Packages/com.unity.ugui/Runtime/UGUI/UI/Core/Layout/HorizontalLayoutGroup.cs
 0.1 kb	 0.0% Packages/com.unity.ugui/Runtime/UGUI/UI/Core/IGraphicEnabledDisabled.cs
 0.1 kb	 0.0% Packages/com.unity.ugui/Runtime/UGUI/UI/Core/GraphicRebuildTracker.cs
 0.1 kb	 0.0% Packages/com.unity.ugui/Runtime/UGUI/UI/Core/Culling/RectangularVertexClipper.cs
 0.1 kb	 0.0% Packages/com.unity.ugui/Runtime/UGUI/EventSystem/UIElements/PanelEventHandler.cs
 0.1 kb	 0.0% Packages/com.unity.ugui/Runtime/UGUI/EventSystem/Raycasters/Physics2DRaycaster.cs
 0.1 kb	 0.0% Packages/com.unity.ugui/Runtime/UGUI/EventSystem/InputModules/PointerInputModule.cs
 0.1 kb	 0.0% Packages/com.unity.render-pipelines.core/ShaderLibrary/DummyShaderLibrary.cs
 0.1 kb	 0.0% Packages/com.unity.render-pipelines.core/Runtime/Utilities/GPUSort/GPUSort.Data.cs
 0.1 kb	 0.0% Packages/com.unity.render-pipelines.core/Runtime/Utilities/BitArray.cs
 0.1 kb	 0.0% Packages/com.unity.render-pipelines.core/Runtime/Inputs/InputRegistering.cs
 0.1 kb	 0.0% Packages/com.unity.inputsystem/InputSystem/Utilities/TypeTable.cs
 0.1 kb	 0.0% Packages/com.unity.inputsystem/InputSystem/Utilities/TypeHelpers.cs
 0.1 kb	 0.0% Packages/com.unity.inputsystem/InputSystem/Utilities/Substring.cs
 0.1 kb	 0.0% Packages/com.unity.inputsystem/InputSystem/Utilities/SavedState.cs
 0.1 kb	 0.0% Packages/com.unity.inputsystem/InputSystem/Utilities/Observables/Observable.cs
 0.1 kb	 0.0% Packages/com.unity.inputsystem/InputSystem/Utilities/NamedValue.cs
 0.1 kb	 0.0% Packages/com.unity.inputsystem/InputSystem/Utilities/MiscHelpers.cs
 0.1 kb	 0.0% Packages/com.unity.inputsystem/InputSystem/Utilities/JsonParser.cs
 0.1 kb	 0.0% Packages/com.unity.inputsystem/InputSystem/Utilities/ArrayHelpers.cs
 0.1 kb	 0.0% Packages/com.unity.inputsystem/InputSystem/Plugins/iOS/InputSettingsiOS.cs
 0.1 kb	 0.0% Packages/com.unity.inputsystem/InputSystem/Plugins/XR/XRLayoutBuilder.cs
 0.1 kb	 0.0% Packages/com.unity.inputsystem/InputSystem/Plugins/UI/NavigationModel.cs
 0.1 kb	 0.0% Packages/com.unity.inputsystem/InputSystem/InputUpdateType.cs
 0.1 kb	 0.0% Packages/com.unity.collections/Unity.Collections/UnsafeText.cs
 0.1 kb	 0.0% Packages/com.unity.collections/Unity.Collections/UnsafeStream.cs
 0.1 kb	 0.0% Packages/com.unity.collections/Unity.Collections/RewindableAllocator.cs
 0.1 kb	 0.0% Packages/com.unity.collections/Unity.Collections/FixedStringMethods.cs
 0.1 kb	 0.0% Packages/com.unity.collections/Unity.Collections/AutoFreeAllocator.cs
 0.1 kb	 0.0% Packages/com.unity.cloud.gltfast/Runtime/Scripts/UninterruptedDefaultDeferAgent.cs
 0.1 kb	 0.0% Packages/com.unity.cloud.gltfast/Runtime/Scripts/Newtonsoft/Schema/UnclassifiedData.cs
 0.1 kb	 0.0% Packages/com.unity.cloud.gltfast/Runtime/Scripts/Newtonsoft/Schema/RootExtensions.cs
 0.1 kb	 0.0% Packages/com.unity.cloud.gltfast/Runtime/Scripts/Newtonsoft/Schema/NodeExtensions.cs
 0.1 kb	 0.0% Packages/com.unity.cloud.gltfast/Runtime/Scripts/Newtonsoft/Schema/MeshPrimitive.cs
 0.1 kb	 0.0% Packages/com.unity.cloud.gltfast/Runtime/Scripts/Newtonsoft/Schema/AnimationSampler.cs
 0.1 kb	 0.0% Packages/com.unity.cloud.gltfast/Runtime/Scripts/Newtonsoft/Schema/AnimationChannel.cs
 0.1 kb	 0.0% Packages/com.unity.cloud.gltfast/Runtime/Scripts/Newtonsoft/Schema/AccessorSparse.cs
 0.1 kb	 0.0% Packages/com.unity.cloud.gltfast/Runtime/Scripts/MaterialsVariants/MaterialsVariantsSlotInstances.cs
 0.1 kb	 0.0% Packages/com.unity.cloud.gltfast/Runtime/Scripts/MaterialsVariants/IMaterialsVariantsSlotInstance.cs
 0.1 kb	 0.0% Packages/com.unity.cloud.gltfast/Runtime/Scripts/Loading/CustomHeaderDownloadProvider.cs
 0.1 kb	 0.0% Packages/com.unity.cloud.gltfast/Runtime/Scripts/Export/StandardMaterialExport.cs
 0.1 kb	 0.0% Packages/com.unity.cloud.gltfast/Runtime/Scripts/Export/MeshMaterialCombination.cs
 0.1 kb	 0.0% Packages/com.unity.cloud.gltfast/Runtime/Scripts/Export/GameObjectExportSettings.cs
 0.1 kb	 0.0% Packages/com.unity.burst/Runtime/CompilerServices/AssumeRangeAttribute.cs
 0.1 kb	 0.0% Packages/com.unity.addressables/Runtime/ResourceManager/Util/MonoBehaviourCallbackHooks.cs
 0.1 kb	 0.0% Assets/Scripts/Assets/RuntimeGltfLoader.cs
 0.1 kb	 0.0% Assets/Scripts/Assets/RuntimeAssetCatalog.cs
 0.1 kb	 0.0% Packages/com.unity.ugui/Runtime/UGUI/UI/Animation/CoroutineTween.cs
 0.1 kb	 0.0% Packages/com.unity.ugui/Runtime/UGUI/EventSystem/EventInterfaces.cs
 0.1 kb	 0.0% Packages/com.unity.ugui/Runtime/TMP/TMPro_ExtensionMethods.cs
 0.1 kb	 0.0% Packages/com.unity.ugui/Runtime/TMP/TMP_TextParsingUtilities.cs
 0.1 kb	 0.0% Packages/com.unity.ugui/Runtime/TMP/TMP_TextElement_Legacy.cs
 0.1 kb	 0.0% Packages/com.unity.ugui/Runtime/TMP/TMP_FontAssetUtilities.cs
 0.1 kb	 0.0% Packages/com.unity.ugui/Runtime/TMP/MaterialReferenceManager.cs
 0.1 kb	 0.0% Packages/com.unity.ugui/Runtime/TMP/FontFeatureCommonGSUB.cs
 0.1 kb	 0.0% Packages/com.unity.render-pipelines.universal/Runtime/2D/Shadows/ShadowProvider/VertexDictionary.cs
 0.1 kb	 0.0% Packages/com.unity.render-pipelines.core/Runtime/Vrs/VrsLut.cs
 0.1 kb	 0.0% Packages/com.unity.render-pipelines.core/Runtime/Volume/Volume.cs
 0.1 kb	 0.0% Packages/com.unity.render-pipelines.core/Runtime/Volume/IVolume.cs
 0.1 kb	 0.0% Packages/com.unity.render-pipelines.core/Runtime/Utilities/GPUSort/GPUSort.cs
 0.1 kb	 0.0% Packages/com.unity.render-pipelines.core/Runtime/Utilities/FSRUtils.cs
 0.1 kb	 0.0% Packages/com.unity.render-pipelines.core/Runtime/Utilities/Blitter.cs
 0.1 kb	 0.0% Packages/com.unity.render-pipelines.core/Runtime/Textures/RTHandle.cs
 0.1 kb	 0.0% Packages/com.unity.render-pipelines.core/Runtime/Debugging/DebugUI.cs
 0.1 kb	 0.0% Packages/com.unity.inputsystem/InputSystem/Utilities/DynamicBitfield.cs
 0.1 kb	 0.0% Packages/com.unity.inputsystem/InputSystem/State/InputState.cs
 0.1 kb	 0.0% Packages/com.unity.inputsystem/InputSystem/Plugins/WebGL/WebGLSupport.cs
 0.1 kb	 0.0% Packages/com.unity.inputsystem/InputSystem/Plugins/WebGL/WebGLGamepad.cs
 0.1 kb	 0.0% Packages/com.unity.inputsystem/InputSystem/Plugins/Users/InputUser.cs
 0.1 kb	 0.0% Packages/com.unity.inputsystem/InputSystem/Plugins/Linux/LinuxSupport.cs
 0.1 kb	 0.0% Packages/com.unity.inputsystem/InputSystem/Plugins/EnhancedTouch/Touch.cs
 0.1 kb	 0.0% Packages/com.unity.inputsystem/InputSystem/Plugins/EnhancedTouch/Finger.cs
 0.1 kb	 0.0% Packages/com.unity.inputsystem/InputSystem/InputSettings.cs
 0.1 kb	 0.0% Packages/com.unity.inputsystem/InputSystem/InputMetrics.cs
 0.1 kb	 0.0% Packages/com.unity.inputsystem/InputSystem/InputExtensions.cs
 0.1 kb	 0.0% Packages/com.unity.inputsystem/InputSystem/InputAnalytics.cs
 0.1 kb	 0.0% Packages/com.unity.inputsystem/InputSystem/Events/TextEvent.cs
 0.1 kb	 0.0% Packages/com.unity.inputsystem/InputSystem/Events/StateEvent.cs
 0.1 kb	 0.0% Packages/com.unity.inputsystem/InputSystem/Events/InputEvent.cs
 0.1 kb	 0.0% Packages/com.unity.inputsystem/InputSystem/Events/ActionEvent.cs
 0.1 kb	 0.0% Packages/com.unity.inputsystem/InputSystem/Editor/UITKAssetEditor/Views/Selectors.cs
 0.1 kb	 0.0% Packages/com.unity.inputsystem/InputSystem/Editor/UITKAssetEditor/Views/ContextMenu.cs
 0.1 kb	 0.0% Packages/com.unity.inputsystem/InputSystem/Editor/Internal/GUIHelpers.cs
 0.1 kb	 0.0% Packages/com.unity.inputsystem/InputSystem/Devices/TrackedDevice.cs
 0.1 kb	 0.0% Packages/com.unity.inputsystem/InputSystem/Devices/Remote/InputRemoting.cs
 0.1 kb	 0.0% Packages/com.unity.inputsystem/InputSystem/Devices/Precompiled/FastTouchscreen.cs
 0.1 kb	 0.0% Packages/com.unity.inputsystem/InputSystem/Devices/Precompiled/FastMouse.partial.cs
 0.1 kb	 0.0% Packages/com.unity.inputsystem/InputSystem/Devices/IEventMerger.cs
 0.1 kb	 0.0% Packages/com.unity.inputsystem/InputSystem/Controls/TouchControl.cs
 0.1 kb	 0.0% Packages/com.unity.inputsystem/InputSystem/Controls/StickControl.cs
 0.1 kb	 0.0% Packages/com.unity.inputsystem/InputSystem/Controls/KeyControl.cs
 0.1 kb	 0.0% Packages/com.unity.inputsystem/InputSystem/Controls/InputProcessor.cs
 0.1 kb	 0.0% Packages/com.unity.inputsystem/InputSystem/Controls/InputControlPath.cs
 0.1 kb	 0.0% Packages/com.unity.inputsystem/InputSystem/Controls/DpadControl.cs
 0.1 kb	 0.0% Packages/com.unity.inputsystem/InputSystem/Controls/DeltaControl.cs
 0.1 kb	 0.0% Packages/com.unity.inputsystem/InputSystem/Controls/AxisControl.cs
 0.1 kb	 0.0% Packages/com.unity.inputsystem/InputSystem/Actions/InputActionState.cs
 0.1 kb	 0.0% Packages/com.unity.inputsystem/InputSystem/Actions/InputActionMap.cs
 0.1 kb	 0.0% Packages/com.unity.inputsystem/InputSystem/Actions/InputActionAsset.cs
 0.1 kb	 0.0% Packages/com.unity.collections/Unity.Collections/UnsafeQueue.cs
 0.1 kb	 0.0% Packages/com.unity.collections/Unity.Collections/NativeHashMap.cs
 0.1 kb	 0.0% Packages/com.unity.collections/Unity.Collections/FixedStringFormat.gen.cs
 0.1 kb	 0.0% Packages/com.unity.collections/Unity.Collections/FixedString.gen.cs
 0.1 kb	 0.0% Packages/com.unity.cloud.gltfast/Runtime/Scripts/Newtonsoft/Schema/GltfAnimation.cs
 0.1 kb	 0.0% Packages/com.unity.cloud.gltfast/Runtime/Scripts/Material/BuiltInMaterialGenerator.cs
 0.1 kb	 0.0% Packages/com.unity.addressables/Runtime/Addressables.cs
 0.1 kb	 0.0% Assets/Scripts/UI/ResponsiveHudLayout.cs
 0.1 kb	 0.0% Assets/Scripts/Store/StoreWorldBuilder.cs
 0.1 kb	 0.0% Assets/Scripts/Store/ProductVisualSystem.cs
 0.1 kb	 0.0% Assets/Scripts/Progression/UpgradeSystem.cs
 0.1 kb	 0.0% Assets/Scripts/Production/ProductionSystem.cs
 0.1 kb	 0.0% Assets/Scripts/Persistence/SaveCoordinator.cs
 0.1 kb	 0.0% Assets/Scripts/Networking/MarketApiClient.cs
 0.1 kb	 0.0% Assets/Scripts/Interactions/InteractionPoint.cs
 0.1 kb	 0.0% Assets/Scripts/Data/GameStateDocument.cs
 0.1 kb	 0.0% Assets/Scripts/Data/GameSpecRepository.cs
 0.1 kb	 0.0% Assets/Scripts/Core/MiniMarketRuntime.cs
 0.1 kb	 0.0% Assets/Scripts/Characters/CharacterFactory.cs
 0.1 kb	 0.0% Assets/Scripts/Animations/HandPoseDriver.cs
 0.1 kb	 0.0% Assets/Scripts/Animations/CharacterSockets.cs
 0.1 kb	 0.0% Assets/Scripts/Animations/CharacterActor.cs
 0.1 kb	 0.0% Packages/com.unity.ugui/Runtime/UGUI/UI/Core/SetPropertyUtility.cs
 0.1 kb	 0.0% Packages/com.unity.ugui/Runtime/UGUI/UI/Core/MaterialModifiers/IMaterialModifier.cs
 0.1 kb	 0.0% Packages/com.unity.ugui/Runtime/UGUI/UI/Core/Layout/VerticalLayoutGroup.cs
 0.1 kb	 0.0% Packages/com.unity.ugui/Runtime/UGUI/UI/Core/Layout/ContentSizeFitter.cs
 0.1 kb	 0.0% Packages/com.unity.ugui/Runtime/UGUI/UI/Core/Layout/AspectRatioFitter.cs
 0.1 kb	 0.0% Packages/com.unity.ugui/Runtime/UGUI/UI/Core/FontUpdateTracker.cs
 0.1 kb	 0.0% Packages/com.unity.ugui/Runtime/UGUI/UI/Core/CanvasUpdateRegistry.cs
 0.1 kb	 0.0% Packages/com.unity.ugui/Runtime/UGUI/UI/Core/AnimationTriggers.cs
 0.1 kb	 0.0% Packages/com.unity.ugui/Runtime/UGUI/EventSystem/UIElements/PanelRaycaster.cs
 0.1 kb	 0.0% Packages/com.unity.ugui/Runtime/UGUI/EventSystem/Raycasters/PhysicsRaycaster.cs
 0.1 kb	 0.0% Packages/com.unity.ugui/Runtime/UGUI/EventSystem/Raycasters/BaseRaycaster.cs
 0.1 kb	 0.0% Packages/com.unity.ugui/Runtime/UGUI/EventSystem/RaycasterManager.cs
 0.1 kb	 0.0% Packages/com.unity.ugui/Runtime/UGUI/EventSystem/RaycastResult.cs
 0.1 kb	 0.0% Packages/com.unity.ugui/Runtime/UGUI/EventSystem/InputModules/TouchInputModule.cs
 0.1 kb	 0.0% Packages/com.unity.ugui/Runtime/UGUI/EventSystem/InputModules/BaseInputModule.cs
 0.1 kb	 0.0% Packages/com.unity.ugui/Runtime/UGUI/EventSystem/ExecuteEvents.cs
 0.1 kb	 0.0% Packages/com.unity.ugui/Runtime/UGUI/EventSystem/EventData/PointerEventData.cs
 0.1 kb	 0.0% Packages/com.unity.ugui/Runtime/UGUI/EventSystem/EventData/BaseEventData.cs
 0.1 kb	 0.0% Packages/com.unity.ugui/Runtime/UGUI/EventSystem/EventData/AxisEventData.cs
 0.1 kb	 0.0% Packages/com.unity.ugui/Runtime/TMP/TMP_TextProcessingStack.cs
 0.1 kb	 0.0% Packages/com.unity.ugui/Runtime/TMP/TMP_FontFeaturesCommon.cs
 0.1 kb	 0.0% Packages/com.unity.render-pipelines.core/Runtime/Lights/LightAnchor.cs
 0.1 kb	 0.0% Packages/com.unity.render-pipelines.core/Runtime/GPUDriven/AABB.cs
 0.1 kb	 0.0% Packages/com.unity.mathematics/Unity.Mathematics/rigid_transform.cs
 0.1 kb	 0.0% Packages/com.unity.mathematics/Unity.Mathematics/math_unity_conversion.cs
 0.1 kb	 0.0% Packages/com.unity.mathematics/Unity.Mathematics/affine_transform.cs
 0.1 kb	 0.0% Packages/com.unity.mathematics/Unity.Mathematics/Geometry/MinMaxAABB.cs
 0.1 kb	 0.0% Packages/com.unity.inputsystem/InputSystem/Utilities/FourCC.cs
 0.1 kb	 0.0% Packages/com.unity.inputsystem/InputSystem/Plugins/iOS/iOSSupport.cs
 0.1 kb	 0.0% Packages/com.unity.inputsystem/InputSystem/Plugins/XR/XRSupport.cs
 0.1 kb	 0.0% Packages/com.unity.inputsystem/InputSystem/Plugins/XR/GenericXRDevice.cs
 0.1 kb	 0.0% Packages/com.unity.inputsystem/InputSystem/Plugins/XR/Devices/WindowsMR.cs
 0.1 kb	 0.0% Packages/com.unity.inputsystem/InputSystem/Plugins/UI/PointerModel.cs
 0.1 kb	 0.0% Packages/com.unity.inputsystem/InputSystem/Plugins/OSX/OSXSupport.cs
 0.1 kb	 0.0% Packages/com.unity.inputsystem/InputSystem/Plugins/HID/HIDSupport.cs
 0.1 kb	 0.0% Packages/com.unity.inputsystem/InputSystem/Plugins/HID/HIDParser.cs
 0.1 kb	 0.0% Packages/com.unity.collections/Unity.Collections/xxHash3.StreamingState.cs
 0.1 kb	 0.0% Packages/com.unity.collections/Unity.Collections/NativeSort.cs
 0.1 kb	 0.0% Packages/com.unity.collections/Unity.Collections/NativeBitArray.cs
 0.1 kb	 0.0% Packages/com.unity.collections/Unity.Collections/ListExtensions.cs
 0.1 kb	 0.0% Packages/com.unity.collections/Unity.Collections/Jobs/IJobParallelForDefer.cs
 0.1 kb	 0.0% Packages/com.unity.collections/Unity.Collections/Jobs/IJobParallelForBatch.cs
 0.1 kb	 0.0% Packages/com.unity.collections/Unity.Collections/FixedStringUtils.cs
 0.1 kb	 0.0% Packages/com.unity.collections/Unity.Collections/DataStreamWriter.cs
 0.1 kb	 0.0% Packages/com.unity.collections/Unity.Collections/DataStreamReader.cs
 0.1 kb	 0.0% Packages/com.unity.collections/Unity.Collections/ConcurrentMask.cs
 0.1 kb	 0.0% Packages/com.unity.collections/Unity.Collections/CollectionHelper.cs
 0.1 kb	 0.0% Packages/com.unity.collections/Unity.Collections/AllocatorManager.cs
 0.1 kb	 0.0% Packages/com.unity.cloud.gltfast/Runtime/Scripts/VertexBufferGeneratorBase.cs
 0.1 kb	 0.0% Packages/com.unity.cloud.gltfast/Runtime/Scripts/TimeBudgetPerFrameDeferAgent.cs
 0.1 kb	 0.0% Packages/com.unity.cloud.gltfast/Runtime/Scripts/Schema/TextureInfoExtensions.cs
 0.1 kb	 0.0% Packages/com.unity.cloud.gltfast/Runtime/Scripts/Schema/PbrSpecularGlossiness.cs
 0.1 kb	 0.0% Packages/com.unity.cloud.gltfast/Runtime/Scripts/Schema/MaterialPbrMetallicRoughness.cs
 0.1 kb	 0.0% Packages/com.unity.cloud.gltfast/Runtime/Scripts/Schema/AnimationChannelTarget.cs
 0.1 kb	 0.0% Packages/com.unity.cloud.gltfast/Runtime/Scripts/Schema/AccessorSparseIndices.cs
 0.1 kb	 0.0% Packages/com.unity.cloud.gltfast/Runtime/Scripts/Newtonsoft/Schema/TextureInfo.cs
 0.1 kb	 0.0% Packages/com.unity.cloud.gltfast/Runtime/Scripts/Newtonsoft/Schema/MeshExtras.cs
 0.1 kb	 0.0% Packages/com.unity.cloud.gltfast/Runtime/Scripts/Newtonsoft/Schema/IJsonObject.cs
 0.1 kb	 0.0% Packages/com.unity.cloud.gltfast/Runtime/Scripts/Newtonsoft/Schema/BufferView.cs
 0.1 kb	 0.0% Packages/com.unity.cloud.gltfast/Runtime/Scripts/MaterialsVariants/MaterialsVariantsComponent.cs
 0.1 kb	 0.0% Packages/com.unity.cloud.gltfast/Runtime/Scripts/Loading/DefaultDownloadProvider.cs
 0.1 kb	 0.0% Packages/com.unity.cloud.gltfast/Runtime/Scripts/ImportAddons/IPostJsonDeserialization.cs
 0.1 kb	 0.0% Packages/com.unity.cloud.gltfast/Runtime/Scripts/ImageConversionImageLoader.cs
 0.1 kb	 0.0% Packages/com.unity.cloud.gltfast/Runtime/Scripts/IMaterialsVariantsProvider.cs
 0.1 kb	 0.0% Packages/com.unity.cloud.gltfast/Runtime/Scripts/IDefaultImageFormatLoader.cs
 0.1 kb	 0.0% Packages/com.unity.cloud.gltfast/Runtime/Scripts/GameObjectBoundsInstantiator.cs
 0.1 kb	 0.0% Packages/com.unity.cloud.gltfast/Runtime/Scripts/Export/NormalImageExport.cs
 0.1 kb	 0.0% Packages/com.unity.cloud.gltfast/Runtime/Scripts/Export/MaterialExportBase.cs
 0.1 kb	 0.0% Packages/com.unity.cloud.gltfast/Runtime/Scripts/Export/LitMaterialExport.cs
 0.1 kb	 0.0% Packages/com.unity.cloud.gltfast/Runtime/Scripts/Export/KhrLightsPunctual.cs
 0.1 kb	 0.0% Packages/com.unity.cloud.gltfast/Runtime/Scripts/Export/GltfMaterialExporter.cs
 0.1 kb	 0.0% Packages/com.unity.cloud.gltfast/Runtime/Scripts/Export/DracoExportSettings.cs
 0.1 kb	 0.0% Packages/com.unity.cloud.gltfast/Runtime/Scripts/CancellationTokenExtension.cs
 0.1 kb	 0.0% Packages/com.unity.cloud.gltfast/DocExamples/WebP.cs
 0.1 kb	 0.0% Packages/com.unity.burst/Runtime/SafeStringArrayHelper.cs
 0.1 kb	 0.0% Packages/com.unity.burst/Runtime/Editor/BurstEditorOptions.cs
 0.1 kb	 0.0% Packages/com.unity.burst/Runtime/Editor/BurstCompileTarget.cs
 0.1 kb	 0.0% Packages/com.unity.burst/Runtime/Editor/BurstAssemblyDisable.cs
 0.1 kb	 0.0% Packages/com.unity.burst/Runtime/BurstCompileAttribute.cs
 0.1 kb	 0.0% Packages/com.unity.ai.navigation/Runtime/NavMeshSurface.cs
 0.1 kb	 0.0% Packages/com.unity.ai.navigation/Runtime/NavMeshModifier.cs
 0.1 kb	 0.0% Assets/Scripts/Player/PlayerController.cs
 0.1 kb	 0.0% Assets/Scripts/Player/IsometricCamera.cs
 0.1 kb	 0.0% Assets/Scripts/Inventory/InventorySystem.cs
 0.1 kb	 0.0% Assets/Scripts/Employees/EmployeeManager.cs
 0.1 kb	 0.0% Assets/Scripts/Economy/EconomySystem.cs
 0.1 kb	 0.0% Assets/Scripts/Customers/CustomerManager.cs
 0.1 kb	 0.0% Assets/Scripts/Customers/CustomerAgent.cs
 0.1 kb	 0.0% Packages/com.unity.ugui/Runtime/TMP/TMPro_EventManager.cs
 0.1 kb	 0.0% Packages/com.unity.ugui/Runtime/TMP/TMP_UpdateRegistery.cs
 0.1 kb	 0.0% Packages/com.unity.ugui/Runtime/TMP/TMP_UpdateManager.cs
 0.1 kb	 0.0% Packages/com.unity.ugui/Runtime/TMP/TMP_TextUtilities.cs
 0.1 kb	 0.0% Packages/com.unity.ugui/Runtime/TMP/TMP_TextProcessingCommon.cs
 0.1 kb	 0.0% Packages/com.unity.ugui/Runtime/TMP/TMP_SpriteCharacter.cs
 0.1 kb	 0.0% Packages/com.unity.ugui/Runtime/TMP/TMP_SpriteAnimator.cs
 0.1 kb	 0.0% Packages/com.unity.ugui/Runtime/TMP/TMP_SelectionCaret.cs
 0.1 kb	 0.0% Packages/com.unity.ugui/Runtime/TMP/TMP_ResourcesManager.cs
 0.1 kb	 0.0% Packages/com.unity.ugui/Runtime/TMP/TMP_MaterialManager.cs
 0.1 kb	 0.0% Packages/com.unity.ugui/Runtime/TMP/TMP_InputValidator.cs
 0.1 kb	 0.0% Packages/com.unity.ugui/Runtime/TMP/TMP_FontFeatureTable.cs
 0.1 kb	 0.0% Packages/com.unity.ugui/Runtime/TMP/TMP_DefaultControls.cs
 0.1 kb	 0.0% Packages/com.unity.ugui/Runtime/TMP/TMP_Compatibility.cs
 0.1 kb	 0.0% Packages/com.unity.ugui/Runtime/TMP/TMP_ColorGradient.cs
 0.1 kb	 0.0% Packages/com.unity.ugui/Runtime/TMP/TMP_CharacterInfo.cs
 0.1 kb	 0.0% Packages/com.unity.ugui/Runtime/TMP/ITextPreProcessor.cs
 0.1 kb	 0.0% Packages/com.unity.ugui/Runtime/TMP/FontFeatureCommonGPOS.cs
 0.1 kb	 0.0% Packages/com.unity.ugui/Runtime/InternalBridge/TMPHelpURL.cs
 0.1 kb	 0.0% Packages/com.unity.render-pipelines.core/Runtime/Vrs/Vrs.cs
 0.1 kb	 0.0% Packages/com.unity.render-pipelines.core/Runtime/STP/STP.cs
 0.1 kb	 0.0% Packages/com.unity.profiling.core/Runtime/ProfilerUtility.cs
 0.1 kb	 0.0% Packages/com.unity.mathematics/Unity.Mathematics/double4x4.gen.cs
 0.1 kb	 0.0% Packages/com.unity.mathematics/Unity.Mathematics/double4x3.gen.cs
 0.1 kb	 0.0% Packages/com.unity.mathematics/Unity.Mathematics/double4x2.gen.cs
 0.1 kb	 0.0% Packages/com.unity.mathematics/Unity.Mathematics/double3x4.gen.cs
 0.1 kb	 0.0% Packages/com.unity.mathematics/Unity.Mathematics/double3x3.gen.cs
 0.1 kb	 0.0% Packages/com.unity.mathematics/Unity.Mathematics/double3x2.gen.cs
 0.1 kb	 0.0% Packages/com.unity.mathematics/Unity.Mathematics/double2x4.gen.cs
 0.1 kb	 0.0% Packages/com.unity.mathematics/Unity.Mathematics/double2x3.gen.cs
 0.1 kb	 0.0% Packages/com.unity.mathematics/Unity.Mathematics/double2x2.gen.cs
 0.1 kb	 0.0% Packages/com.unity.inputsystem/InputSystem/Plugins/PlayerInput/PlayerInput.cs
 0.1 kb	 0.0% Packages/com.unity.inputsystem/InputSystem/Plugins/PlayerInput/InputValue.cs
 0.1 kb	 0.0% Packages/com.unity.inputsystem/InputSystem/InputSystem.cs
 0.1 kb	 0.0% Packages/com.unity.inputsystem/InputSystem/InputManager.cs
 0.1 kb	 0.0% Packages/com.unity.inputsystem/InputSystem/Editor/UITKAssetEditor/Commands/Commands.cs
 0.1 kb	 0.0% Packages/com.unity.inputsystem/InputSystem/Editor/Dialog.cs
 0.1 kb	 0.0% Packages/com.unity.inputsystem/InputSystem/Devices/Touchscreen.cs
 0.1 kb	 0.0% Packages/com.unity.inputsystem/InputSystem/Devices/Precompiled/FastMouse.cs
 0.1 kb	 0.0% Packages/com.unity.inputsystem/InputSystem/Devices/Precompiled/FastKeyboard.cs
 0.1 kb	 0.0% Packages/com.unity.inputsystem/InputSystem/Devices/InputDevice.cs
 0.1 kb	 0.0% Packages/com.unity.inputsystem/InputSystem/Devices/Haptics/IHaptics.cs
 0.1 kb	 0.0% Packages/com.unity.inputsystem/InputSystem/Controls/InputControl.cs
 0.1 kb	 0.0% Packages/com.unity.inputsystem/InputSystem/Controls/CommonUsages.cs
 0.1 kb	 0.0% Packages/com.unity.inputsystem/InputSystem/AssemblyInfo.cs
 0.1 kb	 0.0% Packages/com.unity.inputsystem/InputSystem/Actions/InputBinding.cs
 0.1 kb	 0.0% Packages/com.unity.inputsystem/InputSystem/Actions/InputAction.cs
 0.1 kb	 0.0% Packages/com.unity.collections/Unity.Collections/NativeText.gen.cs
 0.1 kb	 0.0% Packages/com.unity.collections/Unity.Collections/FixedList.gen.cs
 0.1 kb	 0.0% Packages/com.unity.cloud.gltfast/Runtime/Scripts/VertexBufferTexCoords.cs
 0.1 kb	 0.0% Packages/com.unity.cloud.gltfast/Runtime/Scripts/Schema/FakeSchema/MaterialExtension.cs
 0.1 kb	 0.0% Packages/com.unity.cloud.gltfast/Runtime/Scripts/Newtonsoft/Schema/GltfCamera.cs
 0.1 kb	 0.0% Packages/com.unity.cloud.gltfast/Runtime/Scripts/Material/MaterialGenerator.cs
 0.1 kb	 0.0% Packages/com.unity.cloud.gltfast/Runtime/Scripts/Material/IMaterialGenerator.cs
 0.1 kb	 0.0% Packages/com.unity.addressables/Runtime/Initialization/PackedPlayModeBuildLogs.cs
 0.1 kb	 0.0% Assets/Scripts/UI/VirtualJoystick.cs
 0.1 kb	 0.0% Assets/Scripts/Data/Definitions.cs
 0.1 kb	 0.0% Packages/com.unity.ugui/Runtime/UGUI/UI/Core/VertexModifiers/PositionAsUV1.cs
 0.1 kb	 0.0% Packages/com.unity.ugui/Runtime/UGUI/UI/Core/VertexModifiers/IMeshModifier.cs
 0.1 kb	 0.0% Packages/com.unity.ugui/Runtime/UGUI/UI/Core/VertexModifiers/BaseMeshEffect.cs
 0.1 kb	 0.0% Packages/com.unity.ugui/Runtime/UGUI/UI/Core/StencilMaterial.cs
 0.1 kb	 0.0% Packages/com.unity.ugui/Runtime/UGUI/UI/Core/MaskableGraphic.cs
 0.1 kb	 0.0% Packages/com.unity.ugui/Runtime/UGUI/UI/Core/MaskUtilities.cs
 0.1 kb	 0.0% Packages/com.unity.ugui/Runtime/UGUI/UI/Core/Layout/LayoutUtility.cs
 0.1 kb	 0.0% Packages/com.unity.ugui/Runtime/UGUI/UI/Core/Layout/LayoutRebuilder.cs
 0.1 kb	 0.0% Packages/com.unity.ugui/Runtime/UGUI/UI/Core/Layout/LayoutElement.cs
 0.1 kb	 0.0% Packages/com.unity.ugui/Runtime/UGUI/UI/Core/Layout/ILayoutElement.cs
 0.1 kb	 0.0% Packages/com.unity.ugui/Runtime/UGUI/UI/Core/Layout/GridLayoutGroup.cs
 0.1 kb	 0.0% Packages/com.unity.ugui/Runtime/UGUI/UI/Core/GraphicRegistry.cs
 0.1 kb	 0.0% Packages/com.unity.ugui/Runtime/UGUI/UI/Core/GraphicRaycaster.cs
 0.1 kb	 0.0% Packages/com.unity.ugui/Runtime/UGUI/UI/Core/DefaultControls.cs
 0.1 kb	 0.0% Packages/com.unity.ugui/Runtime/UGUI/UI/Core/Culling/ClipperRegistry.cs
 0.1 kb	 0.0% Packages/com.unity.ugui/Runtime/UGUI/EventSystem/UIBehaviour.cs
 0.1 kb	 0.0% Packages/com.unity.ugui/Runtime/UGUI/EventSystem/InputModules/BaseInput.cs
 0.1 kb	 0.0% Packages/com.unity.ugui/Runtime/UGUI/EventSystem/EventTrigger.cs
 0.1 kb	 0.0% Packages/com.unity.ugui/Runtime/UGUI/EventSystem/EventSystem.cs
 0.1 kb	 0.0% Packages/com.unity.ugui/Runtime/TMP/TMPro_MeshUtilities.cs
 0.1 kb	 0.0% Packages/com.unity.ugui/Runtime/TMP/TMP_ShaderUtilities.cs
 0.1 kb	 0.0% Packages/com.unity.ugui/Runtime/TMP/TMP_RichTextTagsCommon.cs
 0.1 kb	 0.0% Packages/com.unity.ugui/Runtime/TMP/TMP_FontAssetCommon.cs
 0.1 kb	 0.0% Packages/com.unity.mathematics/Unity.Mathematics/quaternion.cs
 0.1 kb	 0.0% Packages/com.unity.mathematics/Unity.Mathematics/Noise/classicnoise4D.cs
 0.1 kb	 0.0% Packages/com.unity.mathematics/Unity.Mathematics/Noise/classicnoise3D.cs
 0.1 kb	 0.0% Packages/com.unity.mathematics/Unity.Mathematics/Noise/classicnoise2D.cs
 0.1 kb	 0.0% Packages/com.unity.mathematics/Unity.Mathematics/Noise/cellular2x2x2.cs
 0.1 kb	 0.0% Packages/com.unity.mathematics/Unity.Mathematics/Geometry/Plane.cs
 0.1 kb	 0.0% Packages/com.unity.inputsystem/InputSystem/Plugins/XR/Devices/Oculus.cs
 0.1 kb	 0.0% Packages/com.unity.collections/Unity.Collections/UIntFloat.cs
 0.1 kb	 0.0% Packages/com.unity.collections/Unity.Collections/NativeStream.cs
 0.1 kb	 0.0% Packages/com.unity.collections/Unity.Collections/Jobs/EarlyInitHelpers.cs
 0.1 kb	 0.0% Packages/com.unity.cloud.gltfast/Runtime/Scripts/VertexBufferDescriptor.cs
 0.1 kb	 0.0% Packages/com.unity.cloud.gltfast/Runtime/Scripts/UninterruptedDeferAgent.cs
 0.1 kb	 0.0% Packages/com.unity.cloud.gltfast/Runtime/Scripts/Schema/TextureExtensions.cs
 0.1 kb	 0.0% Packages/com.unity.cloud.gltfast/Runtime/Scripts/Schema/OcclusionTextureInfo.cs
 0.1 kb	 0.0% Packages/com.unity.cloud.gltfast/Runtime/Scripts/Schema/NormalTextureInfo.cs
 0.1 kb	 0.0% Packages/com.unity.cloud.gltfast/Runtime/Scripts/Schema/NodeLightsPunctual.cs
 0.1 kb	 0.0% Packages/com.unity.cloud.gltfast/Runtime/Scripts/Schema/MeshGpuInstancing.cs
 0.1 kb	 0.0% Packages/com.unity.cloud.gltfast/Runtime/Scripts/Schema/MaterialExtensions.cs
 0.1 kb	 0.0% Packages/com.unity.cloud.gltfast/Runtime/Scripts/Schema/BufferViewExtensions.cs
 0.1 kb	 0.0% Packages/com.unity.cloud.gltfast/Runtime/Scripts/Schema/AccessorSparseValues.cs
 0.1 kb	 0.0% Packages/com.unity.cloud.gltfast/Runtime/Scripts/ReadOnlyDisposableData.cs
 0.1 kb	 0.0% Packages/com.unity.cloud.gltfast/Runtime/Scripts/Newtonsoft/Schema/Texture.cs
 0.1 kb	 0.0% Packages/com.unity.cloud.gltfast/Runtime/Scripts/Newtonsoft/Schema/Scene.cs
 0.1 kb	 0.0% Packages/com.unity.cloud.gltfast/Runtime/Scripts/Newtonsoft/Schema/Sampler.cs
 0.1 kb	 0.0% Packages/com.unity.cloud.gltfast/Runtime/Scripts/Newtonsoft/Schema/Material.cs
 0.1 kb	 0.0% Packages/com.unity.cloud.gltfast/Runtime/Scripts/Newtonsoft/Schema/Image.cs
 0.1 kb	 0.0% Packages/com.unity.cloud.gltfast/Runtime/Scripts/Newtonsoft/Schema/Buffer.cs
 0.1 kb	 0.0% Packages/com.unity.cloud.gltfast/Runtime/Scripts/Newtonsoft/Schema/Asset.cs
 0.1 kb	 0.0% Packages/com.unity.cloud.gltfast/Runtime/Scripts/Newtonsoft/Schema/Accessor.cs
 0.1 kb	 0.0% Packages/com.unity.cloud.gltfast/Runtime/Scripts/Newtonsoft/GltfImport.cs
 0.1 kb	 0.0% Packages/com.unity.cloud.gltfast/Runtime/Scripts/NativeArrayExtensions.cs
 0.1 kb	 0.0% Packages/com.unity.cloud.gltfast/Runtime/Scripts/MorphTargetsGenerator.cs
 0.1 kb	 0.0% Packages/com.unity.cloud.gltfast/Runtime/Scripts/MaterialsVariants/MaterialsVariantsControl.cs
 0.1 kb	 0.0% Packages/com.unity.cloud.gltfast/Runtime/Scripts/MaterialsVariants/IMaterialsVariantsSlot.cs
 0.1 kb	 0.0% Packages/com.unity.cloud.gltfast/Runtime/Scripts/Loading/IDownloadProvider.cs
 0.1 kb	 0.0% Packages/com.unity.cloud.gltfast/Runtime/Scripts/LightPunctualExtension.cs
 0.1 kb	 0.0% Packages/com.unity.cloud.gltfast/Runtime/Scripts/InstantiationSettings.cs
 0.1 kb	 0.0% Packages/com.unity.cloud.gltfast/Runtime/Scripts/ImportAddons/ImportAddonRegistry.cs
 0.1 kb	 0.0% Packages/com.unity.cloud.gltfast/Runtime/Scripts/ImportAddons/ImportAddonInstance.cs
 0.1 kb	 0.0% Packages/com.unity.cloud.gltfast/Runtime/Scripts/ImageFormatExtensions.cs
 0.1 kb	 0.0% Packages/com.unity.cloud.gltfast/Runtime/Scripts/GltfJsonUtilityParser.cs
 0.1 kb	 0.0% Packages/com.unity.cloud.gltfast/Runtime/Scripts/GameObjectSceneInstance.cs
 0.1 kb	 0.0% Packages/com.unity.cloud.gltfast/Runtime/Scripts/GameObjectInstantiator.cs
 0.1 kb	 0.0% Packages/com.unity.cloud.gltfast/Runtime/Scripts/Export/TextureComparer.cs
 0.1 kb	 0.0% Packages/com.unity.cloud.gltfast/Runtime/Scripts/Export/OrmImageExport.cs
 0.1 kb	 0.0% Packages/com.unity.cloud.gltfast/Runtime/Scripts/Export/MaterialExport.cs
 0.1 kb	 0.0% Packages/com.unity.cloud.gltfast/Runtime/Scripts/Export/ImageExportBase.cs
 0.1 kb	 0.0% Packages/com.unity.cloud.gltfast/Runtime/Scripts/Export/IMaterialExport.cs
 0.1 kb	 0.0% Packages/com.unity.cloud.gltfast/Runtime/Scripts/Export/IGltfWritable.cs
 0.1 kb	 0.0% Packages/com.unity.cloud.gltfast/Runtime/Scripts/Export/GameObjectExport.cs
 0.1 kb	 0.0% Packages/com.unity.cloud.gltfast/Runtime/Scripts/Export/ExportSettings.cs
 0.1 kb	 0.0% Packages/com.unity.burst/Runtime/Intrinsics/SimdDebugViews.cs
 0.1 kb	 0.0% Packages/com.unity.burst/Runtime/Editor/BurstReflection.cs
 0.1 kb	 0.0% Packages/com.unity.burst/Runtime/BurstCompilerOptions.cs
 0.1 kb	 0.0% Packages/com.unity.ai.navigation/Runtime/NavMeshLink.cs
 0.1 kb	 0.0% Assets/Scripts/Customers/QueueSystem.cs
 0.1 kb	 0.0% Packages/com.unity.ugui/Runtime/TMP/TextMeshProUGUI.cs
 0.1 kb	 0.0% Packages/com.unity.ugui/Runtime/TMP/TextContainer.cs
 0.1 kb	 0.0% Packages/com.unity.ugui/Runtime/TMP/TMP_TextElement.cs
 0.1 kb	 0.0% Packages/com.unity.ugui/Runtime/TMP/TMP_SubMeshUI.cs
 0.1 kb	 0.0% Packages/com.unity.ugui/Runtime/TMP/TMP_StyleSheet.cs
 0.1 kb	 0.0% Packages/com.unity.ugui/Runtime/TMP/TMP_SpriteGlyph.cs
 0.1 kb	 0.0% Packages/com.unity.ugui/Runtime/TMP/TMP_SpriteAsset.cs
 0.1 kb	 0.0% Packages/com.unity.ugui/Runtime/TMP/TMP_InputField.cs
 0.1 kb	 0.0% Packages/com.unity.ugui/Runtime/TMP/TMP_FontAsset.cs
 0.1 kb	 0.0% Packages/com.unity.ugui/Runtime/TMP/TMP_CoroutineTween.cs
 0.1 kb	 0.0% Packages/com.unity.ugui/Runtime/TMP/TMP_Character.cs
 0.1 kb	 0.0% Packages/com.unity.render-pipelines.universal/Shaders/Shaders.cs
 0.1 kb	 0.0% Packages/com.unity.mathematics/Unity.Mathematics/uint4x4.gen.cs
 0.1 kb	 0.0% Packages/com.unity.mathematics/Unity.Mathematics/uint4x3.gen.cs
 0.1 kb	 0.0% Packages/com.unity.mathematics/Unity.Mathematics/uint4x2.gen.cs
 0.1 kb	 0.0% Packages/com.unity.mathematics/Unity.Mathematics/uint4.gen.cs
 0.1 kb	 0.0% Packages/com.unity.mathematics/Unity.Mathematics/uint3x4.gen.cs
 0.1 kb	 0.0% Packages/com.unity.mathematics/Unity.Mathematics/uint3x3.gen.cs
 0.1 kb	 0.0% Packages/com.unity.mathematics/Unity.Mathematics/uint3x2.gen.cs
 0.1 kb	 0.0% Packages/com.unity.mathematics/Unity.Mathematics/uint3.gen.cs
 0.1 kb	 0.0% Packages/com.unity.mathematics/Unity.Mathematics/uint2x4.gen.cs
 0.1 kb	 0.0% Packages/com.unity.mathematics/Unity.Mathematics/uint2x3.gen.cs
 0.1 kb	 0.0% Packages/com.unity.mathematics/Unity.Mathematics/uint2x2.gen.cs
 0.1 kb	 0.0% Packages/com.unity.mathematics/Unity.Mathematics/uint2.gen.cs
 0.1 kb	 0.0% Packages/com.unity.mathematics/Unity.Mathematics/int4x4.gen.cs
 0.1 kb	 0.0% Packages/com.unity.mathematics/Unity.Mathematics/int4x3.gen.cs
 0.1 kb	 0.0% Packages/com.unity.mathematics/Unity.Mathematics/int4x2.gen.cs
 0.1 kb	 0.0% Packages/com.unity.mathematics/Unity.Mathematics/int3x4.gen.cs
 0.1 kb	 0.0% Packages/com.unity.mathematics/Unity.Mathematics/int3x3.gen.cs
 0.1 kb	 0.0% Packages/com.unity.mathematics/Unity.Mathematics/int3x2.gen.cs
 0.1 kb	 0.0% Packages/com.unity.mathematics/Unity.Mathematics/int2x4.gen.cs
 0.1 kb	 0.0% Packages/com.unity.mathematics/Unity.Mathematics/int2x3.gen.cs
 0.1 kb	 0.0% Packages/com.unity.mathematics/Unity.Mathematics/int2x2.gen.cs
 0.1 kb	 0.0% Packages/com.unity.mathematics/Unity.Mathematics/half4.gen.cs
 0.1 kb	 0.0% Packages/com.unity.mathematics/Unity.Mathematics/half3.gen.cs
 0.1 kb	 0.0% Packages/com.unity.mathematics/Unity.Mathematics/half2.gen.cs
 0.1 kb	 0.0% Packages/com.unity.mathematics/Unity.Mathematics/float4x4.gen.cs
 0.1 kb	 0.0% Packages/com.unity.mathematics/Unity.Mathematics/float4x3.gen.cs
 0.1 kb	 0.0% Packages/com.unity.mathematics/Unity.Mathematics/float4x2.gen.cs
 0.1 kb	 0.0% Packages/com.unity.mathematics/Unity.Mathematics/float4.gen.cs
 0.1 kb	 0.0% Packages/com.unity.mathematics/Unity.Mathematics/float3x4.gen.cs
 0.1 kb	 0.0% Packages/com.unity.mathematics/Unity.Mathematics/float3x3.gen.cs
 0.1 kb	 0.0% Packages/com.unity.mathematics/Unity.Mathematics/float3x2.gen.cs
 0.1 kb	 0.0% Packages/com.unity.mathematics/Unity.Mathematics/float3.gen.cs
 0.1 kb	 0.0% Packages/com.unity.mathematics/Unity.Mathematics/float2x4.gen.cs
 0.1 kb	 0.0% Packages/com.unity.mathematics/Unity.Mathematics/float2x3.gen.cs
 0.1 kb	 0.0% Packages/com.unity.mathematics/Unity.Mathematics/float2x2.gen.cs
 0.1 kb	 0.0% Packages/com.unity.mathematics/Unity.Mathematics/float2.gen.cs
 0.1 kb	 0.0% Packages/com.unity.mathematics/Unity.Mathematics/double4.gen.cs
 0.1 kb	 0.0% Packages/com.unity.mathematics/Unity.Mathematics/double3.gen.cs
 0.1 kb	 0.0% Packages/com.unity.mathematics/Unity.Mathematics/double2.gen.cs
 0.1 kb	 0.0% Packages/com.unity.mathematics/Unity.Mathematics/bool4x4.gen.cs
 0.1 kb	 0.0% Packages/com.unity.mathematics/Unity.Mathematics/bool4x3.gen.cs
 0.1 kb	 0.0% Packages/com.unity.mathematics/Unity.Mathematics/bool4x2.gen.cs
 0.1 kb	 0.0% Packages/com.unity.mathematics/Unity.Mathematics/bool4.gen.cs
 0.1 kb	 0.0% Packages/com.unity.mathematics/Unity.Mathematics/bool3x4.gen.cs
 0.1 kb	 0.0% Packages/com.unity.mathematics/Unity.Mathematics/bool3x3.gen.cs
 0.1 kb	 0.0% Packages/com.unity.mathematics/Unity.Mathematics/bool3x2.gen.cs
 0.1 kb	 0.0% Packages/com.unity.mathematics/Unity.Mathematics/bool3.gen.cs
 0.1 kb	 0.0% Packages/com.unity.mathematics/Unity.Mathematics/bool2x4.gen.cs
 0.1 kb	 0.0% Packages/com.unity.mathematics/Unity.Mathematics/bool2x3.gen.cs
 0.1 kb	 0.0% Packages/com.unity.mathematics/Unity.Mathematics/bool2x2.gen.cs
 0.1 kb	 0.0% Packages/com.unity.mathematics/Unity.Mathematics/bool2.gen.cs
 0.1 kb	 0.0% Packages/com.unity.mathematics/Unity.Mathematics/Noise/psrdnoise2D.cs
 0.1 kb	 0.0% Packages/com.unity.mathematics/Unity.Mathematics/Noise/noise3Dgrad.cs
 0.1 kb	 0.0% Packages/com.unity.mathematics/Unity.Mathematics/Noise/cellular3D.cs
 0.1 kb	 0.0% Packages/com.unity.mathematics/Unity.Mathematics/Noise/cellular2x2.cs
 0.1 kb	 0.0% Packages/com.unity.mathematics/Unity.Mathematics/Noise/cellular2D.cs
 0.1 kb	 0.0% Packages/com.unity.inputsystem/InputSystem/Plugins/XR/Devices/GoogleVR.cs
 0.1 kb	 0.0% Packages/com.unity.inputsystem/InputSystem/Editor/DownloadableSample.cs
 0.1 kb	 0.0% Packages/com.unity.inputsystem/InputSystem/Devices/Sensor.cs
 0.1 kb	 0.0% Packages/com.unity.inputsystem/InputSystem/Devices/Pointer.cs
 0.1 kb	 0.0% Packages/com.unity.inputsystem/InputSystem/Devices/Mouse.cs
 0.1 kb	 0.0% Packages/com.unity.inputsystem/InputSystem/Devices/Keyboard.cs
 0.1 kb	 0.0% Packages/com.unity.inputsystem/InputSystem/Devices/Joystick.cs
 0.1 kb	 0.0% Packages/com.unity.inputsystem/InputSystem/Devices/Gamepad.cs
 0.1 kb	 0.0% Packages/com.unity.collections/Unity.Collections/xxHash3.AVX2.cs
 0.1 kb	 0.0% Packages/com.unity.cloud.gltfast/Runtime/Scripts/Schema/FakeSchema/MeshPrimitive.cs
 0.1 kb	 0.0% Packages/com.unity.cloud.gltfast/Runtime/Scripts/Material/MaterialProperty.cs
 0.1 kb	 0.0% Packages/com.unity.burst/Runtime/Intrinsics/Arm/NEON_AArch64_rdma.cs
 0.1 kb	 0.0% Packages/com.unity.burst/Runtime/Intrinsics/Arm/NEON_AArch64_dotprod.cs
 0.1 kb	 0.0% Packages/com.unity.burst/Runtime/Intrinsics/Arm/NEON_AArch64_crypto.cs
 0.1 kb	 0.0% Assets/Scripts/UI/RuntimeHud.cs
 0.1 kb	 0.0% Assets/Scripts/Store/StoreWorld.cs
 0.1 kb	 0.0% Assets/Scripts/Store/ProductShelf.cs
 0.1 kb	 0.0% Assets/Scripts/Store/OrderSystem.cs
 0.1 kb	 0.0% Assets/Scripts/Store/HiringSystem.cs
 0.1 kb	 0.0% Assets/Scripts/Store/DaySystem.cs
 0.1 kb	 0.0% Assets/Scripts/Farm/FarmSystem.cs
 0.1 kb	 0.0% Assets/Scripts/Core/GameSignals.cs
 0.1 kb	 0.0% Assets/Scripts/Audio/AudioManager.cs
 0.1 kb	 0.0% Packages/com.unity.ugui/Runtime/UGUI/UI/Core/Utility/VertexHelper.cs
 0.1 kb	 0.0% Packages/com.unity.ugui/Runtime/UGUI/UI/Core/ToggleGroup.cs
 0.1 kb	 0.0% Packages/com.unity.ugui/Runtime/UGUI/UI/Core/SpriteState.cs
 0.1 kb	 0.0% Packages/com.unity.ugui/Runtime/UGUI/UI/Core/Selectable.cs
 0.1 kb	 0.0% Packages/com.unity.ugui/Runtime/UGUI/UI/Core/Scrollbar.cs
 0.1 kb	 0.0% Packages/com.unity.ugui/Runtime/UGUI/UI/Core/ScrollRect.cs
 0.1 kb	 0.0% Packages/com.unity.ugui/Runtime/UGUI/UI/Core/RectMask2D.cs
 0.1 kb	 0.0% Packages/com.unity.ugui/Runtime/UGUI/UI/Core/Navigation.cs
 0.1 kb	 0.0% Packages/com.unity.ugui/Runtime/UGUI/UI/Core/Layout/LayoutGroup.cs
 0.1 kb	 0.0% Packages/com.unity.ugui/Runtime/UGUI/UI/Core/Layout/CanvasScaler.cs
 0.1 kb	 0.0% Packages/com.unity.ugui/Runtime/UGUI/UI/Core/InputField.cs
 0.1 kb	 0.0% Packages/com.unity.ugui/Runtime/UGUI/UI/Core/IMaskable.cs
 0.1 kb	 0.0% Packages/com.unity.ugui/Runtime/UGUI/UI/Core/ColorBlock.cs
 0.1 kb	 0.0% Packages/com.unity.mathematics/Unity.Mathematics/random.cs
 0.1 kb	 0.0% Packages/com.unity.mathematics/Unity.Mathematics/matrix.gen.cs
 0.1 kb	 0.0% Packages/com.unity.mathematics/Unity.Mathematics/matrix.cs
 0.1 kb	 0.0% Packages/com.unity.mathematics/Unity.Mathematics/Noise/noise4D.cs
 0.1 kb	 0.0% Packages/com.unity.mathematics/Unity.Mathematics/Noise/noise3D.cs
 0.1 kb	 0.0% Packages/com.unity.mathematics/Unity.Mathematics/Noise/noise2D.cs
 0.1 kb	 0.0% Packages/com.unity.mathematics/Unity.Mathematics/Noise/common.cs
 0.1 kb	 0.0% Packages/com.unity.inputsystem/InputSystem/Plugins/XR/Devices/OpenVR.cs
 0.1 kb	 0.0% Packages/com.unity.inputsystem/InputSystem/Plugins/HID/HID.cs
 0.1 kb	 0.0% Packages/com.unity.collections/Unity.Collections/xxHash3.cs
 0.1 kb	 0.0% Packages/com.unity.collections/Unity.Collections/Unicode.cs
 0.1 kb	 0.0% Packages/com.unity.collections/Unity.Collections/Memory.cs
 0.1 kb	 0.0% Packages/com.unity.collections/Unity.Collections/Jobs/IJobFilter.cs
 0.1 kb	 0.0% Packages/com.unity.collections/Unity.Collections/BitField.cs
 0.1 kb	 0.0% Packages/com.unity.cloud.gltfast/Runtime/Scripts/VertexBufferColors.cs
 0.1 kb	 0.0% Packages/com.unity.cloud.gltfast/Runtime/Scripts/VertexBufferBones.cs
 0.1 kb	 0.0% Packages/com.unity.cloud.gltfast/Runtime/Scripts/SubMeshAssignment.cs
 0.1 kb	 0.0% Packages/com.unity.cloud.gltfast/Runtime/Scripts/Schema/TextureTransform.cs
 0.1 kb	 0.0% Packages/com.unity.cloud.gltfast/Runtime/Scripts/Schema/RootExtensions.cs
 0.1 kb	 0.0% Packages/com.unity.cloud.gltfast/Runtime/Scripts/Schema/MeshPrimitive.cs
 0.1 kb	 0.0% Packages/com.unity.cloud.gltfast/Runtime/Scripts/Schema/MaterialUnlit.cs
 0.1 kb	 0.0% Packages/com.unity.cloud.gltfast/Runtime/Scripts/Schema/MaterialTransmission.cs
 0.1 kb	 0.0% Packages/com.unity.cloud.gltfast/Runtime/Scripts/Schema/MaterialSpecular.cs
 0.1 kb	 0.0% Packages/com.unity.cloud.gltfast/Runtime/Scripts/Schema/MaterialClearCoat.cs
 0.1 kb	 0.0% Packages/com.unity.cloud.gltfast/Runtime/Scripts/Schema/LightsPunctual.cs
 0.1 kb	 0.0% Packages/com.unity.cloud.gltfast/Runtime/Scripts/Schema/LightPunctual.cs
 0.1 kb	 0.0% Packages/com.unity.cloud.gltfast/Runtime/Scripts/Schema/AnimationSampler.cs
 0.1 kb	 0.0% Packages/com.unity.cloud.gltfast/Runtime/Scripts/Schema/AnimationChannel.cs
 0.1 kb	 0.0% Packages/com.unity.cloud.gltfast/Runtime/Scripts/Schema/AccessorSparse.cs
 0.1 kb	 0.0% Packages/com.unity.cloud.gltfast/Runtime/Scripts/RenderPipelineUtils.cs
 0.1 kb	 0.0% Packages/com.unity.cloud.gltfast/Runtime/Scripts/PrimitivesComparer.cs
 0.1 kb	 0.0% Packages/com.unity.cloud.gltfast/Runtime/Scripts/PrimitiveComparer.cs
 0.1 kb	 0.0% Packages/com.unity.cloud.gltfast/Runtime/Scripts/Newtonsoft/Schema/Skin.cs
 0.1 kb	 0.0% Packages/com.unity.cloud.gltfast/Runtime/Scripts/Newtonsoft/Schema/Root.cs
 0.1 kb	 0.0% Packages/com.unity.cloud.gltfast/Runtime/Scripts/Newtonsoft/Schema/Node.cs
 0.1 kb	 0.0% Packages/com.unity.cloud.gltfast/Runtime/Scripts/Newtonsoft/Schema/Mesh.cs
 0.1 kb	 0.0% Packages/com.unity.cloud.gltfast/Runtime/Scripts/MeshGeneratorBase.cs
 0.1 kb	 0.0% Packages/com.unity.cloud.gltfast/Runtime/Scripts/Logging/ConsoleLogger.cs
 0.1 kb	 0.0% Packages/com.unity.cloud.gltfast/Runtime/Scripts/Logging/CollectingLogger.cs
 0.1 kb	 0.0% Packages/com.unity.cloud.gltfast/Runtime/Scripts/Loading/ITextureDownload.cs
 0.1 kb	 0.0% Packages/com.unity.cloud.gltfast/Runtime/Scripts/Loading/INativeDownload.cs
 0.1 kb	 0.0% Packages/com.unity.cloud.gltfast/Runtime/Scripts/ImageFormatDetection.cs
 0.1 kb	 0.0% Packages/com.unity.cloud.gltfast/Runtime/Scripts/ITextureImageLoader.cs
 0.1 kb	 0.0% Packages/com.unity.cloud.gltfast/Runtime/Scripts/IMaterialProvider.cs
 0.1 kb	 0.0% Packages/com.unity.cloud.gltfast/Runtime/Scripts/Export/ImageExport.cs
 0.1 kb	 0.0% Packages/com.unity.cloud.gltfast/Runtime/Scripts/Export/IMeshData.cs
 0.1 kb	 0.0% Packages/com.unity.cloud.gltfast/Runtime/Scripts/Export/GltfWriter.cs
 0.1 kb	 0.0% Packages/com.unity.cloud.gltfast/Runtime/Scripts/Export/ExportJobs.cs
 0.1 kb	 0.0% Packages/com.unity.cloud.gltfast/Runtime/Scripts/Export/Constants.cs
 0.1 kb	 0.0% Packages/com.unity.cloud.gltfast/Runtime/Scripts/DontDestroyOnLoad.cs
 0.1 kb	 0.0% Packages/com.unity.cloud.gltfast/Runtime/Scripts/DefaultDeferAgent.cs
 0.1 kb	 0.0% Packages/com.unity.burst/Runtime/NoAliasAttribute.cs
 0.1 kb	 0.0% Packages/com.unity.burst/Runtime/FunctionPointer.cs
 0.1 kb	 0.0% Packages/com.unity.burst/Runtime/Editor/BurstLoader.cs
 0.1 kb	 0.0% Packages/com.unity.burst/Runtime/CompilerServices/Constant.cs
 0.1 kb	 0.0% Packages/com.unity.burst/Runtime/CompilerServices/Aliasing.cs
 0.1 kb	 0.0% Packages/com.unity.burst/Runtime/BurstString.Float.cs
 0.1 kb	 0.0% Packages/com.unity.burst/Runtime/BurstCompiler.cs
 0.1 kb	 0.0% Packages/com.unity.ai.navigation/Runtime/HelpUrls.cs
 0.1 kb	 0.0% Packages/com.unity.ugui/Runtime/UGUI/UI/Core/Culling/IClipRegion.cs
 0.1 kb	 0.0% Packages/com.unity.ugui/Runtime/TMP/TextMeshPro.cs
 0.1 kb	 0.0% Packages/com.unity.ugui/Runtime/TMP/TMP_TextInfo.cs
 0.1 kb	 0.0% Packages/com.unity.ugui/Runtime/TMP/TMP_SubMesh.cs
 0.1 kb	 0.0% Packages/com.unity.ugui/Runtime/TMP/TMP_Style.cs
 0.1 kb	 0.0% Packages/com.unity.ugui/Runtime/TMP/TMP_Sprite.cs
 0.1 kb	 0.0% Packages/com.unity.ugui/Runtime/TMP/TMP_Settings.cs
 0.1 kb	 0.0% Packages/com.unity.ugui/Runtime/TMP/TMP_MeshInfo.cs
 0.1 kb	 0.0% Packages/com.unity.ugui/Runtime/TMP/TMP_LineInfo.cs
 0.1 kb	 0.0% Packages/com.unity.ugui/Runtime/TMP/TMP_Dropdown.cs
 0.1 kb	 0.0% Packages/com.unity.ugui/Runtime/TMP/TMP_Asset.cs
 0.1 kb	 0.0% Packages/com.unity.ugui/Runtime/TMP/FastAction.cs
 0.1 kb	 0.0% Packages/com.unity.mathematics/Unity.Mathematics/int4.gen.cs
 0.1 kb	 0.0% Packages/com.unity.mathematics/Unity.Mathematics/int3.gen.cs
 0.1 kb	 0.0% Packages/com.unity.mathematics/Unity.Mathematics/int2.gen.cs
 0.1 kb	 0.0% Packages/com.unity.inputsystem/InputSystem/Devices/Pen.cs
 0.1 kb	 0.0% Packages/com.unity.cloud.gltfast/Runtime/Scripts/VertexStructs.cs
 0.1 kb	 0.0% Packages/com.unity.cloud.gltfast/Runtime/Scripts/Schema/GltfAnimation.cs
 0.1 kb	 0.0% Packages/com.unity.cloud.gltfast/Runtime/Scripts/Schema/FakeSchema/NamedObject.cs
 0.1 kb	 0.0% Packages/com.unity.cloud.gltfast/Runtime/Scripts/Material/Constants.cs
 0.1 kb	 0.0% Packages/com.unity.cloud.gltfast/Runtime/Scripts/CachedFunction.cs
 0.1 kb	 0.0% Packages/com.unity.burst/Runtime/Intrinsics/Common.cs
 0.1 kb	 0.0% Packages/com.unity.burst/Runtime/Intrinsics/Arm/NEON_ctor.cs
 0.1 kb	 0.0% Packages/com.unity.burst/Runtime/Intrinsics/Arm/NEON_AArch64.cs
 0.1 kb	 0.0% Packages/com.unity.ugui/Runtime/UGUI/UI/Core/VertexModifiers/Shadow.cs
 0.1 kb	 0.0% Packages/com.unity.ugui/Runtime/UGUI/UI/Core/VertexModifiers/Outline.cs
 0.1 kb	 0.0% Packages/com.unity.ugui/Runtime/UGUI/UI/Core/Toggle.cs
 0.1 kb	 0.0% Packages/com.unity.ugui/Runtime/UGUI/UI/Core/Slider.cs
 0.1 kb	 0.0% Packages/com.unity.ugui/Runtime/UGUI/UI/Core/RawImage.cs
 0.1 kb	 0.0% Packages/com.unity.ugui/Runtime/UGUI/UI/Core/Image.cs
 0.1 kb	 0.0% Packages/com.unity.ugui/Runtime/UGUI/UI/Core/IMask.cs
 0.1 kb	 0.0% Packages/com.unity.ugui/Runtime/UGUI/UI/Core/Graphic.cs
 0.1 kb	 0.0% Packages/com.unity.ugui/Runtime/UGUI/UI/Core/FontData.cs
 0.1 kb	 0.0% Packages/com.unity.ugui/Runtime/UGUI/UI/Core/Dropdown.cs
 0.1 kb	 0.0% Packages/com.unity.ugui/Runtime/UGUI/UI/Core/Culling/Clipping.cs
 0.1 kb	 0.0% Packages/com.unity.ugui/Runtime/UGUI/UI/Core/Button.cs
 0.1 kb	 0.0% Packages/com.unity.mathematics/Unity.Mathematics/svd.cs
 0.1 kb	 0.0% Packages/com.unity.mathematics/Unity.Mathematics/math.cs
 0.1 kb	 0.0% Packages/com.unity.mathematics/Unity.Mathematics/half.cs
 0.1 kb	 0.0% Packages/com.unity.cloud.gltfast/Runtime/Scripts/StreamExtension.cs
 0.1 kb	 0.0% Packages/com.unity.cloud.gltfast/Runtime/Scripts/Schema/TextureInfo.cs
 0.1 kb	 0.0% Packages/com.unity.cloud.gltfast/Runtime/Scripts/Schema/SpotLight.cs
 0.1 kb	 0.0% Packages/com.unity.cloud.gltfast/Runtime/Scripts/Schema/NamedObject.cs
 0.1 kb	 0.0% Packages/com.unity.cloud.gltfast/Runtime/Scripts/Schema/MaterialSheen.cs
 0.1 kb	 0.0% Packages/com.unity.cloud.gltfast/Runtime/Scripts/Schema/MaterialIor.cs
 0.1 kb	 0.0% Packages/com.unity.cloud.gltfast/Runtime/Scripts/Schema/JsonWriter.cs
 0.1 kb	 0.0% Packages/com.unity.cloud.gltfast/Runtime/Scripts/Schema/IBufferView.cs
 0.1 kb	 0.0% Packages/com.unity.cloud.gltfast/Runtime/Scripts/Schema/Constants.cs
 0.1 kb	 0.0% Packages/com.unity.cloud.gltfast/Runtime/Scripts/Schema/BufferView.cs
 0.1 kb	 0.0% Packages/com.unity.cloud.gltfast/Runtime/Scripts/RootExtension.cs
 0.1 kb	 0.0% Packages/com.unity.cloud.gltfast/Runtime/Scripts/NodeExtension.cs
 0.1 kb	 0.0% Packages/com.unity.cloud.gltfast/Runtime/Scripts/MeshGenerator.cs
 0.1 kb	 0.0% Packages/com.unity.cloud.gltfast/Runtime/Scripts/MeshAssignment.cs
 0.1 kb	 0.0% Packages/com.unity.cloud.gltfast/Runtime/Scripts/Logging/LogMessages.cs
 0.1 kb	 0.0% Packages/com.unity.cloud.gltfast/Runtime/Scripts/Logging/ICodeLogger.cs
 0.1 kb	 0.0% Packages/com.unity.cloud.gltfast/Runtime/Scripts/Loading/IDownload.cs
 0.1 kb	 0.0% Packages/com.unity.cloud.gltfast/Runtime/Scripts/Jobs.cs
 0.1 kb	 0.0% Packages/com.unity.cloud.gltfast/Runtime/Scripts/ImportSettings.cs
 0.1 kb	 0.0% Packages/com.unity.cloud.gltfast/Runtime/Scripts/ImportContext.cs
 0.1 kb	 0.0% Packages/com.unity.cloud.gltfast/Runtime/Scripts/ImportAddons/ImportAddon.cs
 0.1 kb	 0.0% Packages/com.unity.cloud.gltfast/Runtime/Scripts/IInstantiator.cs
 0.1 kb	 0.0% Packages/com.unity.cloud.gltfast/Runtime/Scripts/IGltfReadable.cs
 0.1 kb	 0.0% Packages/com.unity.cloud.gltfast/Runtime/Scripts/GltfBoundsAsset.cs
 0.1 kb	 0.0% Packages/com.unity.cloud.gltfast/Runtime/Scripts/GltfAssetBase.cs
 0.1 kb	 0.0% Packages/com.unity.cloud.gltfast/Runtime/Scripts/AnimationUtils.cs
 0.1 kb	 0.0% Packages/com.unity.burst/Runtime/SharedStatic.cs
 0.1 kb	 0.0% Packages/com.unity.burst/Runtime/Intrinsics/x86/Ssse3.cs
 0.1 kb	 0.0% Packages/com.unity.burst/Runtime/Intrinsics/x86/Sse4_2.cs
 0.1 kb	 0.0% Packages/com.unity.burst/Runtime/Intrinsics/x86/Sse4_1.cs
 0.1 kb	 0.0% Packages/com.unity.burst/Runtime/Intrinsics/x86/Popcnt.cs
 0.1 kb	 0.0% Packages/com.unity.burst/Runtime/Intrinsics/x86/Common.cs
 0.1 kb	 0.0% Packages/com.unity.burst/Runtime/CompilerServices/Hint.cs
 0.1 kb	 0.0% Packages/com.unity.burst/Runtime/BurstString.cs
 0.1 kb	 0.0% Packages/com.unity.burst/Runtime/BurstRuntime.cs
 0.1 kb	 0.0% Packages/com.unity.ugui/Runtime/TMP/TMP_Text.cs
 0.1 kb	 0.0% Packages/com.unity.inputsystem/InputSystem/Plugins/UI/UISupport.cs
 0.1 kb	 0.0% Packages/com.unity.cloud.gltfast/Runtime/Scripts/Schema/GltfCamera.cs
 0.1 kb	 0.0% Packages/com.unity.cloud.gltfast/Runtime/Scripts/Schema/FakeSchema/Material.cs
 0.1 kb	 0.0% Packages/com.unity.cloud.gltfast/Runtime/Scripts/Extensions.cs
 0.1 kb	 0.0% Packages/com.unity.burst/Runtime/Intrinsics/x86/Sse3.cs
 0.1 kb	 0.0% Packages/com.unity.burst/Runtime/Intrinsics/x86/Sse2.cs
 0.1 kb	 0.0% Packages/com.unity.burst/Runtime/Intrinsics/x86/Sse.cs
 0.1 kb	 0.0% Packages/com.unity.burst/Runtime/Intrinsics/x86/Fma.cs
 0.1 kb	 0.0% Packages/com.unity.burst/Runtime/Intrinsics/x86/F16C.cs
 0.1 kb	 0.0% Packages/com.unity.burst/Runtime/Intrinsics/x86/Csr.cs
 0.1 kb	 0.0% Packages/com.unity.burst/Runtime/Intrinsics/x86/Bmi2.cs
 0.1 kb	 0.0% Packages/com.unity.burst/Runtime/Intrinsics/x86/Bmi1.cs
 0.1 kb	 0.0% Packages/com.unity.burst/Runtime/Intrinsics/x86/Avx2.cs
 0.1 kb	 0.0% Packages/com.unity.burst/Runtime/Intrinsics/x86/Avx.cs
 0.1 kb	 0.0% Packages/com.unity.burst/Runtime/Intrinsics/v64.cs
 0.1 kb	 0.0% Packages/com.unity.burst/Runtime/Intrinsics/v256.cs
 0.1 kb	 0.0% Packages/com.unity.burst/Runtime/Intrinsics/v128.cs
 0.1 kb	 0.0% Packages/com.unity.burst/Runtime/Intrinsics/Arm/NEON.cs
 0.1 kb	 0.0% Packages/com.unity.ugui/Runtime/UGUI/UI/Core/Text.cs
 0.1 kb	 0.0% Packages/com.unity.ugui/Runtime/UGUI/UI/Core/Misc.cs
 0.1 kb	 0.0% Packages/com.unity.ugui/Runtime/UGUI/UI/Core/Mask.cs
 0.1 kb	 0.0% Packages/com.unity.cloud.gltfast/Runtime/Scripts/UvTransform.cs
 0.1 kb	 0.0% Packages/com.unity.cloud.gltfast/Runtime/Scripts/UriHelper.cs
 0.1 kb	 0.0% Packages/com.unity.cloud.gltfast/Runtime/Scripts/Schema/Texture.cs
 0.1 kb	 0.0% Packages/com.unity.cloud.gltfast/Runtime/Scripts/Schema/Scene.cs
 0.1 kb	 0.0% Packages/com.unity.cloud.gltfast/Runtime/Scripts/Schema/Sampler.cs
 0.1 kb	 0.0% Packages/com.unity.cloud.gltfast/Runtime/Scripts/Schema/Material.cs
 0.1 kb	 0.0% Packages/com.unity.cloud.gltfast/Runtime/Scripts/Schema/Image.cs
 0.1 kb	 0.0% Packages/com.unity.cloud.gltfast/Runtime/Scripts/Schema/Buffer.cs
 0.1 kb	 0.0% Packages/com.unity.cloud.gltfast/Runtime/Scripts/Schema/Asset.cs
 0.1 kb	 0.0% Packages/com.unity.cloud.gltfast/Runtime/Scripts/Schema/Accessor.cs
 0.1 kb	 0.0% Packages/com.unity.cloud.gltfast/Runtime/Scripts/SamplerKey.cs
 0.1 kb	 0.0% Packages/com.unity.cloud.gltfast/Runtime/Scripts/PrimitiveSet.cs
 0.1 kb	 0.0% Packages/com.unity.cloud.gltfast/Runtime/Scripts/MeshSubset.cs
 0.1 kb	 0.0% Packages/com.unity.cloud.gltfast/Runtime/Scripts/MeshResult.cs
 0.1 kb	 0.0% Packages/com.unity.cloud.gltfast/Runtime/Scripts/MeshOrder.cs
 0.1 kb	 0.0% Packages/com.unity.cloud.gltfast/Runtime/Scripts/MeshComparer.cs
 0.1 kb	 0.0% Packages/com.unity.cloud.gltfast/Runtime/Scripts/Mathematics.cs
 0.1 kb	 0.0% Packages/com.unity.cloud.gltfast/Runtime/Scripts/IndicesData.cs
 0.1 kb	 0.0% Packages/com.unity.cloud.gltfast/Runtime/Scripts/ImageResult.cs
 0.1 kb	 0.0% Packages/com.unity.cloud.gltfast/Runtime/Scripts/ImageImport.cs
 0.1 kb	 0.0% Packages/com.unity.cloud.gltfast/Runtime/Scripts/IGltfBuffers.cs
 0.1 kb	 0.0% Packages/com.unity.cloud.gltfast/Runtime/Scripts/IDeferAgent.cs
 0.1 kb	 0.0% Packages/com.unity.cloud.gltfast/Runtime/Scripts/GltfImport.cs
 0.1 kb	 0.0% Packages/com.unity.cloud.gltfast/Runtime/Scripts/GltfGlobals.cs
 0.1 kb	 0.0% Packages/com.unity.cloud.gltfast/Runtime/Scripts/GltfAsset.cs
 0.1 kb	 0.0% Packages/com.unity.cloud.gltfast/Runtime/Scripts/GlbBinChunk.cs
 0.1 kb	 0.0% Packages/com.unity.cloud.gltfast/Runtime/Scripts/Schema/FakeSchema/Root.cs
 0.1 kb	 0.0% Packages/com.unity.cloud.gltfast/Runtime/Scripts/Schema/FakeSchema/Mesh.cs
 0.1 kb	 0.0% Packages/com.unity.cloud.gltfast/Runtime/Scripts/ushort3.cs
 0.1 kb	 0.0% Packages/com.unity.cloud.gltfast/Runtime/Scripts/short4.cs
 0.1 kb	 0.0% Packages/com.unity.cloud.gltfast/Runtime/Scripts/short3.cs
 0.1 kb	 0.0% Packages/com.unity.cloud.gltfast/Runtime/Scripts/sbyte4.cs
 0.1 kb	 0.0% Packages/com.unity.cloud.gltfast/Runtime/Scripts/sbyte3.cs
 0.1 kb	 0.0% Packages/com.unity.cloud.gltfast/Runtime/Scripts/byte3.cs
 0.1 kb	 0.0% Packages/com.unity.cloud.gltfast/Runtime/Scripts/Schema/Skin.cs
 0.1 kb	 0.0% Packages/com.unity.cloud.gltfast/Runtime/Scripts/Schema/Root.cs
 0.1 kb	 0.0% Packages/com.unity.cloud.gltfast/Runtime/Scripts/Schema/Node.cs
 0.1 kb	 0.0% Packages/com.unity.cloud.gltfast/Runtime/Scripts/Schema/Mesh.cs
 0.1 kb	 0.0% Packages/com.unity.cloud.gltfast/Runtime/Scripts/DataUri.cs
 0.1 kb	 0.0% Assets/Resources/PerformanceTestRunSettings.json
 0.0 kb	 0.0% Packages/com.unity.render-pipelines.core/Runtime/Vrs/Shaders/VrsTexture.compute
-------------------------------------------------------------------------------
Unloading 0 Unused Serialized files (Serialized files now loaded: 0)
Unloading 2063 unused Assets / (1.3 MB). Loaded Objects now: 5453.
Memory consumption went from 221.3 MB to 220.1 MB.
Total: 8.546754 ms (FindLiveObjects: 0.215071 ms CreateObjectMapping: 0.080090 ms MarkObjects: 6.663973 ms  DeleteObjects: 1.587126 ms)

Build Finished, Result: Success.
##utp:{"type":"PlayerBuildInfo","version":2,"phase":"Immediate","time":1788404438029,"processId":237375,"steps":[{"description":"Preprocess Player","duration":71},{"description":"Prepare For Build","duration":0},{"description":"ProducePlayerScriptAssemblies","duration":1526},{"description":"Verify Build setup","duration":15},{"description":"Prepare assets for target platform","duration":0},{"description":"Prepare splash screen","duration":0},{"description":"Building scenes","duration":188},{"description":"Build scripts DLLs","duration":4},{"description":"Build GlobalGameManagers file","duration":63},{"description":"Writing asset files","duration":274},{"description":"Building Resources/unity_builtin_extra","duration":141},{"description":"Creating compressed player package","duration":294},{"description":"Write data build dirty tracking information","duration":47},{"description":"Postprocess built player","duration":177495}],"duration":180118}
Unloading 0 Unused Serialized files (Serialized files now loaded: 0)
Loaded scene 'Temp/__Backupscenes/0.backup'
	Deserialize:            0.365 ms
	Integration:            97.657 ms
	Integration of assets:  0.001 ms
	Thread Wait Time:       0.003 ms
	Total Operation Time:   98.026 ms
Unloading 0 unused Assets / (6.2 KB). Loaded Objects now: 5447.
Memory consumption went from 219.2 MB to 219.2 MB.
Total: 6.101811 ms (FindLiveObjects: 0.184726 ms CreateObjectMapping: 0.064094 ms MarkObjects: 5.843552 ms  DeleteObjects: 0.009111 ms)

Build Web/PWA completada: 423006307 bytes
UnityEngine.Debug:ExtractStackTraceNoAlloc (byte*,int,string)
UnityEngine.StackTraceUtility:ExtractStackTrace () (at /home/bokken/build/output/unity/unity/Runtime/Export/Scripting/StackTrace.cs:35)
UnityEngine.DebugLogHandler:Internal_Log (UnityEngine.LogType,UnityEngine.LogOption,string,UnityEngine.Object)
UnityEngine.DebugLogHandler:LogFormat (UnityEngine.LogType,UnityEngine.Object,string,object[])
UnityEngine.Logger:Log (UnityEngine.LogType,object)
UnityEngine.Debug:Log (object)
MiniMarket.Editor.MiniMarketProjectBuilder:BuildWeb () (at Assets/Editor/MiniMarketProjectBuilder.cs:93)

(Filename: Assets/Editor/MiniMarketProjectBuilder.cs Line: 93)

Batchmode quit successfully invoked - shutting down!
[websockify wrapper] Kill
[websockify wrapper] Process killed
The command could not be loaded, possibly because:
  * You intended to execute a .NET application:
      The application 'build-server' does not exist.
  * You intended to execute a .NET SDK command:
      No .NET SDKs were found.

Download a .NET SDK:
https://aka.ms/dotnet-download

Learn about SDK resolution:
https://aka.ms/dotnet/sdk-not-found
[Physics::Module] Cleanup current backend.
[Physics::Module] Id: 0xf2b8ea05
Input System module state changed to: ShutdownInProgress.
Input System polling thread exited.
Input System module state changed to: Shutdown.
[Licensing::IpcConnector] LicenseClient-ferney_oliveros-6000.3.23-notifications channel disconnected successfully.
[Licensing::IpcConnector] LicenseClient-ferney_oliveros-6000.3.23 channel disconnected successfully.
AcceleratorClientConnectionCallback - disconnected - :0
[40m[32minfo[39m[22m[49m: Microsoft.Hosting.Lifetime[0]
      Application is shutting down...
[40m[32minfo[39m[22m[49m: Unity.ILPP.Runner.PostProcessingAssemblyLoadContext[0]
      ALC ILPP context 2 is unloading
Cleanup mono
[websockify wrapper] Kill
debugger-agent: Unable to listen on 43
Exiting batchmode successfully now!
